ID,Vendor ID,Pick_up Loc,Drop Loc,Distance,Pick_up Time,Drop Time,Extra Charges,Total Amount,Trip Duration (min),Hour of Day,Day of Week
184629,1,87.0,260.0,8.4,2017-04-05 00:16:51,2017-04-05 00:36:36,0.5,26.8,19,0,Wednesday
282174,2,68.0,162.0,2.67,2017-04-06 00:42:08,2017-04-06 00:55:56,0.5,15.96,13,0,Thursday
948318,2,161.0,48.0,1.25,2017-04-05 00:14:04,2017-04-05 00:21:04,0.5,7.8,7,0,Wednesday
224074,2,4.0,17.0,4.35,2017-04-04 00:33:10,2017-04-04 00:49:46,0.5,22.25,16,0,Tuesday
716477,2,148.0,148.0,2.11,2017-04-07 00:33:19,2017-04-07 00:56:06,0.5,21.0,22,0,Friday
809440,2,249.0,62.0,5.21,2017-04-07 00:40:16,2017-04-07 00:59:50,0.5,19.8,19,0,Friday
886076,2,79.0,87.0,2.27,2017-04-07 00:50:30,2017-04-07 01:00:17,0.5,11.8,9,0,Friday
618876,2,161.0,158.0,3.28,2017-04-07 00:32:16,2017-04-07 00:48:45,0.5,18.36,16,0,Friday
228266,2,100.0,186.0,0.38,2017-04-07 00:32:35,2017-04-07 00:34:35,0.5,4.8,2,0,Friday
387907,2,256.0,256.0,0.5,2017-04-06 00:42:32,2017-04-06 00:45:52,0.5,5.8,3,0,Thursday
130218,2,138.0,140.0,8.39,2017-04-07 00:47:11,2017-04-07 01:03:28,0.5,31.56,16,0,Friday
501599,2,79.0,100.0,2.24,2017-04-05 00:57:58,2017-04-05 01:07:23,0.5,10.3,9,0,Wednesday
821198,1,170.0,231.0,2.6,2017-04-07 00:18:40,2017-04-07 00:31:28,0.5,14.0,12,0,Friday
354888,1,239.0,18.0,9.0,2017-04-04 00:15:35,2017-04-04 00:49:40,0.5,36.95,34,0,Tuesday
1034007,2,138.0,68.0,9.79,2017-04-07 00:00:40,2017-04-07 00:23:47,0.5,43.87,23,0,Friday
367755,2,138.0,4.0,9.3,2017-04-07 00:07:59,2017-04-07 00:26:46,0.5,33.96,18,0,Friday
630816,2,132.0,209.0,19.77,2017-04-07 00:30:18,2017-04-07 01:01:44,0.0,63.36,31,0,Friday
867930,2,125.0,181.0,5.58,2017-04-05 00:15:50,2017-04-05 00:32:25,0.5,30.07,16,0,Wednesday
268320,1,68.0,33.0,4.6,2017-04-05 00:12:23,2017-04-05 00:39:10,0.5,21.8,26,0,Wednesday
888219,1,125.0,17.0,4.7,2017-04-04 00:59:51,2017-04-04 01:20:57,0.5,24.1,21,0,Tuesday
753450,2,79.0,229.0,2.3,2017-04-07 00:36:27,2017-04-07 00:43:10,0.5,10.8,6,0,Friday
926810,2,230.0,107.0,2.08,2017-04-04 00:13:50,2017-04-04 00:22:37,0.5,10.8,8,0,Tuesday
773997,1,79.0,137.0,0.6,2017-04-05 00:22:24,2017-04-05 00:24:25,0.5,5.3,2,0,Wednesday
688077,2,231.0,79.0,1.72,2017-04-07 00:57:36,2017-04-07 01:08:58,0.5,12.0,11,0,Friday
861817,1,231.0,195.0,4.6,2017-04-07 00:44:13,2017-04-07 00:59:08,0.5,21.6,14,0,Friday
41748,2,87.0,141.0,6.8,2017-04-04 00:13:48,2017-04-04 00:29:09,0.5,26.16,15,0,Tuesday
373612,1,249.0,158.0,1.1,2017-04-07 00:44:31,2017-04-07 00:51:04,0.5,9.35,6,0,Friday
139412,1,164.0,170.0,0.6,2017-04-06 00:41:12,2017-04-06 00:44:29,0.5,7.25,3,0,Thursday
1024796,2,114.0,48.0,2.87,2017-04-06 00:35:20,2017-04-06 00:47:44,0.5,12.8,12,0,Thursday
88595,1,144.0,107.0,1.1,2017-04-07 00:20:00,2017-04-07 00:27:41,0.5,8.8,7,0,Friday
281620,2,249.0,211.0,0.96,2017-04-04 00:30:06,2017-04-04 00:32:59,0.5,7.3,2,0,Tuesday
795658,2,161.0,163.0,0.52,2017-04-07 00:08:08,2017-04-07 00:11:05,0.5,6.3,2,0,Friday
1008414,2,230.0,90.0,1.59,2017-04-05 00:39:10,2017-04-05 00:47:41,0.5,11.62,8,0,Wednesday
820056,2,249.0,72.0,10.99,2017-04-04 00:03:56,2017-04-04 00:36:28,0.5,38.8,32,0,Tuesday
841884,1,229.0,249.0,3.5,2017-04-05 00:15:25,2017-04-05 00:30:35,0.5,17.75,15,0,Wednesday
862514,1,158.0,13.0,1.8,2017-04-06 00:40:50,2017-04-06 00:48:38,0.5,11.15,7,0,Thursday
480730,2,239.0,249.0,4.65,2017-04-06 00:59:03,2017-04-06 01:14:12,0.5,19.3,15,0,Thursday
563891,2,234.0,137.0,1.05,2017-04-04 00:42:41,2017-04-04 00:48:01,0.5,8.76,5,0,Tuesday
467179,1,148.0,231.0,1.7,2017-04-05 00:32:55,2017-04-05 00:42:17,0.5,9.8,9,0,Wednesday
1024168,2,132.0,13.0,16.46,2017-04-07 00:29:19,2017-04-07 01:09:36,0.0,52.8,40,0,Friday
593789,2,48.0,151.0,3.45,2017-04-04 00:27:08,2017-04-04 00:38:49,0.5,15.8,11,0,Tuesday
491172,1,100.0,170.0,1.3,2017-04-06 00:32:11,2017-04-06 00:42:26,0.5,11.15,10,0,Thursday
27275,2,24.0,263.0,2.38,2017-04-07 00:04:37,2017-04-07 00:13:21,0.5,13.5,8,0,Friday
225546,2,48.0,142.0,1.86,2017-04-04 00:27:51,2017-04-04 00:33:48,0.5,10.8,5,0,Tuesday
567364,2,170.0,239.0,3.47,2017-04-07 00:36:08,2017-04-07 00:45:44,0.5,13.8,9,0,Friday
647164,1,107.0,68.0,1.1,2017-04-06 00:54:04,2017-04-06 00:59:53,0.5,9.35,5,0,Thursday
88322,2,132.0,231.0,21.48,2017-04-06 00:59:15,2017-04-06 01:31:19,0.0,68.56,32,0,Thursday
158923,2,151.0,48.0,4.4,2017-04-07 00:12:30,2017-04-07 00:25:03,0.5,16.3,12,0,Friday
889751,1,186.0,234.0,0.5,2017-04-06 00:42:11,2017-04-06 00:45:49,0.5,5.8,3,0,Thursday
204865,2,50.0,137.0,2.54,2017-04-05 00:52:22,2017-04-05 01:07:00,0.5,15.36,14,0,Wednesday
994055,2,79.0,164.0,2.2,2017-04-04 00:50:41,2017-04-04 00:59:26,0.5,12.8,8,0,Tuesday
316861,2,249.0,223.0,7.52,2017-04-06 00:03:41,2017-04-06 01:02:49,0.5,42.8,59,0,Thursday
552009,1,138.0,166.0,7.9,2017-04-05 00:36:06,2017-04-05 00:55:16,0.5,36.06,19,0,Wednesday
310225,1,164.0,137.0,0.4,2017-04-07 00:31:18,2017-04-07 00:33:40,0.5,6.3,2,0,Friday
419504,2,161.0,229.0,0.65,2017-04-06 00:14:13,2017-04-06 00:19:43,0.5,8.5,5,0,Thursday
996765,1,79.0,158.0,1.4,2017-04-07 00:10:39,2017-04-07 00:20:27,0.5,9.3,9,0,Friday
315693,1,164.0,48.0,1.3,2017-04-07 00:44:21,2017-04-07 00:56:47,0.5,10.8,12,0,Friday
496990,1,161.0,161.0,0.4,2017-04-04 00:26:58,2017-04-04 00:29:57,0.5,5.3,2,0,Tuesday
70097,2,107.0,230.0,1.73,2017-04-07 00:33:27,2017-04-07 00:41:22,0.5,11.16,7,0,Friday
792953,2,230.0,79.0,3.14,2017-04-04 00:05:17,2017-04-04 00:21:02,0.5,14.8,15,0,Tuesday
260827,1,143.0,48.0,1.6,2017-04-06 00:08:07,2017-04-06 00:15:19,0.5,10.3,7,0,Thursday
125904,2,132.0,87.0,21.11,2017-04-06 00:57:34,2017-04-06 01:33:05,0.0,63.36,35,0,Thursday
86039,1,7.0,7.0,0.9,2017-04-07 00:18:04,2017-04-07 00:21:25,0.5,5.8,3,0,Friday
1013303,1,137.0,79.0,0.6,2017-04-05 00:09:21,2017-04-05 00:11:09,0.5,6.35,1,0,Wednesday
862060,2,236.0,90.0,4.08,2017-04-07 00:13:33,2017-04-07 00:32:34,0.5,17.3,19,0,Friday
611779,1,161.0,230.0,0.4,2017-04-04 00:59:16,2017-04-04 01:02:03,0.5,6.35,2,0,Tuesday
852531,2,162.0,246.0,2.88,2017-04-05 00:11:50,2017-04-05 00:22:38,0.5,11.8,10,0,Wednesday
709744,1,161.0,80.0,6.5,2017-04-06 00:28:17,2017-04-06 00:50:35,0.5,23.8,22,0,Thursday
557712,2,234.0,239.0,4.01,2017-04-07 00:14:43,2017-04-07 00:32:00,0.5,20.16,17,0,Friday
156418,2,144.0,113.0,1.38,2017-04-05 00:16:28,2017-04-05 00:23:58,0.5,10.38,7,0,Wednesday
930324,2,48.0,90.0,2.15,2017-04-05 00:49:36,2017-04-05 00:55:34,0.5,11.16,5,0,Wednesday
832031,2,234.0,140.0,3.39,2017-04-04 00:25:25,2017-04-04 00:38:44,0.5,17.16,13,0,Tuesday
751300,2,264.0,264.0,2.05,2017-04-04 00:48:31,2017-04-04 01:00:29,0.5,13.56,11,0,Tuesday
988324,1,79.0,179.0,4.4,2017-04-04 00:00:32,2017-04-04 00:20:19,0.5,19.3,19,0,Tuesday
124085,2,170.0,107.0,1.29,2017-04-07 00:35:01,2017-04-07 00:40:49,0.5,9.36,5,0,Friday
797923,2,144.0,68.0,2.22,2017-04-05 00:27:14,2017-04-05 00:35:33,0.5,9.8,8,0,Wednesday
191983,2,140.0,129.0,5.84,2017-04-05 00:49:24,2017-04-05 01:14:40,0.5,22.3,25,0,Wednesday
918252,1,164.0,260.0,5.6,2017-04-07 00:27:12,2017-04-07 01:07:06,0.5,33.95,39,0,Friday
248625,1,246.0,164.0,0.9,2017-04-06 00:28:32,2017-04-06 00:33:47,0.5,6.8,5,0,Thursday
1007580,2,132.0,114.0,18.98,2017-04-06 00:36:15,2017-04-06 01:05:34,0.0,70.27,29,0,Thursday
198777,1,79.0,239.0,4.2,2017-04-06 00:56:36,2017-04-06 01:13:36,0.5,17.3,17,0,Thursday
912640,2,87.0,87.0,0.25,2017-04-07 00:11:44,2017-04-07 00:13:23,0.5,5.59,1,0,Friday
576033,2,186.0,148.0,3.03,2017-04-07 00:01:38,2017-04-07 00:20:30,0.5,15.3,18,0,Friday
624287,1,68.0,188.0,7.1,2017-04-07 00:08:43,2017-04-07 00:40:51,0.5,33.35,32,0,Friday
652441,2,68.0,249.0,0.92,2017-04-06 00:28:30,2017-04-06 00:33:18,0.5,6.8,4,0,Thursday
816673,1,48.0,48.0,0.4,2017-04-07 00:27:36,2017-04-07 00:29:17,0.5,6.8,1,0,Friday
952679,1,239.0,142.0,0.8,2017-04-06 00:39:50,2017-04-06 00:45:43,0.5,9.45,5,0,Thursday
503685,1,132.0,225.0,12.4,2017-04-06 00:31:26,2017-04-06 00:59:29,0.5,37.3,28,0,Thursday
784665,1,132.0,262.0,18.7,2017-04-07 00:53:09,2017-04-07 01:18:29,0.0,70.26,25,0,Friday
584126,2,144.0,141.0,4.07,2017-04-05 00:15:57,2017-04-05 00:31:57,0.5,21.19,16,0,Wednesday
543642,2,170.0,229.0,1.03,2017-04-04 00:50:38,2017-04-04 00:57:15,0.5,9.36,6,0,Tuesday
450087,2,239.0,239.0,0.1,2017-04-05 00:53:57,2017-04-05 00:54:04,0.0,70.27,0,0,Wednesday
833685,2,132.0,219.0,3.64,2017-04-07 00:21:46,2017-04-07 00:29:49,0.5,13.3,8,0,Friday
380717,2,144.0,231.0,0.9,2017-04-07 00:35:41,2017-04-07 00:42:04,0.5,8.76,6,0,Friday
424470,2,138.0,70.0,1.66,2017-04-05 00:35:58,2017-04-05 00:41:17,0.5,10.79,5,0,Wednesday
213611,1,230.0,257.0,12.2,2017-04-07 00:11:02,2017-04-07 00:51:50,0.5,48.95,40,0,Friday
1047286,2,48.0,125.0,3.02,2017-04-06 00:17:01,2017-04-06 00:28:17,0.5,15.36,11,0,Thursday
864310,2,237.0,236.0,0.96,2017-04-07 00:00:28,2017-04-07 00:02:52,0.5,5.8,2,0,Friday
316417,1,249.0,231.0,1.2,2017-04-07 00:03:29,2017-04-07 00:08:46,0.5,8.75,5,0,Friday
536455,2,231.0,88.0,1.54,2017-04-07 00:00:04,2017-04-07 00:08:34,0.5,9.3,8,0,Friday
806069,2,79.0,158.0,1.18,2017-04-07 00:12:48,2017-04-07 00:19:32,0.5,9.36,6,0,Friday
932606,1,163.0,79.0,3.2,2017-04-06 00:55:56,2017-04-06 01:07:29,0.5,15.35,11,0,Thursday
231651,2,230.0,234.0,1.3,2017-04-06 00:01:09,2017-04-06 00:07:11,0.5,9.36,6,0,Thursday
881421,2,162.0,236.0,1.55,2017-04-07 00:38:46,2017-04-07 00:43:40,0.5,7.8,4,0,Friday
813184,2,148.0,114.0,1.13,2017-04-05 00:22:21,2017-04-05 00:28:01,0.5,8.55,5,0,Wednesday
282759,2,161.0,223.0,6.03,2017-04-07 00:26:38,2017-04-07 01:11:10,0.5,31.3,44,0,Friday
770724,2,164.0,107.0,0.86,2017-04-05 00:38:09,2017-04-05 00:44:18,0.5,8.76,6,0,Wednesday
953311,1,262.0,74.0,1.4,2017-04-06 00:36:10,2017-04-06 00:40:19,0.5,7.3,4,0,Thursday
332423,2,138.0,175.0,9.28,2017-04-04 00:21:33,2017-04-04 00:39:57,0.5,28.8,18,0,Tuesday
97367,2,229.0,229.0,0.0,2017-04-05 00:33:45,2017-04-05 00:33:50,0.5,4.56,0,0,Wednesday
234244,1,234.0,261.0,4.0,2017-04-06 00:47:46,2017-04-06 01:01:07,0.5,16.3,13,0,Thursday
532234,1,79.0,52.0,5.3,2017-04-04 00:25:48,2017-04-04 00:47:26,0.5,20.3,21,0,Tuesday
192376,2,229.0,33.0,6.83,2017-04-05 00:23:24,2017-04-05 00:41:51,0.5,29.64,18,0,Wednesday
647722,2,230.0,230.0,1.45,2017-04-04 00:36:11,2017-04-04 00:45:19,0.5,8.8,9,0,Tuesday
306181,2,132.0,79.0,18.84,2017-04-04 00:28:12,2017-04-04 01:00:06,0.0,60.0,31,0,Tuesday
975977,1,142.0,263.0,2.8,2017-04-06 00:33:46,2017-04-06 00:45:33,0.5,14.72,11,0,Thursday
972167,2,132.0,265.0,43.03,2017-04-05 00:16:41,2017-04-05 01:10:20,0.5,112.3,53,0,Wednesday
826979,2,100.0,127.0,9.31,2017-04-06 00:12:20,2017-04-06 00:45:37,0.5,34.8,33,0,Thursday
629158,1,263.0,148.0,5.5,2017-04-04 00:51:05,2017-04-04 01:05:54,0.5,23.75,14,0,Tuesday
886221,1,256.0,225.0,2.3,2017-04-06 00:11:09,2017-04-06 00:25:32,0.5,13.8,14,0,Thursday
233531,2,170.0,163.0,1.7,2017-04-06 00:06:45,2017-04-06 00:21:58,0.5,14.76,15,0,Thursday
480996,1,170.0,231.0,3.0,2017-04-04 00:05:43,2017-04-04 00:20:00,0.5,16.55,14,0,Tuesday
587955,1,164.0,179.0,4.8,2017-04-06 00:55:24,2017-04-06 01:37:04,0.5,36.0,41,0,Thursday
444032,1,238.0,141.0,2.0,2017-04-06 00:04:35,2017-04-06 00:16:29,0.5,13.55,11,0,Thursday
498047,2,162.0,141.0,1.01,2017-04-04 00:46:02,2017-04-04 00:49:26,0.5,7.3,3,0,Tuesday
719604,2,170.0,230.0,0.98,2017-04-07 00:07:46,2017-04-07 00:13:30,0.5,7.3,5,0,Friday
635843,1,264.0,264.0,3.2,2017-04-07 00:27:10,2017-04-07 00:48:01,0.5,20.75,20,0,Friday
335573,1,263.0,140.0,0.8,2017-04-07 00:19:26,2017-04-07 00:23:09,0.5,7.3,3,0,Friday
275355,1,161.0,151.0,3.1,2017-04-07 00:20:38,2017-04-07 00:30:32,0.5,14.8,9,0,Friday
107126,1,162.0,186.0,1.6,2017-04-06 00:47:23,2017-04-06 00:53:29,0.5,9.95,6,0,Thursday
749643,1,229.0,68.0,2.2,2017-04-05 00:12:06,2017-04-05 00:23:29,0.5,12.5,11,0,Wednesday
119037,1,138.0,186.0,9.1,2017-04-05 00:53:04,2017-04-05 01:12:34,0.5,39.08,19,0,Wednesday
345419,1,161.0,141.0,1.2,2017-04-05 00:29:14,2017-04-05 00:37:41,0.5,10.55,8,0,Wednesday
815288,2,249.0,261.0,1.84,2017-04-07 00:33:06,2017-04-07 00:43:32,0.5,12.36,10,0,Friday
329731,1,48.0,129.0,9.9,2017-04-05 00:02:47,2017-04-05 00:33:42,0.5,39.06,30,0,Wednesday
408475,1,230.0,237.0,1.1,2017-04-06 00:48:26,2017-04-06 00:52:09,0.5,8.15,3,0,Thursday
234278,2,246.0,164.0,1.01,2017-04-06 00:14:00,2017-04-06 00:20:19,0.5,6.8,6,0,Thursday
802150,2,148.0,112.0,3.28,2017-04-06 00:27:25,2017-04-06 00:34:54,0.5,15.36,7,0,Thursday
184540,2,229.0,68.0,2.38,2017-04-05 00:17:24,2017-04-05 00:27:32,0.5,11.3,10,0,Wednesday
975968,2,132.0,239.0,18.49,2017-04-04 00:39:01,2017-04-04 01:18:40,0.0,58.8,39,0,Tuesday
628485,2,161.0,186.0,1.24,2017-04-04 00:20:06,2017-04-04 00:26:15,0.5,7.8,6,0,Tuesday
90944,2,255.0,256.0,0.47,2017-04-06 00:34:36,2017-04-06 00:36:15,0.5,6.0,1,0,Thursday
448552,1,90.0,90.0,1.4,2017-04-06 00:48:22,2017-04-06 00:48:53,0.0,40.0,0,0,Thursday
527628,1,161.0,231.0,3.2,2017-04-07 00:57:15,2017-04-07 01:11:20,0.5,17.9,14,0,Friday
653050,2,237.0,142.0,1.22,2017-04-07 00:43:44,2017-04-07 00:50:33,0.5,9.96,6,0,Friday
803202,2,164.0,164.0,0.59,2017-04-04 00:56:10,2017-04-04 00:57:35,0.5,6.0,1,0,Tuesday
415062,2,107.0,161.0,1.82,2017-04-04 00:29:50,2017-04-04 00:37:14,0.5,9.3,7,0,Tuesday
946456,1,100.0,188.0,7.9,2017-04-05 00:05:43,2017-04-05 00:38:49,0.5,35.15,33,0,Wednesday
660051,1,114.0,224.0,1.5,2017-04-07 00:07:07,2017-04-07 00:16:53,0.5,11.75,9,0,Friday
371475,1,48.0,239.0,2.2,2017-04-06 00:15:32,2017-04-06 00:23:04,0.5,11.27,7,0,Thursday
211746,1,114.0,79.0,0.7,2017-04-07 00:57:52,2017-04-07 01:04:19,0.5,8.75,6,0,Friday
341099,2,100.0,158.0,1.86,2017-04-05 00:15:13,2017-04-05 00:21:34,0.5,11.0,6,0,Wednesday
671659,2,48.0,68.0,1.36,2017-04-06 00:29:38,2017-04-06 00:32:58,0.5,8.16,3,0,Thursday
274223,1,79.0,246.0,3.2,2017-04-06 00:59:18,2017-04-06 01:15:22,0.5,18.35,16,0,Thursday
364121,1,87.0,186.0,3.3,2017-04-04 00:50:14,2017-04-04 01:01:47,0.5,15.95,11,0,Tuesday
597872,2,13.0,144.0,1.7,2017-04-07 00:50:01,2017-04-07 01:00:10,0.5,12.36,10,0,Friday
219851,2,148.0,255.0,2.68,2017-04-05 00:26:26,2017-04-05 00:34:40,0.5,11.3,8,0,Wednesday
254497,2,48.0,116.0,5.0,2017-04-04 00:44:26,2017-04-04 00:58:38,0.5,20.16,14,0,Tuesday
241477,2,161.0,37.0,6.43,2017-04-05 00:04:20,2017-04-05 00:36:05,0.5,32.16,31,0,Wednesday
768356,2,198.0,198.0,0.0,2017-04-06 00:40:34,2017-04-06 00:40:42,0.0,32.76,0,0,Thursday
306502,1,234.0,249.0,1.4,2017-04-06 00:49:22,2017-04-06 00:55:03,0.5,7.8,5,0,Thursday
578830,2,138.0,138.0,4.88,2017-04-07 00:15:04,2017-04-07 00:29:08,0.5,20.16,14,0,Friday
393502,2,138.0,236.0,7.87,2017-04-04 00:23:20,2017-04-04 00:42:20,0.5,38.82,19,0,Tuesday
469057,2,234.0,79.0,0.99,2017-04-05 00:19:39,2017-04-05 00:25:53,0.5,8.76,6,0,Wednesday
920174,1,230.0,48.0,0.6,2017-04-07 00:01:41,2017-04-07 00:09:52,0.5,8.8,8,0,Friday
387805,1,138.0,263.0,7.7,2017-04-07 00:51:48,2017-04-07 01:05:02,0.5,35.46,13,0,Friday
543349,1,231.0,87.0,1.1,2017-04-04 00:18:29,2017-04-04 00:24:31,0.5,8.75,6,0,Tuesday
31506,2,230.0,142.0,1.13,2017-04-04 00:08:24,2017-04-04 00:13:06,0.5,7.3,4,0,Tuesday
153289,2,140.0,263.0,1.1,2017-04-07 00:23:02,2017-04-07 00:27:54,0.5,8.76,4,0,Friday
913998,2,162.0,141.0,2.33,2017-04-06 00:01:00,2017-04-06 00:09:53,0.5,12.96,8,0,Thursday
236371,1,45.0,45.0,0.5,2017-04-06 00:07:47,2017-04-06 00:11:20,0.5,5.3,3,0,Thursday
916664,2,249.0,249.0,0.9,2017-04-04 00:12:53,2017-04-04 00:17:16,0.5,7.3,4,0,Tuesday
132364,2,138.0,56.0,4.94,2017-04-04 00:33:31,2017-04-04 00:43:11,0.5,19.56,9,0,Tuesday
631331,1,234.0,164.0,0.5,2017-04-06 00:38:45,2017-04-06 00:41:58,0.5,6.35,3,0,Thursday
1035887,1,162.0,239.0,2.0,2017-04-07 00:04:45,2017-04-07 00:15:30,0.5,13.55,10,0,Friday
734458,2,33.0,256.0,5.21,2017-04-06 00:19:23,2017-04-06 00:30:59,0.5,21.36,11,0,Thursday
409716,2,68.0,163.0,2.7,2017-04-04 00:01:49,2017-04-04 00:13:51,0.5,13.3,12,0,Tuesday
274543,2,230.0,65.0,5.58,2017-04-07 00:24:44,2017-04-07 00:50:49,0.5,29.64,26,0,Friday
456835,2,230.0,239.0,1.82,2017-04-06 00:01:41,2017-04-06 00:07:31,0.5,10.56,5,0,Thursday
448836,2,90.0,75.0,5.32,2017-04-07 00:14:01,2017-04-07 00:35:48,0.5,22.3,21,0,Friday
106802,2,114.0,144.0,0.89,2017-04-07 00:36:34,2017-04-07 00:42:35,0.5,8.76,6,0,Friday
1004103,1,107.0,107.0,0.1,2017-04-07 00:04:40,2017-04-07 00:05:01,0.0,60.3,0,0,Friday
193340,2,68.0,79.0,1.67,2017-04-06 00:47:09,2017-04-06 00:54:28,0.5,12.09,7,0,Thursday
893431,2,161.0,238.0,3.44,2017-04-06 00:18:41,2017-04-06 00:29:14,0.5,15.96,10,0,Thursday
27804,1,148.0,162.0,3.1,2017-04-06 00:58:36,2017-04-06 01:11:24,0.5,13.3,12,0,Thursday
845693,2,162.0,141.0,1.09,2017-04-07 00:43:26,2017-04-07 00:47:41,0.5,8.16,4,0,Friday
745673,2,80.0,80.0,1.25,2017-04-07 00:13:27,2017-04-07 00:21:31,0.5,10.56,8,0,Friday
829613,1,68.0,234.0,1.0,2017-04-06 00:03:49,2017-04-06 00:14:47,0.5,11.75,10,0,Thursday
235216,2,230.0,112.0,4.54,2017-04-06 00:50:40,2017-04-06 01:26:51,0.5,25.8,36,0,Thursday
634669,1,90.0,170.0,1.1,2017-04-04 00:55:23,2017-04-04 01:00:17,0.5,7.3,4,0,Tuesday
283864,2,170.0,100.0,0.88,2017-04-04 00:23:52,2017-04-04 00:28:33,0.5,6.8,4,0,Tuesday
95589,2,87.0,202.0,9.86,2017-04-04 00:50:48,2017-04-04 01:14:33,0.5,36.36,23,0,Tuesday
290345,1,234.0,148.0,2.2,2017-04-06 00:25:36,2017-04-06 00:38:04,0.5,14.15,12,0,Thursday
82232,2,244.0,75.0,3.66,2017-04-06 00:13:56,2017-04-06 00:31:42,0.5,16.8,17,0,Thursday
734597,2,140.0,141.0,0.84,2017-04-05 00:20:08,2017-04-05 00:24:28,0.5,7.56,4,0,Wednesday
464042,2,137.0,140.0,2.79,2017-04-07 00:15:31,2017-04-07 00:24:28,0.5,10.8,8,0,Friday
94529,2,211.0,114.0,0.71,2017-04-05 00:01:38,2017-04-05 00:04:34,0.5,7.54,2,0,Wednesday
618111,2,193.0,193.0,0.0,2017-04-06 00:04:58,2017-04-06 00:04:58,0.5,3.8,0,0,Thursday
796631,2,234.0,13.0,2.96,2017-04-07 00:03:09,2017-04-07 00:14:32,0.5,14.76,11,0,Friday
1019044,2,234.0,161.0,1.65,2017-04-05 00:44:46,2017-04-05 00:54:42,0.5,10.3,9,0,Wednesday
412587,1,249.0,14.0,9.0,2017-04-05 00:20:37,2017-04-05 00:45:12,0.5,29.3,24,0,Wednesday
963877,1,148.0,211.0,0.9,2017-04-07 00:52:51,2017-04-07 00:57:08,0.5,8.15,4,0,Friday
214223,2,162.0,88.0,5.54,2017-04-05 00:21:57,2017-04-05 00:34:23,0.5,23.5,12,0,Wednesday
66777,2,125.0,231.0,1.23,2017-04-06 00:40:53,2017-04-06 00:46:52,0.5,7.8,5,0,Thursday
372302,1,249.0,163.0,2.6,2017-04-05 00:18:27,2017-04-05 00:31:23,0.5,15.35,12,0,Wednesday
211804,1,100.0,244.0,8.6,2017-04-06 00:29:40,2017-04-06 01:04:37,0.5,32.8,34,0,Thursday
1002803,1,246.0,161.0,1.6,2017-04-07 00:42:14,2017-04-07 00:52:03,0.5,11.8,9,0,Friday
306974,1,239.0,142.0,0.5,2017-04-07 00:07:08,2017-04-07 00:10:33,0.5,5.8,3,0,Friday
952642,2,48.0,244.0,7.93,2017-04-07 00:26:37,2017-04-07 00:59:53,0.5,31.3,33,0,Friday
371638,2,249.0,236.0,5.07,2017-04-06 00:42:09,2017-04-06 00:59:40,0.5,21.96,17,0,Thursday
135881,1,68.0,231.0,2.4,2017-04-07 00:01:50,2017-04-07 00:13:32,0.5,12.3,11,0,Friday
1032028,2,68.0,246.0,0.84,2017-04-05 00:00:19,2017-04-05 00:04:29,0.5,8.5,4,0,Wednesday
995364,2,125.0,62.0,6.25,2017-04-05 00:22:10,2017-04-05 00:47:02,0.5,30.29,24,0,Wednesday
316113,1,236.0,263.0,1.1,2017-04-04 00:08:08,2017-04-04 00:12:09,0.5,8.15,4,0,Tuesday
47745,2,88.0,41.0,9.81,2017-04-06 00:32:50,2017-04-06 01:00:33,0.5,32.8,27,0,Thursday
92881,1,25.0,17.0,3.2,2017-04-06 00:32:50,2017-04-06 00:48:14,0.5,14.3,15,0,Thursday
292545,2,237.0,263.0,1.33,2017-04-04 00:03:13,2017-04-04 00:08:19,0.5,9.36,5,0,Tuesday
829930,1,138.0,238.0,8.7,2017-04-05 00:35:33,2017-04-05 00:52:43,0.5,32.06,17,0,Wednesday
1048296,2,144.0,142.0,4.51,2017-04-07 00:53:01,2017-04-07 01:09:41,0.5,17.3,16,0,Friday
830748,1,79.0,263.0,3.8,2017-04-06 00:00:02,2017-04-06 00:13:32,0.5,19.2,13,0,Thursday
499970,1,144.0,161.0,3.3,2017-04-07 00:42:16,2017-04-07 00:53:26,0.5,12.8,11,0,Friday
511844,1,148.0,45.0,1.1,2017-04-04 00:35:58,2017-04-04 00:41:43,0.5,7.3,5,0,Tuesday
874890,2,186.0,144.0,2.13,2017-04-07 00:02:16,2017-04-07 00:13:33,0.5,11.3,11,0,Friday
477977,1,129.0,260.0,2.7,2017-04-06 00:20:19,2017-04-06 00:27:16,0.5,11.3,6,0,Thursday
216217,2,114.0,249.0,1.94,2017-04-07 00:10:21,2017-04-07 00:20:37,0.5,11.76,10,0,Friday
1024503,2,211.0,164.0,2.08,2017-04-07 00:12:34,2017-04-07 00:20:44,0.5,9.8,8,0,Friday
100382,1,132.0,161.0,17.9,2017-04-04 00:27:34,2017-04-04 00:57:14,0.0,70.26,29,0,Tuesday
293072,2,79.0,107.0,1.14,2017-04-04 00:25:17,2017-04-04 00:28:29,0.5,8.3,3,0,Tuesday
324949,1,143.0,62.0,10.8,2017-04-05 00:52:07,2017-04-05 01:28:48,0.5,41.8,36,0,Wednesday
262097,2,90.0,48.0,2.62,2017-04-07 00:19:49,2017-04-07 00:34:47,0.5,13.3,14,0,Friday
647667,2,170.0,48.0,0.98,2017-04-06 00:22:55,2017-04-06 00:29:19,0.5,8.76,6,0,Thursday
964575,1,158.0,158.0,2.4,2017-04-06 00:52:16,2017-04-06 01:03:41,0.5,11.8,11,0,Thursday
829895,1,48.0,74.0,4.8,2017-04-06 00:22:04,2017-04-06 00:39:02,0.5,21.35,16,0,Thursday
823697,1,87.0,233.0,4.3,2017-04-04 00:55:26,2017-04-04 01:03:34,0.5,17.15,8,0,Tuesday
869320,1,231.0,231.0,0.3,2017-04-04 00:32:08,2017-04-04 00:33:27,0.5,5.15,1,0,Tuesday
585523,2,144.0,79.0,1.08,2017-04-07 00:38:18,2017-04-07 00:46:33,0.5,7.8,8,0,Friday
349008,2,230.0,88.0,5.52,2017-04-05 00:17:10,2017-04-05 00:37:27,0.5,20.3,20,0,Wednesday
944198,1,41.0,7.0,7.1,2017-04-06 00:11:29,2017-04-06 00:34:28,0.5,34.56,22,0,Thursday
626741,1,148.0,87.0,1.8,2017-04-06 00:40:39,2017-04-06 00:51:01,0.5,12.36,10,0,Thursday
874492,2,48.0,40.0,7.36,2017-04-05 01:54:32,2017-04-05 02:22:10,0.5,32.25,27,1,Wednesday
63543,2,148.0,90.0,2.16,2017-04-05 01:10:59,2017-04-05 01:20:34,0.5,13.5,9,1,Wednesday
691715,2,229.0,141.0,0.88,2017-04-05 01:03:42,2017-04-05 01:06:48,0.5,6.96,3,1,Wednesday
347476,2,164.0,230.0,0.8,2017-04-06 01:00:37,2017-04-06 01:04:32,0.5,6.3,3,1,Thursday
134258,2,79.0,170.0,1.9,2017-04-05 01:02:44,2017-04-05 01:10:43,0.5,11.76,7,1,Wednesday
343159,2,151.0,239.0,1.21,2017-04-07 01:18:34,2017-04-07 01:26:22,0.5,9.8,7,1,Friday
209316,2,163.0,230.0,0.98,2017-04-05 01:35:51,2017-04-05 01:38:13,0.5,6.96,2,1,Wednesday
630433,1,79.0,228.0,7.5,2017-04-05 01:03:57,2017-04-05 01:21:21,0.5,31.0,17,1,Wednesday
416054,1,256.0,34.0,1.5,2017-04-06 01:19:10,2017-04-06 01:25:29,0.5,9.95,6,1,Thursday
868504,1,48.0,94.0,9.9,2017-04-05 01:08:45,2017-04-05 01:33:08,0.5,30.3,24,1,Wednesday
97284,2,164.0,144.0,2.1,2017-04-06 01:46:48,2017-04-06 01:56:38,0.5,10.3,9,1,Thursday
1030453,2,234.0,234.0,0.88,2017-04-06 01:21:11,2017-04-06 01:24:46,0.5,8.3,3,1,Thursday
1002539,2,164.0,129.0,6.72,2017-04-05 01:02:22,2017-04-05 01:31:52,0.5,25.3,29,1,Wednesday
26932,1,82.0,56.0,2.2,2017-04-06 01:10:20,2017-04-06 01:22:25,0.5,11.3,12,1,Thursday
705391,2,148.0,49.0,4.62,2017-04-05 01:21:19,2017-04-05 01:40:37,0.5,18.3,19,1,Wednesday
395361,1,148.0,158.0,2.1,2017-04-07 01:11:51,2017-04-07 01:21:56,0.5,12.95,10,1,Friday
450190,2,264.0,231.0,0.03,2017-04-07 01:56:22,2017-04-07 01:56:47,0.5,13.8,0,1,Friday
930990,1,151.0,186.0,4.0,2017-04-05 01:28:58,2017-04-05 01:46:35,0.5,16.8,17,1,Wednesday
1044296,2,79.0,234.0,1.55,2017-04-05 01:04:29,2017-04-05 01:11:03,0.5,9.96,6,1,Wednesday
718489,2,79.0,45.0,2.12,2017-04-05 01:27:56,2017-04-05 01:37:42,0.5,12.88,9,1,Wednesday
575436,2,79.0,48.0,3.99,2017-04-07 01:21:30,2017-04-07 01:35:12,0.5,16.8,13,1,Friday
549116,2,249.0,231.0,1.39,2017-04-06 01:43:39,2017-04-06 01:47:59,0.5,7.3,4,1,Thursday
418840,1,226.0,50.0,4.6,2017-04-05 01:40:36,2017-04-05 01:56:54,0.5,18.3,16,1,Wednesday
169904,1,234.0,162.0,1.8,2017-04-06 01:24:54,2017-04-06 01:30:58,0.5,8.8,6,1,Thursday
908039,2,79.0,163.0,4.25,2017-04-04 01:21:52,2017-04-04 01:38:32,0.5,20.16,16,1,Tuesday
883582,1,234.0,255.0,7.6,2017-04-05 01:20:10,2017-04-05 01:53:14,0.5,31.8,33,1,Wednesday
938561,2,144.0,61.0,5.15,2017-04-04 01:23:18,2017-04-04 01:44:50,0.5,20.3,21,1,Tuesday
126598,1,158.0,43.0,3.4,2017-04-05 01:19:35,2017-04-05 01:36:43,0.5,15.8,17,1,Wednesday
544034,1,114.0,211.0,0.2,2017-04-06 01:32:32,2017-04-06 01:33:48,0.5,5.3,1,1,Thursday
829795,2,230.0,48.0,1.08,2017-04-07 01:05:36,2017-04-07 01:11:42,0.5,9.49,6,1,Friday
223041,1,158.0,7.0,7.8,2017-04-04 01:40:16,2017-04-04 02:12:22,0.5,28.3,32,1,Tuesday
728054,2,234.0,50.0,2.86,2017-04-04 01:46:20,2017-04-04 01:55:05,0.5,11.8,8,1,Tuesday
598591,2,68.0,50.0,1.33,2017-04-05 01:17:56,2017-04-05 01:21:47,0.5,7.3,3,1,Wednesday
117063,2,141.0,226.0,2.04,2017-04-07 01:42:46,2017-04-07 01:49:46,0.5,10.3,7,1,Friday
47193,2,161.0,223.0,5.01,2017-04-07 01:19:48,2017-04-07 01:49:04,0.5,27.36,29,1,Friday
704755,2,163.0,163.0,0.91,2017-04-07 01:49:39,2017-04-07 01:55:21,0.5,7.8,5,1,Friday
211022,2,158.0,33.0,4.4,2017-04-05 01:26:12,2017-04-05 01:42:02,0.5,18.3,15,1,Wednesday
523191,1,68.0,48.0,2.1,2017-04-06 01:44:30,2017-04-06 01:49:43,0.5,9.3,5,1,Thursday
302024,1,79.0,233.0,1.5,2017-04-06 01:24:26,2017-04-06 01:28:13,0.5,9.1,3,1,Thursday
560296,2,114.0,140.0,5.04,2017-04-07 01:26:02,2017-04-07 01:41:13,0.5,21.62,15,1,Friday
275028,2,79.0,113.0,0.58,2017-04-07 01:09:50,2017-04-07 01:16:08,0.5,8.16,6,1,Friday
732892,2,230.0,186.0,0.89,2017-04-05 01:21:12,2017-04-05 01:25:26,0.5,6.8,4,1,Wednesday
77473,2,87.0,83.0,11.76,2017-04-07 01:13:05,2017-04-07 01:39:57,0.5,35.8,26,1,Friday
527960,1,164.0,246.0,1.3,2017-04-07 01:52:03,2017-04-07 02:00:44,0.5,9.3,8,1,Friday
488607,1,264.0,264.0,4.1,2017-04-07 01:42:54,2017-04-07 02:07:41,0.5,19.3,24,1,Friday
565971,1,48.0,151.0,2.4,2017-04-07 01:12:25,2017-04-07 01:22:15,0.5,11.3,9,1,Friday
37039,1,90.0,133.0,10.5,2017-04-07 01:31:04,2017-04-07 01:51:04,0.5,30.8,20,1,Friday
721131,2,48.0,82.0,8.22,2017-04-06 01:42:29,2017-04-06 02:05:06,0.5,32.56,22,1,Thursday
814907,1,264.0,264.0,0.1,2017-04-05 01:32:49,2017-04-05 01:34:17,0.5,5.15,1,1,Wednesday
396086,2,234.0,79.0,0.46,2017-04-04 01:46:12,2017-04-04 01:48:46,0.5,6.0,2,1,Tuesday
22051,1,229.0,179.0,3.7,2017-04-06 01:53:47,2017-04-06 02:16:54,0.5,18.3,23,1,Thursday
178011,2,90.0,100.0,1.27,2017-04-04 01:24:24,2017-04-04 01:29:56,0.5,8.8,5,1,Tuesday
284091,2,263.0,249.0,4.79,2017-04-07 01:41:57,2017-04-07 01:55:26,0.5,20.16,13,1,Friday
83623,1,261.0,14.0,8.6,2017-04-07 01:12:17,2017-04-07 01:28:14,0.5,32.85,15,1,Friday
521248,2,148.0,263.0,4.65,2017-04-07 01:16:48,2017-04-07 01:30:26,0.5,20.38,13,1,Friday
821583,1,230.0,186.0,0.9,2017-04-05 01:35:48,2017-04-05 01:40:35,0.5,6.8,4,1,Wednesday
339964,2,162.0,137.0,1.56,2017-04-05 01:14:42,2017-04-05 01:20:49,0.5,9.96,6,1,Wednesday
722730,2,246.0,158.0,1.68,2017-04-06 01:39:46,2017-04-06 01:50:25,0.5,9.8,10,1,Thursday
41991,1,61.0,61.0,0.8,2017-04-05 01:20:07,2017-04-05 01:22:52,0.5,6.3,2,1,Wednesday
684644,2,79.0,230.0,2.85,2017-04-06 01:07:45,2017-04-06 01:17:39,0.5,11.8,9,1,Thursday
492908,1,79.0,107.0,1.1,2017-04-05 01:04:10,2017-04-05 01:12:44,0.5,9.55,8,1,Wednesday
840620,2,116.0,24.0,1.9,2017-04-04 01:28:44,2017-04-04 01:36:02,0.5,9.8,7,1,Tuesday
641753,2,48.0,74.0,3.93,2017-04-07 01:54:23,2017-04-07 02:06:16,0.5,14.8,11,1,Friday
965103,1,107.0,211.0,1.5,2017-04-05 01:06:30,2017-04-05 01:14:34,0.5,10.12,8,1,Wednesday
526606,1,249.0,48.0,2.5,2017-04-05 01:42:25,2017-04-05 01:53:35,0.5,11.92,11,1,Wednesday
83834,2,125.0,249.0,0.82,2017-04-06 01:40:05,2017-04-06 01:42:42,0.5,6.96,2,1,Thursday
576173,2,236.0,142.0,2.08,2017-04-05 01:41:06,2017-04-05 01:48:51,0.5,9.8,7,1,Wednesday
575103,2,230.0,107.0,2.49,2017-04-07 01:48:51,2017-04-07 01:58:48,0.5,12.96,9,1,Friday
606145,1,48.0,238.0,2.7,2017-04-07 01:49:32,2017-04-07 01:57:10,0.5,13.0,7,1,Friday
956215,1,236.0,237.0,0.9,2017-04-04 01:46:06,2017-04-04 01:48:14,0.5,5.8,2,1,Tuesday
799951,1,233.0,141.0,1.4,2017-04-07 01:57:32,2017-04-07 02:02:22,0.5,9.75,4,1,Friday
710430,2,158.0,125.0,0.78,2017-04-04 01:51:00,2017-04-04 01:53:58,0.5,6.8,2,1,Tuesday
296178,2,148.0,42.0,9.65,2017-04-06 01:42:42,2017-04-06 02:01:44,0.5,29.8,19,1,Thursday
329507,2,114.0,158.0,0.82,2017-04-07 01:47:21,2017-04-07 01:53:13,0.5,8.84,5,1,Friday
402720,1,148.0,79.0,1.0,2017-04-07 01:43:49,2017-04-07 01:50:12,0.5,8.8,6,1,Friday
715641,2,74.0,74.0,0.0,2017-04-07 01:02:29,2017-04-07 01:02:38,0.5,59.8,0,1,Friday
665013,2,230.0,48.0,0.5,2017-04-04 01:52:00,2017-04-04 01:56:07,0.5,5.8,4,1,Tuesday
855195,1,97.0,37.0,3.4,2017-04-05 01:12:57,2017-04-05 01:30:27,0.5,20.5,17,1,Wednesday
317752,2,114.0,170.0,1.63,2017-04-07 01:43:13,2017-04-07 01:52:36,0.5,11.76,9,1,Friday
126531,1,144.0,246.0,3.3,2017-04-07 01:27:14,2017-04-07 01:44:04,0.5,14.8,16,1,Friday
588055,2,132.0,162.0,17.59,2017-04-06 01:21:10,2017-04-06 01:46:37,0.0,66.0,25,1,Thursday
816949,1,25.0,65.0,0.8,2017-04-07 01:32:05,2017-04-07 01:37:58,0.5,8.03,5,1,Friday
801747,2,244.0,136.0,4.48,2017-04-07 01:20:48,2017-04-07 01:33:39,0.5,16.8,12,1,Friday
105855,2,141.0,68.0,2.95,2017-04-07 01:47:16,2017-04-07 02:00:49,0.5,15.96,13,1,Friday
299876,2,113.0,148.0,1.72,2017-04-07 01:13:19,2017-04-07 01:24:50,0.5,10.8,11,1,Friday
629386,1,161.0,181.0,6.9,2017-04-07 01:48:06,2017-04-07 02:20:24,0.5,35.35,32,1,Friday
92326,1,264.0,264.0,2.7,2017-04-07 01:07:42,2017-04-07 01:26:05,0.5,17.15,18,1,Friday
998388,1,48.0,244.0,6.8,2017-04-04 01:43:16,2017-04-04 02:02:22,0.5,23.3,19,1,Tuesday
142157,1,132.0,48.0,18.1,2017-04-04 01:56:35,2017-04-04 02:23:51,0.0,58.56,27,1,Tuesday
121458,2,138.0,112.0,7.26,2017-04-07 01:28:42,2017-04-07 01:44:15,0.5,27.96,15,1,Friday
581699,2,132.0,21.0,18.14,2017-04-05 01:42:55,2017-04-06 00:22:25,0.5,54.23,1359,1,Wednesday
520991,2,211.0,113.0,0.97,2017-04-04 01:29:44,2017-04-04 01:34:35,0.5,7.14,4,1,Tuesday
157345,1,162.0,230.0,1.1,2017-04-05 01:19:58,2017-04-05 01:25:02,0.5,8.75,5,1,Wednesday
526844,1,132.0,211.0,19.5,2017-04-07 01:58:49,2017-04-07 02:26:51,0.0,63.36,28,1,Friday
626160,2,229.0,134.0,10.68,2017-04-07 01:42:06,2017-04-07 02:10:28,0.5,45.56,28,1,Friday
665045,2,186.0,68.0,0.92,2017-04-04 01:01:09,2017-04-04 01:05:50,0.5,6.8,4,1,Tuesday
354207,1,163.0,140.0,1.0,2017-04-07 01:17:45,2017-04-07 01:27:10,0.5,11.15,9,1,Friday
564811,2,48.0,79.0,3.08,2017-04-07 01:36:08,2017-04-07 01:49:13,0.5,15.96,13,1,Friday
616035,1,148.0,148.0,1.0,2017-04-07 01:50:06,2017-04-07 01:56:54,0.5,8.8,6,1,Friday
451923,1,162.0,244.0,7.0,2017-04-06 01:29:19,2017-04-06 01:45:11,0.5,27.35,15,1,Thursday
772900,2,132.0,49.0,19.9,2017-04-04 01:23:56,2017-04-04 01:51:16,0.5,59.3,27,1,Tuesday
510773,1,107.0,181.0,5.8,2017-04-07 01:34:30,2017-04-07 01:59:26,0.5,29.6,24,1,Friday
73692,2,261.0,79.0,4.24,2017-04-07 01:43:15,2017-04-07 01:56:46,0.5,16.3,13,1,Friday
280636,1,158.0,170.0,3.2,2017-04-07 01:01:42,2017-04-07 01:17:10,0.5,16.87,15,1,Friday
220947,1,148.0,125.0,1.3,2017-04-06 01:15:20,2017-04-06 01:24:03,0.5,10.55,8,1,Thursday
613856,2,142.0,238.0,1.87,2017-04-05 01:46:21,2017-04-05 01:52:46,0.5,9.3,6,1,Wednesday
770662,2,7.0,41.0,6.34,2017-04-05 01:21:20,2017-04-05 01:39:09,0.5,20.8,17,1,Wednesday
67110,2,132.0,48.0,18.64,2017-04-06 01:09:31,2017-04-06 01:40:18,0.0,60.0,30,1,Thursday
576725,1,229.0,170.0,1.3,2017-04-06 01:53:30,2017-04-06 01:59:58,0.5,8.3,6,1,Thursday
565169,1,132.0,86.0,8.3,2017-04-06 01:25:22,2017-04-06 01:40:59,0.5,32.25,15,1,Thursday
749578,2,163.0,140.0,1.5,2017-04-07 01:25:49,2017-04-07 01:32:32,0.5,9.96,6,1,Friday
237822,2,114.0,80.0,3.47,2017-04-07 01:00:26,2017-04-07 01:14:31,0.5,15.3,14,1,Friday
589994,1,234.0,211.0,1.7,2017-04-04 01:56:54,2017-04-04 02:04:22,0.5,10.8,7,1,Tuesday
857390,2,170.0,228.0,11.54,2017-04-07 01:38:45,2017-04-07 01:59:00,0.5,39.96,20,1,Friday
784458,1,87.0,79.0,1.8,2017-04-07 01:08:14,2017-04-07 01:17:05,0.5,9.8,8,1,Friday
776928,1,229.0,230.0,1.3,2017-04-07 01:38:09,2017-04-07 01:43:54,0.5,7.8,5,1,Friday
225271,1,114.0,244.0,10.0,2017-04-06 01:04:49,2017-04-06 01:36:21,0.5,33.8,31,1,Thursday
732686,1,163.0,170.0,1.4,2017-04-07 01:57:03,2017-04-07 02:01:47,0.5,7.3,4,1,Friday
669796,2,148.0,37.0,4.47,2017-04-06 01:34:44,2017-04-06 01:47:58,0.5,20.38,13,1,Thursday
541677,2,209.0,88.0,0.72,2017-04-04 01:48:39,2017-04-04 01:50:58,0.5,5.8,2,1,Tuesday
558926,2,162.0,116.0,6.6,2017-04-04 01:32:27,2017-04-04 01:52:19,0.5,23.3,19,1,Tuesday
12872,1,65.0,34.0,0.3,2017-04-06 01:36:12,2017-04-06 01:38:27,0.5,4.8,2,1,Thursday
1015668,1,79.0,224.0,1.3,2017-04-06 01:13:37,2017-04-06 01:20:10,0.5,9.95,6,1,Thursday
1027669,1,163.0,79.0,3.6,2017-04-06 01:09:18,2017-04-06 01:23:04,0.5,17.15,13,1,Thursday
168415,2,186.0,161.0,1.47,2017-04-07 01:25:48,2017-04-07 01:32:21,0.5,9.96,6,1,Friday
632906,1,170.0,233.0,0.6,2017-04-07 01:23:53,2017-04-07 01:27:25,0.5,6.35,3,1,Friday
496496,1,132.0,151.0,20.2,2017-04-07 01:27:43,2017-04-07 01:58:08,0.0,58.56,30,1,Friday
492369,2,100.0,41.0,6.61,2017-04-04 01:43:29,2017-04-04 02:00:23,0.5,22.3,16,1,Tuesday
880633,2,138.0,145.0,7.15,2017-04-06 01:42:27,2017-04-06 01:55:45,0.5,26.76,13,1,Thursday
497768,1,45.0,198.0,7.6,2017-04-04 01:51:34,2017-04-04 02:19:05,0.5,32.15,27,1,Tuesday
1033317,1,132.0,258.0,6.7,2017-04-07 01:34:00,2017-04-07 01:44:48,0.5,20.8,10,1,Friday
442623,1,79.0,234.0,0.8,2017-04-06 01:34:32,2017-04-06 01:40:21,0.5,7.3,5,1,Thursday
536075,2,161.0,202.0,4.54,2017-04-07 01:31:46,2017-04-07 02:01:23,0.5,26.16,29,1,Friday
571923,1,48.0,90.0,1.5,2017-04-07 01:32:58,2017-04-07 01:39:12,0.5,8.3,6,1,Friday
430358,2,90.0,148.0,1.91,2017-04-04 01:13:40,2017-04-04 01:23:59,0.5,11.3,10,1,Tuesday
1022184,1,144.0,148.0,0.5,2017-04-07 01:53:38,2017-04-07 01:59:17,0.5,7.8,5,1,Friday
765993,2,189.0,79.0,4.81,2017-04-06 01:02:55,2017-04-06 01:22:29,0.5,19.8,19,1,Thursday
78448,1,90.0,143.0,3.1,2017-04-06 01:01:25,2017-04-06 01:12:43,0.5,14.75,11,1,Thursday
274715,2,37.0,36.0,0.65,2017-04-05 02:22:59,2017-04-05 02:26:53,0.5,5.8,3,2,Wednesday
574625,2,13.0,21.0,9.71,2017-04-04 02:34:57,2017-04-04 02:59:20,0.5,43.59,24,2,Tuesday
127843,2,230.0,140.0,1.87,2017-04-07 02:49:04,2017-04-07 02:57:56,0.5,10.3,8,2,Friday
188707,2,237.0,263.0,0.78,2017-04-06 02:37:26,2017-04-06 02:39:17,0.5,5.8,1,2,Thursday
664136,1,114.0,170.0,2.2,2017-04-07 02:57:53,2017-04-07 03:05:42,0.5,11.75,7,2,Friday
729375,2,249.0,116.0,8.33,2017-04-07 02:34:15,2017-04-07 02:54:34,0.5,32.76,20,2,Friday
107218,1,148.0,158.0,2.3,2017-04-07 02:15:21,2017-04-07 02:28:54,0.5,12.3,13,2,Friday
227977,1,230.0,162.0,0.7,2017-04-05 02:05:49,2017-04-05 02:08:38,0.5,6.5,2,2,Wednesday
965230,1,230.0,68.0,1.5,2017-04-05 02:09:05,2017-04-05 02:14:39,0.5,9.96,5,2,Wednesday
927526,1,132.0,132.0,2.9,2017-04-07 02:45:48,2017-04-07 03:08:46,0.0,52.8,22,2,Friday
463590,1,75.0,75.0,0.3,2017-04-07 02:41:21,2017-04-07 02:42:24,0.5,5.0,1,2,Friday
902280,2,263.0,148.0,5.24,2017-04-05 02:17:13,2017-04-05 02:36:36,0.5,19.8,19,2,Wednesday
558745,2,132.0,170.0,17.43,2017-04-07 02:57:30,2017-04-07 03:22:52,0.0,58.56,25,2,Friday
536273,1,230.0,113.0,2.7,2017-04-07 02:58:35,2017-04-07 03:10:28,0.5,15.35,11,2,Friday
775897,1,229.0,116.0,5.7,2017-04-04 02:53:18,2017-04-04 03:12:50,0.5,20.8,19,2,Tuesday
36092,2,116.0,152.0,0.39,2017-04-05 02:38:30,2017-04-05 02:40:39,0.5,5.76,2,2,Wednesday
1040795,1,249.0,125.0,0.9,2017-04-05 02:15:21,2017-04-05 02:19:55,0.5,8.8,4,2,Wednesday
804895,2,132.0,181.0,20.28,2017-04-07 02:49:48,2017-04-07 03:25:32,0.5,68.76,35,2,Friday
156912,1,65.0,109.0,19.2,2017-04-04 02:06:29,2017-04-04 02:48:37,0.5,76.32,42,2,Tuesday
632573,1,36.0,256.0,1.7,2017-04-05 02:41:21,2017-04-05 02:47:33,0.5,8.8,6,2,Wednesday
1021721,1,161.0,249.0,2.7,2017-04-07 02:56:07,2017-04-07 03:05:55,0.5,14.15,9,2,Friday
184637,1,162.0,238.0,3.1,2017-04-05 02:06:13,2017-04-05 02:17:12,0.5,15.35,10,2,Wednesday
666435,1,132.0,262.0,19.7,2017-04-07 02:25:54,2017-04-07 02:51:15,0.0,70.26,25,2,Friday
1009701,2,260.0,83.0,1.88,2017-04-07 02:04:58,2017-04-07 02:10:51,0.5,9.3,5,2,Friday
696688,1,74.0,75.0,1.2,2017-04-04 02:46:27,2017-04-04 02:52:17,0.5,7.8,5,2,Tuesday
342524,2,75.0,28.0,12.3,2017-04-05 02:53:35,2017-04-05 03:12:11,0.5,40.56,18,2,Wednesday
582004,1,4.0,74.0,6.4,2017-04-07 02:58:27,2017-04-07 03:14:51,0.5,26.6,16,2,Friday
606623,2,231.0,48.0,3.89,2017-04-07 02:29:42,2017-04-07 02:40:49,0.5,14.3,11,2,Friday
130629,2,132.0,50.0,18.37,2017-04-07 02:42:41,2017-04-07 03:12:53,0.0,66.56,30,2,Friday
664441,1,125.0,148.0,1.4,2017-04-07 02:04:05,2017-04-07 02:14:07,0.5,10.8,10,2,Friday
556714,1,249.0,256.0,4.1,2017-04-04 02:56:08,2017-04-04 03:13:32,0.5,21.35,17,2,Tuesday
453032,2,87.0,50.0,4.53,2017-04-05 02:02:42,2017-04-05 02:20:40,0.5,17.3,17,2,Wednesday
153218,2,68.0,246.0,1.51,2017-04-07 02:52:41,2017-04-07 02:56:54,0.5,8.68,4,2,Friday
708899,1,230.0,162.0,1.5,2017-04-07 02:50:09,2017-04-07 02:57:06,0.5,11.0,6,2,Friday
441,1,79.0,48.0,3.2,2017-04-05 02:08:31,2017-04-05 02:22:25,0.5,17.15,13,2,Wednesday
544496,1,132.0,219.0,4.0,2017-04-06 02:33:42,2017-04-06 02:41:16,0.5,17.15,7,2,Thursday
792232,1,162.0,236.0,2.2,2017-04-06 02:03:49,2017-04-06 02:11:23,0.5,11.8,7,2,Thursday
640460,1,234.0,234.0,0.6,2017-04-06 02:04:30,2017-04-06 02:07:53,0.5,6.8,3,2,Thursday
126271,1,230.0,148.0,3.9,2017-04-04 02:36:14,2017-04-04 02:54:17,0.5,16.8,18,2,Tuesday
232551,2,114.0,231.0,1.32,2017-04-06 02:27:49,2017-04-06 02:36:02,0.5,8.8,8,2,Thursday
216104,2,229.0,230.0,0.86,2017-04-07 02:55:08,2017-04-07 02:58:15,0.5,7.25,3,2,Friday
386358,2,186.0,170.0,0.86,2017-04-07 02:59:33,2017-04-07 03:06:02,0.5,8.76,6,2,Friday
1038444,1,211.0,230.0,2.6,2017-04-07 02:46:50,2017-04-07 02:55:19,0.5,13.55,8,2,Friday
343231,2,132.0,160.0,12.01,2017-04-07 02:46:27,2017-04-07 03:06:08,0.5,34.8,19,2,Friday
506585,1,68.0,50.0,1.5,2017-04-04 02:50:46,2017-04-04 02:59:35,0.5,9.3,8,2,Tuesday
683092,2,231.0,62.0,5.17,2017-04-07 02:47:28,2017-04-07 03:06:45,0.5,24.0,19,2,Friday
438867,2,231.0,41.0,8.28,2017-04-05 02:33:02,2017-04-05 03:05:34,0.5,30.8,32,2,Wednesday
642164,1,132.0,161.0,17.9,2017-04-07 02:20:13,2017-04-07 02:48:36,0.0,73.16,28,2,Friday
943274,2,181.0,97.0,0.42,2017-04-06 02:25:43,2017-04-06 02:27:43,0.5,4.8,2,2,Thursday
230925,2,148.0,48.0,3.8,2017-04-06 02:29:16,2017-04-06 02:42:23,0.5,17.76,13,2,Thursday
199742,2,158.0,186.0,1.72,2017-04-06 02:47:50,2017-04-06 02:57:37,0.5,9.8,9,2,Thursday
742268,2,107.0,231.0,2.52,2017-04-05 02:39:09,2017-04-05 02:49:56,0.5,11.8,10,2,Wednesday
408727,1,246.0,238.0,4.5,2017-04-07 02:28:13,2017-04-07 02:41:37,0.5,20.15,13,2,Friday
16996,2,170.0,160.0,8.42,2017-04-07 02:58:03,2017-04-07 03:19:39,0.5,31.56,21,2,Friday
450294,1,48.0,142.0,1.1,2017-04-06 02:36:33,2017-04-06 02:42:43,0.5,9.35,6,2,Thursday
560929,2,164.0,223.0,6.48,2017-04-07 02:30:11,2017-04-07 02:48:56,0.5,26.16,18,2,Friday
324454,2,107.0,48.0,2.78,2017-04-06 02:54:31,2017-04-06 03:04:09,0.5,11.8,9,2,Thursday
175769,1,141.0,75.0,1.4,2017-04-05 02:09:01,2017-04-05 02:14:02,0.5,9.35,5,2,Wednesday
704778,1,148.0,87.0,1.1,2017-04-07 02:11:02,2017-04-07 02:15:25,0.5,8.0,4,2,Friday
845789,2,144.0,224.0,2.42,2017-04-07 02:28:16,2017-04-07 02:39:58,0.5,12.8,11,2,Friday
154600,2,254.0,254.0,0.0,2017-04-07 02:43:33,2017-04-07 02:43:38,0.0,35.8,0,2,Friday
637717,1,79.0,79.0,0.7,2017-04-07 02:31:46,2017-04-07 02:36:11,0.5,7.55,4,2,Friday
272093,1,17.0,39.0,5.7,2017-04-04 02:29:23,2017-04-04 02:49:53,0.5,23.92,20,2,Tuesday
565227,1,125.0,237.0,4.7,2017-04-07 02:45:16,2017-04-07 03:00:55,0.5,17.3,15,2,Friday
738577,1,132.0,219.0,2.4,2017-04-07 02:09:52,2017-04-07 02:21:40,0.5,12.3,11,2,Friday
85846,1,264.0,90.0,0.5,2017-04-06 02:47:05,2017-04-06 02:50:24,0.5,6.95,3,2,Thursday
315142,2,230.0,260.0,5.33,2017-04-07 02:11:19,2017-04-07 02:30:38,0.5,25.74,19,2,Friday
777405,2,249.0,79.0,1.49,2017-04-06 02:20:03,2017-04-06 02:28:06,0.5,9.3,8,2,Thursday
644223,2,74.0,243.0,4.55,2017-04-07 02:12:31,2017-04-07 02:23:38,0.5,19.56,11,2,Friday
62929,1,249.0,164.0,1.4,2017-04-07 02:01:51,2017-04-07 02:11:05,0.5,9.3,9,2,Friday
930513,1,79.0,113.0,0.6,2017-04-06 02:34:48,2017-04-06 02:39:38,0.5,8.15,4,2,Thursday
737367,2,164.0,68.0,1.2,2017-04-04 02:24:05,2017-04-04 02:30:36,0.5,10.14,6,2,Tuesday
169922,1,148.0,133.0,7.9,2017-04-06 02:48:55,2017-04-06 03:03:53,0.5,29.15,14,2,Thursday
65491,1,234.0,249.0,0.7,2017-04-04 02:12:19,2017-04-04 02:16:50,0.5,6.3,4,2,Tuesday
122834,1,48.0,100.0,0.5,2017-04-07 02:51:17,2017-04-07 02:55:01,0.5,5.8,3,2,Friday
32972,1,48.0,227.0,12.7,2017-04-04 02:28:28,2017-04-04 02:57:11,0.5,38.8,28,2,Tuesday
897889,2,100.0,186.0,0.87,2017-04-04 02:45:05,2017-04-04 02:51:18,0.5,6.3,6,2,Tuesday
942119,2,48.0,164.0,1.49,2017-04-06 02:20:46,2017-04-06 02:29:30,0.5,9.3,8,2,Thursday
512405,2,230.0,48.0,0.41,2017-04-07 02:24:33,2017-04-07 02:26:35,0.5,5.76,2,2,Friday
339278,2,79.0,79.0,0.48,2017-04-04 02:33:43,2017-04-04 02:36:38,0.5,6.62,2,2,Tuesday
996500,1,229.0,48.0,1.4,2017-04-06 02:11:21,2017-04-06 02:20:02,0.5,9.3,8,2,Thursday
289327,2,234.0,249.0,1.38,2017-04-06 02:23:28,2017-04-06 02:29:10,0.5,9.75,5,2,Thursday
696554,1,48.0,142.0,0.9,2017-04-07 02:45:36,2017-04-07 02:48:09,0.5,5.8,2,2,Friday
953223,2,132.0,155.0,13.17,2017-04-07 02:19:57,2017-04-07 02:39:49,0.5,37.8,19,2,Friday
51599,2,163.0,239.0,2.41,2017-04-07 02:13:40,2017-04-07 02:23:11,0.5,12.96,9,2,Friday
530887,1,114.0,125.0,1.4,2017-04-06 02:40:11,2017-04-06 02:49:56,0.5,11.75,9,2,Thursday
959538,2,148.0,80.0,3.56,2017-04-07 02:08:13,2017-04-07 02:19:12,0.5,17.76,10,2,Friday
458869,1,256.0,37.0,3.2,2017-04-04 02:39:00,2017-04-04 02:52:34,0.5,13.8,13,2,Tuesday
84196,2,161.0,159.0,6.64,2017-04-06 02:12:42,2017-04-06 02:31:02,0.5,21.3,18,2,Thursday
265862,1,87.0,79.0,2.1,2017-04-05 02:02:47,2017-04-05 02:13:33,0.5,10.8,10,2,Wednesday
124197,2,246.0,32.0,15.64,2017-04-04 03:07:21,2017-04-04 03:50:36,0.5,46.8,43,3,Tuesday
497362,1,164.0,239.0,3.0,2017-04-05 03:04:25,2017-04-05 03:15:04,0.5,14.75,10,3,Wednesday
746397,2,74.0,42.0,1.97,2017-04-06 03:37:50,2017-04-06 03:45:13,0.5,9.8,7,3,Thursday
562547,1,79.0,146.0,4.9,2017-04-07 03:18:34,2017-04-07 03:29:26,0.5,16.3,10,3,Friday
760001,1,249.0,50.0,1.9,2017-04-06 03:12:07,2017-04-06 03:17:21,0.5,10.55,5,3,Thursday
431443,1,148.0,33.0,3.1,2017-04-07 03:55:27,2017-04-07 04:08:03,0.5,14.3,12,3,Friday
223995,1,68.0,148.0,2.5,2017-04-07 03:18:05,2017-04-07 03:31:27,0.5,13.8,13,3,Friday
223439,1,186.0,169.0,10.7,2017-04-06 03:41:36,2017-04-06 04:03:55,0.5,36.8,22,3,Thursday
218843,1,132.0,57.0,10.6,2017-04-07 03:15:32,2017-04-07 03:33:01,0.5,31.8,17,3,Friday
417583,1,144.0,244.0,9.6,2017-04-05 03:06:19,2017-04-05 03:28:04,0.5,35.8,21,3,Wednesday
465147,2,68.0,100.0,1.43,2017-04-07 03:38:49,2017-04-07 03:43:46,0.5,8.8,4,3,Friday
703334,1,166.0,151.0,0.5,2017-04-06 03:03:39,2017-04-06 03:06:35,0.5,5.8,2,3,Thursday
782344,2,234.0,186.0,0.95,2017-04-07 03:01:46,2017-04-07 03:09:45,0.5,8.3,7,3,Friday
920965,2,249.0,79.0,1.54,2017-04-05 03:13:42,2017-04-05 03:23:49,0.5,11.3,10,3,Wednesday
298003,1,132.0,223.0,12.6,2017-04-07 03:07:03,2017-04-07 03:22:03,0.5,35.3,15,3,Friday
496361,1,140.0,163.0,1.2,2017-04-04 03:18:21,2017-04-04 03:25:14,0.5,7.8,6,3,Tuesday
371041,1,107.0,225.0,5.8,2017-04-05 03:53:12,2017-04-05 04:10:44,0.5,24.35,17,3,Wednesday
265964,1,230.0,83.0,6.1,2017-04-06 03:46:33,2017-04-06 04:06:06,0.5,24.95,19,3,Thursday
922468,2,234.0,234.0,0.89,2017-04-07 03:25:06,2017-04-07 03:29:51,0.5,6.8,4,3,Friday
300026,1,239.0,129.0,7.9,2017-04-06 03:46:25,2017-04-06 04:11:20,0.5,30.0,24,3,Thursday
107700,2,230.0,69.0,6.98,2017-04-06 03:06:19,2017-04-06 03:26:04,0.5,22.3,19,3,Thursday
681444,2,186.0,162.0,1.95,2017-04-05 03:07:14,2017-04-05 03:15:58,0.5,11.76,8,3,Wednesday
478566,2,87.0,138.0,11.81,2017-04-07 03:26:11,2017-04-07 03:45:32,0.5,41.16,19,3,Friday
144078,1,264.0,116.0,3.6,2017-04-04 03:31:15,2017-04-04 03:41:12,0.5,16.55,9,3,Tuesday
375682,2,50.0,100.0,0.99,2017-04-06 03:07:29,2017-04-06 03:11:44,0.5,6.8,4,3,Thursday
488180,2,141.0,244.0,5.88,2017-04-06 03:15:12,2017-04-06 03:34:59,0.5,20.3,19,3,Thursday
796899,2,148.0,224.0,1.36,2017-04-07 03:11:17,2017-04-07 03:19:17,0.5,10.56,8,3,Friday
827309,2,226.0,179.0,3.08,2017-04-06 03:36:29,2017-04-06 03:50:38,0.5,17.25,14,3,Thursday
16297,1,114.0,94.0,13.4,2017-04-06 03:31:20,2017-04-06 03:58:44,0.5,47.75,27,3,Thursday
737444,1,179.0,193.0,1.6,2017-04-06 03:52:13,2017-04-06 03:59:31,0.5,9.3,7,3,Thursday
597132,2,148.0,125.0,1.49,2017-04-07 03:11:46,2017-04-07 03:21:10,0.5,9.3,9,3,Friday
132765,1,163.0,237.0,0.5,2017-04-06 03:41:27,2017-04-06 03:44:30,0.5,8.8,3,3,Thursday
563718,2,132.0,262.0,18.34,2017-04-07 03:12:24,2017-04-07 03:35:13,0.0,76.13,22,3,Friday
479107,1,75.0,129.0,7.6,2017-04-05 03:19:50,2017-04-05 03:41:07,0.5,24.8,21,3,Wednesday
968865,1,236.0,75.0,1.1,2017-04-04 03:26:21,2017-04-04 03:29:13,0.5,6.3,2,3,Tuesday
284194,1,90.0,188.0,7.0,2017-04-05 03:37:18,2017-04-05 04:05:16,0.5,26.8,27,3,Wednesday
449401,1,234.0,137.0,0.8,2017-04-05 03:49:53,2017-04-05 03:54:02,0.5,7.55,4,3,Wednesday
654726,1,170.0,74.0,4.4,2017-04-05 03:33:05,2017-04-05 03:46:07,0.5,15.8,13,3,Wednesday
456464,2,141.0,230.0,1.28,2017-04-05 03:47:59,2017-04-05 03:52:03,0.5,7.3,4,3,Wednesday
777103,2,68.0,50.0,2.01,2017-04-06 03:13:06,2017-04-06 03:22:45,0.5,12.36,9,3,Thursday
120076,1,263.0,74.0,2.2,2017-04-05 03:15:11,2017-04-05 03:20:48,0.5,11.6,5,3,Wednesday
296215,1,161.0,95.0,9.3,2017-04-07 03:50:26,2017-04-07 04:07:27,0.5,41.46,17,3,Friday
589830,1,138.0,138.0,0.0,2017-04-07 03:36:29,2017-04-07 03:37:16,0.0,50.35,0,3,Friday
1011760,1,132.0,248.0,17.3,2017-04-07 03:20:00,2017-04-07 03:42:30,0.5,59.32,22,3,Friday
694232,1,158.0,137.0,2.4,2017-04-07 03:06:39,2017-04-07 03:16:20,0.5,12.0,9,3,Friday
933205,2,148.0,148.0,0.23,2017-04-07 03:33:33,2017-04-07 03:35:47,0.5,4.8,2,3,Friday
863276,2,80.0,79.0,2.51,2017-04-06 03:31:26,2017-04-06 03:37:48,0.5,12.36,6,3,Thursday
243033,2,48.0,48.0,0.65,2017-04-04 03:01:46,2017-04-04 03:06:11,0.5,6.3,4,3,Tuesday
493835,1,158.0,246.0,1.5,2017-04-05 03:24:30,2017-04-05 03:32:33,0.5,11.15,8,3,Wednesday
620557,1,163.0,164.0,1.4,2017-04-06 03:13:49,2017-04-06 03:18:34,0.5,9.3,4,3,Thursday
865494,1,232.0,231.0,1.1,2017-04-07 03:20:58,2017-04-07 03:26:41,0.5,8.41,5,3,Friday
62882,1,68.0,246.0,0.6,2017-04-04 03:19:55,2017-04-04 03:21:55,0.5,5.3,2,3,Tuesday
677278,1,87.0,261.0,0.9,2017-04-04 03:51:49,2017-04-04 03:56:44,0.5,8.5,4,3,Tuesday
71422,1,161.0,79.0,2.1,2017-04-05 03:48:40,2017-04-05 03:59:27,0.5,11.31,10,3,Wednesday
118522,1,161.0,230.0,0.7,2017-04-07 03:57:47,2017-04-07 04:01:41,0.5,7.55,3,3,Friday
1047582,2,234.0,186.0,0.67,2017-04-04 03:38:56,2017-04-04 03:43:12,0.5,7.56,4,3,Tuesday
577115,2,231.0,20.0,19.59,2017-04-04 03:25:49,2017-04-04 04:18:22,0.5,57.8,52,3,Tuesday
992271,2,79.0,170.0,0.81,2017-04-06 03:20:10,2017-04-06 03:22:03,0.5,6.96,1,3,Thursday
1044605,1,74.0,161.0,4.1,2017-04-07 04:26:23,2017-04-07 04:39:58,0.5,15.8,13,4,Friday
757654,1,107.0,161.0,1.8,2017-04-04 04:59:25,2017-04-04 05:05:30,0.5,9.8,6,4,Tuesday
451799,2,79.0,79.0,0.58,2017-04-07 04:08:18,2017-04-07 04:11:47,0.5,6.96,3,4,Friday
298099,2,79.0,49.0,4.57,2017-04-06 04:34:45,2017-04-06 04:54:45,0.5,23.76,20,4,Thursday
817944,2,143.0,136.0,9.41,2017-04-06 04:16:39,2017-04-06 04:31:46,0.5,27.8,15,4,Thursday
226325,2,79.0,255.0,3.99,2017-04-07 04:27:19,2017-04-07 04:39:57,0.5,18.36,12,4,Friday
947369,2,164.0,230.0,1.03,2017-04-04 04:33:48,2017-04-04 04:38:01,0.5,8.16,4,4,Tuesday
999389,2,234.0,141.0,3.69,2017-04-05 04:24:23,2017-04-05 04:34:15,0.5,13.3,9,4,Wednesday
14549,2,24.0,239.0,1.28,2017-04-06 04:07:30,2017-04-06 04:13:03,0.5,10.14,5,4,Thursday
102028,1,151.0,152.0,1.3,2017-04-06 04:39:46,2017-04-06 04:44:37,0.5,7.3,4,4,Thursday
772992,2,79.0,107.0,0.36,2017-04-06 04:07:17,2017-04-06 04:08:28,0.5,5.38,1,4,Thursday
360317,2,263.0,263.0,0.8,2017-04-06 04:37:43,2017-04-06 04:41:23,0.5,7.88,3,4,Thursday
466783,1,90.0,129.0,8.1,2017-04-05 04:28:34,2017-04-05 04:55:30,0.5,27.8,26,4,Wednesday
488397,1,211.0,113.0,1.0,2017-04-06 04:11:32,2017-04-06 04:16:10,0.0,6.3,4,4,Thursday
730273,2,263.0,100.0,3.37,2017-04-07 04:48:05,2017-04-07 04:57:41,0.5,15.96,9,4,Friday
918052,2,230.0,186.0,0.67,2017-04-06 04:47:47,2017-04-06 04:49:16,0.5,6.89,1,4,Thursday
89653,2,79.0,170.0,1.4,2017-04-05 04:27:42,2017-04-05 04:31:18,0.5,8.76,3,4,Wednesday
562475,2,50.0,48.0,0.48,2017-04-07 04:32:05,2017-04-07 04:34:11,0.5,4.8,2,4,Friday
961122,1,100.0,230.0,0.4,2017-04-06 04:36:04,2017-04-06 04:37:51,0.5,5.28,1,4,Thursday
537292,1,158.0,261.0,1.5,2017-04-07 04:08:43,2017-04-07 04:15:07,0.5,10.3,6,4,Friday
44292,1,213.0,18.0,4.7,2017-04-07 04:50:25,2017-04-07 04:58:53,0.5,15.8,8,4,Friday
770892,2,130.0,205.0,4.73,2017-04-05 04:14:11,2017-04-05 04:31:38,0.5,18.8,17,4,Wednesday
914564,1,263.0,236.0,0.9,2017-04-04 04:26:20,2017-04-04 04:30:47,0.5,8.15,4,4,Tuesday
73202,1,170.0,48.0,0.6,2017-04-07 04:21:39,2017-04-07 04:25:14,0.5,5.8,3,4,Friday
838865,1,237.0,144.0,3.8,2017-04-07 04:33:44,2017-04-07 04:46:32,0.5,14.8,12,4,Friday
28016,2,132.0,82.0,10.81,2017-04-06 04:25:57,2017-04-06 04:42:20,0.5,36.8,16,4,Thursday
812514,2,107.0,170.0,0.99,2017-04-04 04:45:55,2017-04-04 04:48:01,0.5,7.25,2,4,Tuesday
14843,1,114.0,186.0,1.3,2017-04-04 04:31:11,2017-04-04 04:37:17,0.5,8.3,6,4,Tuesday
940298,1,79.0,97.0,4.3,2017-04-05 04:03:36,2017-04-05 04:23:01,0.5,22.3,19,4,Wednesday
196032,1,186.0,41.0,5.4,2017-04-06 04:50:11,2017-04-06 05:06:40,0.5,22.55,16,4,Thursday
844785,1,239.0,32.0,12.0,2017-04-05 04:18:29,2017-04-05 04:37:15,0.5,33.8,18,4,Wednesday
247897,2,238.0,230.0,2.11,2017-04-05 04:55:57,2017-04-05 05:04:12,0.5,12.36,8,4,Wednesday
529126,2,107.0,80.0,4.75,2017-04-07 04:01:38,2017-04-07 04:17:22,0.5,18.3,15,4,Friday
642875,1,262.0,237.0,1.2,2017-04-06 04:44:59,2017-04-06 04:50:13,0.5,8.4,5,4,Thursday
412787,1,233.0,138.0,9.9,2017-04-06 04:47:56,2017-04-06 05:08:59,0.5,35.75,21,4,Thursday
999336,2,264.0,129.0,0.47,2017-04-07 04:48:37,2017-04-07 04:48:42,0.0,48.36,0,4,Friday
269870,1,164.0,100.0,0.3,2017-04-04 04:02:20,2017-04-04 04:06:58,0.5,7.5,4,4,Tuesday
730242,2,211.0,79.0,0.93,2017-04-05 04:29:15,2017-04-05 04:34:06,0.5,8.76,4,4,Wednesday
271404,1,170.0,107.0,1.1,2017-04-05 04:46:35,2017-04-05 04:51:17,0.5,7.3,4,4,Wednesday
748232,1,88.0,209.0,9.1,2017-04-06 04:38:57,2017-04-06 05:30:59,0.5,40.3,52,4,Thursday
450286,2,75.0,186.0,3.73,2017-04-04 04:54:25,2017-04-04 05:05:05,0.5,13.8,10,4,Tuesday
595355,1,41.0,95.0,13.0,2017-04-05 04:42:34,2017-04-05 05:14:43,0.5,44.8,32,4,Wednesday
975699,2,79.0,42.0,8.87,2017-04-04 04:24:05,2017-04-04 04:40:05,0.5,26.3,16,4,Tuesday
131102,1,141.0,129.0,5.1,2017-04-04 04:17:10,2017-04-04 04:33:08,0.5,23.75,15,4,Tuesday
876776,1,256.0,36.0,3.0,2017-04-05 04:32:27,2017-04-05 04:42:12,0.5,12.3,9,4,Wednesday
867357,1,148.0,225.0,4.5,2017-04-06 04:11:33,2017-04-06 04:25:46,0.5,21.15,14,4,Thursday
121669,2,249.0,132.0,18.32,2017-04-05 04:52:08,2017-04-05 05:16:45,0.0,63.36,24,4,Wednesday
193607,1,193.0,14.0,13.2,2017-04-07 04:21:16,2017-04-07 04:42:42,0.5,37.3,21,4,Friday
814292,2,249.0,181.0,5.63,2017-04-04 04:31:34,2017-04-04 04:51:14,0.5,24.96,19,4,Tuesday
295261,2,79.0,228.0,5.66,2017-04-06 04:13:40,2017-04-06 04:35:24,0.5,22.3,21,4,Thursday
917314,1,79.0,225.0,4.6,2017-04-05 04:32:37,2017-04-05 04:48:07,0.5,17.3,15,4,Wednesday
66454,2,181.0,65.0,1.34,2017-04-05 04:38:24,2017-04-05 04:44:09,0.5,7.8,5,4,Wednesday
807365,1,230.0,68.0,1.3,2017-04-07 04:08:40,2017-04-07 04:13:04,0.5,7.3,4,4,Friday
696944,2,186.0,223.0,6.25,2017-04-05 04:01:11,2017-04-05 04:24:03,0.5,25.8,22,4,Wednesday
954463,1,148.0,256.0,2.5,2017-04-07 04:41:32,2017-04-07 04:50:31,0.5,11.8,8,4,Friday
539257,1,163.0,163.0,0.1,2017-04-05 04:17:43,2017-04-05 04:19:40,0.5,4.3,1,4,Wednesday
706876,1,170.0,138.0,10.7,2017-04-05 04:01:54,2017-04-05 04:21:47,0.5,38.06,19,4,Wednesday
553848,2,170.0,138.0,9.6,2017-04-07 05:51:36,2017-04-07 06:07:20,0.5,41.95,15,5,Friday
52723,1,230.0,161.0,1.3,2017-04-05 05:35:58,2017-04-05 05:44:04,0.5,8.8,8,5,Wednesday
127746,2,79.0,75.0,4.72,2017-04-06 05:57:08,2017-04-06 06:11:06,0.5,16.3,13,5,Thursday
920182,2,164.0,132.0,16.57,2017-04-07 05:55:48,2017-04-07 06:21:58,0.0,58.56,26,5,Friday
582196,2,41.0,186.0,5.04,2017-04-04 05:06:45,2017-04-04 05:18:53,0.5,17.3,12,5,Tuesday
629727,2,236.0,142.0,1.68,2017-04-04 05:46:08,2017-04-04 05:53:49,0.5,11.16,7,5,Tuesday
639982,2,65.0,62.0,2.99,2017-04-07 05:03:55,2017-04-07 05:18:16,0.5,17.16,14,5,Friday
398407,2,13.0,234.0,3.2,2017-04-05 05:50:28,2017-04-05 06:01:36,0.5,14.3,11,5,Wednesday
256360,2,232.0,170.0,3.39,2017-04-07 05:49:21,2017-04-07 05:58:22,0.5,14.3,9,5,Friday
345836,1,249.0,244.0,9.5,2017-04-07 05:28:02,2017-04-07 05:47:45,0.5,30.3,19,5,Friday
342952,2,114.0,18.0,13.31,2017-04-06 05:50:10,2017-04-06 06:20:04,0.5,40.8,29,5,Thursday
183523,2,68.0,145.0,5.91,2017-04-07 05:22:34,2017-04-07 05:44:30,0.5,26.76,21,5,Friday
251655,1,249.0,113.0,0.6,2017-04-05 05:45:56,2017-04-05 05:50:11,0.5,6.8,4,5,Wednesday
574464,2,132.0,89.0,18.32,2017-04-04 05:00:23,2017-04-04 05:26:54,0.5,49.8,26,5,Tuesday
694410,1,48.0,48.0,0.4,2017-04-07 05:29:54,2017-04-07 05:32:03,0.5,5.3,2,5,Friday
973326,2,230.0,239.0,2.06,2017-04-04 05:00:30,2017-04-04 05:09:51,0.5,10.3,9,5,Tuesday
69901,1,249.0,231.0,1.5,2017-04-04 05:28:30,2017-04-04 05:34:15,0.5,7.8,5,5,Tuesday
449296,1,231.0,246.0,1.5,2017-04-05 05:51:10,2017-04-05 05:58:21,0.5,9.5,7,5,Wednesday
681629,1,132.0,230.0,17.5,2017-04-06 05:56:10,2017-04-06 07:14:12,0.0,58.56,78,5,Thursday
82438,1,234.0,162.0,2.4,2017-04-05 05:39:16,2017-04-05 05:45:41,0.5,11.75,6,5,Wednesday
1042237,2,237.0,233.0,1.97,2017-04-04 05:13:55,2017-04-04 05:21:57,0.5,9.8,8,5,Tuesday
875724,1,262.0,137.0,3.5,2017-04-04 05:58:21,2017-04-04 06:08:06,0.5,13.8,9,5,Tuesday
197276,1,162.0,164.0,0.7,2017-04-04 05:57:21,2017-04-04 06:00:26,0.5,7.25,3,5,Tuesday
817182,2,138.0,232.0,10.2,2017-04-06 05:06:47,2017-04-06 05:25:23,0.5,36.36,18,5,Thursday
327329,2,100.0,141.0,2.67,2017-04-05 05:30:29,2017-04-05 05:39:36,0.5,11.3,9,5,Wednesday
432613,1,142.0,246.0,3.0,2017-04-04 05:39:25,2017-04-04 05:51:11,0.5,14.3,11,5,Tuesday
4824,2,87.0,87.0,0.0,2017-04-05 05:24:19,2017-04-05 05:24:26,0.0,52.8,0,5,Wednesday
591910,2,170.0,186.0,1.01,2017-04-07 05:48:34,2017-04-07 05:54:23,0.5,7.3,5,5,Friday
224242,1,231.0,186.0,2.8,2017-04-05 05:29:26,2017-04-05 05:37:02,0.5,12.3,7,5,Wednesday
411349,1,100.0,142.0,1.0,2017-04-04 05:33:13,2017-04-04 05:38:14,0.5,8.3,5,5,Tuesday
455065,1,233.0,170.0,0.7,2017-04-06 05:36:09,2017-04-06 05:39:29,0.5,7.0,3,5,Thursday
428072,1,137.0,234.0,1.2,2017-04-06 05:32:35,2017-04-06 05:37:12,0.5,8.3,4,5,Thursday
164421,1,162.0,132.0,16.2,2017-04-06 05:32:08,2017-04-06 05:59:05,0.0,70.26,26,5,Thursday
184867,1,90.0,186.0,0.7,2017-04-05 05:32:10,2017-04-05 05:35:50,0.5,6.95,3,5,Wednesday
916283,2,107.0,132.0,17.16,2017-04-06 05:08:31,2017-04-06 05:33:13,0.0,68.56,24,5,Thursday
599959,1,161.0,186.0,1.7,2017-04-06 05:52:30,2017-04-06 05:59:05,0.5,8.8,6,5,Thursday
168885,2,237.0,163.0,0.81,2017-04-07 05:53:29,2017-04-07 05:59:26,0.5,7.3,5,5,Friday
11073,2,132.0,255.0,15.95,2017-04-06 05:52:56,2017-04-06 07:10:40,0.5,77.88,77,5,Thursday
450298,1,41.0,236.0,2.0,2017-04-04 05:53:02,2017-04-04 05:59:50,0.5,11.3,6,5,Tuesday
241626,1,232.0,226.0,5.7,2017-04-06 05:30:16,2017-04-06 05:42:36,0.5,18.3,12,5,Thursday
913248,2,234.0,138.0,9.64,2017-04-04 05:27:58,2017-04-04 05:45:58,0.5,40.06,18,5,Tuesday
177292,1,262.0,65.0,7.6,2017-04-05 05:32:10,2017-04-05 05:45:54,0.5,30.0,13,5,Wednesday
513057,2,68.0,226.0,5.42,2017-04-07 05:19:50,2017-04-07 05:38:15,0.5,19.8,18,5,Friday
176488,1,141.0,138.0,9.8,2017-04-07 05:18:56,2017-04-07 05:35:12,0.5,41.46,16,5,Friday
340359,1,113.0,239.0,4.1,2017-04-05 05:08:00,2017-04-05 05:21:26,0.5,18.35,13,5,Wednesday
728544,1,48.0,1.0,16.7,2017-04-05 05:28:41,2017-04-05 05:52:51,0.5,83.8,24,5,Wednesday
141333,2,162.0,186.0,1.5,2017-04-07 05:52:40,2017-04-07 05:59:00,0.5,10.79,6,5,Friday
666985,1,263.0,239.0,2.1,2017-04-05 05:41:51,2017-04-05 05:51:07,0.5,12.35,9,5,Wednesday
1009147,1,48.0,237.0,2.3,2017-04-06 05:50:06,2017-04-06 05:58:48,0.5,10.8,8,5,Thursday
333129,2,68.0,48.0,0.81,2017-04-04 05:58:29,2017-04-04 06:02:27,0.5,6.3,3,5,Tuesday
220086,2,186.0,162.0,1.28,2017-04-07 05:04:16,2017-04-07 05:09:01,0.5,9.49,4,5,Friday
618079,1,163.0,48.0,1.0,2017-04-04 05:53:51,2017-04-04 05:57:44,0.5,6.8,3,5,Tuesday
749098,1,48.0,161.0,1.1,2017-04-07 05:22:06,2017-04-07 05:29:29,0.5,9.3,7,5,Friday
166341,1,236.0,232.0,6.6,2017-04-05 05:59:01,2017-04-05 06:10:19,0.0,19.8,11,5,Wednesday
541353,2,50.0,132.0,17.39,2017-04-06 05:37:37,2017-04-06 06:14:38,0.0,70.27,37,5,Thursday
861023,1,161.0,87.0,4.4,2017-04-05 05:35:43,2017-04-05 05:48:21,0.5,18.95,12,5,Wednesday
626150,1,140.0,163.0,1.5,2017-04-05 05:48:58,2017-04-05 05:56:16,0.5,10.56,7,5,Wednesday
570913,1,186.0,90.0,0.5,2017-04-04 05:55:45,2017-04-04 05:57:04,0.5,5.8,1,5,Tuesday
946196,2,264.0,264.0,0.02,2017-04-07 05:16:03,2017-04-07 05:16:08,0.5,3.8,0,5,Friday
895260,2,239.0,138.0,9.6,2017-04-05 05:06:12,2017-04-05 05:27:05,0.5,43.27,20,5,Wednesday
470163,2,48.0,107.0,1.69,2017-04-06 05:56:30,2017-04-06 06:04:59,0.5,12.25,8,5,Thursday
849987,2,179.0,181.0,8.53,2017-04-05 05:53:08,2017-04-05 06:20:32,0.5,29.8,27,5,Wednesday
842019,1,263.0,87.0,7.9,2017-04-05 05:23:13,2017-04-05 05:36:20,0.5,24.3,13,5,Wednesday
454084,2,263.0,244.0,5.75,2017-04-05 05:50:22,2017-04-05 06:02:54,0.5,18.8,12,5,Wednesday
835405,2,236.0,163.0,1.82,2017-04-06 05:27:21,2017-04-06 05:32:42,0.5,8.8,5,5,Thursday
883075,1,48.0,161.0,0.8,2017-04-06 05:47:39,2017-04-06 05:51:14,0.5,6.3,3,5,Thursday
737730,1,249.0,179.0,6.2,2017-04-05 05:40:13,2017-04-05 05:59:41,0.5,25.55,19,5,Wednesday
757596,2,90.0,161.0,1.8,2017-04-04 05:44:51,2017-04-04 05:50:19,0.5,10.38,5,5,Tuesday
943106,2,142.0,186.0,2.16,2017-04-06 05:34:52,2017-04-06 05:41:12,0.5,9.3,6,5,Thursday
257224,2,230.0,143.0,1.55,2017-04-07 05:17:40,2017-04-07 05:24:00,0.5,8.8,6,5,Friday
327501,1,230.0,50.0,0.8,2017-04-06 05:51:52,2017-04-06 05:55:31,0.0,5.8,3,5,Thursday
1037547,1,263.0,237.0,0.6,2017-04-06 05:23:09,2017-04-06 05:26:49,0.5,7.25,3,5,Thursday
399723,2,230.0,186.0,1.02,2017-04-04 05:59:21,2017-04-04 06:04:26,0.5,8.16,5,5,Tuesday
174010,2,25.0,65.0,0.61,2017-04-06 05:26:36,2017-04-06 05:28:30,0.5,5.3,1,5,Thursday
323927,1,113.0,231.0,1.3,2017-04-07 05:09:52,2017-04-07 05:14:36,0.5,7.3,4,5,Friday
27398,1,140.0,132.0,19.1,2017-04-06 05:43:50,2017-04-06 06:14:41,0.0,63.56,30,5,Thursday
1040134,2,48.0,170.0,1.07,2017-04-04 05:30:31,2017-04-04 05:35:27,0.5,7.8,4,5,Tuesday
717488,1,70.0,161.0,6.2,2017-04-06 05:01:52,2017-04-06 05:20:35,0.5,20.8,18,5,Thursday
235779,2,162.0,237.0,0.71,2017-04-04 05:49:19,2017-04-04 05:51:14,0.5,6.1,1,5,Tuesday
748832,2,246.0,68.0,1.1,2017-04-04 05:31:34,2017-04-04 05:37:15,0.5,8.76,5,5,Tuesday
695002,1,43.0,151.0,2.4,2017-04-05 05:26:49,2017-04-05 05:34:13,0.5,11.3,7,5,Wednesday
857419,1,74.0,48.0,5.2,2017-04-04 05:03:32,2017-04-04 05:18:51,0.5,17.8,15,5,Tuesday
401115,1,87.0,170.0,4.2,2017-04-07 05:35:29,2017-04-07 05:49:24,0.5,15.8,13,5,Friday
846215,2,24.0,143.0,1.83,2017-04-04 05:58:57,2017-04-04 06:04:48,0.5,10.56,5,5,Tuesday
180812,1,132.0,138.0,11.2,2017-04-07 05:24:20,2017-04-07 05:39:20,0.5,38.75,15,5,Friday
978768,2,230.0,138.0,10.63,2017-04-07 05:01:03,2017-04-07 05:26:38,0.5,32.8,25,5,Friday
224251,2,79.0,186.0,2.06,2017-04-06 05:22:49,2017-04-06 05:33:12,0.5,14.8,10,5,Thursday
609957,2,132.0,36.0,11.26,2017-04-05 05:17:17,2017-04-05 05:45:11,0.5,41.76,27,5,Wednesday
747941,2,186.0,132.0,16.84,2017-04-07 05:46:39,2017-04-07 06:14:33,0.0,68.56,27,5,Friday
135150,2,238.0,186.0,3.63,2017-04-05 05:18:28,2017-04-05 05:29:54,0.5,16.56,11,5,Wednesday
767723,1,132.0,181.0,14.9,2017-04-06 05:25:44,2017-04-06 06:01:49,0.5,53.75,36,5,Thursday
382917,2,132.0,11.0,19.44,2017-04-07 05:39:31,2017-04-07 06:10:36,0.5,53.3,31,5,Friday
1013251,1,79.0,162.0,2.1,2017-04-06 06:56:34,2017-04-06 07:04:07,0.0,9.3,7,6,Thursday
822807,1,13.0,164.0,3.7,2017-04-05 06:32:46,2017-04-05 06:44:10,0.0,15.95,11,6,Wednesday
529287,2,90.0,231.0,1.44,2017-04-04 06:35:05,2017-04-04 06:39:51,0.0,8.76,4,6,Tuesday
567379,2,234.0,163.0,2.23,2017-04-05 06:42:42,2017-04-05 06:52:09,0.0,11.76,9,6,Wednesday
189064,2,142.0,230.0,1.74,2017-04-05 06:32:49,2017-04-05 06:40:42,0.0,11.0,7,6,Wednesday
932230,1,170.0,79.0,1.6,2017-04-03 06:56:30,2017-04-03 07:06:24,0.0,8.8,9,6,Monday
338620,1,262.0,233.0,2.8,2017-04-04 06:44:59,2017-04-04 06:51:49,0.0,11.8,6,6,Tuesday
932803,1,170.0,161.0,0.6,2017-04-04 06:46:03,2017-04-04 06:50:27,0.0,7.5,4,6,Tuesday
148310,1,164.0,137.0,0.9,2017-04-07 06:34:35,2017-04-07 06:39:08,0.0,7.55,4,6,Friday
631686,2,238.0,237.0,1.83,2017-04-03 06:54:42,2017-04-03 07:04:20,0.0,9.8,9,6,Monday
760984,1,50.0,161.0,1.2,2017-04-04 06:53:52,2017-04-04 07:00:00,0.0,8.75,6,6,Tuesday
669782,2,161.0,138.0,11.38,2017-04-03 06:58:32,2017-04-03 07:30:20,0.0,41.56,31,6,Monday
208163,1,164.0,100.0,1.3,2017-04-05 06:57:59,2017-04-05 07:05:29,0.0,8.8,7,6,Wednesday
310894,1,129.0,70.0,2.1,2017-04-04 06:41:28,2017-04-04 06:53:09,0.0,11.3,11,6,Tuesday
348909,2,238.0,100.0,3.32,2017-04-04 06:32:57,2017-04-04 06:44:50,0.0,14.76,11,6,Tuesday
479396,1,234.0,100.0,0.8,2017-04-06 06:56:48,2017-04-06 07:00:22,0.0,5.8,3,6,Thursday
169158,2,13.0,125.0,1.37,2017-04-05 06:54:27,2017-04-05 06:58:38,0.0,7.8,4,6,Wednesday
560834,1,264.0,264.0,1.8,2017-04-05 06:40:48,2017-04-05 06:47:29,0.0,9.8,6,6,Wednesday
434197,1,164.0,132.0,16.3,2017-04-06 06:57:47,2017-04-06 07:35:06,0.0,68.56,37,6,Thursday
591541,1,140.0,162.0,1.8,2017-04-05 06:55:20,2017-04-05 07:04:17,0.0,10.3,8,6,Wednesday
805687,1,237.0,164.0,1.9,2017-04-06 06:10:45,2017-04-06 06:16:07,0.0,8.3,5,6,Thursday
551717,2,238.0,142.0,1.55,2017-04-04 06:41:15,2017-04-04 06:49:08,0.0,10.56,7,6,Tuesday
577755,2,186.0,234.0,0.91,2017-04-04 06:47:15,2017-04-04 06:52:50,0.0,8.16,5,6,Tuesday
380702,2,231.0,161.0,4.21,2017-04-07 06:11:47,2017-04-07 06:25:50,0.0,17.3,14,6,Friday
987674,2,238.0,236.0,1.25,2017-04-07 06:31:26,2017-04-07 06:34:35,0.0,7.56,3,6,Friday
185556,1,132.0,163.0,18.0,2017-04-04 06:50:26,2017-04-04 08:03:49,0.0,61.3,73,6,Tuesday
193048,2,132.0,65.0,17.89,2017-04-07 06:35:24,2017-04-07 07:23:41,0.0,63.36,48,6,Friday
289111,1,140.0,263.0,0.5,2017-04-07 06:47:45,2017-04-07 06:48:48,0.0,4.3,1,6,Friday
817225,2,239.0,244.0,5.46,2017-04-04 06:27:19,2017-04-04 06:51:29,0.0,24.8,24,6,Tuesday
622722,2,246.0,161.0,0.87,2017-04-06 06:44:43,2017-04-06 06:50:26,0.0,8.16,5,6,Thursday
1025307,2,90.0,246.0,0.66,2017-04-04 06:55:48,2017-04-04 07:00:13,0.0,5.8,4,6,Tuesday
164044,2,50.0,249.0,2.94,2017-04-07 06:50:23,2017-04-07 07:02:41,0.0,14.0,12,6,Friday
240855,1,170.0,140.0,2.0,2017-04-05 06:41:11,2017-04-05 06:51:04,0.0,11.3,9,6,Wednesday
583042,2,113.0,132.0,18.16,2017-04-07 06:07:15,2017-04-07 06:44:23,0.0,63.36,37,6,Friday
1035027,1,233.0,230.0,0.7,2017-04-04 06:34:12,2017-04-04 06:39:26,0.0,6.8,5,6,Tuesday
186708,2,223.0,223.0,1.1,2017-04-06 06:49:30,2017-04-06 06:54:45,0.0,8.0,5,6,Thursday
298017,2,141.0,140.0,0.55,2017-04-04 06:58:29,2017-04-04 07:01:20,0.0,5.8,2,6,Tuesday
708768,1,48.0,162.0,1.3,2017-04-06 06:51:01,2017-04-06 07:01:59,0.0,11.6,10,6,Thursday
968238,2,231.0,170.0,3.36,2017-04-05 06:04:28,2017-04-05 06:13:15,0.0,13.3,8,6,Wednesday
12488,1,186.0,230.0,0.8,2017-04-04 06:43:28,2017-04-04 06:47:50,0.0,5.8,4,6,Tuesday
217930,1,151.0,236.0,1.2,2017-04-04 06:38:08,2017-04-04 06:42:21,0.0,6.3,4,6,Tuesday
984509,2,142.0,140.0,1.75,2017-04-06 06:32:17,2017-04-06 06:41:12,0.0,9.3,8,6,Thursday
936879,2,140.0,170.0,2.37,2017-04-05 06:30:55,2017-04-05 06:38:28,0.0,12.25,7,6,Wednesday
598074,1,90.0,163.0,1.7,2017-04-05 06:12:42,2017-04-05 06:20:32,0.0,11.0,7,6,Wednesday
625529,1,50.0,161.0,1.7,2017-04-05 06:31:11,2017-04-05 06:46:22,0.0,14.15,15,6,Wednesday
513777,2,162.0,88.0,5.36,2017-04-07 06:42:19,2017-04-07 06:54:09,0.0,20.0,11,6,Friday
291650,1,48.0,162.0,1.9,2017-04-07 06:49:49,2017-04-07 06:58:45,0.0,11.8,8,6,Friday
928147,1,236.0,161.0,2.7,2017-04-06 06:31:33,2017-04-06 06:39:00,0.0,12.0,7,6,Thursday
687864,1,170.0,162.0,0.9,2017-04-06 06:17:20,2017-04-06 06:20:38,0.0,6.35,3,6,Thursday
398162,1,143.0,13.0,5.0,2017-04-06 06:53:05,2017-04-06 07:10:51,0.0,21.35,17,6,Thursday
531074,2,79.0,230.0,3.32,2017-04-07 06:13:43,2017-04-07 06:25:19,0.0,15.36,11,6,Friday
130860,2,141.0,138.0,8.59,2017-04-06 06:56:51,2017-04-06 07:16:54,0.0,39.0,20,6,Thursday
210662,1,263.0,168.0,3.7,2017-04-06 06:24:48,2017-04-06 06:33:02,0.0,15.35,8,6,Thursday
819860,1,90.0,170.0,1.0,2017-04-04 06:16:41,2017-04-04 06:20:04,0.0,6.95,3,6,Tuesday
271568,1,239.0,132.0,20.5,2017-04-06 06:25:23,2017-04-06 07:08:35,0.0,58.56,43,6,Thursday
795835,2,224.0,140.0,2.35,2017-04-04 06:44:44,2017-04-04 06:50:36,0.0,10.7,5,6,Tuesday
876423,2,170.0,162.0,0.83,2017-04-04 06:09:35,2017-04-04 06:11:50,0.0,5.3,2,6,Tuesday
551663,2,107.0,161.0,1.87,2017-04-05 06:35:28,2017-04-05 06:40:20,0.0,8.58,4,6,Wednesday
904532,2,48.0,140.0,2.03,2017-04-05 06:34:40,2017-04-05 06:44:52,0.0,12.36,10,6,Wednesday
1031619,2,164.0,230.0,1.11,2017-04-04 06:57:19,2017-04-04 07:03:59,0.0,8.76,6,6,Tuesday
644167,1,263.0,262.0,0.6,2017-04-04 06:57:05,2017-04-04 07:00:47,0.0,5.3,3,6,Tuesday
859732,2,100.0,162.0,1.02,2017-04-06 06:44:00,2017-04-06 06:51:32,0.0,9.12,7,6,Thursday
814409,2,74.0,236.0,2.4,2017-04-04 06:09:03,2017-04-04 06:16:22,0.0,11.16,7,6,Tuesday
525763,2,186.0,137.0,1.28,2017-04-05 06:27:21,2017-04-05 06:35:21,0.0,7.8,8,6,Wednesday
546454,2,170.0,162.0,1.09,2017-04-05 06:59:46,2017-04-05 07:04:38,0.0,6.8,4,6,Wednesday
681031,2,186.0,143.0,2.1,2017-04-05 06:20:39,2017-04-05 06:28:06,0.0,8.8,7,6,Wednesday
248066,2,79.0,158.0,1.41,2017-04-05 06:52:31,2017-04-05 06:59:44,0.0,9.36,7,6,Wednesday
790139,2,262.0,75.0,1.31,2017-04-04 06:32:28,2017-04-04 06:40:57,0.0,9.96,8,6,Tuesday
829351,1,262.0,236.0,0.9,2017-04-07 06:53:20,2017-04-07 06:57:51,0.0,7.85,4,6,Friday
639422,2,142.0,161.0,1.03,2017-04-04 06:55:27,2017-04-04 07:01:30,0.0,8.16,6,6,Tuesday
737501,1,233.0,50.0,1.9,2017-04-07 06:40:21,2017-04-07 06:51:23,0.0,10.3,11,6,Friday
1026930,1,229.0,230.0,1.1,2017-04-04 06:38:26,2017-04-04 06:47:28,0.0,9.3,9,6,Tuesday
1048230,1,140.0,161.0,1.7,2017-04-07 06:38:14,2017-04-07 06:47:20,0.0,11.15,9,6,Friday
157863,2,246.0,161.0,1.44,2017-04-06 06:04:20,2017-04-06 06:10:57,0.0,8.8,6,6,Thursday
456692,1,170.0,163.0,1.3,2017-04-04 06:50:35,2017-04-04 06:57:21,0.0,8.3,6,6,Tuesday
1009550,1,141.0,161.0,1.1,2017-04-07 06:47:15,2017-04-07 06:55:10,0.0,9.35,7,6,Friday
396962,2,140.0,244.0,6.84,2017-04-05 06:48:33,2017-04-05 07:21:59,0.0,34.5,33,6,Wednesday
741488,2,263.0,161.0,2.06,2017-04-07 06:09:34,2017-04-07 06:20:15,0.0,12.42,10,6,Friday
904038,2,151.0,239.0,1.22,2017-04-06 06:31:19,2017-04-06 06:37:18,0.0,7.3,5,6,Thursday
994709,2,163.0,226.0,3.46,2017-04-06 06:46:59,2017-04-06 07:06:29,0.0,20.38,19,6,Thursday
583974,1,79.0,234.0,1.2,2017-04-07 06:06:56,2017-04-07 06:12:47,0.0,8.3,5,6,Friday
251856,2,230.0,50.0,0.91,2017-04-07 06:14:46,2017-04-07 06:19:25,0.0,6.3,4,6,Friday
736593,2,186.0,230.0,1.21,2017-04-07 06:34:19,2017-04-07 06:42:48,0.0,9.8,8,6,Friday
291823,2,144.0,234.0,1.37,2017-04-04 06:48:36,2017-04-04 06:53:50,0.0,8.4,5,6,Tuesday
83446,2,237.0,132.0,16.22,2017-04-06 06:22:15,2017-04-06 07:14:13,0.0,52.8,51,6,Thursday
7349,2,170.0,186.0,0.69,2017-04-06 06:22:39,2017-04-06 06:26:18,0.0,6.36,3,6,Thursday
202530,1,170.0,132.0,16.0,2017-04-07 06:17:37,2017-04-07 06:45:08,0.0,73.16,27,6,Friday
514236,2,233.0,231.0,3.14,2017-04-04 06:02:12,2017-04-04 06:11:52,0.0,11.8,9,6,Tuesday
744910,2,142.0,140.0,1.8,2017-04-06 06:52:20,2017-04-06 07:06:08,0.0,12.8,13,6,Thursday
469357,1,170.0,230.0,1.3,2017-04-04 06:40:10,2017-04-04 06:49:49,0.0,10.55,9,6,Tuesday
911133,1,162.0,138.0,10.0,2017-04-06 06:57:32,2017-04-06 07:23:39,0.0,46.91,26,6,Thursday
504182,2,158.0,158.0,0.53,2017-04-04 06:42:54,2017-04-04 06:46:02,0.0,6.89,3,6,Tuesday
1004627,1,262.0,230.0,3.1,2017-04-04 06:54:43,2017-04-04 07:09:31,0.0,16.55,14,6,Tuesday
964667,2,137.0,141.0,1.77,2017-04-06 06:27:03,2017-04-06 06:32:25,0.0,7.8,5,6,Thursday
337504,1,142.0,170.0,2.9,2017-04-06 06:42:10,2017-04-06 06:55:18,0.0,14.08,13,6,Thursday
394726,2,140.0,230.0,2.19,2017-04-06 06:17:19,2017-04-06 06:27:22,0.0,10.3,10,6,Thursday
543645,1,237.0,162.0,0.6,2017-04-05 06:55:42,2017-04-05 06:58:55,0.0,5.3,3,6,Wednesday
301904,2,229.0,162.0,0.78,2017-04-06 06:50:49,2017-04-06 06:54:11,0.0,5.3,3,6,Thursday
792560,2,170.0,162.0,1.39,2017-04-06 06:32:46,2017-04-06 06:54:38,0.0,14.8,21,6,Thursday
654646,1,137.0,209.0,3.7,2017-04-06 06:39:28,2017-04-06 06:48:22,0.0,15.95,8,6,Thursday
985826,1,239.0,13.0,6.1,2017-04-03 06:55:25,2017-04-03 07:15:07,0.0,24.3,19,6,Monday
428007,1,263.0,170.0,2.2,2017-04-04 06:12:08,2017-04-04 06:23:36,0.0,13.55,11,6,Tuesday
520771,2,161.0,146.0,2.45,2017-04-06 06:16:10,2017-04-06 06:27:28,0.0,11.3,11,6,Thursday
193203,2,224.0,230.0,2.61,2017-04-06 06:39:08,2017-04-06 06:52:45,0.0,14.76,13,6,Thursday
45490,1,230.0,142.0,1.1,2017-04-06 06:54:36,2017-04-06 06:58:38,0.0,8.0,4,6,Thursday
1002881,2,95.0,41.0,9.41,2017-04-07 06:40:18,2017-04-07 07:11:33,0.0,37.34,31,6,Friday
463150,1,107.0,68.0,1.9,2017-04-04 06:14:43,2017-04-04 06:28:56,0.0,14.76,14,6,Tuesday
90780,2,90.0,246.0,0.69,2017-04-06 06:04:31,2017-04-06 06:08:45,0.0,6.96,4,6,Thursday
70646,2,48.0,161.0,1.17,2017-04-06 06:21:41,2017-04-06 06:28:36,0.0,9.49,6,6,Thursday
500427,1,107.0,234.0,1.1,2017-04-05 06:41:25,2017-04-05 06:45:36,0.0,7.55,4,6,Wednesday
799873,2,48.0,230.0,0.81,2017-04-07 06:21:37,2017-04-07 06:24:12,0.0,5.3,2,6,Friday
213601,1,186.0,13.0,2.9,2017-04-06 06:52:00,2017-04-06 07:01:59,0.0,14.1,9,6,Thursday
658559,2,141.0,186.0,3.06,2017-04-04 06:09:43,2017-04-04 06:22:09,0.0,14.76,12,6,Tuesday
798388,2,234.0,107.0,0.71,2017-04-05 06:04:51,2017-04-05 06:07:47,0.0,7.3,2,6,Wednesday
135503,1,237.0,237.0,0.6,2017-04-05 06:52:31,2017-04-05 06:54:22,0.0,5.75,1,6,Wednesday
784611,1,107.0,231.0,2.8,2017-04-06 06:30:29,2017-04-06 06:42:58,0.0,14.76,12,6,Thursday
278899,2,43.0,138.0,12.16,2017-04-06 06:49:24,2017-04-06 07:22:12,0.0,52.58,32,6,Thursday
738600,1,13.0,100.0,4.1,2017-04-07 06:51:36,2017-04-07 07:06:24,0.0,18.95,14,6,Friday
791164,2,162.0,138.0,11.83,2017-04-05 06:06:39,2017-04-05 06:32:25,0.0,51.32,25,6,Wednesday
632075,1,107.0,186.0,1.3,2017-04-06 06:13:09,2017-04-06 06:22:15,0.0,11.4,9,6,Thursday
434634,2,186.0,230.0,0.94,2017-04-06 06:43:08,2017-04-06 06:49:34,0.0,9.49,6,6,Thursday
208147,2,237.0,142.0,1.46,2017-04-07 06:07:21,2017-04-07 06:18:01,0.0,11.0,10,6,Friday
455176,1,170.0,68.0,1.3,2017-04-06 06:13:18,2017-04-06 06:19:05,0.0,7.3,5,6,Thursday
784847,2,229.0,162.0,1.01,2017-04-04 06:41:50,2017-04-04 06:46:39,0.0,6.3,4,6,Tuesday
863250,1,100.0,170.0,0.7,2017-04-07 06:45:17,2017-04-07 06:49:27,0.0,6.95,4,6,Friday
495888,2,249.0,162.0,2.36,2017-04-04 06:36:12,2017-04-04 06:44:40,0.0,10.8,8,6,Tuesday
827392,2,148.0,137.0,2.04,2017-04-03 06:58:45,2017-04-03 07:07:07,0.0,9.3,8,6,Monday
684472,2,43.0,141.0,0.96,2017-04-05 06:19:59,2017-04-05 06:25:28,0.0,6.8,5,6,Wednesday
768241,1,239.0,231.0,5.9,2017-04-05 06:59:11,2017-04-05 07:17:31,0.0,23.8,18,6,Wednesday
635612,2,114.0,231.0,1.44,2017-04-04 06:27:40,2017-04-04 06:35:27,0.0,10.79,7,6,Tuesday
343467,1,107.0,162.0,1.5,2017-04-04 06:52:08,2017-04-04 06:58:52,0.0,10.35,6,6,Tuesday
607071,2,43.0,161.0,1.63,2017-04-06 06:24:00,2017-04-06 06:48:05,0.0,17.93,24,6,Thursday
267787,2,90.0,48.0,1.77,2017-04-04 06:20:29,2017-04-04 06:26:43,0.0,8.3,6,6,Tuesday
707320,1,262.0,141.0,0.6,2017-04-07 06:06:36,2017-04-07 06:09:02,0.0,5.5,2,6,Friday
639118,1,263.0,138.0,8.5,2017-04-05 06:20:03,2017-04-05 06:39:48,0.0,36.06,19,6,Wednesday
59789,1,138.0,132.0,12.9,2017-04-06 06:58:30,2017-04-06 07:28:35,0.0,40.8,30,6,Thursday
22005,1,186.0,230.0,1.0,2017-04-06 06:38:19,2017-04-06 06:42:46,0.0,7.55,4,6,Thursday
597554,2,236.0,239.0,0.73,2017-04-04 06:59:58,2017-04-04 07:02:50,0.0,5.3,2,6,Tuesday
470904,1,246.0,161.0,1.7,2017-04-04 06:42:13,2017-04-04 06:50:28,0.0,10.3,8,6,Tuesday
187892,2,107.0,137.0,0.51,2017-04-04 06:04:43,2017-04-04 06:06:54,0.0,4.8,2,6,Tuesday
672177,1,164.0,230.0,0.7,2017-04-07 06:52:36,2017-04-07 06:57:56,0.0,7.25,5,6,Friday
636347,1,137.0,148.0,1.8,2017-04-06 06:08:58,2017-04-06 06:14:14,0.0,9.35,5,6,Thursday
379630,2,164.0,137.0,0.85,2017-04-04 06:59:57,2017-04-04 07:05:33,0.0,6.8,5,6,Tuesday
742950,1,264.0,264.0,4.0,2017-04-05 06:12:51,2017-04-05 06:21:41,0.0,14.3,8,6,Wednesday
824707,2,68.0,234.0,1.97,2017-04-07 06:46:05,2017-04-07 06:55:15,0.0,11.16,9,6,Friday
730611,1,249.0,88.0,2.7,2017-04-03 06:54:07,2017-04-03 07:04:07,0.0,11.3,10,6,Monday
343966,1,161.0,230.0,0.5,2017-04-05 06:59:15,2017-04-05 07:02:05,0.0,5.75,2,6,Wednesday
442275,1,231.0,170.0,3.1,2017-04-04 06:50:59,2017-04-04 07:03:32,0.0,14.5,12,6,Tuesday
826472,2,229.0,230.0,2.04,2017-04-07 06:55:54,2017-04-07 07:13:07,0.0,13.3,17,6,Friday
768605,1,158.0,170.0,2.6,2017-04-05 06:38:47,2017-04-05 06:50:13,0.0,13.3,11,6,Wednesday
257792,1,100.0,170.0,0.6,2017-04-04 06:53:51,2017-04-04 06:59:19,0.0,7.3,5,6,Tuesday
859681,2,132.0,203.0,5.72,2017-04-05 06:32:26,2017-04-05 06:44:29,0.0,18.8,12,6,Wednesday
246404,2,48.0,48.0,0.36,2017-04-05 06:55:52,2017-04-05 06:57:59,0.0,5.16,2,6,Wednesday
181503,1,13.0,132.0,22.8,2017-04-04 06:35:58,2017-04-04 07:24:23,0.0,66.56,48,6,Tuesday
12288,2,50.0,234.0,2.53,2017-04-06 06:44:18,2017-04-06 06:53:30,0.0,11.3,9,6,Thursday
161055,1,100.0,229.0,1.7,2017-04-04 06:30:46,2017-04-04 06:38:41,0.0,9.3,7,6,Tuesday
829207,1,231.0,161.0,3.2,2017-04-06 06:36:11,2017-04-06 06:47:56,0.0,14.8,11,6,Thursday
954876,1,48.0,161.0,0.7,2017-04-05 06:21:58,2017-04-05 06:27:11,0.0,6.3,5,6,Wednesday
718653,1,246.0,161.0,2.1,2017-04-05 06:21:22,2017-04-05 06:36:14,0.0,12.3,14,6,Wednesday
299347,1,54.0,186.0,5.4,2017-04-05 06:03:58,2017-04-05 06:22:07,0.0,18.8,18,6,Wednesday
313994,1,249.0,239.0,4.4,2017-04-06 06:32:23,2017-04-06 06:50:25,0.0,18.8,18,6,Thursday
914627,1,196.0,193.0,6.6,2017-04-04 06:30:28,2017-04-04 06:54:52,0.0,26.0,24,6,Tuesday
853113,1,163.0,141.0,0.8,2017-04-05 06:06:23,2017-04-05 06:10:50,0.0,5.8,4,6,Wednesday
376751,1,132.0,116.0,19.4,2017-04-06 06:46:40,2017-04-06 08:02:31,0.0,70.26,75,6,Thursday
365642,1,161.0,236.0,1.5,2017-04-06 06:09:59,2017-04-06 06:17:18,0.0,10.52,7,6,Thursday
481147,2,170.0,88.0,5.46,2017-04-06 06:50:51,2017-04-06 07:04:00,0.0,22.56,13,6,Thursday
714914,1,238.0,140.0,1.9,2017-04-07 06:17:21,2017-04-07 06:25:12,0.0,11.8,7,6,Friday
298429,2,90.0,230.0,1.7,2017-04-05 06:39:21,2017-04-05 06:47:07,0.0,9.8,7,6,Wednesday
658631,2,75.0,140.0,1.71,2017-04-07 06:38:33,2017-04-07 06:45:28,0.0,10.3,6,6,Friday
211329,1,164.0,1.0,17.0,2017-04-04 06:16:41,2017-04-04 06:43:04,0.0,94.8,26,6,Tuesday
877256,2,236.0,230.0,2.39,2017-04-04 06:59:34,2017-04-04 07:18:00,0.0,14.3,18,6,Tuesday
866674,2,260.0,229.0,4.02,2017-04-05 06:21:19,2017-04-05 06:35:08,0.0,15.3,13,6,Wednesday
99294,2,100.0,140.0,2.8,2017-04-04 06:14:39,2017-04-04 06:28:29,0.0,16.0,13,6,Tuesday
618574,1,145.0,170.0,3.6,2017-04-07 06:47:44,2017-04-07 07:00:07,0.0,19.3,12,6,Friday
873520,1,142.0,152.0,3.8,2017-04-04 06:37:47,2017-04-04 06:52:20,0.0,16.8,14,6,Tuesday
987461,1,48.0,90.0,1.9,2017-04-03 06:59:57,2017-04-03 07:08:04,0.0,10.3,8,6,Monday
225782,1,230.0,100.0,0.4,2017-04-06 06:36:44,2017-04-06 06:38:18,0.0,5.55,1,6,Thursday
256544,2,141.0,244.0,6.98,2017-04-06 06:51:39,2017-04-06 07:11:05,0.0,27.96,19,6,Thursday
16120,1,132.0,62.0,21.9,2017-04-05 06:54:02,2017-04-05 08:34:01,0.0,77.87,99,6,Wednesday
489518,2,249.0,144.0,1.01,2017-04-04 06:17:58,2017-04-04 06:23:10,0.0,6.93,5,6,Tuesday
62410,1,246.0,230.0,1.6,2017-04-06 06:53:49,2017-04-06 07:01:50,0.0,9.86,8,6,Thursday
898588,2,137.0,107.0,0.57,2017-04-04 06:49:21,2017-04-04 06:52:32,0.0,6.36,3,6,Tuesday
136811,2,142.0,162.0,1.38,2017-04-05 06:56:31,2017-04-05 07:02:04,0.0,8.76,5,6,Wednesday
288116,2,141.0,164.0,2.14,2017-04-07 06:54:04,2017-04-07 07:03:40,0.0,10.3,9,6,Friday
898175,2,68.0,246.0,1.52,2017-04-06 06:16:09,2017-04-06 06:22:11,0.0,9.36,6,6,Thursday
427766,2,40.0,114.0,4.34,2017-04-04 06:41:32,2017-04-04 06:57:20,0.0,18.36,15,6,Tuesday
970115,1,113.0,230.0,2.2,2017-04-05 06:20:58,2017-04-05 06:30:43,0.0,12.42,9,6,Wednesday
873171,2,68.0,229.0,2.6,2017-04-07 06:45:37,2017-04-07 07:01:47,0.0,15.0,16,6,Friday
499914,1,170.0,186.0,1.0,2017-04-05 06:41:28,2017-04-05 06:48:26,0.0,9.3,6,6,Wednesday
96175,1,88.0,158.0,3.0,2017-04-04 06:28:47,2017-04-04 06:39:10,0.0,15.35,10,6,Tuesday
364632,1,48.0,68.0,0.4,2017-04-07 06:53:15,2017-04-07 06:54:16,0.0,5.55,1,6,Friday
989736,1,75.0,161.0,3.1,2017-04-04 06:03:50,2017-04-04 06:16:08,0.0,12.8,12,6,Tuesday
235148,2,90.0,163.0,1.92,2017-04-04 06:51:38,2017-04-04 06:59:22,0.0,8.8,7,6,Tuesday
319572,1,233.0,50.0,1.7,2017-04-04 06:35:43,2017-04-04 06:45:41,0.0,10.8,9,6,Tuesday
132078,1,186.0,48.0,0.3,2017-04-07 06:32:47,2017-04-07 06:35:33,0.0,4.8,2,6,Friday
972719,2,236.0,238.0,1.54,2017-04-06 06:34:45,2017-04-06 06:40:16,0.0,9.36,5,6,Thursday
108038,2,236.0,137.0,3.45,2017-04-04 06:49:47,2017-04-04 07:14:54,0.0,18.3,25,6,Tuesday
3655,2,116.0,231.0,9.2,2017-04-06 06:08:16,2017-04-06 06:31:09,0.0,30.8,22,6,Thursday
507510,2,231.0,163.0,3.77,2017-04-03 06:58:17,2017-04-03 07:13:03,0.0,17.02,14,6,Monday
193289,1,7.0,256.0,4.9,2017-04-05 06:47:31,2017-04-05 07:06:10,0.0,18.3,18,6,Wednesday
362362,1,75.0,75.0,0.8,2017-04-04 06:48:58,2017-04-04 06:56:52,0.0,7.3,7,6,Tuesday
588305,2,137.0,161.0,1.69,2017-04-06 06:56:41,2017-04-06 07:06:14,0.0,11.16,9,6,Thursday
535025,1,236.0,75.0,0.9,2017-04-04 06:20:24,2017-04-04 06:24:08,0.0,5.8,3,6,Tuesday
391165,1,246.0,164.0,1.3,2017-04-06 06:54:48,2017-04-06 07:04:40,0.0,9.8,9,6,Thursday
703009,1,262.0,170.0,2.7,2017-04-05 06:56:34,2017-04-05 07:06:22,0.0,12.5,9,6,Wednesday
82568,1,13.0,132.0,21.1,2017-04-05 06:06:19,2017-04-05 06:45:42,0.0,60.8,39,6,Wednesday
609008,1,140.0,163.0,1.3,2017-04-06 06:22:57,2017-04-06 06:30:55,0.0,9.95,7,6,Thursday
358900,1,237.0,161.0,0.8,2017-04-05 06:24:31,2017-04-05 06:29:07,0.0,6.3,4,6,Wednesday
945884,1,186.0,162.0,1.7,2017-04-04 06:46:22,2017-04-04 06:57:54,0.0,12.35,11,6,Tuesday
834372,2,238.0,230.0,2.31,2017-04-05 06:57:37,2017-04-05 07:08:49,0.0,11.34,11,6,Wednesday
499441,1,40.0,231.0,3.5,2017-04-06 06:54:07,2017-04-06 07:04:02,0.0,20.97,9,6,Thursday
716213,1,42.0,116.0,1.3,2017-04-05 06:30:35,2017-04-05 06:37:09,0.0,9.35,6,6,Wednesday
304467,1,236.0,164.0,2.4,2017-04-05 06:13:13,2017-04-05 06:22:19,0.0,12.96,9,6,Wednesday
76372,2,132.0,129.0,12.18,2017-04-05 06:38:24,2017-04-05 07:19:52,0.0,46.56,41,6,Wednesday
157679,1,224.0,161.0,2.1,2017-04-05 06:30:31,2017-04-05 06:37:34,0.0,10.0,7,6,Wednesday
1044722,1,239.0,142.0,0.6,2017-04-07 06:08:03,2017-04-07 06:11:25,0.0,6.3,3,6,Friday
838227,1,132.0,243.0,20.8,2017-04-03 06:57:19,2017-04-03 08:06:38,0.0,58.56,69,6,Monday
497175,1,166.0,244.0,3.0,2017-04-05 06:48:31,2017-04-05 07:01:26,0.0,15.95,12,6,Wednesday
611759,2,164.0,163.0,1.7,2017-04-04 06:44:10,2017-04-04 06:51:26,0.0,9.96,7,6,Tuesday
748636,2,132.0,231.0,21.68,2017-04-07 06:38:28,2017-04-07 07:33:10,0.0,73.2,54,6,Friday
218648,1,229.0,114.0,2.9,2017-04-05 06:37:26,2017-04-05 06:49:44,0.0,13.57,12,6,Wednesday
691018,1,113.0,137.0,1.4,2017-04-05 06:50:26,2017-04-05 06:56:13,0.0,8.75,5,6,Wednesday
840091,2,170.0,161.0,0.42,2017-04-04 06:46:07,2017-04-04 06:48:36,0.0,4.3,2,6,Tuesday
885988,1,186.0,48.0,1.6,2017-04-06 06:17:39,2017-04-06 06:24:34,0.0,7.8,6,6,Thursday
199718,1,113.0,237.0,3.1,2017-04-04 06:53:53,2017-04-04 07:09:43,0.0,17.15,15,6,Tuesday
811226,2,33.0,230.0,5.86,2017-04-05 06:18:00,2017-04-05 06:37:04,0.0,22.8,19,6,Wednesday
292991,1,79.0,226.0,10.0,2017-04-07 06:53:01,2017-04-07 07:30:04,0.0,39.06,37,6,Friday
535585,2,230.0,138.0,10.78,2017-04-04 06:50:18,2017-04-04 07:20:56,0.0,43.94,30,6,Tuesday
308594,1,239.0,142.0,0.8,2017-04-05 06:32:05,2017-04-05 06:34:57,0.0,5.3,2,6,Wednesday
19004,2,230.0,138.0,10.37,2017-04-07 06:15:49,2017-04-07 06:41:02,0.0,43.87,25,6,Friday
707700,2,233.0,137.0,0.79,2017-04-04 06:26:28,2017-04-04 06:30:09,0.0,5.8,3,6,Tuesday
350479,2,236.0,141.0,1.19,2017-04-07 06:30:52,2017-04-07 06:36:26,0.0,8.5,5,6,Friday
600964,2,144.0,162.0,2.56,2017-04-05 06:40:50,2017-04-05 06:51:03,0.0,13.56,10,6,Wednesday
317884,1,265.0,265.0,10.7,2017-04-04 06:41:55,2017-04-04 06:42:19,0.0,176.75,0,6,Tuesday
580279,2,233.0,186.0,1.53,2017-04-03 06:57:04,2017-04-03 07:08:24,0.0,9.8,11,6,Monday
306014,2,186.0,231.0,2.46,2017-04-04 06:46:30,2017-04-04 06:54:22,0.0,12.3,7,6,Tuesday
286819,1,162.0,140.0,1.0,2017-04-06 06:47:31,2017-04-06 06:54:33,0.0,7.3,7,6,Thursday
205402,1,137.0,88.0,4.6,2017-04-06 06:40:12,2017-04-06 06:51:14,0.0,16.3,11,6,Thursday
375817,2,48.0,142.0,0.82,2017-04-04 06:06:05,2017-04-04 06:10:41,0.0,7.2,4,6,Tuesday
786203,2,263.0,138.0,8.23,2017-04-04 06:34:27,2017-04-04 07:20:40,0.0,49.87,46,6,Tuesday
626773,1,224.0,161.0,2.0,2017-04-04 06:36:12,2017-04-04 06:48:59,0.0,11.8,12,6,Tuesday
531938,2,264.0,264.0,4.64,2017-04-04 06:34:14,2017-04-04 06:55:13,0.0,22.56,20,6,Tuesday
240317,1,234.0,186.0,0.8,2017-04-05 06:34:09,2017-04-05 06:37:37,0.0,7.5,3,6,Wednesday
746966,2,162.0,65.0,6.23,2017-04-03 06:54:46,2017-04-03 07:09:30,0.0,19.8,14,6,Monday
564248,2,263.0,161.0,2.43,2017-04-04 06:33:18,2017-04-04 06:46:50,0.0,15.36,13,6,Tuesday
983263,1,100.0,163.0,1.0,2017-04-04 06:37:34,2017-04-04 06:44:14,0.0,8.75,6,6,Tuesday
939739,2,249.0,114.0,0.76,2017-04-03 06:55:24,2017-04-03 06:59:24,0.0,5.8,4,6,Monday
705137,2,79.0,141.0,2.72,2017-04-07 06:23:51,2017-04-07 06:30:35,0.0,10.88,6,6,Friday
420166,2,236.0,237.0,1.02,2017-04-06 06:41:15,2017-04-06 06:44:37,0.0,5.8,3,6,Thursday
742967,2,229.0,229.0,0.52,2017-04-05 06:37:31,2017-04-05 06:39:39,0.0,5.76,2,6,Wednesday
698228,2,246.0,231.0,3.25,2017-04-06 06:01:41,2017-04-06 06:15:07,0.0,17.16,13,6,Thursday
436704,2,238.0,234.0,4.33,2017-04-06 06:32:23,2017-04-06 06:47:16,0.0,18.96,14,6,Thursday
223909,2,238.0,142.0,1.31,2017-04-05 06:01:07,2017-04-05 06:04:27,0.0,7.5,3,6,Wednesday
426718,2,262.0,74.0,2.27,2017-04-04 06:42:00,2017-04-04 06:49:00,0.0,11.16,7,6,Tuesday
131363,1,186.0,246.0,0.7,2017-04-05 06:08:51,2017-04-05 06:12:28,0.0,7.3,3,6,Wednesday
308492,2,100.0,161.0,0.8,2017-04-07 06:27:29,2017-04-07 06:31:41,0.0,6.96,4,6,Friday
707407,2,141.0,140.0,0.57,2017-04-03 06:58:56,2017-04-03 07:00:25,0.0,5.38,1,6,Monday
393162,2,152.0,230.0,5.58,2017-04-04 06:49:11,2017-04-04 07:04:32,0.0,18.8,15,6,Tuesday
624550,1,162.0,144.0,3.0,2017-04-06 06:46:58,2017-04-06 06:59:15,0.0,14.75,12,6,Thursday
647750,2,238.0,113.0,4.56,2017-04-03 07:44:54,2017-04-03 08:05:26,0.0,21.96,20,7,Monday
3822,2,132.0,246.0,20.41,2017-04-04 07:29:32,2017-04-04 09:38:15,0.0,66.0,128,7,Tuesday
294194,1,237.0,162.0,0.4,2017-04-05 07:50:37,2017-04-05 07:53:14,0.0,5.75,2,7,Wednesday
166582,2,261.0,162.0,7.04,2017-04-04 07:34:24,2017-04-04 08:10:17,0.0,30.0,35,7,Tuesday
523853,1,186.0,45.0,2.6,2017-04-07 07:13:26,2017-04-07 07:29:48,0.0,12.8,16,7,Friday
606830,2,48.0,234.0,1.77,2017-04-07 07:03:22,2017-04-07 07:13:42,0.0,11.76,10,7,Friday
862926,2,170.0,186.0,1.05,2017-04-04 07:31:26,2017-04-04 07:37:20,0.0,8.16,5,7,Tuesday
545104,2,166.0,151.0,0.64,2017-04-06 07:34:13,2017-04-06 07:37:33,0.0,5.3,3,7,Thursday
436706,1,161.0,132.0,17.7,2017-04-04 07:31:43,2017-04-04 08:28:54,0.0,66.0,57,7,Tuesday
292472,2,68.0,161.0,2.3,2017-04-03 07:24:48,2017-04-03 07:40:30,0.0,14.3,15,7,Monday
578019,1,141.0,237.0,0.9,2017-04-03 07:41:09,2017-04-03 07:47:07,0.0,6.8,5,7,Monday
350030,2,107.0,164.0,0.69,2017-04-04 07:20:24,2017-04-04 07:25:01,0.0,5.8,4,7,Tuesday
681391,2,107.0,162.0,1.67,2017-04-07 07:17:26,2017-04-07 07:24:17,0.0,9.3,6,7,Friday
162220,2,151.0,239.0,1.0,2017-04-07 07:40:31,2017-04-07 07:46:31,0.0,6.8,6,7,Friday
594255,2,68.0,237.0,2.27,2017-04-03 07:21:59,2017-04-03 07:36:50,0.0,14.76,14,7,Monday
916610,1,138.0,237.0,10.1,2017-04-07 07:58:29,2017-04-07 08:47:13,0.0,46.56,48,7,Friday
266670,1,140.0,140.0,5.3,2017-04-07 07:54:44,2017-04-07 08:18:27,0.0,21.8,23,7,Friday
282087,1,43.0,24.0,1.0,2017-04-03 07:51:05,2017-04-03 07:57:45,0.0,8.76,6,7,Monday
336989,1,79.0,170.0,2.1,2017-04-03 07:45:34,2017-04-03 07:55:58,0.0,11.05,10,7,Monday
861493,2,239.0,229.0,2.47,2017-04-03 07:04:59,2017-04-03 07:14:10,0.0,10.3,9,7,Monday
383458,2,232.0,137.0,2.09,2017-04-07 07:59:34,2017-04-07 08:11:39,0.0,10.8,12,7,Friday
922021,2,226.0,79.0,5.11,2017-04-03 07:46:16,2017-04-03 08:12:23,0.0,21.3,26,7,Monday
131631,2,87.0,164.0,5.43,2017-04-05 07:21:02,2017-04-05 07:42:32,0.0,23.3,21,7,Wednesday
133476,1,262.0,74.0,2.5,2017-04-06 07:22:11,2017-04-06 07:31:29,0.0,12.42,9,7,Thursday
8204,1,43.0,238.0,1.1,2017-04-04 07:34:08,2017-04-04 07:39:14,0.0,8.5,5,7,Tuesday
308205,2,224.0,256.0,3.93,2017-04-04 07:07:58,2017-04-04 07:22:39,0.0,18.96,14,7,Tuesday
183784,1,4.0,114.0,1.1,2017-04-04 07:47:57,2017-04-04 07:56:13,0.0,7.8,8,7,Tuesday
1030217,1,229.0,100.0,1.5,2017-04-04 07:18:27,2017-04-04 07:27:50,0.0,11.0,9,7,Tuesday
776572,2,229.0,75.0,3.1,2017-04-05 07:21:02,2017-04-05 07:28:44,0.0,11.8,7,7,Wednesday
323719,1,48.0,48.0,0.9,2017-04-07 07:55:53,2017-04-07 08:04:01,0.0,10.1,8,7,Friday
622755,1,170.0,230.0,1.4,2017-04-06 07:09:49,2017-04-06 07:21:14,0.0,10.8,11,7,Thursday
1045521,2,249.0,163.0,2.47,2017-04-03 07:22:18,2017-04-03 07:33:34,0.0,12.8,11,7,Monday
68197,1,107.0,141.0,2.2,2017-04-05 07:26:33,2017-04-05 07:41:28,0.0,14.15,14,7,Wednesday
807320,1,90.0,230.0,1.8,2017-04-07 07:17:37,2017-04-07 07:25:18,0.0,11.4,7,7,Friday
847761,2,164.0,232.0,3.03,2017-04-05 07:12:09,2017-04-05 07:22:31,0.0,12.8,10,7,Wednesday
986822,1,237.0,236.0,0.7,2017-04-06 07:43:16,2017-04-06 07:47:25,0.0,5.8,4,7,Thursday
185982,2,33.0,162.0,6.57,2017-04-06 07:35:35,2017-04-06 07:57:35,0.0,21.3,22,7,Thursday
990568,2,226.0,7.0,1.03,2017-04-03 07:17:34,2017-04-03 07:22:14,0.0,6.3,4,7,Monday
970571,2,262.0,143.0,2.61,2017-04-06 07:27:18,2017-04-06 07:43:01,0.0,15.96,15,7,Thursday
33759,2,239.0,161.0,2.29,2017-04-04 07:38:20,2017-04-04 07:53:15,0.0,14.76,14,7,Tuesday
632176,1,113.0,170.0,1.7,2017-04-03 07:46:14,2017-04-03 07:54:46,0.0,10.55,8,7,Monday
153012,2,161.0,230.0,0.52,2017-04-05 07:42:53,2017-04-05 07:48:59,0.0,7.56,6,7,Wednesday
963786,2,256.0,162.0,5.35,2017-04-04 07:42:54,2017-04-04 08:12:25,0.0,27.96,29,7,Tuesday
46832,1,161.0,138.0,10.1,2017-04-06 07:07:19,2017-04-06 07:45:59,0.0,50.46,38,7,Thursday
94140,2,161.0,113.0,1.45,2017-04-07 07:35:47,2017-04-07 07:43:03,0.0,9.75,7,7,Friday
862565,1,161.0,229.0,1.2,2017-04-04 07:52:30,2017-04-04 08:05:42,0.0,11.33,13,7,Tuesday
903805,2,141.0,43.0,1.1,2017-04-06 07:38:58,2017-04-06 07:49:59,0.0,10.3,11,7,Thursday
284552,2,170.0,186.0,1.39,2017-04-03 07:49:08,2017-04-03 08:02:45,0.0,12.96,13,7,Monday
737746,2,163.0,142.0,1.12,2017-04-03 07:51:13,2017-04-03 07:57:56,0.0,8.76,6,7,Monday
734821,1,48.0,162.0,1.2,2017-04-06 07:54:51,2017-04-06 08:04:59,0.0,11.0,10,7,Thursday
620401,1,230.0,186.0,0.7,2017-04-04 07:44:25,2017-04-04 07:47:46,0.0,5.3,3,7,Tuesday
446024,1,88.0,4.0,3.4,2017-04-04 07:53:23,2017-04-04 08:07:57,0.0,13.8,14,7,Tuesday
1042181,2,239.0,249.0,5.64,2017-04-04 07:29:53,2017-04-04 07:49:40,0.0,23.16,19,7,Tuesday
586639,2,230.0,237.0,0.89,2017-04-07 07:55:51,2017-04-07 08:08:34,0.0,9.8,12,7,Friday
93995,1,246.0,211.0,2.9,2017-04-05 07:24:08,2017-04-05 07:41:04,0.0,18.5,16,7,Wednesday
8010,2,234.0,233.0,1.44,2017-04-07 07:48:41,2017-04-07 07:58:20,0.0,10.56,9,7,Friday
369742,2,100.0,162.0,1.02,2017-04-07 07:16:48,2017-04-07 07:24:41,0.0,7.8,7,7,Friday
85923,2,90.0,107.0,0.85,2017-04-03 07:56:54,2017-04-03 08:03:26,0.0,8.76,6,7,Monday
190216,1,264.0,264.0,1.9,2017-04-06 07:29:55,2017-04-06 07:42:32,0.0,12.45,12,7,Thursday
850354,1,87.0,186.0,3.2,2017-04-03 07:19:29,2017-04-03 07:35:24,0.0,17.16,15,7,Monday
278482,1,170.0,162.0,0.6,2017-04-03 07:09:37,2017-04-03 07:13:57,0.0,6.95,4,7,Monday
418054,1,151.0,151.0,2.3,2017-04-06 07:21:10,2017-04-06 07:33:29,0.0,11.3,12,7,Thursday
839205,2,141.0,43.0,1.76,2017-04-05 07:14:51,2017-04-05 07:24:08,0.0,9.3,9,7,Wednesday
258860,1,233.0,161.0,1.4,2017-04-04 07:02:28,2017-04-04 07:10:27,0.0,9.95,7,7,Tuesday
816028,1,161.0,164.0,0.6,2017-04-06 07:59:04,2017-04-06 08:01:56,0.5,5.8,2,7,Thursday
189221,1,162.0,164.0,0.8,2017-04-06 07:47:33,2017-04-06 07:56:05,0.0,9.35,8,7,Thursday
471789,1,163.0,230.0,0.7,2017-04-07 07:47:01,2017-04-07 07:50:37,0.0,5.94,3,7,Friday
253528,1,140.0,170.0,1.7,2017-04-03 07:22:09,2017-04-03 07:30:06,0.0,8.8,7,7,Monday
770335,1,132.0,265.0,21.7,2017-04-04 07:11:30,2017-04-04 08:36:56,0.0,107.56,85,7,Tuesday
401144,2,151.0,48.0,2.8,2017-04-03 07:48:33,2017-04-03 08:04:09,0.0,17.94,15,7,Monday
718171,2,239.0,236.0,1.32,2017-04-06 07:28:28,2017-04-06 07:34:51,0.0,7.8,6,7,Thursday
262941,1,231.0,48.0,3.3,2017-04-04 07:14:26,2017-04-04 07:29:19,0.5,17.15,14,7,Tuesday
833529,1,163.0,261.0,7.0,2017-04-07 07:44:25,2017-04-07 08:03:42,0.0,27.8,19,7,Friday
538707,2,48.0,100.0,1.33,2017-04-06 07:37:03,2017-04-06 07:45:37,0.0,10.79,8,7,Thursday
378456,1,143.0,239.0,0.6,2017-04-07 07:55:16,2017-04-07 07:58:57,0.0,5.3,3,7,Friday
259342,1,142.0,163.0,1.0,2017-04-05 07:43:08,2017-04-05 07:50:35,0.0,9.45,7,7,Wednesday
488582,2,229.0,141.0,0.92,2017-04-07 07:25:26,2017-04-07 07:33:17,0.0,7.3,7,7,Friday
303972,1,230.0,12.0,4.9,2017-04-06 07:14:42,2017-04-06 07:38:01,0.0,19.8,23,7,Thursday
103325,2,33.0,170.0,6.61,2017-04-04 07:54:54,2017-04-04 08:20:18,0.0,22.3,25,7,Tuesday
886084,1,246.0,161.0,1.5,2017-04-03 07:46:14,2017-04-03 07:55:09,0.0,9.95,8,7,Monday
781331,2,113.0,186.0,1.37,2017-04-05 07:03:09,2017-04-05 07:09:13,0.0,7.3,6,7,Wednesday
336709,2,161.0,43.0,0.41,2017-04-06 07:57:22,2017-04-06 08:00:42,0.0,4.8,3,7,Thursday
870004,2,141.0,43.0,1.19,2017-04-04 07:52:25,2017-04-04 08:03:44,0.0,11.3,11,7,Tuesday
1022581,2,107.0,233.0,0.84,2017-04-03 07:00:30,2017-04-03 07:04:15,0.0,6.96,3,7,Monday
290470,1,140.0,161.0,1.5,2017-04-03 07:29:02,2017-04-03 07:35:50,0.0,8.3,6,7,Monday
132047,2,142.0,239.0,1.33,2017-04-06 07:48:20,2017-04-06 07:56:23,0.0,8.3,8,7,Thursday
978950,2,48.0,162.0,0.98,2017-04-06 07:20:39,2017-04-06 07:28:09,0.0,8.18,7,7,Thursday
988256,1,186.0,230.0,1.1,2017-04-05 07:46:03,2017-04-05 07:54:44,0.0,9.35,8,7,Wednesday
251048,2,186.0,170.0,0.87,2017-04-07 07:19:38,2017-04-07 07:24:05,0.0,7.25,4,7,Friday
257444,2,186.0,234.0,0.81,2017-04-03 07:21:51,2017-04-03 07:24:18,0.0,6.5,2,7,Monday
901198,1,144.0,229.0,3.2,2017-04-03 07:45:14,2017-04-03 08:05:29,0.0,19.55,20,7,Monday
747576,2,79.0,137.0,1.51,2017-04-03 07:39:28,2017-04-03 07:46:12,0.0,7.8,6,7,Monday
342900,2,140.0,236.0,0.86,2017-04-05 07:32:47,2017-04-05 07:40:24,0.0,8.76,7,7,Wednesday
703815,2,186.0,186.0,0.44,2017-04-03 07:16:55,2017-04-03 07:19:55,0.0,4.8,3,7,Monday
450868,1,140.0,151.0,3.1,2017-04-04 07:08:35,2017-04-04 07:24:57,0.0,17.15,16,7,Tuesday
275924,2,48.0,142.0,1.22,2017-04-06 07:21:40,2017-04-06 07:26:48,0.0,6.8,5,7,Thursday
532682,2,140.0,162.0,1.78,2017-04-04 07:57:50,2017-04-04 08:10:24,0.0,13.5,12,7,Tuesday
211436,1,100.0,230.0,0.5,2017-04-07 07:09:42,2017-04-07 07:13:30,0.0,5.3,3,7,Friday
773455,2,246.0,137.0,2.53,2017-04-03 07:00:52,2017-04-03 07:17:38,0.0,14.3,16,7,Monday
304686,1,50.0,230.0,1.0,2017-04-06 07:21:38,2017-04-06 07:33:05,0.0,10.3,11,7,Thursday
625552,1,151.0,162.0,3.8,2017-04-07 07:42:46,2017-04-07 08:06:20,0.0,22.3,23,7,Friday
345658,2,164.0,186.0,0.54,2017-04-07 07:08:29,2017-04-07 07:11:52,0.0,6.0,3,7,Friday
251817,1,161.0,161.0,0.4,2017-04-05 07:47:31,2017-04-05 07:49:14,0.0,5.15,1,7,Wednesday
124677,2,100.0,230.0,0.8,2017-04-07 07:19:34,2017-04-07 07:26:04,0.0,8.5,6,7,Friday
826762,2,186.0,236.0,3.54,2017-04-06 07:36:09,2017-04-06 07:56:39,0.0,18.3,20,7,Thursday
592952,2,161.0,231.0,3.56,2017-04-06 07:27:33,2017-04-06 07:42:53,0.0,14.3,15,7,Thursday
1003872,2,114.0,161.0,2.72,2017-04-03 07:43:52,2017-04-03 07:54:05,0.0,14.04,10,7,Monday
936033,1,262.0,141.0,1.0,2017-04-04 07:19:10,2017-04-04 07:23:35,0.0,7.3,4,7,Tuesday
684421,1,262.0,162.0,2.9,2017-04-04 07:11:04,2017-04-04 07:20:42,0.0,12.3,9,7,Tuesday
385589,1,90.0,75.0,4.8,2017-04-07 07:10:38,2017-04-07 07:39:00,0.0,22.3,28,7,Friday
232902,2,143.0,13.0,5.14,2017-04-04 07:43:15,2017-04-04 08:01:28,0.0,21.96,18,7,Tuesday
531699,2,48.0,140.0,1.86,2017-04-04 07:30:44,2017-04-04 07:42:38,0.0,12.3,11,7,Tuesday
452762,1,229.0,200.0,12.3,2017-04-04 07:58:41,2017-04-04 08:30:49,0.0,49.69,32,7,Tuesday
366959,1,140.0,170.0,2.2,2017-04-05 07:38:30,2017-04-05 07:44:50,0.0,11.3,6,7,Wednesday
665219,2,239.0,239.0,0.34,2017-04-03 07:33:28,2017-04-03 07:34:32,0.0,4.56,1,7,Monday
553409,1,68.0,164.0,1.5,2017-04-04 07:50:28,2017-04-04 08:02:42,0.0,11.3,12,7,Tuesday
1022883,1,100.0,50.0,1.4,2017-04-06 07:46:08,2017-04-06 07:54:38,0.0,11.8,8,7,Thursday
314516,2,263.0,43.0,0.53,2017-04-06 07:59:34,2017-04-06 08:05:34,0.0,7.56,6,7,Thursday
726822,1,170.0,4.0,2.2,2017-04-04 07:47:00,2017-04-04 08:01:12,0.0,12.8,14,7,Tuesday
382653,2,230.0,138.0,10.9,2017-04-07 07:12:12,2017-04-07 07:42:53,0.0,48.67,30,7,Friday
564102,2,143.0,142.0,0.52,2017-04-04 07:23:34,2017-04-04 07:28:08,0.0,5.8,4,7,Tuesday
378543,2,231.0,13.0,0.47,2017-04-05 07:50:38,2017-04-05 07:58:22,0.0,8.16,7,7,Wednesday
929069,1,22.0,231.0,12.5,2017-04-04 07:00:21,2017-04-04 07:30:03,0.0,43.06,29,7,Tuesday
364114,2,233.0,140.0,1.53,2017-04-07 07:55:25,2017-04-07 08:04:01,0.0,8.3,8,7,Friday
104684,1,234.0,100.0,1.9,2017-04-04 07:16:15,2017-04-04 07:26:11,0.0,11.15,9,7,Tuesday
971290,2,231.0,125.0,0.84,2017-04-06 07:19:14,2017-04-06 07:25:16,0.0,8.16,6,7,Thursday
132741,1,143.0,87.0,6.2,2017-04-03 07:24:58,2017-04-03 07:48:59,0.0,24.0,24,7,Monday
305210,1,170.0,231.0,3.4,2017-04-07 07:12:36,2017-04-07 07:30:53,0.0,16.3,18,7,Friday
461559,1,140.0,162.0,2.3,2017-04-07 07:33:35,2017-04-07 07:43:52,0.0,10.8,10,7,Friday
149196,1,238.0,239.0,0.7,2017-04-04 07:54:18,2017-04-04 07:58:42,0.0,6.8,4,7,Tuesday
879223,1,238.0,142.0,0.8,2017-04-07 07:58:00,2017-04-07 08:02:52,0.0,6.3,4,7,Friday
627540,2,230.0,138.0,12.7,2017-04-04 07:03:09,2017-04-04 08:08:56,0.0,70.27,65,7,Tuesday
860425,2,186.0,162.0,1.99,2017-04-04 07:22:31,2017-04-04 07:36:18,0.0,11.3,13,7,Tuesday
316487,2,100.0,170.0,1.18,2017-04-03 07:47:23,2017-04-03 08:01:45,0.0,12.96,14,7,Monday
331906,2,230.0,138.0,0.01,2017-04-07 07:37:21,2017-04-07 08:17:16,0.0,27.36,39,7,Friday
750063,1,79.0,68.0,2.1,2017-04-07 07:33:39,2017-04-07 07:46:54,0.0,12.3,13,7,Friday
87037,1,239.0,230.0,2.0,2017-04-05 07:12:46,2017-04-05 07:22:01,0.0,11.15,9,7,Wednesday
947914,2,237.0,161.0,1.36,2017-04-04 07:42:21,2017-04-04 07:49:15,0.0,7.3,6,7,Tuesday
539397,2,100.0,170.0,0.98,2017-04-07 07:30:14,2017-04-07 07:35:57,0.0,6.8,5,7,Friday
126469,1,237.0,107.0,2.0,2017-04-04 07:55:17,2017-04-04 08:09:51,0.0,14.15,14,7,Tuesday
43739,2,229.0,141.0,1.16,2017-04-03 07:13:04,2017-04-03 07:19:21,0.0,6.8,6,7,Monday
416979,2,113.0,144.0,0.88,2017-04-05 07:36:40,2017-04-05 07:41:01,0.0,7.25,4,7,Wednesday
330087,2,236.0,161.0,2.37,2017-04-06 07:34:15,2017-04-06 07:51:13,0.0,17.25,16,7,Thursday
159790,1,143.0,236.0,1.7,2017-04-07 07:39:05,2017-04-07 07:49:45,0.0,10.8,10,7,Friday
779905,2,237.0,87.0,7.11,2017-04-06 07:59:35,2017-04-06 08:30:09,0.0,34.71,30,7,Thursday
1004742,1,113.0,79.0,0.5,2017-04-06 07:34:48,2017-04-06 07:37:31,0.0,4.8,2,7,Thursday
455837,2,179.0,145.0,2.85,2017-04-05 07:32:21,2017-04-05 07:44:54,0.0,15.38,12,7,Wednesday
53101,2,264.0,264.0,5.69,2017-04-05 07:07:59,2017-04-05 07:42:29,0.0,30.0,34,7,Wednesday
863350,2,186.0,162.0,1.58,2017-04-05 07:51:07,2017-04-05 08:02:47,0.0,11.76,11,7,Wednesday
699582,2,143.0,90.0,2.61,2017-04-06 07:29:44,2017-04-06 07:44:16,0.0,12.8,14,7,Thursday
656578,2,4.0,114.0,1.35,2017-04-05 07:30:55,2017-04-05 07:37:10,0.0,9.36,6,7,Wednesday
1033107,2,249.0,68.0,1.2,2017-04-05 07:07:45,2017-04-05 07:13:30,0.0,8.16,5,7,Wednesday
401854,2,79.0,137.0,1.35,2017-04-05 07:19:29,2017-04-05 07:23:12,0.0,8.19,3,7,Wednesday
1032863,2,236.0,43.0,0.92,2017-04-06 07:25:39,2017-04-06 07:29:41,0.0,7.56,4,7,Thursday
286770,2,41.0,163.0,3.41,2017-04-04 07:01:59,2017-04-04 07:17:50,0.0,16.3,15,7,Tuesday
847848,2,142.0,162.0,1.57,2017-04-05 07:50:50,2017-04-05 08:01:36,0.0,11.76,10,7,Wednesday
1035915,2,170.0,163.0,1.31,2017-04-03 07:28:47,2017-04-03 07:38:40,0.0,9.8,9,7,Monday
802203,1,48.0,230.0,0.6,2017-04-07 07:45:36,2017-04-07 07:51:44,0.0,6.3,6,7,Friday
653847,1,231.0,170.0,3.5,2017-04-03 07:21:59,2017-04-03 07:40:37,0.0,17.8,18,7,Monday
236638,2,236.0,140.0,1.37,2017-04-06 07:54:21,2017-04-06 08:06:28,0.0,12.36,12,7,Thursday
231969,2,41.0,50.0,5.81,2017-04-05 07:58:58,2017-04-05 08:19:06,0.0,23.3,20,7,Wednesday
826141,1,141.0,161.0,0.6,2017-04-03 07:25:23,2017-04-03 07:30:18,0.0,6.8,4,7,Monday
460181,2,100.0,137.0,1.6,2017-04-06 07:52:35,2017-04-06 08:04:33,0.0,10.3,11,7,Thursday
189157,1,107.0,140.0,2.9,2017-04-04 07:32:44,2017-04-04 07:53:45,0.0,19.1,21,7,Tuesday
980560,2,164.0,50.0,1.32,2017-04-05 07:17:30,2017-04-05 07:26:02,0.0,8.3,8,7,Wednesday
269130,1,264.0,264.0,12.9,2017-04-03 07:39:13,2017-04-03 08:36:50,0.0,52.56,57,7,Monday
925251,1,140.0,161.0,1.8,2017-04-06 07:02:27,2017-04-06 07:11:00,0.0,11.3,8,7,Thursday
1029379,1,137.0,170.0,0.6,2017-04-04 07:34:47,2017-04-04 07:36:07,0.0,21.8,1,7,Tuesday
601995,1,50.0,113.0,3.2,2017-04-06 07:38:01,2017-04-06 07:54:13,0.0,14.3,16,7,Thursday
66223,1,90.0,170.0,1.7,2017-04-03 07:15:23,2017-04-03 07:25:25,0.0,12.05,10,7,Monday
524567,1,137.0,107.0,0.5,2017-04-06 07:29:23,2017-04-06 07:33:28,0.0,6.35,4,7,Thursday
772172,1,137.0,125.0,2.2,2017-04-06 07:10:37,2017-04-06 07:21:30,0.0,10.8,10,7,Thursday
501952,2,141.0,137.0,2.93,2017-04-06 07:10:09,2017-04-06 07:19:58,0.0,13.8,9,7,Thursday
82491,1,50.0,50.0,0.4,2017-04-03 07:50:58,2017-04-03 07:54:09,0.0,6.6,3,7,Monday
189568,2,234.0,163.0,1.84,2017-04-06 07:58:39,2017-04-06 08:10:50,0.0,12.36,12,7,Thursday
116345,1,233.0,162.0,0.4,2017-04-03 07:52:19,2017-04-03 07:56:26,0.0,6.35,4,7,Monday
359501,2,79.0,230.0,2.61,2017-04-03 07:07:34,2017-04-03 07:18:27,0.0,13.56,10,7,Monday
105946,2,75.0,42.0,3.52,2017-04-07 07:37:23,2017-04-07 07:55:58,0.0,17.3,18,7,Friday
741787,2,41.0,238.0,1.36,2017-04-05 07:06:20,2017-04-05 07:11:48,0.0,8.76,5,7,Wednesday
911606,2,90.0,249.0,1.1,2017-04-03 07:18:55,2017-04-03 07:23:33,0.0,6.8,4,7,Monday
184463,1,140.0,262.0,1.5,2017-04-05 07:45:49,2017-04-05 07:52:22,0.0,9.8,6,7,Wednesday
983548,2,166.0,43.0,2.97,2017-04-04 07:39:38,2017-04-04 08:01:26,0.0,16.3,21,7,Tuesday
12665,2,140.0,236.0,1.32,2017-04-05 07:42:53,2017-04-05 07:50:19,0.0,9.36,7,7,Wednesday
560935,2,142.0,141.0,2.24,2017-04-04 07:52:23,2017-04-04 08:11:24,0.0,16.56,19,7,Tuesday
685834,2,262.0,161.0,3.09,2017-04-03 07:01:23,2017-04-03 07:16:00,0.0,16.56,14,7,Monday
92756,2,233.0,244.0,8.6,2017-04-05 07:55:49,2017-04-05 08:24:12,0.0,28.8,28,7,Wednesday
857776,2,170.0,65.0,4.07,2017-04-03 07:44:36,2017-04-03 08:04:46,0.0,17.8,20,7,Monday
640290,1,114.0,87.0,2.1,2017-04-07 07:56:17,2017-04-07 08:09:07,0.0,13.55,12,7,Friday
701144,2,236.0,233.0,2.7,2017-04-03 07:48:21,2017-04-03 08:15:30,0.0,23.5,27,7,Monday
879094,2,236.0,237.0,1.27,2017-04-06 07:57:29,2017-04-06 08:04:57,0.0,10.38,7,7,Thursday
670330,1,68.0,231.0,2.7,2017-04-04 07:39:10,2017-04-04 07:57:07,0.0,17.15,17,7,Tuesday
1033594,1,75.0,140.0,2.3,2017-04-06 07:30:13,2017-04-06 07:44:19,0.0,12.3,14,7,Thursday
312908,2,239.0,236.0,1.65,2017-04-07 07:28:06,2017-04-07 07:38:40,0.0,9.8,10,7,Friday
826648,2,238.0,161.0,3.17,2017-04-07 07:48:20,2017-04-07 08:21:54,0.0,25.07,33,7,Friday
56906,2,239.0,230.0,1.71,2017-04-05 07:59:56,2017-04-05 08:09:45,0.0,12.25,9,7,Wednesday
1036684,2,262.0,74.0,2.17,2017-04-03 07:56:27,2017-04-03 08:05:35,0.0,11.76,9,7,Monday
26263,2,50.0,48.0,0.48,2017-04-06 07:52:51,2017-04-06 07:54:22,0.0,4.3,1,7,Thursday
856982,2,236.0,75.0,0.83,2017-04-06 07:53:33,2017-04-06 08:00:14,0.0,7.3,6,7,Thursday
843787,2,164.0,68.0,1.0,2017-04-05 07:59:28,2017-04-05 08:05:41,0.0,6.8,6,7,Wednesday
1002171,2,233.0,164.0,1.04,2017-04-03 07:47:42,2017-04-03 07:55:51,0.0,9.36,8,7,Monday
407670,1,142.0,43.0,1.7,2017-04-06 07:52:16,2017-04-06 08:05:53,0.0,11.3,13,7,Thursday
1029746,1,4.0,209.0,2.8,2017-04-04 07:52:30,2017-04-04 08:02:05,0.0,11.3,9,7,Tuesday
848205,1,230.0,138.0,10.5,2017-04-04 07:44:29,2017-04-04 08:35:00,0.0,57.66,50,7,Tuesday
646398,1,137.0,164.0,0.7,2017-04-06 07:53:02,2017-04-06 07:56:54,0.0,6.8,3,7,Thursday
384125,2,141.0,236.0,1.21,2017-04-05 07:34:41,2017-04-05 07:40:51,0.0,7.3,6,7,Wednesday
919814,2,114.0,170.0,1.87,2017-04-04 07:43:43,2017-04-04 07:53:26,0.0,10.8,9,7,Tuesday
293619,1,50.0,100.0,0.5,2017-04-03 07:30:11,2017-04-03 07:34:35,0.0,7.8,4,7,Monday
196156,1,164.0,170.0,0.7,2017-04-07 07:24:17,2017-04-07 07:26:45,0.0,5.75,2,7,Friday
830880,2,79.0,140.0,2.94,2017-04-06 07:11:54,2017-04-06 07:24:47,0.0,13.3,12,7,Thursday
717014,2,170.0,163.0,1.49,2017-04-04 07:06:33,2017-04-04 07:15:52,0.0,11.0,9,7,Tuesday
366259,2,237.0,161.0,1.5,2017-04-03 07:39:00,2017-04-03 07:45:28,0.0,8.97,6,7,Monday
941835,1,164.0,249.0,1.6,2017-04-03 07:14:44,2017-04-03 07:21:00,0.0,9.35,6,7,Monday
498559,1,52.0,162.0,7.7,2017-04-06 07:11:06,2017-04-06 07:41:38,0.0,32.85,30,7,Thursday
140612,2,90.0,161.0,1.13,2017-04-06 07:07:02,2017-04-06 07:13:08,0.0,8.16,6,7,Thursday
930421,2,249.0,249.0,5.17,2017-04-07 07:30:52,2017-04-07 07:59:47,0.0,21.8,28,7,Friday
1042363,1,234.0,236.0,3.2,2017-04-07 07:37:20,2017-04-07 07:56:52,0.0,18.35,19,7,Friday
11985,2,234.0,236.0,3.09,2017-04-07 07:56:36,2017-04-07 08:15:55,0.0,15.3,19,7,Friday
471959,2,237.0,162.0,0.96,2017-04-04 07:39:32,2017-04-04 07:45:33,0.0,8.5,6,7,Tuesday
360781,1,163.0,137.0,2.5,2017-04-03 07:15:45,2017-04-03 07:29:07,0.0,15.95,13,7,Monday
126684,2,236.0,163.0,1.8,2017-04-06 07:52:25,2017-04-06 08:07:22,0.0,14.75,14,7,Thursday
1020392,2,236.0,141.0,1.3,2017-04-05 07:53:56,2017-04-05 07:59:40,0.0,8.76,5,7,Wednesday
153379,2,236.0,43.0,1.22,2017-04-06 07:46:35,2017-04-06 08:01:19,0.0,10.8,14,7,Thursday
837021,1,233.0,125.0,3.2,2017-04-06 07:51:22,2017-04-06 08:24:44,0.0,24.8,33,7,Thursday
469522,1,263.0,138.0,10.3,2017-04-03 07:01:09,2017-04-03 07:37:12,0.0,49.26,36,7,Monday
754662,2,141.0,87.0,5.99,2017-04-04 07:28:42,2017-04-04 07:42:46,0.0,22.3,14,7,Tuesday
408576,2,52.0,65.0,0.72,2017-04-06 07:52:35,2017-04-06 07:59:18,0.0,8.16,6,7,Thursday
1009464,2,230.0,142.0,0.6,2017-04-04 07:56:41,2017-04-04 07:59:30,0.0,5.76,2,7,Tuesday
910141,2,230.0,50.0,1.07,2017-04-06 07:39:47,2017-04-06 07:47:03,0.0,8.76,7,7,Thursday
497984,2,186.0,231.0,3.81,2017-04-06 07:27:10,2017-04-06 07:44:19,0.0,19.75,17,7,Thursday
940272,1,137.0,229.0,1.4,2017-04-04 07:54:42,2017-04-04 08:00:52,0.0,8.75,6,7,Tuesday
1033329,2,142.0,234.0,2.8,2017-04-03 07:08:47,2017-04-03 07:18:23,0.0,13.56,9,7,Monday
725923,1,163.0,141.0,1.5,2017-04-04 07:38:03,2017-04-04 07:51:29,0.0,10.8,13,7,Tuesday
166167,1,132.0,113.0,18.1,2017-04-07 07:02:06,2017-04-07 08:12:24,0.0,65.56,70,7,Friday
311995,2,90.0,144.0,2.15,2017-04-05 07:56:48,2017-04-05 08:09:58,0.0,13.56,13,7,Wednesday
641949,2,48.0,162.0,0.97,2017-04-06 07:17:53,2017-04-06 07:26:24,0.0,9.36,8,7,Thursday
269885,1,132.0,230.0,21.1,2017-04-05 07:05:05,2017-04-05 08:51:10,0.0,52.8,106,7,Wednesday
916653,2,236.0,140.0,1.43,2017-04-03 07:22:32,2017-04-03 07:30:27,0.0,10.38,7,7,Monday
123769,2,142.0,144.0,4.18,2017-04-05 07:15:14,2017-04-05 07:33:59,0.0,19.3,18,7,Wednesday
668117,2,142.0,262.0,2.83,2017-04-04 07:38:01,2017-04-04 08:02:30,0.0,20.76,24,7,Tuesday
95780,2,186.0,161.0,1.08,2017-04-04 07:46:42,2017-04-04 07:57:41,0.0,9.3,10,7,Tuesday
177953,1,137.0,107.0,0.9,2017-04-07 07:03:56,2017-04-07 07:07:26,0.0,6.8,3,7,Friday
951157,1,163.0,138.0,9.1,2017-04-04 07:44:02,2017-04-04 08:26:26,0.0,39.3,42,7,Tuesday
196054,2,262.0,164.0,3.4,2017-04-03 07:33:38,2017-04-03 07:48:23,0.0,13.3,14,7,Monday
897470,1,75.0,263.0,0.5,2017-04-04 07:43:41,2017-04-04 07:46:23,0.0,5.8,2,7,Tuesday
232526,1,162.0,137.0,0.8,2017-04-04 07:45:09,2017-04-04 07:49:30,0.0,5.8,4,7,Tuesday
484172,1,236.0,161.0,2.6,2017-04-05 07:37:47,2017-04-05 07:53:00,0.0,12.8,15,7,Wednesday
575773,1,238.0,239.0,1.1,2017-04-07 07:11:00,2017-04-07 07:15:20,0.0,6.3,4,7,Friday
370693,1,163.0,233.0,1.5,2017-04-05 07:41:22,2017-04-05 07:54:27,0.0,14.0,13,7,Wednesday
509054,1,100.0,230.0,0.5,2017-04-05 07:36:48,2017-04-05 07:39:07,0.0,4.8,2,7,Wednesday
379183,2,170.0,161.0,1.25,2017-04-06 07:28:02,2017-04-06 07:38:46,0.0,8.8,10,7,Thursday
22120,2,239.0,246.0,3.87,2017-04-04 07:49:32,2017-04-04 08:06:50,0.0,16.8,17,7,Tuesday
208281,1,107.0,164.0,1.1,2017-04-03 07:45:26,2017-04-03 07:49:42,0.0,6.3,4,7,Monday
1008410,1,163.0,163.0,0.5,2017-04-03 07:11:33,2017-04-03 07:12:59,0.0,4.3,1,7,Monday
455386,1,236.0,236.0,0.9,2017-04-07 07:32:00,2017-04-07 07:38:13,0.0,6.8,6,7,Friday
346847,2,132.0,161.0,17.73,2017-04-07 07:55:54,2017-04-07 09:00:32,0.0,70.27,64,7,Friday
926357,2,237.0,230.0,0.92,2017-04-07 07:29:48,2017-04-07 07:43:48,0.0,13.8,14,7,Friday
176792,2,170.0,230.0,1.28,2017-04-07 07:49:33,2017-04-07 07:56:21,0.0,9.36,6,7,Friday
848713,1,237.0,161.0,2.0,2017-04-06 07:33:45,2017-04-06 07:47:40,0.0,14.15,13,7,Thursday
815429,2,151.0,143.0,1.68,2017-04-07 07:08:30,2017-04-07 07:15:44,0.0,10.56,7,7,Friday
169889,2,113.0,230.0,2.05,2017-04-03 07:57:45,2017-04-03 08:08:47,0.0,12.36,11,7,Monday
567667,1,137.0,233.0,0.7,2017-04-06 07:07:10,2017-04-06 07:13:36,0.0,8.5,6,7,Thursday
247558,2,237.0,236.0,1.38,2017-04-06 07:19:54,2017-04-06 07:26:14,0.0,8.4,6,7,Thursday
976814,2,114.0,249.0,0.78,2017-04-04 07:48:25,2017-04-04 07:54:43,0.0,8.16,6,7,Tuesday
996171,1,170.0,230.0,1.1,2017-04-07 07:13:11,2017-04-07 07:18:19,0.0,8.15,5,7,Friday
818039,2,141.0,161.0,1.46,2017-04-05 07:18:48,2017-04-05 07:29:49,0.0,9.8,11,7,Wednesday
365430,1,262.0,140.0,1.4,2017-04-07 07:38:05,2017-04-07 07:48:51,0.0,11.76,10,7,Friday
700778,1,233.0,244.0,8.6,2017-04-06 07:52:34,2017-04-06 08:16:23,0.0,27.3,23,7,Thursday
230124,2,234.0,113.0,1.1,2017-04-04 07:03:40,2017-04-04 07:09:11,0.0,8.76,5,7,Tuesday
574940,1,90.0,170.0,1.4,2017-04-06 07:44:50,2017-04-06 07:55:39,0.0,10.8,10,7,Thursday
172903,2,141.0,262.0,1.34,2017-04-05 07:47:47,2017-04-05 07:56:53,0.0,9.3,9,7,Wednesday
993215,1,230.0,234.0,1.3,2017-04-04 07:33:05,2017-04-04 07:44:56,0.0,9.8,11,7,Tuesday
45540,2,138.0,198.0,14.38,2017-04-05 07:53:23,2017-04-05 08:35:25,0.0,43.8,42,7,Wednesday
170348,2,163.0,239.0,1.53,2017-04-03 07:34:24,2017-04-03 07:44:10,0.0,9.3,9,7,Monday
267744,2,186.0,107.0,1.24,2017-04-06 07:25:58,2017-04-06 07:34:03,0.0,10.14,8,7,Thursday
550418,2,141.0,238.0,2.34,2017-04-05 07:25:50,2017-04-05 07:37:15,0.0,12.8,11,7,Wednesday
42647,1,100.0,50.0,0.6,2017-04-05 07:47:21,2017-04-05 07:51:02,0.0,6.6,3,7,Wednesday
706578,2,236.0,162.0,1.52,2017-04-06 07:24:42,2017-04-06 07:31:32,0.0,7.8,6,7,Thursday
277536,2,141.0,237.0,0.95,2017-04-05 07:11:34,2017-04-05 07:21:33,0.0,8.8,9,7,Wednesday
738502,1,249.0,230.0,2.4,2017-04-03 07:20:38,2017-04-03 07:32:30,0.0,13.55,11,7,Monday
808250,1,229.0,237.0,1.5,2017-04-07 07:32:34,2017-04-07 07:43:45,0.0,9.3,11,7,Friday
672903,2,142.0,239.0,1.25,2017-04-04 07:07:00,2017-04-04 07:11:11,0.0,8.16,4,7,Tuesday
18634,1,233.0,68.0,2.4,2017-04-04 07:51:12,2017-04-04 08:11:58,0.0,17.75,20,7,Tuesday
832877,1,234.0,164.0,0.8,2017-04-04 07:15:41,2017-04-04 07:20:41,0.0,6.93,5,7,Tuesday
815580,2,164.0,137.0,0.77,2017-04-03 07:14:05,2017-04-03 07:20:14,0.0,6.8,6,7,Monday
420131,1,262.0,236.0,1.0,2017-04-04 07:00:53,2017-04-04 07:06:29,0.0,6.8,5,7,Tuesday
926448,1,140.0,230.0,2.2,2017-04-05 07:03:38,2017-04-05 07:15:11,0.0,10.8,11,7,Wednesday
1038921,1,24.0,236.0,1.3,2017-04-03 07:46:12,2017-04-03 07:57:47,0.0,12.25,11,7,Monday
929826,2,113.0,230.0,2.17,2017-04-05 07:09:11,2017-04-05 07:20:31,0.0,10.8,11,7,Wednesday
835510,1,236.0,263.0,0.4,2017-04-05 07:11:16,2017-04-05 07:13:29,0.0,5.15,2,7,Wednesday
464330,2,151.0,140.0,2.92,2017-04-07 07:15:30,2017-04-07 07:30:39,0.0,16.56,15,7,Friday
9950,1,107.0,233.0,1.5,2017-04-05 07:43:34,2017-04-05 07:50:17,0.0,8.8,6,7,Wednesday
251650,2,141.0,161.0,1.63,2017-04-06 07:36:24,2017-04-07 07:33:00,0.0,18.56,1436,7,Thursday
665499,1,74.0,75.0,1.0,2017-04-05 07:51:11,2017-04-05 07:58:07,0.0,7.3,6,7,Wednesday
108174,1,132.0,48.0,18.0,2017-04-03 07:15:43,2017-04-03 09:06:54,0.0,58.56,111,7,Monday
715579,2,236.0,107.0,3.04,2017-04-03 07:43:03,2017-04-03 07:57:01,0.0,15.36,13,7,Monday
979620,2,170.0,162.0,1.03,2017-04-07 07:32:48,2017-04-07 07:37:18,0.0,7.56,4,7,Friday
1038598,2,246.0,163.0,3.0,2017-04-03 07:42:23,2017-04-03 08:00:15,0.0,16.56,17,7,Monday
523279,2,158.0,107.0,1.53,2017-04-03 07:49:24,2017-04-03 08:00:13,0.0,11.76,10,7,Monday
393267,1,166.0,238.0,1.8,2017-04-04 07:07:45,2017-04-04 07:14:18,0.0,9.8,6,7,Tuesday
139587,1,236.0,161.0,2.5,2017-04-05 07:59:41,2017-04-05 08:19:58,0.0,17.6,20,7,Wednesday
705143,2,170.0,170.0,0.52,2017-04-03 07:55:35,2017-04-03 07:58:20,0.0,6.0,2,7,Monday
186871,2,230.0,138.0,9.83,2017-04-03 07:07:35,2017-04-03 07:38:53,0.0,38.06,31,7,Monday
203320,2,170.0,162.0,0.67,2017-04-05 07:07:48,2017-04-05 07:10:48,0.0,6.3,3,7,Wednesday
964445,1,186.0,234.0,1.0,2017-04-07 07:52:30,2017-04-07 08:00:33,0.0,9.75,8,7,Friday
854823,2,143.0,161.0,2.03,2017-04-06 07:51:55,2017-04-06 08:05:57,0.0,16.64,14,7,Thursday
274517,2,234.0,137.0,0.88,2017-04-06 07:39:04,2017-04-06 07:51:15,0.0,11.05,12,7,Thursday
924106,2,161.0,246.0,1.4,2017-04-06 07:25:40,2017-04-06 07:31:28,0.0,7.3,5,7,Thursday
53236,1,246.0,116.0,6.2,2017-04-03 07:02:25,2017-04-03 07:17:49,0.0,21.3,15,7,Monday
906716,2,48.0,50.0,0.5,2017-04-04 07:13:23,2017-04-04 07:15:39,0.0,4.8,2,7,Tuesday
690948,1,107.0,234.0,0.6,2017-04-04 07:58:24,2017-04-04 08:00:53,0.0,6.0,2,7,Tuesday
479466,1,261.0,249.0,1.4,2017-04-04 07:58:29,2017-04-04 08:07:49,0.0,8.8,9,7,Tuesday
433459,2,237.0,113.0,3.45,2017-04-04 07:50:02,2017-04-04 08:11:03,0.0,19.56,21,7,Tuesday
188474,1,79.0,161.0,2.7,2017-04-07 07:38:53,2017-04-07 07:57:05,0.0,16.8,18,7,Friday
609357,2,263.0,170.0,2.91,2017-04-06 07:10:54,2017-04-06 07:23:44,0.0,12.8,12,7,Thursday
889403,2,236.0,137.0,3.4,2017-04-04 07:37:23,2017-04-04 08:01:20,0.0,21.36,23,7,Tuesday
149200,2,68.0,186.0,0.84,2017-04-07 07:53:24,2017-04-07 07:59:41,0.0,6.8,6,7,Friday
172653,2,13.0,231.0,1.07,2017-04-06 07:26:11,2017-04-06 07:32:38,0.0,8.76,6,7,Thursday
631974,2,158.0,230.0,2.66,2017-04-07 07:05:03,2017-04-07 07:17:21,0.0,13.0,12,7,Friday
933604,1,141.0,75.0,2.5,2017-04-06 07:14:15,2017-04-06 07:25:55,0.0,11.3,11,7,Thursday
675927,1,262.0,161.0,2.3,2017-04-03 07:25:06,2017-04-03 07:32:38,0.0,11.27,7,7,Monday
941142,2,233.0,161.0,1.45,2017-04-06 07:06:22,2017-04-06 07:16:10,0.0,10.3,9,7,Thursday
990339,1,13.0,231.0,0.6,2017-04-06 07:53:20,2017-04-06 07:57:21,0.0,5.83,4,7,Thursday
507371,1,163.0,142.0,1.1,2017-04-03 07:23:59,2017-04-03 07:32:27,0.0,10.75,8,7,Monday
379545,1,113.0,68.0,2.3,2017-04-03 07:50:17,2017-04-03 08:05:52,0.0,13.44,15,7,Monday
241458,2,237.0,161.0,1.58,2017-04-04 07:03:31,2017-04-04 07:09:36,0.0,9.36,6,7,Tuesday
319962,2,100.0,161.0,1.29,2017-04-06 07:46:02,2017-04-06 07:57:36,0.0,11.16,11,7,Thursday
423827,2,141.0,164.0,1.82,2017-04-05 07:14:42,2017-04-05 07:25:48,0.0,12.36,11,7,Wednesday
223227,1,50.0,68.0,1.1,2017-04-03 07:38:14,2017-04-03 07:44:36,0.0,8.75,6,7,Monday
701872,2,65.0,209.0,2.43,2017-04-07 07:44:19,2017-04-07 07:56:01,0.0,11.3,11,7,Friday
744014,2,50.0,75.0,3.39,2017-04-07 07:46:18,2017-04-07 08:08:57,0.0,20.76,22,7,Friday
654241,1,65.0,231.0,2.3,2017-04-05 07:04:01,2017-04-05 07:15:45,0.0,12.3,11,7,Wednesday
770840,1,231.0,230.0,3.0,2017-04-03 07:05:22,2017-04-03 07:17:18,0.0,12.3,11,7,Monday
1034145,1,132.0,90.0,20.7,2017-04-04 07:10:19,2017-04-04 08:29:19,0.0,58.56,79,7,Tuesday
484963,2,164.0,170.0,0.55,2017-04-06 07:57:41,2017-04-06 08:00:00,0.0,6.0,2,7,Thursday
396847,1,143.0,237.0,1.8,2017-04-06 07:06:04,2017-04-06 07:14:57,0.0,11.15,8,7,Thursday
271313,2,79.0,140.0,3.83,2017-04-07 07:09:26,2017-04-07 07:30:12,0.0,21.36,20,7,Friday
653995,2,263.0,88.0,7.57,2017-04-06 07:53:33,2017-04-06 08:12:19,0.0,26.3,18,7,Thursday
790312,1,113.0,224.0,1.3,2017-04-06 07:01:55,2017-04-06 07:08:53,0.0,7.8,6,7,Thursday
814502,1,186.0,48.0,0.7,2017-04-05 07:19:50,2017-04-05 07:26:20,0.0,8.15,6,7,Wednesday
332970,2,170.0,158.0,2.23,2017-04-07 07:10:10,2017-04-07 07:20:05,0.0,12.36,9,7,Friday
73125,1,186.0,230.0,0.8,2017-04-07 07:06:22,2017-04-07 07:10:54,0.0,8.15,4,7,Friday
579005,1,163.0,236.0,1.3,2017-04-03 07:21:36,2017-04-03 07:30:36,0.0,8.8,9,7,Monday
611269,1,41.0,75.0,1.6,2017-04-07 07:21:48,2017-04-07 07:28:09,0.0,9.35,6,7,Friday
746214,2,186.0,162.0,1.62,2017-04-07 07:26:41,2017-04-07 07:39:30,0.0,10.3,12,7,Friday
901725,1,186.0,13.0,3.0,2017-04-04 07:56:59,2017-04-04 08:15:46,0.0,18.35,18,7,Tuesday
992443,1,143.0,75.0,3.1,2017-04-03 07:24:37,2017-04-03 07:44:46,0.0,20.5,20,7,Monday
904611,2,140.0,233.0,2.32,2017-04-03 07:58:37,2017-04-03 08:08:30,0.0,12.36,9,7,Monday
4530,2,151.0,238.0,0.78,2017-04-04 07:19:06,2017-04-04 07:25:47,0.0,7.8,6,7,Tuesday
542357,1,141.0,236.0,1.3,2017-04-03 07:23:52,2017-04-03 07:30:26,0.0,8.97,6,7,Monday
985450,1,143.0,140.0,2.3,2017-04-03 07:32:18,2017-04-03 07:45:56,0.0,12.43,13,7,Monday
109461,2,4.0,33.0,4.56,2017-04-07 07:10:53,2017-04-07 07:23:05,0.0,18.96,12,7,Friday
841158,1,161.0,230.0,0.4,2017-04-03 07:35:52,2017-04-03 07:38:12,0.0,5.8,2,7,Monday
386067,1,144.0,144.0,0.0,2017-04-05 07:40:21,2017-04-05 07:40:39,0.0,52.8,0,7,Wednesday
935463,2,236.0,236.0,0.61,2017-04-04 07:50:35,2017-04-04 07:54:41,0.0,5.8,4,7,Tuesday
16147,1,100.0,161.0,1.0,2017-04-06 07:12:58,2017-04-06 07:21:56,0.0,8.3,8,7,Thursday
61009,2,151.0,238.0,0.68,2017-04-04 07:17:59,2017-04-04 07:21:43,0.0,6.1,3,7,Tuesday
905045,1,262.0,140.0,1.2,2017-04-04 07:02:22,2017-04-04 07:06:15,0.0,8.15,3,7,Tuesday
187595,2,234.0,234.0,0.34,2017-04-06 07:42:54,2017-04-06 07:46:41,0.0,6.36,3,7,Thursday
100750,1,48.0,163.0,1.0,2017-04-07 07:01:36,2017-04-07 07:06:16,0.0,7.55,4,7,Friday
923721,2,170.0,107.0,0.8,2017-04-05 07:58:48,2017-04-05 08:02:12,0.0,6.3,3,7,Wednesday
176542,2,141.0,162.0,1.12,2017-04-03 07:52:56,2017-04-03 08:03:07,0.0,8.8,10,7,Monday
679209,1,4.0,87.0,2.8,2017-04-03 07:04:42,2017-04-03 07:12:53,0.0,11.3,8,7,Monday
298082,1,229.0,87.0,5.9,2017-04-06 07:28:09,2017-04-06 07:44:54,0.0,24.95,16,7,Thursday
179618,1,132.0,239.0,20.3,2017-04-06 07:52:47,2017-04-06 09:37:34,0.0,58.56,104,7,Thursday
1037512,1,100.0,90.0,1.1,2017-04-04 07:57:41,2017-04-04 08:03:18,0.0,8.15,5,7,Tuesday
247597,1,239.0,142.0,0.9,2017-04-07 07:55:27,2017-04-07 08:00:39,0.0,8.15,5,7,Friday
485237,2,137.0,234.0,0.99,2017-04-06 07:44:52,2017-04-06 07:51:36,0.0,7.3,6,7,Thursday
56256,1,141.0,137.0,1.6,2017-04-06 07:19:03,2017-04-06 07:25:20,0.0,9.35,6,7,Thursday
915459,2,75.0,238.0,1.14,2017-04-07 07:53:39,2017-04-07 08:04:38,0.0,9.3,10,7,Friday
678983,2,48.0,162.0,1.55,2017-04-06 07:19:37,2017-04-06 07:30:47,0.0,11.3,11,7,Thursday
75512,1,162.0,170.0,0.6,2017-04-03 07:52:23,2017-04-03 07:54:06,0.0,4.3,1,7,Monday
788028,2,4.0,162.0,3.62,2017-04-04 07:25:56,2017-04-04 07:42:35,0.0,19.56,16,7,Tuesday
941282,1,141.0,107.0,2.2,2017-04-07 07:07:48,2017-04-07 07:17:17,0.0,12.35,9,7,Friday
952265,2,138.0,161.0,12.29,2017-04-06 07:36:18,2017-04-06 08:27:54,0.0,58.87,51,7,Thursday
704032,1,263.0,140.0,1.1,2017-04-06 07:15:51,2017-04-06 07:24:13,0.0,7.8,8,7,Thursday
844345,2,263.0,141.0,0.87,2017-04-07 07:37:14,2017-04-07 07:41:34,0.0,7.25,4,7,Friday
903877,2,238.0,230.0,2.2,2017-04-06 07:09:28,2017-04-06 07:18:20,0.0,12.25,8,7,Thursday
837942,1,231.0,107.0,1.9,2017-04-07 07:48:17,2017-04-07 08:02:40,0.0,14.16,14,7,Friday
651871,2,142.0,143.0,1.19,2017-04-03 07:09:00,2017-04-03 07:17:43,0.0,8.8,8,7,Monday
341557,2,140.0,186.0,3.03,2017-04-05 07:37:14,2017-04-05 08:02:44,0.0,22.88,25,7,Wednesday
980302,2,230.0,132.0,17.61,2017-04-05 07:01:40,2017-04-05 07:44:45,0.0,70.27,43,7,Wednesday
957959,1,162.0,33.0,6.8,2017-04-04 07:25:58,2017-04-04 07:50:27,0.0,30.35,24,7,Tuesday
600755,2,146.0,223.0,2.62,2017-04-07 07:32:05,2017-04-07 07:45:45,0.0,12.8,13,7,Friday
346597,2,79.0,107.0,0.63,2017-04-06 07:55:42,2017-04-06 07:58:54,0.0,6.62,3,7,Thursday
109219,2,262.0,265.0,18.26,2017-04-04 07:29:56,2017-04-04 08:29:26,0.0,104.76,59,7,Tuesday
825796,1,162.0,137.0,1.4,2017-04-06 07:33:21,2017-04-06 07:41:19,0.0,9.3,7,7,Thursday
530591,1,264.0,264.0,4.0,2017-04-06 07:47:01,2017-04-06 08:04:25,0.0,16.3,17,7,Thursday
191110,2,161.0,161.0,0.65,2017-04-07 07:29:37,2017-04-07 07:33:39,0.0,6.3,4,7,Friday
763618,2,100.0,162.0,1.09,2017-04-05 07:29:19,2017-04-05 07:35:44,0.0,8.76,6,7,Wednesday
714272,2,212.0,18.0,4.07,2017-04-04 07:53:47,2017-04-04 08:10:48,0.0,16.8,17,7,Tuesday
755394,2,239.0,161.0,2.31,2017-04-07 07:17:15,2017-04-07 07:25:24,0.0,11.3,8,7,Friday
720212,2,90.0,68.0,0.73,2017-04-03 07:17:11,2017-04-03 07:21:48,0.0,5.8,4,7,Monday
693165,2,226.0,226.0,2.31,2017-04-03 07:28:04,2017-04-03 07:40:32,0.0,11.3,12,7,Monday
447185,1,229.0,141.0,0.7,2017-04-07 07:44:08,2017-04-07 07:51:20,0.0,8.15,7,7,Friday
557697,2,239.0,238.0,0.92,2017-04-06 07:50:57,2017-04-06 07:55:42,0.0,7.3,4,7,Thursday
202508,2,186.0,143.0,2.51,2017-04-07 07:25:29,2017-04-07 07:41:16,0.0,13.3,15,7,Friday
17463,1,33.0,230.0,6.2,2017-04-07 07:00:00,2017-04-07 07:26:40,0.0,27.95,26,7,Friday
294973,2,236.0,162.0,2.17,2017-04-05 07:19:15,2017-04-05 07:30:40,0.0,13.0,11,7,Wednesday
248953,2,161.0,161.0,0.76,2017-04-04 07:29:48,2017-04-04 07:34:12,0.0,6.96,4,7,Tuesday
258965,2,238.0,163.0,2.4,2017-04-04 07:16:38,2017-04-04 07:26:08,0.0,12.15,9,7,Tuesday
283279,2,239.0,161.0,2.62,2017-04-06 07:35:08,2017-04-06 07:52:43,0.0,17.16,17,7,Thursday
562294,1,163.0,138.0,10.5,2017-04-05 07:04:08,2017-04-05 07:30:06,0.0,47.46,25,7,Wednesday
347990,2,107.0,141.0,2.36,2017-04-04 07:55:51,2017-04-04 08:08:43,0.0,13.8,12,7,Tuesday
977913,2,229.0,162.0,0.62,2017-04-04 07:23:52,2017-04-04 07:29:00,0.0,6.96,5,7,Tuesday
900184,2,13.0,170.0,4.64,2017-04-05 07:20:14,2017-04-05 07:42:19,0.0,19.3,22,7,Wednesday
888432,1,237.0,162.0,0.6,2017-04-05 07:47:10,2017-04-05 07:50:10,0.0,6.35,3,7,Wednesday
1004143,1,237.0,238.0,1.8,2017-04-03 07:10:36,2017-04-03 07:20:11,0.0,11.75,9,7,Monday
49576,2,161.0,236.0,1.2,2017-04-07 07:49:57,2017-04-07 07:55:51,0.0,8.3,5,7,Friday
952420,2,237.0,263.0,1.21,2017-04-06 07:43:42,2017-04-06 07:49:42,0.0,8.16,6,7,Thursday
834762,1,170.0,236.0,2.7,2017-04-04 07:45:28,2017-04-04 08:09:34,0.0,20.15,24,7,Tuesday
979164,1,13.0,163.0,4.7,2017-04-06 07:31:18,2017-04-06 07:58:51,0.0,26.15,27,7,Thursday
637280,2,140.0,87.0,5.99,2017-04-05 07:38:16,2017-04-05 07:55:08,0.0,22.5,16,7,Wednesday
350315,1,163.0,100.0,1.3,2017-04-04 07:32:28,2017-04-04 07:38:50,0.0,9.35,6,7,Tuesday
408229,2,138.0,162.0,11.2,2017-04-03 07:49:53,2017-04-03 08:41:46,0.0,49.06,51,7,Monday
41138,2,107.0,162.0,1.98,2017-04-06 07:32:30,2017-04-06 07:49:41,0.0,15.36,17,7,Thursday
808711,2,142.0,140.0,1.5,2017-04-07 07:22:44,2017-04-07 07:32:24,0.0,9.3,9,7,Friday
675474,1,163.0,236.0,2.0,2017-04-03 07:40:13,2017-04-03 07:53:37,0.0,13.55,13,7,Monday
858196,1,186.0,138.0,10.4,2017-04-06 07:44:02,2017-04-06 08:21:47,0.0,41.56,37,7,Thursday
594801,2,137.0,90.0,1.03,2017-04-07 07:55:32,2017-04-07 08:03:41,0.0,8.8,8,7,Friday
868749,1,161.0,138.0,11.1,2017-04-06 07:38:22,2017-04-06 08:16:45,0.0,41.56,38,7,Thursday
931308,2,236.0,161.0,1.79,2017-04-07 07:24:54,2017-04-07 07:37:38,0.0,14.12,12,7,Friday
298685,1,233.0,161.0,5.3,2017-04-05 07:20:57,2017-04-05 07:52:39,0.0,29.1,31,7,Wednesday
201824,1,246.0,230.0,1.1,2017-04-04 07:49:54,2017-04-04 07:58:48,0.0,8.3,8,7,Tuesday
882912,2,141.0,239.0,1.43,2017-04-07 07:54:14,2017-04-07 08:12:11,0.0,12.8,17,7,Friday
896529,2,137.0,162.0,0.6,2017-04-05 07:14:41,2017-04-05 07:17:53,0.0,5.76,3,7,Wednesday
1047394,1,237.0,262.0,1.3,2017-04-07 07:55:02,2017-04-07 08:09:40,0.0,12.96,14,7,Friday
432505,1,48.0,143.0,1.1,2017-04-05 07:31:36,2017-04-05 07:38:33,0.0,8.3,6,7,Wednesday
807550,2,224.0,87.0,3.56,2017-04-06 07:08:46,2017-04-06 07:17:38,0.0,15.36,8,7,Thursday
593189,1,236.0,263.0,0.5,2017-04-05 07:38:56,2017-04-05 07:42:35,0.0,5.3,3,7,Wednesday
1014251,2,107.0,161.0,1.88,2017-04-05 07:22:12,2017-04-05 07:33:25,0.0,10.55,11,7,Wednesday
764019,1,229.0,236.0,2.9,2017-04-05 07:45:37,2017-04-05 08:09:28,0.0,21.6,23,7,Wednesday
140896,2,75.0,141.0,1.55,2017-04-03 07:26:30,2017-04-03 07:37:14,0.0,9.8,10,7,Monday
403035,2,261.0,138.0,16.05,2017-04-04 07:24:53,2017-04-04 08:18:02,0.0,66.07,53,7,Tuesday
138120,2,90.0,161.0,1.04,2017-04-05 07:35:24,2017-04-05 07:41:26,0.0,8.5,6,7,Wednesday
290639,1,90.0,158.0,0.6,2017-04-05 07:33:10,2017-04-05 07:37:32,0.0,5.8,4,7,Wednesday
174652,2,79.0,230.0,2.79,2017-04-05 07:37:52,2017-04-05 07:56:02,0.0,17.16,18,7,Wednesday
613656,1,138.0,162.0,10.5,2017-04-03 07:06:10,2017-04-03 07:41:00,0.0,45.67,34,7,Monday
311689,2,237.0,162.0,0.85,2017-04-05 07:12:59,2017-04-05 07:17:05,0.0,7.38,4,7,Wednesday
67694,1,234.0,137.0,1.6,2017-04-03 07:57:43,2017-04-03 08:15:38,0.0,13.3,17,7,Monday
182478,1,170.0,162.0,1.1,2017-04-05 07:47:50,2017-04-05 08:00:48,0.0,10.8,12,7,Wednesday
351396,1,141.0,74.0,3.0,2017-04-07 07:21:51,2017-04-07 07:34:40,0.0,12.3,12,7,Friday
574474,1,237.0,162.0,1.0,2017-04-04 07:46:32,2017-04-04 07:56:47,0.0,8.8,10,7,Tuesday
370551,2,164.0,162.0,1.44,2017-04-07 07:47:00,2017-04-07 07:57:38,0.0,11.16,10,7,Friday
796214,2,13.0,13.0,11.03,2017-04-05 07:36:13,2017-04-05 08:19:30,0.0,46.3,43,7,Wednesday
95811,2,107.0,186.0,0.81,2017-04-06 07:49:19,2017-04-06 07:57:39,0.0,9.36,8,7,Thursday
27726,2,231.0,143.0,4.58,2017-04-06 07:51:29,2017-04-06 08:17:08,0.0,22.8,25,7,Thursday
785069,1,234.0,137.0,0.9,2017-04-07 07:36:31,2017-04-07 07:43:22,0.0,8.5,6,7,Friday
57741,1,107.0,232.0,1.6,2017-04-04 07:39:59,2017-04-04 07:51:05,0.0,12.35,11,7,Tuesday
514196,1,237.0,161.0,1.0,2017-04-04 07:40:42,2017-04-04 07:45:42,0.0,7.56,5,7,Tuesday
393413,2,163.0,132.0,17.73,2017-04-04 07:52:31,2017-04-04 08:46:42,0.0,58.56,54,7,Tuesday
588552,1,263.0,132.0,18.1,2017-04-05 07:19:17,2017-04-05 07:50:26,0.0,58.56,31,7,Wednesday
77636,2,43.0,200.0,8.54,2017-04-06 07:29:28,2017-04-06 07:46:35,0.0,34.73,17,7,Thursday
556981,1,238.0,237.0,1.9,2017-04-03 07:21:43,2017-04-03 07:31:37,0.0,10.3,9,7,Monday
3621,1,100.0,230.0,0.9,2017-04-05 07:38:17,2017-04-05 07:43:13,0.0,7.8,4,7,Wednesday
260826,1,137.0,162.0,0.9,2017-04-03 07:30:51,2017-04-03 07:34:37,0.0,6.95,3,7,Monday
929753,1,238.0,162.0,3.6,2017-04-07 07:13:09,2017-04-07 07:37:59,0.0,22.8,24,7,Friday
216266,2,146.0,170.0,2.77,2017-04-03 07:37:15,2017-04-03 07:56:39,0.0,14.3,19,7,Monday
601429,1,233.0,230.0,1.1,2017-04-06 07:11:56,2017-04-06 07:21:12,0.0,9.3,9,7,Thursday
589041,1,132.0,237.0,17.8,2017-04-07 07:49:47,2017-04-07 09:14:09,0.0,57.8,84,7,Friday
518463,2,7.0,186.0,5.75,2017-04-06 07:54:51,2017-04-06 08:36:13,0.0,35.56,41,7,Thursday
392750,2,140.0,233.0,2.22,2017-04-06 07:24:25,2017-04-06 07:32:26,0.0,10.8,8,7,Thursday
321220,1,261.0,114.0,2.4,2017-04-06 07:58:32,2017-04-06 08:16:00,0.0,14.3,17,7,Thursday
956899,1,107.0,161.0,1.5,2017-04-06 07:55:07,2017-04-06 08:09:47,0.0,11.3,14,7,Thursday
644054,2,132.0,123.0,18.35,2017-04-07 07:56:38,2017-04-07 08:47:42,0.0,55.8,51,7,Friday
655380,2,107.0,170.0,1.17,2017-04-06 07:49:03,2017-04-06 07:56:48,0.0,8.8,7,7,Thursday
33512,1,142.0,236.0,2.0,2017-04-06 07:53:01,2017-04-06 08:08:16,0.0,14.16,15,7,Thursday
350681,1,231.0,161.0,3.8,2017-04-05 07:13:42,2017-04-05 07:36:41,0.0,21.35,22,7,Wednesday
516820,2,50.0,186.0,1.92,2017-04-03 07:58:44,2017-04-03 08:05:54,0.0,9.96,7,7,Monday
177379,1,161.0,230.0,0.6,2017-04-04 07:57:20,2017-04-04 07:59:50,0.0,5.75,2,7,Tuesday
507107,2,239.0,142.0,1.17,2017-04-06 07:08:41,2017-04-06 07:14:05,0.0,8.76,5,7,Thursday
635365,1,236.0,162.0,2.4,2017-04-03 07:30:46,2017-04-03 07:44:44,0.0,14.75,13,7,Monday
75053,2,48.0,162.0,1.22,2017-04-04 07:53:49,2017-04-04 08:02:27,0.0,9.96,8,7,Tuesday
949572,1,262.0,141.0,0.9,2017-04-05 07:59:34,2017-04-05 08:05:33,0.0,6.8,5,7,Wednesday
168419,1,87.0,234.0,2.7,2017-04-04 07:53:35,2017-04-04 08:12:55,0.0,14.3,19,7,Tuesday
674689,1,163.0,48.0,0.4,2017-04-05 07:25:40,2017-04-05 07:30:37,0.0,5.8,4,7,Wednesday
500763,1,239.0,151.0,2.3,2017-04-04 07:34:50,2017-04-04 07:49:31,0.0,15.35,14,7,Tuesday
265918,2,48.0,162.0,1.24,2017-04-04 07:38:56,2017-04-04 07:43:43,0.0,6.8,4,7,Tuesday
401162,1,137.0,162.0,1.8,2017-04-06 07:24:47,2017-04-06 07:34:59,0.0,9.8,10,7,Thursday
686676,2,238.0,170.0,3.11,2017-04-04 07:05:07,2017-04-04 07:20:37,0.0,16.56,15,7,Tuesday
27238,1,151.0,239.0,1.0,2017-04-07 07:24:07,2017-04-07 07:27:33,0.0,8.15,3,7,Friday
1023799,1,100.0,161.0,0.8,2017-04-04 07:14:57,2017-04-04 07:21:00,0.0,6.8,6,7,Tuesday
1017258,2,162.0,87.0,5.49,2017-04-07 07:02:06,2017-04-07 07:17:35,0.0,23.76,15,7,Friday
501868,2,179.0,113.0,5.71,2017-04-03 07:19:57,2017-04-03 07:58:29,0.0,26.3,38,7,Monday
294348,1,113.0,107.0,1.2,2017-04-07 07:50:34,2017-04-07 07:59:31,0.0,8.3,8,7,Friday
127053,2,263.0,262.0,0.8,2017-04-03 07:55:16,2017-04-03 08:00:42,0.0,7.8,5,7,Monday
678626,2,162.0,50.0,1.58,2017-04-06 07:48:11,2017-04-06 07:58:35,0.0,11.62,10,7,Thursday
235902,1,142.0,68.0,1.2,2017-04-06 07:00:05,2017-04-06 07:04:02,0.0,7.85,3,7,Thursday
115386,2,43.0,75.0,1.08,2017-04-03 07:22:25,2017-04-03 07:26:52,0.0,7.88,4,7,Monday
742796,1,100.0,230.0,0.7,2017-04-06 07:22:34,2017-04-06 07:28:52,0.0,8.15,6,7,Thursday
342016,1,237.0,236.0,0.7,2017-04-04 07:59:40,2017-04-04 08:04:15,0.0,6.95,4,7,Tuesday
591174,2,230.0,246.0,1.86,2017-04-03 07:52:58,2017-04-03 08:06:20,0.0,11.3,13,7,Monday
619066,2,48.0,233.0,1.72,2017-04-06 07:48:59,2017-04-06 08:02:38,0.0,10.8,13,7,Thursday
275713,1,114.0,230.0,2.3,2017-04-05 07:36:32,2017-04-05 07:47:30,0.0,10.8,10,7,Wednesday
1012872,1,238.0,234.0,3.9,2017-04-03 07:04:30,2017-04-03 07:16:31,0.0,18.55,12,7,Monday
742013,2,164.0,234.0,1.03,2017-04-03 07:11:45,2017-04-03 07:16:18,0.0,7.56,4,7,Monday
773976,1,186.0,137.0,1.4,2017-04-06 07:04:38,2017-04-06 07:18:32,0.0,13.55,13,7,Thursday
372504,2,140.0,230.0,2.51,2017-04-04 07:26:22,2017-04-04 07:43:20,0.0,17.25,16,7,Tuesday
153760,1,186.0,164.0,0.7,2017-04-04 07:23:19,2017-04-04 07:28:31,0.0,7.55,5,7,Tuesday
604550,2,74.0,233.0,4.86,2017-04-07 07:21:54,2017-04-07 07:40:11,0.0,17.8,18,7,Friday
696897,1,261.0,163.0,5.2,2017-04-03 07:02:38,2017-04-03 07:20:13,0.0,22.55,17,7,Monday
1007066,2,170.0,164.0,0.64,2017-04-04 07:13:25,2017-04-04 07:18:24,0.0,7.56,4,7,Tuesday
161087,2,88.0,11.0,11.75,2017-04-04 07:47:58,2017-04-04 08:15:49,0.0,45.06,27,7,Tuesday
138331,1,152.0,161.0,4.6,2017-04-06 07:55:06,2017-04-06 08:22:03,0.0,21.3,26,7,Thursday
927901,2,170.0,88.0,3.65,2017-04-03 07:20:38,2017-04-03 07:36:45,0.0,14.8,16,7,Monday
997680,2,74.0,42.0,1.26,2017-04-05 07:31:08,2017-04-05 07:39:57,0.0,7.8,8,7,Wednesday
717852,2,129.0,260.0,1.41,2017-04-06 07:07:11,2017-04-06 07:13:02,0.0,7.3,5,7,Thursday
380296,1,79.0,137.0,1.0,2017-04-03 07:58:48,2017-04-03 08:03:54,0.0,7.55,5,7,Monday
542016,2,166.0,166.0,0.4,2017-04-04 07:07:14,2017-04-04 07:08:46,0.0,4.3,1,7,Tuesday
934594,1,186.0,230.0,1.3,2017-04-07 07:22:04,2017-04-07 07:28:26,0.0,7.8,6,7,Friday
72238,2,50.0,143.0,1.33,2017-04-06 07:23:04,2017-04-06 07:31:05,0.0,9.96,8,7,Thursday
866774,2,142.0,161.0,2.17,2017-04-04 07:17:30,2017-04-04 07:27:01,0.0,10.8,9,7,Tuesday
274092,2,141.0,140.0,1.11,2017-04-04 07:10:27,2017-04-04 07:15:20,0.0,8.16,4,7,Tuesday
765123,1,162.0,137.0,1.4,2017-04-04 07:56:06,2017-04-04 08:08:12,0.0,11.75,12,7,Tuesday
597064,1,113.0,161.0,2.5,2017-04-03 07:23:51,2017-04-03 07:36:38,0.0,12.74,12,7,Monday
879545,2,43.0,211.0,5.62,2017-04-03 07:59:44,2017-04-03 08:30:17,0.0,27.96,30,7,Monday
57082,1,68.0,234.0,1.4,2017-04-05 07:47:44,2017-04-05 08:01:00,0.0,12.95,13,7,Wednesday
392316,2,13.0,231.0,0.94,2017-04-07 07:47:30,2017-04-07 07:54:47,0.0,7.3,7,7,Friday
627904,1,231.0,239.0,5.6,2017-04-07 07:35:54,2017-04-07 08:04:52,0.0,29.16,28,7,Friday
567813,2,90.0,246.0,1.4,2017-04-05 07:46:13,2017-04-05 07:53:09,0.0,7.8,6,7,Wednesday
1009455,1,236.0,161.0,1.7,2017-04-05 07:30:11,2017-04-05 07:39:32,0.0,9.8,9,7,Wednesday
881065,1,107.0,249.0,1.0,2017-04-03 07:51:35,2017-04-03 07:58:23,0.0,8.61,6,7,Monday
452474,2,233.0,164.0,0.9,2017-04-05 07:35:15,2017-04-05 07:40:40,0.0,7.56,5,7,Wednesday
676142,2,239.0,230.0,2.01,2017-04-05 07:36:18,2017-04-05 07:46:08,0.0,11.76,9,7,Wednesday
763086,2,236.0,161.0,1.64,2017-04-04 07:56:36,2017-04-04 08:09:56,0.0,11.8,13,7,Tuesday
406411,1,142.0,236.0,2.1,2017-04-03 07:07:32,2017-04-03 07:14:43,0.0,11.15,7,7,Monday
71665,2,161.0,162.0,0.53,2017-04-06 07:43:54,2017-04-06 07:47:36,0.0,6.36,3,7,Thursday
209458,2,164.0,234.0,0.42,2017-04-04 07:53:51,2017-04-04 07:56:31,0.0,4.8,2,7,Tuesday
28018,1,148.0,107.0,0.7,2017-04-06 07:16:39,2017-04-06 07:20:11,0.0,6.95,3,7,Thursday
54186,1,13.0,230.0,5.3,2017-04-04 07:50:19,2017-04-04 08:23:52,0.0,32.25,33,7,Tuesday
573638,1,161.0,231.0,4.0,2017-04-07 07:41:03,2017-04-07 08:06:47,0.0,22.55,25,7,Friday
58908,2,239.0,161.0,2.44,2017-04-05 07:55:11,2017-04-05 08:13:47,0.0,17.88,18,7,Wednesday
765526,2,90.0,79.0,1.46,2017-04-03 07:02:34,2017-04-03 07:11:18,0.0,10.56,8,7,Monday
621925,2,186.0,87.0,4.21,2017-04-03 07:43:44,2017-04-03 08:11:58,0.0,25.56,28,7,Monday
882416,2,238.0,246.0,4.42,2017-04-03 07:42:38,2017-04-03 07:58:06,0.0,19.3,15,7,Monday
21609,2,236.0,170.0,2.16,2017-04-04 07:14:10,2017-04-04 07:28:41,0.0,12.3,14,7,Tuesday
21325,1,164.0,138.0,8.7,2017-04-06 07:22:26,2017-04-06 07:49:00,0.0,41.46,26,7,Thursday
333626,1,162.0,236.0,1.8,2017-04-05 07:25:44,2017-04-05 07:35:09,0.0,11.75,9,7,Wednesday
952041,2,236.0,236.0,0.38,2017-04-03 07:10:50,2017-04-03 07:13:34,0.0,5.76,2,7,Monday
663906,1,164.0,90.0,1.3,2017-04-06 07:31:48,2017-04-06 07:39:57,0.0,10.75,8,7,Thursday
763480,2,224.0,107.0,1.31,2017-04-03 07:05:56,2017-04-03 07:12:07,0.0,7.8,6,7,Monday
100616,2,236.0,237.0,0.78,2017-04-04 07:40:23,2017-04-04 07:45:45,0.0,8.19,5,7,Tuesday
1008737,2,48.0,163.0,0.64,2017-04-06 07:05:17,2017-04-06 07:10:21,0.0,6.3,5,7,Thursday
49079,1,141.0,162.0,1.2,2017-04-03 07:58:29,2017-04-03 08:09:56,0.0,11.75,11,7,Monday
858913,2,164.0,107.0,0.73,2017-04-05 07:34:22,2017-04-05 07:38:54,0.0,6.96,4,7,Wednesday
764610,2,113.0,234.0,1.25,2017-04-04 07:47:34,2017-04-04 07:55:59,0.0,9.96,8,7,Tuesday
934219,2,239.0,132.0,20.19,2017-04-06 07:16:13,2017-04-06 08:03:58,0.0,70.27,47,7,Thursday
692459,2,100.0,230.0,0.5,2017-04-03 07:28:38,2017-04-03 07:34:19,0.0,7.56,5,7,Monday
715811,1,238.0,236.0,2.1,2017-04-06 07:33:56,2017-04-06 07:46:57,0.0,13.8,13,7,Thursday
14470,1,262.0,13.0,8.1,2017-04-03 07:58:21,2017-04-03 08:28:53,0.0,33.95,30,7,Monday
266114,1,238.0,140.0,2.0,2017-04-06 07:09:56,2017-04-06 07:19:36,0.0,11.75,9,7,Thursday
110484,2,90.0,249.0,1.27,2017-04-04 08:35:05,2017-04-04 08:42:46,0.0,9.36,7,8,Tuesday
216791,2,162.0,138.0,10.11,2017-04-06 08:35:49,2017-04-06 09:05:17,0.0,45.67,29,8,Thursday
910965,2,48.0,90.0,1.27,2017-04-04 08:23:34,2017-04-04 08:36:22,0.0,10.3,12,8,Tuesday
672394,1,138.0,45.0,11.6,2017-04-03 08:22:23,2017-04-03 09:10:04,0.0,47.15,47,8,Monday
556341,2,13.0,231.0,0.96,2017-04-07 08:17:07,2017-04-07 08:25:56,0.0,8.58,8,8,Friday
844427,1,236.0,142.0,1.8,2017-04-04 08:12:47,2017-04-04 08:33:23,0.0,15.73,20,8,Tuesday
258670,2,140.0,233.0,2.13,2017-04-05 08:04:16,2017-04-05 08:13:21,0.0,12.88,9,8,Wednesday
29355,1,107.0,234.0,1.1,2017-04-05 08:25:38,2017-04-05 08:36:58,0.0,11.15,11,8,Wednesday
141715,1,52.0,181.0,1.1,2017-04-06 08:42:23,2017-04-06 08:51:37,0.0,9.35,9,8,Thursday
430602,2,237.0,162.0,1.26,2017-04-03 08:15:57,2017-04-03 08:25:43,0.0,10.56,9,8,Monday
303956,1,90.0,170.0,1.3,2017-04-07 08:17:39,2017-04-07 08:24:31,0.0,7.8,6,8,Friday
908018,2,229.0,170.0,0.95,2017-04-06 08:45:09,2017-04-06 08:55:42,0.0,10.56,10,8,Thursday
242068,2,132.0,162.0,17.7,2017-04-05 08:45:36,2017-04-05 09:42:12,0.0,73.2,56,8,Wednesday
465177,1,42.0,152.0,1.5,2017-04-04 08:04:46,2017-04-04 08:12:02,0.0,7.8,7,8,Tuesday
417684,2,151.0,230.0,2.93,2017-04-06 08:52:44,2017-04-06 09:13:25,0.0,18.17,20,8,Thursday
622639,1,161.0,230.0,0.5,2017-04-05 08:03:46,2017-04-05 08:10:34,0.0,6.8,6,8,Wednesday
458059,1,263.0,229.0,1.5,2017-04-07 08:20:10,2017-04-07 08:30:34,0.0,10.23,10,8,Friday
52041,1,236.0,236.0,0.4,2017-04-04 08:04:40,2017-04-04 08:08:16,0.0,5.3,3,8,Tuesday
261789,2,239.0,142.0,0.94,2017-04-07 08:11:21,2017-04-07 08:20:27,0.0,9.96,9,8,Friday
1009812,1,229.0,137.0,1.3,2017-04-05 08:08:30,2017-04-05 08:21:43,0.0,10.3,13,8,Wednesday
208469,2,170.0,263.0,2.64,2017-04-03 08:04:14,2017-04-03 08:14:53,0.0,12.8,10,8,Monday
116851,2,162.0,161.0,0.82,2017-04-05 08:44:34,2017-04-05 09:00:03,0.0,14.04,15,8,Wednesday
465900,1,143.0,237.0,1.5,2017-04-03 08:26:38,2017-04-03 08:35:44,0.0,10.12,9,8,Monday
325628,1,141.0,142.0,1.8,2017-04-07 08:24:50,2017-04-07 08:39:00,0.0,13.55,14,8,Friday
387725,1,158.0,13.0,1.5,2017-04-03 08:24:28,2017-04-03 08:33:33,0.0,10.55,9,8,Monday
67966,1,158.0,13.0,1.5,2017-04-04 08:24:22,2017-04-04 08:33:15,0.0,11.15,8,8,Tuesday
258117,2,238.0,151.0,1.09,2017-04-04 08:32:44,2017-04-04 08:38:20,0.0,6.8,5,8,Tuesday
992150,1,238.0,161.0,4.1,2017-04-07 08:01:11,2017-04-07 08:29:37,0.0,23.0,28,8,Friday
235679,1,236.0,162.0,2.1,2017-04-04 08:07:45,2017-04-04 08:28:59,0.0,18.35,21,8,Tuesday
89423,1,238.0,238.0,2.1,2017-04-05 08:30:57,2017-04-05 08:42:59,0.0,12.95,12,8,Wednesday
44382,2,170.0,13.0,5.66,2017-04-04 08:46:53,2017-04-04 09:05:20,0.0,24.36,18,8,Tuesday
708390,2,239.0,243.0,7.24,2017-04-03 08:32:49,2017-04-03 08:45:37,0.0,26.16,12,8,Monday
100795,1,236.0,238.0,1.2,2017-04-06 08:05:07,2017-04-06 08:12:32,0.0,8.58,7,8,Thursday
910892,2,148.0,249.0,1.27,2017-04-06 08:47:14,2017-04-06 08:57:38,0.0,10.8,10,8,Thursday
389202,1,125.0,33.0,3.2,2017-04-07 08:57:30,2017-04-07 09:19:56,0.0,21.8,22,8,Friday
879035,2,238.0,100.0,3.47,2017-04-03 08:22:35,2017-04-03 08:44:30,0.0,20.76,21,8,Monday
2178,2,238.0,230.0,2.12,2017-04-04 08:21:02,2017-04-04 08:38:47,0.0,15.87,17,8,Tuesday
93959,1,230.0,164.0,0.4,2017-04-04 08:20:15,2017-04-04 08:24:19,0.0,6.35,4,8,Tuesday
45702,2,113.0,114.0,4.02,2017-04-06 08:26:52,2017-04-06 08:56:30,0.0,27.95,29,8,Thursday
579163,1,211.0,114.0,0.6,2017-04-04 08:05:03,2017-04-04 08:08:36,0.0,6.35,3,8,Tuesday
719282,1,186.0,234.0,1.1,2017-04-07 08:44:06,2017-04-07 08:52:23,0.0,9.35,8,8,Friday
422092,1,264.0,264.0,2.9,2017-04-05 08:35:22,2017-04-05 08:45:44,0.0,12.8,10,8,Wednesday
532212,2,261.0,231.0,0.5,2017-04-07 08:25:34,2017-04-07 08:29:30,0.0,5.3,3,8,Friday
534111,1,151.0,151.0,0.3,2017-04-07 08:56:24,2017-04-07 09:00:38,0.0,5.3,4,8,Friday
308656,2,164.0,161.0,1.33,2017-04-03 08:39:19,2017-04-03 08:55:00,0.0,14.12,15,8,Monday
696074,1,261.0,181.0,5.1,2017-04-03 08:35:12,2017-04-03 08:55:27,0.0,31.91,20,8,Monday
971856,1,186.0,125.0,1.9,2017-04-03 08:01:40,2017-04-03 08:10:50,0.0,9.3,9,8,Monday
420599,2,162.0,13.0,7.95,2017-04-07 08:21:12,2017-04-07 08:49:36,0.0,33.96,28,8,Friday
149866,2,237.0,265.0,5.87,2017-04-04 08:03:45,2017-04-04 08:33:44,0.0,54.8,29,8,Tuesday
277919,1,162.0,161.0,0.6,2017-04-05 08:35:21,2017-04-05 08:40:08,0.0,8.8,4,8,Wednesday
970236,2,125.0,164.0,2.11,2017-04-04 08:34:57,2017-04-04 08:46:31,0.0,10.8,11,8,Tuesday
898265,2,87.0,162.0,5.17,2017-04-04 08:48:54,2017-04-04 09:10:55,0.0,26.39,22,8,Tuesday
452304,1,264.0,264.0,1.0,2017-04-07 08:17:34,2017-04-07 08:24:52,0.0,9.3,7,8,Friday
664477,1,230.0,143.0,1.3,2017-04-05 08:03:03,2017-04-05 08:10:27,0.0,7.8,7,8,Wednesday
345759,2,161.0,237.0,0.99,2017-04-04 08:37:28,2017-04-04 08:45:44,0.0,8.74,8,8,Tuesday
470456,1,164.0,211.0,2.0,2017-04-07 08:38:00,2017-04-07 08:51:33,0.0,11.3,13,8,Friday
980820,2,140.0,233.0,1.85,2017-04-04 08:59:24,2017-04-04 09:22:21,0.0,16.8,22,8,Tuesday
454320,2,170.0,234.0,0.79,2017-04-05 08:48:46,2017-04-05 08:53:01,0.0,6.96,4,8,Wednesday
624133,2,237.0,161.0,1.23,2017-04-04 08:29:48,2017-04-04 08:42:42,0.0,11.76,12,8,Tuesday
220794,2,262.0,74.0,1.44,2017-04-05 08:11:42,2017-04-05 08:16:26,0.0,6.8,4,8,Wednesday
633152,1,236.0,140.0,1.8,2017-04-05 08:32:12,2017-04-05 08:53:03,0.0,17.15,20,8,Wednesday
101421,2,249.0,48.0,1.5,2017-04-05 08:20:00,2017-04-05 08:27:35,0.0,9.96,7,8,Wednesday
344338,2,262.0,13.0,8.21,2017-04-06 08:22:30,2017-04-06 08:55:01,0.0,34.56,32,8,Thursday
425995,1,170.0,234.0,1.0,2017-04-05 08:16:00,2017-04-05 08:24:20,0.0,9.75,8,8,Wednesday
404136,1,163.0,230.0,0.6,2017-04-03 08:03:30,2017-04-03 08:06:21,0.0,6.35,2,8,Monday
850100,1,233.0,100.0,1.5,2017-04-05 08:16:30,2017-04-05 08:36:19,0.0,15.95,19,8,Wednesday
907462,2,233.0,234.0,1.57,2017-04-03 08:57:22,2017-04-03 09:07:59,0.0,11.16,10,8,Monday
325195,1,138.0,162.0,10.7,2017-04-06 08:42:43,2017-04-06 09:46:14,0.0,53.75,63,8,Thursday
1022310,1,262.0,263.0,0.3,2017-04-06 08:54:01,2017-04-06 08:55:20,0.0,4.55,1,8,Thursday
4274,1,161.0,161.0,0.3,2017-04-04 08:59:35,2017-04-04 09:08:37,0.0,7.8,9,8,Tuesday
131043,1,186.0,50.0,1.1,2017-04-04 08:12:47,2017-04-04 08:18:32,0.0,8.15,5,8,Tuesday
575829,1,162.0,50.0,1.2,2017-04-06 08:31:33,2017-04-06 08:41:18,0.0,9.39,9,8,Thursday
773719,2,170.0,231.0,4.56,2017-04-06 08:19:35,2017-04-06 08:45:33,0.0,27.25,25,8,Thursday
826297,1,90.0,125.0,1.1,2017-04-05 08:32:03,2017-04-05 08:39:53,0.0,9.35,7,8,Wednesday
452421,2,141.0,163.0,1.18,2017-04-05 08:25:11,2017-04-05 08:35:44,0.0,8.3,10,8,Wednesday
420111,1,137.0,125.0,2.3,2017-04-06 08:06:37,2017-04-06 08:34:10,0.0,22.3,27,8,Thursday
565388,1,161.0,161.0,0.7,2017-04-07 08:58:22,2017-04-07 09:06:12,0.0,9.1,7,8,Friday
694881,2,132.0,170.0,17.59,2017-04-07 08:58:22,2017-04-07 09:30:14,0.0,70.27,31,8,Friday
1031165,2,48.0,50.0,1.0,2017-04-04 08:14:53,2017-04-04 08:20:37,0.0,6.8,5,8,Tuesday
250448,1,140.0,262.0,0.3,2017-04-06 08:48:39,2017-04-06 08:52:18,0.0,5.3,3,8,Thursday
300948,1,263.0,163.0,2.1,2017-04-06 08:32:48,2017-04-06 08:50:24,0.0,15.36,17,8,Thursday
398249,2,238.0,75.0,1.4,2017-04-05 08:34:30,2017-04-05 08:44:01,0.0,8.8,9,8,Wednesday
593368,2,238.0,151.0,0.88,2017-04-07 08:17:10,2017-04-07 08:23:10,0.0,8.5,6,8,Friday
882600,1,143.0,43.0,1.1,2017-04-06 08:33:36,2017-04-06 08:39:21,0.0,8.15,5,8,Thursday
619127,2,141.0,229.0,0.99,2017-04-05 08:06:53,2017-04-05 08:14:08,0.0,7.3,7,8,Wednesday
675642,1,143.0,163.0,1.3,2017-04-04 08:44:48,2017-04-04 08:56:01,0.0,11.15,11,8,Tuesday
872223,2,68.0,100.0,1.66,2017-04-03 08:28:28,2017-04-03 08:38:28,0.0,11.16,10,8,Monday
308673,2,141.0,263.0,1.2,2017-04-03 08:09:31,2017-04-03 08:15:12,0.0,8.16,5,8,Monday
558516,1,238.0,41.0,1.2,2017-04-04 08:29:36,2017-04-04 08:38:05,0.0,10.8,8,8,Tuesday
281772,2,79.0,49.0,4.76,2017-04-03 08:58:25,2017-04-03 09:25:08,0.0,26.16,26,8,Monday
608757,2,107.0,137.0,0.79,2017-04-04 08:31:10,2017-04-04 08:36:46,0.0,6.3,5,8,Tuesday
583250,1,68.0,231.0,2.5,2017-04-05 08:22:12,2017-04-05 08:33:34,0.0,14.65,11,8,Wednesday
480537,1,262.0,233.0,2.4,2017-04-03 08:11:26,2017-04-03 08:22:46,0.0,13.0,11,8,Monday
169373,1,151.0,41.0,1.7,2017-04-07 08:01:17,2017-04-07 08:11:27,0.0,9.8,10,8,Friday
852447,2,162.0,137.0,1.07,2017-04-04 08:27:24,2017-04-04 08:34:57,0.0,9.2,7,8,Tuesday
643537,1,230.0,161.0,0.7,2017-04-07 08:40:50,2017-04-07 08:51:03,0.0,8.3,10,8,Friday
625798,2,186.0,234.0,0.59,2017-04-07 08:05:16,2017-04-07 08:09:41,0.0,5.8,4,8,Friday
122278,2,41.0,43.0,1.25,2017-04-06 08:29:49,2017-04-06 08:39:22,0.0,10.56,9,8,Thursday
68209,2,164.0,125.0,2.48,2017-04-03 08:20:46,2017-04-03 08:32:23,0.0,11.8,11,8,Monday
460159,1,236.0,239.0,1.2,2017-04-06 08:37:11,2017-04-06 08:43:41,0.0,7.8,6,8,Thursday
787521,2,229.0,141.0,1.24,2017-04-07 08:14:25,2017-04-07 08:21:20,0.0,9.12,6,8,Friday
520803,1,237.0,237.0,0.7,2017-04-07 08:51:10,2017-04-07 08:56:08,0.0,7.55,4,8,Friday
723357,2,261.0,45.0,0.95,2017-04-04 08:13:09,2017-04-04 08:26:34,0.0,12.36,13,8,Tuesday
932777,1,144.0,234.0,1.9,2017-04-06 08:53:38,2017-04-06 09:13:19,0.0,16.8,19,8,Thursday
785235,2,140.0,161.0,1.73,2017-04-04 08:33:31,2017-04-04 08:52:11,0.0,15.96,18,8,Tuesday
698368,2,239.0,239.0,0.95,2017-04-03 08:23:24,2017-04-03 08:30:18,0.0,7.3,6,8,Monday
684918,1,237.0,161.0,1.5,2017-04-04 08:14:28,2017-04-04 08:26:28,0.0,9.8,12,8,Tuesday
797491,1,132.0,140.0,16.3,2017-04-04 08:37:37,2017-04-04 09:50:52,0.0,57.8,73,8,Tuesday
743074,2,151.0,239.0,1.56,2017-04-06 08:52:19,2017-04-06 09:04:11,0.0,14.31,11,8,Thursday
504202,1,233.0,45.0,4.2,2017-04-03 08:03:23,2017-04-03 08:23:53,0.0,21.35,20,8,Monday
948688,1,13.0,246.0,2.7,2017-04-06 08:35:59,2017-04-06 08:51:37,0.0,14.8,15,8,Thursday
302422,2,262.0,237.0,1.74,2017-04-03 08:35:27,2017-04-03 08:48:31,0.0,12.96,13,8,Monday
401423,1,140.0,243.0,8.0,2017-04-06 08:08:49,2017-04-06 08:33:59,0.0,31.0,25,8,Thursday
551825,2,138.0,164.0,11.14,2017-04-05 08:14:13,2017-04-05 09:06:06,0.0,46.56,51,8,Wednesday
422156,1,170.0,163.0,1.5,2017-04-05 08:06:27,2017-04-05 08:18:21,0.0,12.35,11,8,Wednesday
660498,2,261.0,231.0,0.95,2017-04-05 08:07:45,2017-04-05 08:17:28,0.0,9.8,9,8,Wednesday
428103,1,138.0,138.0,13.0,2017-04-07 08:06:20,2017-04-07 09:21:37,0.0,78.37,75,8,Friday
841393,2,33.0,114.0,3.8,2017-04-07 08:41:24,2017-04-07 08:59:17,0.0,16.3,17,8,Friday
184489,1,238.0,41.0,1.0,2017-04-06 08:05:56,2017-04-06 08:13:00,0.0,7.8,7,8,Thursday
13797,1,231.0,162.0,4.1,2017-04-05 08:03:17,2017-04-05 08:29:55,0.0,21.3,26,8,Wednesday
231534,1,163.0,170.0,1.3,2017-04-05 08:04:12,2017-04-05 08:11:58,0.0,7.8,7,8,Wednesday
687353,2,237.0,140.0,0.95,2017-04-06 08:17:08,2017-04-06 08:25:24,0.0,10.14,8,8,Thursday
304080,2,230.0,138.0,12.29,2017-04-03 08:09:44,2017-04-03 08:40:02,0.0,53.82,30,8,Monday
60056,1,231.0,137.0,4.2,2017-04-06 08:25:48,2017-04-06 08:47:36,0.0,18.48,21,8,Thursday
344275,2,162.0,237.0,0.65,2017-04-05 08:54:37,2017-04-05 08:59:10,0.0,6.96,4,8,Wednesday
159211,2,152.0,41.0,0.95,2017-04-06 08:29:26,2017-04-06 08:35:27,0.0,8.5,6,8,Thursday
643249,2,170.0,113.0,1.47,2017-04-05 08:27:53,2017-04-05 08:37:37,0.0,9.3,9,8,Wednesday
253564,2,140.0,233.0,2.07,2017-04-06 08:29:23,2017-04-06 08:40:16,0.0,12.25,10,8,Thursday
881443,2,170.0,162.0,0.72,2017-04-07 08:33:23,2017-04-07 08:40:47,0.0,8.76,7,8,Friday
961359,2,263.0,161.0,2.55,2017-04-03 08:15:31,2017-04-03 08:41:26,0.0,21.36,25,8,Monday
376524,1,249.0,231.0,1.3,2017-04-06 08:13:34,2017-04-06 08:21:52,0.0,8.8,8,8,Thursday
450853,2,138.0,170.0,9.73,2017-04-03 08:18:40,2017-04-03 09:21:50,0.0,48.56,63,8,Monday
654243,2,138.0,87.0,12.64,2017-04-03 08:43:30,2017-04-03 09:30:51,0.0,49.56,47,8,Monday
922017,2,162.0,161.0,0.49,2017-04-07 08:20:15,2017-04-07 08:26:38,0.0,7.3,6,8,Friday
755764,2,186.0,234.0,0.64,2017-04-04 08:52:12,2017-04-04 08:57:37,0.0,7.3,5,8,Tuesday
91007,1,162.0,138.0,10.3,2017-04-07 08:10:30,2017-04-07 08:31:37,0.0,43.86,21,8,Friday
27528,2,236.0,74.0,2.33,2017-04-03 08:58:42,2017-04-03 09:12:15,0.0,12.3,13,8,Monday
583774,2,233.0,186.0,1.51,2017-04-06 08:17:31,2017-04-06 08:28:30,0.0,9.8,10,8,Thursday
996249,1,162.0,237.0,1.4,2017-04-06 08:31:55,2017-04-06 08:42:37,0.0,9.3,10,8,Thursday
662313,2,146.0,162.0,2.5,2017-04-03 08:58:13,2017-04-03 09:20:40,0.0,17.76,22,8,Monday
961481,2,170.0,107.0,0.87,2017-04-07 08:39:43,2017-04-07 08:44:40,0.0,7.3,4,8,Friday
239397,1,132.0,132.0,0.0,2017-04-06 08:37:59,2017-04-06 08:38:30,0.0,3.3,0,8,Thursday
764728,1,161.0,230.0,0.6,2017-04-07 08:12:26,2017-04-07 08:20:32,0.0,8.75,8,8,Friday
879811,2,162.0,142.0,2.37,2017-04-06 08:42:58,2017-04-06 09:09:44,0.0,17.8,26,8,Thursday
250057,2,48.0,143.0,0.77,2017-04-05 08:46:51,2017-04-05 08:50:44,0.0,5.8,3,8,Wednesday
262102,2,238.0,239.0,0.91,2017-04-04 08:17:00,2017-04-04 08:23:03,0.0,8.16,6,8,Tuesday
656402,2,263.0,48.0,2.92,2017-04-04 08:29:14,2017-04-04 08:45:54,0.0,16.56,16,8,Tuesday
323130,2,262.0,87.0,7.62,2017-04-06 08:07:43,2017-04-06 08:35:56,0.0,30.3,28,8,Thursday
222029,2,161.0,234.0,1.44,2017-04-07 08:40:35,2017-04-07 08:50:47,0.0,11.62,10,8,Friday
535686,2,132.0,238.0,19.97,2017-04-07 08:11:36,2017-04-07 09:18:23,0.0,70.27,66,8,Friday
958212,1,13.0,231.0,0.4,2017-04-04 08:18:34,2017-04-04 08:21:31,0.0,5.3,2,8,Tuesday
349180,1,163.0,48.0,1.2,2017-04-04 08:44:47,2017-04-04 08:54:53,0.0,9.3,10,8,Tuesday
60115,1,230.0,211.0,3.4,2017-04-03 08:13:04,2017-04-03 08:32:43,0.0,18.95,19,8,Monday
84681,1,68.0,246.0,0.8,2017-04-03 08:53:46,2017-04-03 09:02:11,0.0,7.8,8,8,Monday
656902,1,238.0,142.0,1.6,2017-04-07 08:39:08,2017-04-07 08:48:56,0.0,11.75,9,8,Friday
423353,1,114.0,230.0,3.8,2017-04-04 08:02:43,2017-04-04 08:28:57,0.0,23.16,26,8,Tuesday
486146,1,238.0,24.0,1.5,2017-04-06 08:10:32,2017-04-06 08:18:21,0.0,9.3,7,8,Thursday
798207,2,229.0,233.0,0.52,2017-04-05 08:13:02,2017-04-05 08:15:54,0.0,5.76,2,8,Wednesday
388118,1,186.0,107.0,0.9,2017-04-03 08:07:53,2017-04-03 08:13:08,0.0,7.3,5,8,Monday
258743,2,262.0,234.0,4.46,2017-04-05 08:01:50,2017-04-05 08:34:27,0.0,23.8,32,8,Wednesday
324226,2,237.0,236.0,0.71,2017-04-03 08:15:04,2017-04-03 08:17:46,0.0,6.2,2,8,Monday
801688,1,162.0,234.0,1.8,2017-04-03 08:27:32,2017-04-03 08:37:54,0.0,10.8,10,8,Monday
7529,1,137.0,229.0,1.4,2017-04-06 08:55:15,2017-04-06 09:04:35,0.0,10.55,9,8,Thursday
256195,1,237.0,161.0,1.6,2017-04-07 08:53:18,2017-04-07 09:11:09,0.0,14.3,17,8,Friday
125688,1,230.0,100.0,0.8,2017-04-07 08:33:32,2017-04-07 08:37:08,0.0,5.3,3,8,Friday
73886,2,162.0,170.0,1.06,2017-04-07 08:22:11,2017-04-07 08:32:42,0.0,10.56,10,8,Friday
788545,1,42.0,74.0,0.7,2017-04-05 08:23:08,2017-04-05 08:29:29,0.0,7.8,6,8,Wednesday
432117,2,236.0,170.0,3.22,2017-04-07 08:44:34,2017-04-07 09:15:16,0.0,24.36,30,8,Friday
108545,1,141.0,90.0,3.8,2017-04-05 08:12:41,2017-04-05 08:37:28,0.0,22.85,24,8,Wednesday
84699,2,186.0,107.0,2.02,2017-04-07 08:02:34,2017-04-07 08:15:54,0.0,13.56,13,8,Friday
523495,2,74.0,233.0,4.77,2017-04-06 08:15:09,2017-04-06 08:38:08,0.0,17.3,22,8,Thursday
989331,2,107.0,162.0,1.82,2017-04-03 08:33:42,2017-04-03 08:48:27,0.0,12.3,14,8,Monday
244272,2,141.0,162.0,1.0,2017-04-07 08:35:35,2017-04-07 08:44:51,0.0,9.96,9,8,Friday
555316,2,161.0,229.0,0.91,2017-04-07 08:39:49,2017-04-07 08:50:13,0.0,8.3,10,8,Friday
71337,1,151.0,50.0,3.4,2017-04-07 08:54:10,2017-04-07 09:09:18,0.0,14.3,15,8,Friday
794373,2,68.0,158.0,1.29,2017-04-07 08:42:47,2017-04-07 08:51:51,0.0,13.11,9,8,Friday
282251,2,75.0,75.0,0.4,2017-04-04 08:39:30,2017-04-04 08:41:32,0.0,4.3,2,8,Tuesday
203151,1,230.0,230.0,0.5,2017-04-06 08:43:49,2017-04-06 08:49:13,0.0,5.8,5,8,Thursday
444618,2,33.0,231.0,2.75,2017-04-07 08:59:32,2017-04-07 09:19:00,0.0,18.36,19,8,Friday
239175,1,107.0,164.0,1.3,2017-04-03 08:48:53,2017-04-03 09:02:25,0.0,12.95,13,8,Monday
138988,1,264.0,264.0,1.2,2017-04-03 08:54:03,2017-04-03 09:02:18,0.0,8.3,8,8,Monday
277229,1,237.0,162.0,0.7,2017-04-06 08:11:52,2017-04-06 08:17:48,0.0,7.55,5,8,Thursday
471787,1,170.0,170.0,2.0,2017-04-06 08:48:12,2017-04-06 08:48:38,0.0,3.3,0,8,Thursday
374155,2,163.0,230.0,1.09,2017-04-06 08:01:25,2017-04-06 08:11:21,0.0,9.96,9,8,Thursday
335088,2,262.0,237.0,1.26,2017-04-05 08:20:53,2017-04-05 08:31:06,0.0,11.0,10,8,Wednesday
822297,2,249.0,211.0,0.93,2017-04-06 08:56:59,2017-04-06 09:03:30,0.0,8.16,6,8,Thursday
130204,2,140.0,231.0,7.64,2017-04-07 08:31:41,2017-04-07 08:53:17,0.0,32.24,21,8,Friday
796809,1,170.0,87.0,4.8,2017-04-07 08:46:01,2017-04-07 09:08:42,0.0,24.35,22,8,Friday
112937,2,237.0,231.0,4.05,2017-04-04 08:31:02,2017-04-04 08:59:19,0.0,25.09,28,8,Tuesday
876561,1,48.0,138.0,10.4,2017-04-07 08:38:13,2017-04-07 09:12:22,0.0,48.66,34,8,Friday
462647,2,237.0,236.0,1.16,2017-04-07 08:12:24,2017-04-07 08:20:25,0.0,9.36,8,8,Friday
291084,2,43.0,100.0,2.59,2017-04-07 08:20:13,2017-04-07 08:36:52,0.0,16.56,16,8,Friday
695488,2,229.0,234.0,2.11,2017-04-03 08:14:22,2017-04-03 08:27:58,0.0,14.75,13,8,Monday
437217,1,161.0,170.0,1.3,2017-04-07 08:58:56,2017-04-07 09:14:21,0.0,13.5,15,8,Friday
513023,2,263.0,236.0,0.78,2017-04-04 08:14:55,2017-04-04 08:19:16,0.0,6.96,4,8,Tuesday
337889,2,140.0,237.0,1.04,2017-04-04 08:56:57,2017-04-04 09:09:38,0.0,11.76,12,8,Tuesday
1031015,1,162.0,230.0,0.9,2017-04-05 08:48:59,2017-04-05 08:59:03,0.0,12.3,10,8,Wednesday
524424,2,231.0,246.0,2.69,2017-04-03 08:13:36,2017-04-03 08:24:30,0.0,14.75,10,8,Monday
285948,1,263.0,170.0,2.9,2017-04-05 08:27:20,2017-04-05 08:52:11,0.0,16.8,24,8,Wednesday
676426,1,239.0,24.0,1.3,2017-04-03 08:50:03,2017-04-03 08:53:47,0.0,7.55,3,8,Monday
928298,1,75.0,236.0,0.6,2017-04-06 08:20:25,2017-04-06 08:29:57,0.0,9.35,9,8,Thursday
989710,2,48.0,79.0,3.23,2017-04-05 08:05:10,2017-04-05 08:36:36,0.0,21.3,31,8,Wednesday
47908,1,107.0,88.0,3.9,2017-04-03 08:59:53,2017-04-03 09:07:46,0.0,16.55,7,8,Monday
737801,1,158.0,231.0,1.3,2017-04-06 08:15:05,2017-04-06 08:24:20,0.0,10.3,9,8,Thursday
788674,1,186.0,68.0,0.4,2017-04-06 08:43:32,2017-04-06 08:47:05,0.0,6.35,3,8,Thursday
832122,1,90.0,230.0,1.8,2017-04-05 08:01:20,2017-04-05 08:10:08,0.0,11.6,8,8,Wednesday
884286,1,142.0,161.0,1.5,2017-04-03 08:38:31,2017-04-03 08:48:54,0.0,11.8,10,8,Monday
273544,1,138.0,158.0,10.8,2017-04-07 08:38:07,2017-04-07 09:55:38,0.0,69.41,77,8,Friday
380364,1,158.0,246.0,1.6,2017-04-05 08:40:47,2017-04-05 08:48:22,0.0,9.8,7,8,Wednesday
200271,2,262.0,236.0,1.14,2017-04-04 08:55:04,2017-04-04 09:03:39,0.0,8.3,8,8,Tuesday
1008175,2,170.0,163.0,1.87,2017-04-07 08:18:33,2017-04-07 08:30:51,0.0,10.8,12,8,Friday
397472,2,264.0,264.0,0.85,2017-04-07 08:39:13,2017-04-07 08:46:01,0.0,8.16,6,8,Friday
825445,2,163.0,237.0,1.66,2017-04-06 08:49:55,2017-04-06 09:03:48,0.0,13.56,13,8,Thursday
884024,1,263.0,234.0,4.7,2017-04-05 08:11:32,2017-04-05 08:51:15,0.0,33.36,39,8,Wednesday
469862,2,260.0,82.0,0.95,2017-04-04 08:56:51,2017-04-04 09:04:08,0.0,8.76,7,8,Tuesday
524307,1,142.0,143.0,0.6,2017-04-06 08:10:37,2017-04-06 08:15:14,0.0,5.8,4,8,Thursday
153091,1,239.0,126.0,9.2,2017-04-07 08:14:01,2017-04-07 08:49:00,0.0,42.25,34,8,Friday
557878,2,45.0,113.0,2.21,2017-04-06 08:44:01,2017-04-06 09:01:28,0.0,13.8,17,8,Thursday
598140,1,236.0,230.0,1.8,2017-04-03 08:50:52,2017-04-03 09:04:06,0.0,12.96,13,8,Monday
735889,2,142.0,161.0,1.74,2017-04-04 08:18:14,2017-04-04 08:33:19,0.0,14.75,15,8,Tuesday
928615,1,113.0,163.0,2.6,2017-04-06 08:24:23,2017-04-06 08:43:36,0.0,17.85,19,8,Thursday
1027916,1,13.0,88.0,0.7,2017-04-07 08:46:04,2017-04-07 08:52:22,0.0,6.8,6,8,Friday
493110,2,79.0,163.0,3.41,2017-04-05 08:31:19,2017-04-05 08:55:22,0.0,20.3,24,8,Wednesday
533503,2,262.0,137.0,3.86,2017-04-04 08:49:15,2017-04-04 09:04:55,0.0,17.76,15,8,Tuesday
293490,2,166.0,238.0,1.4,2017-04-06 08:32:40,2017-04-06 08:41:23,0.0,9.3,8,8,Thursday
14284,2,170.0,161.0,0.55,2017-04-07 08:47:43,2017-04-07 08:53:58,0.0,7.56,6,8,Friday
570253,2,74.0,75.0,0.81,2017-04-03 08:03:44,2017-04-03 08:08:25,0.0,6.3,4,8,Monday
656250,2,140.0,236.0,1.07,2017-04-05 08:04:45,2017-04-05 08:16:35,0.0,9.8,11,8,Wednesday
873405,2,13.0,230.0,4.75,2017-04-03 08:39:22,2017-04-03 09:07:24,0.0,26.16,28,8,Monday
903038,2,236.0,75.0,1.0,2017-04-06 08:34:42,2017-04-06 08:40:30,0.0,7.8,5,8,Thursday
93940,2,13.0,246.0,2.05,2017-04-06 08:02:35,2017-04-06 08:07:54,0.0,9.96,5,8,Thursday
249758,1,100.0,249.0,1.6,2017-04-06 08:27:37,2017-04-06 08:38:51,0.0,12.3,11,8,Thursday
499077,1,90.0,79.0,1.7,2017-04-04 08:00:55,2017-04-04 08:12:22,0.0,10.29,11,8,Tuesday
508033,1,107.0,249.0,0.8,2017-04-03 08:00:25,2017-04-03 08:04:17,0.0,6.6,3,8,Monday
912266,1,238.0,244.0,5.1,2017-04-04 08:48:21,2017-04-04 09:09:01,0.0,18.3,20,8,Tuesday
938617,1,50.0,229.0,1.4,2017-04-04 08:36:37,2017-04-04 08:52:18,0.0,11.3,15,8,Tuesday
791867,2,161.0,50.0,0.85,2017-04-03 08:19:57,2017-04-03 08:24:10,0.0,7.25,4,8,Monday
502413,2,233.0,237.0,1.63,2017-04-05 08:15:57,2017-04-05 08:28:30,0.0,12.96,12,8,Wednesday
286806,2,238.0,244.0,5.33,2017-04-03 08:42:14,2017-04-03 08:56:29,0.0,22.56,14,8,Monday
543932,1,237.0,234.0,1.7,2017-04-05 08:41:13,2017-04-05 08:52:08,0.0,11.75,10,8,Wednesday
325612,1,231.0,230.0,3.1,2017-04-06 08:03:54,2017-04-06 08:25:00,0.0,18.95,21,8,Thursday
360122,1,233.0,229.0,0.7,2017-04-04 08:19:54,2017-04-04 08:22:38,0.0,6.3,2,8,Tuesday
493428,1,13.0,236.0,8.1,2017-04-05 08:51:21,2017-04-05 09:16:43,0.0,32.75,25,8,Wednesday
1033889,2,113.0,87.0,2.58,2017-04-07 08:40:18,2017-04-07 08:58:00,0.0,13.8,17,8,Friday
490496,1,186.0,246.0,1.0,2017-04-07 08:48:18,2017-04-07 08:58:20,0.0,8.8,10,8,Friday
652286,1,246.0,236.0,6.2,2017-04-07 08:14:34,2017-04-07 08:53:58,0.0,35.15,39,8,Friday
809278,1,100.0,230.0,0.7,2017-04-07 08:00:18,2017-04-07 08:05:59,0.0,6.3,5,8,Friday
1002223,1,162.0,163.0,1.3,2017-04-07 08:05:16,2017-04-07 08:17:33,0.0,11.8,12,8,Friday
894683,1,233.0,170.0,0.7,2017-04-03 08:49:56,2017-04-03 08:56:01,0.0,7.85,6,8,Monday
460026,2,50.0,161.0,0.86,2017-04-07 08:27:16,2017-04-07 08:42:27,0.0,13.0,15,8,Friday
571791,1,137.0,170.0,0.8,2017-04-07 08:34:35,2017-04-07 08:43:21,0.0,9.35,8,8,Friday
604650,2,239.0,43.0,1.56,2017-04-06 08:21:10,2017-04-06 08:29:30,0.0,10.3,8,8,Thursday
92213,2,164.0,161.0,1.09,2017-04-05 08:46:37,2017-04-05 08:58:45,0.0,9.3,12,8,Wednesday
603064,2,236.0,238.0,1.57,2017-04-06 08:07:43,2017-04-06 08:17:19,0.0,9.68,9,8,Thursday
652421,1,170.0,231.0,3.5,2017-04-07 08:05:24,2017-04-07 08:28:01,0.0,22.45,22,8,Friday
820557,2,264.0,264.0,1.28,2017-04-06 08:34:01,2017-04-06 08:44:08,0.0,8.8,10,8,Thursday
845848,1,236.0,75.0,0.5,2017-04-07 08:10:05,2017-04-07 08:13:53,0.0,5.83,3,8,Friday
402081,2,261.0,246.0,3.35,2017-04-03 08:36:34,2017-04-03 08:55:39,0.0,18.8,19,8,Monday
669043,2,231.0,246.0,3.0,2017-04-05 08:26:57,2017-04-05 08:44:59,0.0,18.36,18,8,Wednesday
575214,1,237.0,237.0,0.6,2017-04-03 08:35:17,2017-04-03 08:39:24,0.0,6.95,4,8,Monday
305853,1,142.0,230.0,1.0,2017-04-03 08:45:27,2017-04-03 08:51:09,0.0,8.0,5,8,Monday
820451,2,246.0,230.0,1.27,2017-04-05 08:31:15,2017-04-05 08:41:43,0.0,9.3,10,8,Wednesday
869927,2,236.0,140.0,1.45,2017-04-04 08:44:03,2017-04-04 08:56:36,0.0,10.3,12,8,Tuesday
596403,2,79.0,161.0,2.84,2017-04-07 08:25:34,2017-04-07 08:45:16,0.0,18.36,19,8,Friday
307802,1,143.0,239.0,0.8,2017-04-03 08:08:55,2017-04-03 08:16:23,0.0,8.75,7,8,Monday
806564,2,162.0,209.0,4.85,2017-04-04 08:05:15,2017-04-04 08:25:13,0.0,21.3,19,8,Tuesday
412450,2,170.0,163.0,1.6,2017-04-05 08:20:21,2017-04-05 08:32:03,0.0,12.36,11,8,Wednesday
374740,1,231.0,65.0,1.9,2017-04-05 08:49:04,2017-04-05 09:00:28,0.0,10.8,11,8,Wednesday
244639,1,113.0,90.0,1.0,2017-04-05 08:46:39,2017-04-05 08:54:29,0.0,9.35,7,8,Wednesday
344540,2,144.0,125.0,0.95,2017-04-03 08:46:29,2017-04-03 08:57:16,0.0,10.56,10,8,Monday
620861,2,234.0,163.0,2.13,2017-04-07 08:45:16,2017-04-07 09:04:27,0.0,13.8,19,8,Friday
504209,1,140.0,162.0,1.2,2017-04-07 08:00:20,2017-04-07 08:09:43,0.0,10.55,9,8,Friday
96124,1,161.0,161.0,0.3,2017-04-03 08:28:13,2017-04-03 08:36:52,0.0,8.5,8,8,Monday
413312,1,239.0,229.0,2.0,2017-04-07 08:01:38,2017-04-07 08:14:18,0.0,12.8,12,8,Friday
702496,2,50.0,261.0,5.03,2017-04-07 08:11:15,2017-04-07 08:36:23,0.0,24.96,25,8,Friday
840494,2,170.0,138.0,8.54,2017-04-07 08:31:53,2017-04-07 08:55:55,0.0,40.87,24,8,Friday
396419,2,229.0,246.0,2.32,2017-04-05 08:58:28,2017-04-05 09:21:14,0.0,15.8,22,8,Wednesday
613416,2,263.0,141.0,0.66,2017-04-04 08:00:42,2017-04-04 08:03:29,0.0,6.36,2,8,Tuesday
516526,2,236.0,75.0,1.09,2017-04-07 08:10:41,2017-04-07 08:21:03,0.0,8.8,10,8,Friday
536536,1,162.0,138.0,9.0,2017-04-07 08:26:51,2017-04-07 08:57:43,0.0,45.06,30,8,Friday
533069,2,236.0,161.0,2.2,2017-04-05 08:59:20,2017-04-05 09:23:35,0.0,17.3,24,8,Wednesday
945403,2,238.0,161.0,4.05,2017-04-03 08:59:27,2017-04-03 09:22:14,0.0,17.8,22,8,Monday
498413,1,141.0,142.0,1.5,2017-04-04 08:45:21,2017-04-04 08:54:33,0.0,10.55,9,8,Tuesday
345773,1,238.0,237.0,2.2,2017-04-04 08:03:57,2017-04-04 08:24:51,0.0,16.8,20,8,Tuesday
984973,1,170.0,237.0,1.9,2017-04-05 08:17:59,2017-04-05 08:31:41,0.0,13.55,13,8,Wednesday
944252,2,141.0,233.0,1.38,2017-04-04 08:05:09,2017-04-04 08:20:20,0.0,11.8,15,8,Tuesday
888733,1,142.0,237.0,1.4,2017-04-04 08:23:54,2017-04-04 08:31:04,0.0,7.8,7,8,Tuesday
267822,1,234.0,162.0,1.4,2017-04-03 08:22:20,2017-04-03 08:32:12,0.0,9.8,9,8,Monday
266178,2,79.0,163.0,2.33,2017-04-05 08:29:34,2017-04-05 08:45:45,0.0,15.3,16,8,Wednesday
378228,2,142.0,239.0,0.91,2017-04-05 08:47:52,2017-04-05 08:53:37,0.0,7.8,5,8,Wednesday
879865,2,138.0,238.0,9.31,2017-04-07 08:23:23,2017-04-07 09:04:37,0.0,43.06,41,8,Friday
846483,1,231.0,232.0,2.8,2017-04-07 08:14:40,2017-04-07 08:26:13,0.0,12.3,11,8,Friday
59088,2,239.0,238.0,0.51,2017-04-05 08:11:31,2017-04-05 08:14:10,0.0,5.76,2,8,Wednesday
49826,2,164.0,211.0,1.73,2017-04-06 08:58:00,2017-04-06 09:12:07,0.0,12.3,14,8,Thursday
465116,1,236.0,230.0,2.6,2017-04-05 08:20:06,2017-04-05 08:39:10,0.0,16.8,19,8,Wednesday
161455,1,237.0,236.0,0.7,2017-04-04 08:55:56,2017-04-04 08:58:16,0.0,4.8,2,8,Tuesday
84197,2,68.0,246.0,0.91,2017-04-04 08:41:41,2017-04-04 08:47:13,0.0,8.19,5,8,Tuesday
919492,1,113.0,90.0,0.7,2017-04-06 08:21:12,2017-04-06 08:25:13,0.0,6.95,4,8,Thursday
86257,1,264.0,264.0,1.7,2017-04-03 08:54:43,2017-04-03 09:08:59,0.0,13.3,14,8,Monday
146317,2,230.0,68.0,0.92,2017-04-06 08:35:55,2017-04-06 08:39:53,0.0,6.96,3,8,Thursday
44075,2,264.0,264.0,7.78,2017-04-04 08:03:06,2017-04-04 08:33:12,0.0,30.8,30,8,Tuesday
175804,1,142.0,100.0,1.6,2017-04-07 08:06:42,2017-04-07 08:16:14,0.0,11.15,9,8,Friday
789753,2,230.0,142.0,1.13,2017-04-07 08:53:57,2017-04-07 09:03:11,0.0,8.8,9,8,Friday
152903,2,138.0,162.0,9.29,2017-04-03 08:00:32,2017-04-03 09:00:32,0.0,54.67,60,8,Monday
826955,1,262.0,140.0,0.7,2017-04-07 08:57:22,2017-04-07 09:02:22,0.0,7.55,5,8,Friday
828397,1,231.0,90.0,1.9,2017-04-06 08:13:59,2017-04-06 08:24:56,0.0,12.35,10,8,Thursday
493969,1,236.0,236.0,1.4,2017-04-04 08:23:56,2017-04-04 08:36:55,0.0,10.3,12,8,Tuesday
127754,1,263.0,263.0,0.5,2017-04-07 08:57:47,2017-04-07 09:00:08,0.0,6.35,2,8,Friday
50867,2,143.0,169.0,7.72,2017-04-03 08:08:56,2017-04-03 08:38:15,0.0,33.36,29,8,Monday
517607,1,260.0,146.0,3.0,2017-04-05 08:04:01,2017-04-05 08:18:15,0.0,13.3,14,8,Wednesday
252024,2,237.0,237.0,0.5,2017-04-05 08:41:25,2017-04-05 08:42:56,0.0,4.3,1,8,Wednesday
232249,2,262.0,161.0,3.11,2017-04-05 08:51:56,2017-04-05 09:12:30,0.0,21.0,20,8,Wednesday
342768,2,162.0,141.0,0.8,2017-04-04 08:43:38,2017-04-04 08:48:19,0.0,6.96,4,8,Tuesday
961316,2,166.0,238.0,1.53,2017-04-04 08:31:07,2017-04-04 08:43:15,0.0,12.36,12,8,Tuesday
16361,1,107.0,137.0,1.0,2017-04-03 08:50:27,2017-04-03 08:55:38,0.0,8.15,5,8,Monday
542671,1,237.0,125.0,4.4,2017-04-05 08:53:38,2017-04-05 09:28:59,0.0,27.95,35,8,Wednesday
106485,2,162.0,100.0,1.35,2017-04-07 08:40:33,2017-04-07 08:51:49,0.0,10.8,11,8,Friday
616640,1,170.0,162.0,1.4,2017-04-06 08:37:49,2017-04-06 08:52:13,0.0,13.55,14,8,Thursday
257951,1,231.0,246.0,2.4,2017-04-04 08:33:35,2017-04-04 08:43:52,0.0,13.5,10,8,Tuesday
607732,1,13.0,231.0,0.6,2017-04-05 08:13:16,2017-04-05 08:19:13,0.0,7.55,5,8,Wednesday
9877,2,231.0,50.0,4.35,2017-04-06 08:19:20,2017-04-06 08:38:50,0.0,21.36,19,8,Thursday
557997,2,238.0,243.0,5.68,2017-04-05 08:32:13,2017-04-05 08:50:19,0.0,20.8,18,8,Wednesday
469395,1,50.0,239.0,1.4,2017-04-06 08:35:37,2017-04-06 08:40:41,0.0,7.8,5,8,Thursday
445026,1,90.0,90.0,0.1,2017-04-05 08:36:28,2017-04-05 08:37:17,0.0,3.8,0,8,Wednesday
38623,2,236.0,236.0,0.78,2017-04-07 08:04:15,2017-04-07 08:11:28,0.0,8.76,7,8,Friday
1035442,2,238.0,246.0,4.48,2017-04-07 08:29:28,2017-04-07 08:48:46,0.0,21.0,19,8,Friday
30916,1,162.0,107.0,1.0,2017-04-05 08:32:47,2017-04-05 08:38:52,0.0,8.15,6,8,Wednesday
418847,2,237.0,237.0,0.79,2017-04-05 08:34:51,2017-04-05 08:39:59,0.0,6.96,5,8,Wednesday
721361,1,50.0,163.0,1.5,2017-04-05 08:45:30,2017-04-05 09:01:35,0.0,13.8,16,8,Wednesday
661952,1,170.0,87.0,5.1,2017-04-03 08:43:54,2017-04-03 09:06:06,0.0,25.3,22,8,Monday
145677,2,68.0,161.0,2.18,2017-04-06 08:58:40,2017-04-06 09:19:05,0.0,17.16,20,8,Thursday
466304,2,163.0,142.0,0.32,2017-04-06 08:30:30,2017-04-06 08:36:56,0.0,6.3,6,8,Thursday
605796,2,140.0,233.0,1.73,2017-04-06 08:03:41,2017-04-06 08:15:31,0.0,10.3,11,8,Thursday
1037451,2,234.0,107.0,0.87,2017-04-05 08:38:17,2017-04-05 08:43:12,0.0,7.3,4,8,Wednesday
86126,1,186.0,229.0,2.0,2017-04-05 08:00:30,2017-04-05 08:18:21,0.0,18.3,17,8,Wednesday
757307,2,140.0,170.0,2.64,2017-04-07 08:12:59,2017-04-07 08:26:35,0.0,14.8,13,8,Friday
119796,1,170.0,87.0,4.0,2017-04-04 08:27:02,2017-04-04 08:59:36,0.0,23.8,32,8,Tuesday
256188,1,48.0,186.0,1.4,2017-04-03 08:54:51,2017-04-03 09:04:38,0.0,10.55,9,8,Monday
656590,2,246.0,161.0,1.1,2017-04-06 08:46:28,2017-04-06 09:03:19,0.0,12.8,16,8,Thursday
42039,1,249.0,238.0,4.3,2017-04-07 08:05:01,2017-04-07 08:28:18,0.0,22.55,23,8,Friday
480234,2,24.0,75.0,1.51,2017-04-06 08:47:44,2017-04-06 09:01:39,0.0,12.96,13,8,Thursday
547481,1,238.0,237.0,1.8,2017-04-04 08:16:14,2017-04-04 08:32:08,0.0,13.3,15,8,Tuesday
120572,1,158.0,231.0,1.6,2017-04-07 08:58:33,2017-04-07 09:11:25,0.0,12.35,12,8,Friday
604690,1,229.0,141.0,1.0,2017-04-06 08:15:28,2017-04-06 08:22:20,0.0,6.8,6,8,Thursday
899843,2,230.0,50.0,0.72,2017-04-07 08:57:56,2017-04-07 09:02:57,0.0,7.56,5,8,Friday
557722,1,234.0,229.0,2.6,2017-04-07 08:46:44,2017-04-07 09:07:21,0.0,17.75,20,8,Friday
900653,1,231.0,158.0,1.5,2017-04-06 08:01:05,2017-04-06 08:12:38,0.0,11.75,11,8,Thursday
717938,1,161.0,237.0,1.0,2017-04-03 08:46:43,2017-04-03 08:59:10,0.0,9.8,12,8,Monday
424445,1,166.0,75.0,1.7,2017-04-06 08:21:54,2017-04-06 08:36:02,0.0,13.55,14,8,Thursday
960231,1,116.0,166.0,1.0,2017-04-03 08:20:50,2017-04-03 08:27:20,0.0,8.75,6,8,Monday
302400,2,238.0,238.0,0.58,2017-04-05 08:07:29,2017-04-05 08:17:10,0.0,9.96,9,8,Wednesday
792212,1,140.0,230.0,2.3,2017-04-07 08:21:13,2017-04-07 08:39:03,0.0,16.55,17,8,Friday
405169,1,262.0,229.0,1.8,2017-04-03 08:34:08,2017-04-03 08:44:14,0.0,11.75,10,8,Monday
478155,1,264.0,264.0,0.6,2017-04-04 08:47:40,2017-04-04 08:58:52,0.0,8.8,11,8,Tuesday
648129,1,226.0,196.0,3.6,2017-04-06 08:33:24,2017-04-06 08:50:02,0.0,16.3,16,8,Thursday
18131,2,230.0,163.0,1.02,2017-04-07 08:50:30,2017-04-07 08:59:51,0.0,8.3,9,8,Friday
538129,1,233.0,141.0,1.3,2017-04-06 08:14:50,2017-04-06 08:23:52,0.0,10.55,9,8,Thursday
1000579,2,229.0,162.0,0.21,2017-04-05 08:46:04,2017-04-05 08:48:59,0.0,5.16,2,8,Wednesday
604169,1,141.0,263.0,1.3,2017-04-07 08:21:50,2017-04-07 08:29:20,0.0,9.35,7,8,Friday
337128,1,107.0,162.0,2.0,2017-04-04 08:25:52,2017-04-04 08:41:15,0.0,12.3,15,8,Tuesday
390056,1,79.0,107.0,0.8,2017-04-04 08:20:09,2017-04-04 08:25:06,0.0,8.3,4,8,Tuesday
375158,1,132.0,234.0,17.7,2017-04-06 08:22:13,2017-04-06 09:40:34,0.0,73.16,78,8,Thursday
565130,2,262.0,230.0,2.97,2017-04-07 08:18:44,2017-04-07 08:40:02,0.0,17.8,21,8,Friday
520936,2,48.0,161.0,0.72,2017-04-07 08:26:46,2017-04-07 08:33:15,0.0,8.8,6,8,Friday
744020,2,107.0,138.0,9.82,2017-04-07 08:31:29,2017-04-07 09:02:14,0.0,45.67,30,8,Friday
950242,1,233.0,137.0,1.2,2017-04-06 08:17:03,2017-04-06 08:35:16,0.0,13.8,18,8,Thursday
894495,1,142.0,238.0,1.5,2017-04-04 08:16:27,2017-04-04 08:30:02,0.0,12.3,13,8,Tuesday
329130,2,246.0,48.0,1.44,2017-04-05 08:11:10,2017-04-05 08:23:03,0.0,12.36,11,8,Wednesday
241333,1,137.0,233.0,1.0,2017-04-07 08:34:58,2017-04-07 08:38:02,0.0,6.8,3,8,Friday
660899,2,186.0,113.0,1.43,2017-04-07 08:25:25,2017-04-07 08:36:14,0.0,12.25,10,8,Friday
626810,2,141.0,230.0,1.66,2017-04-05 08:34:47,2017-04-05 08:45:19,0.0,11.16,10,8,Wednesday
770518,1,114.0,148.0,0.8,2017-04-03 08:49:41,2017-04-03 08:57:13,0.0,7.3,7,8,Monday
838100,2,87.0,137.0,4.21,2017-04-04 08:16:58,2017-04-04 08:39:55,0.0,22.25,22,8,Tuesday
197294,1,186.0,238.0,3.3,2017-04-03 08:37:32,2017-04-03 09:02:34,0.0,22.85,25,8,Monday
168179,2,48.0,97.0,6.66,2017-04-06 08:00:24,2017-04-06 08:30:44,0.0,25.8,30,8,Thursday
865006,2,138.0,233.0,10.82,2017-04-03 08:35:58,2017-04-03 09:13:56,0.0,44.56,37,8,Monday
896928,1,246.0,100.0,0.7,2017-04-05 08:04:51,2017-04-05 08:09:08,0.0,6.8,4,8,Wednesday
201995,2,164.0,50.0,1.0,2017-04-05 08:54:40,2017-04-05 09:02:32,0.0,9.36,7,8,Wednesday
776520,1,166.0,161.0,4.3,2017-04-04 08:33:56,2017-04-04 09:02:31,0.0,24.95,28,8,Tuesday
1010133,1,161.0,132.0,21.2,2017-04-03 08:56:25,2017-04-03 09:39:20,0.0,58.56,42,8,Monday
221585,2,114.0,232.0,1.17,2017-04-03 08:49:59,2017-04-03 08:59:12,0.0,8.3,9,8,Monday
848156,2,237.0,140.0,0.68,2017-04-04 08:36:37,2017-04-04 08:42:02,0.0,7.3,5,8,Tuesday
414638,1,132.0,14.0,20.2,2017-04-06 08:34:34,2017-04-06 09:28:01,0.0,59.8,53,8,Thursday
531128,2,163.0,186.0,1.19,2017-04-07 08:25:11,2017-04-07 08:31:20,0.0,8.76,6,8,Friday
808855,2,107.0,233.0,1.31,2017-04-04 08:09:10,2017-04-04 08:16:05,0.0,9.36,6,8,Tuesday
521485,1,132.0,239.0,21.1,2017-04-06 08:52:01,2017-04-06 10:10:13,0.0,70.26,78,8,Thursday
604046,2,43.0,239.0,0.95,2017-04-06 08:33:36,2017-04-06 08:39:13,0.0,8.5,5,8,Thursday
775671,2,234.0,161.0,1.05,2017-04-06 08:15:23,2017-04-06 08:23:19,0.0,9.75,7,8,Thursday
291131,2,144.0,125.0,0.6,2017-04-04 08:10:58,2017-04-04 08:16:19,0.0,6.96,5,8,Tuesday
547766,1,68.0,164.0,1.3,2017-04-04 08:22:16,2017-04-04 08:34:00,0.0,11.75,11,8,Tuesday
246976,2,170.0,140.0,2.33,2017-04-06 08:35:10,2017-04-06 08:57:11,0.0,17.3,22,8,Thursday
741451,1,237.0,236.0,0.5,2017-04-06 08:02:05,2017-04-06 08:05:41,0.0,6.35,3,8,Thursday
80922,2,264.0,264.0,6.31,2017-04-03 08:51:13,2017-04-03 09:07:05,0.0,21.8,15,8,Monday
877108,1,137.0,161.0,1.2,2017-04-03 08:52:55,2017-04-03 09:02:00,0.0,9.95,9,8,Monday
990042,1,75.0,236.0,1.1,2017-04-04 08:30:24,2017-04-04 08:41:02,0.0,11.15,10,8,Tuesday
1027972,1,186.0,234.0,1.5,2017-04-05 08:52:26,2017-04-05 09:09:28,0.0,12.3,17,8,Wednesday
336101,1,43.0,239.0,1.8,2017-04-03 08:59:02,2017-04-03 09:07:48,0.0,11.6,8,8,Monday
117225,1,230.0,162.0,1.0,2017-04-07 08:27:34,2017-04-07 08:37:45,0.0,8.8,10,8,Friday
366475,1,100.0,161.0,1.1,2017-04-06 08:57:51,2017-04-06 09:06:54,0.0,10.8,9,8,Thursday
805993,2,13.0,88.0,1.24,2017-04-06 08:12:20,2017-04-06 08:25:03,0.0,12.36,12,8,Thursday
66560,2,74.0,74.0,0.86,2017-04-06 08:41:51,2017-04-06 08:47:05,0.0,6.3,5,8,Thursday
320379,2,141.0,237.0,1.14,2017-04-07 08:10:14,2017-04-07 08:19:09,0.0,9.96,8,8,Friday
1046168,1,163.0,236.0,1.8,2017-04-04 08:55:34,2017-04-04 09:07:27,0.0,10.3,11,8,Tuesday
956048,2,90.0,158.0,1.33,2017-04-03 08:49:52,2017-04-03 08:57:40,0.0,9.3,7,8,Monday
848741,1,158.0,209.0,2.6,2017-04-06 08:08:07,2017-04-06 08:24:39,0.0,17.9,16,8,Thursday
749928,1,79.0,68.0,1.5,2017-04-07 08:53:21,2017-04-07 09:08:04,0.0,14.1,14,8,Friday
881600,1,13.0,186.0,3.4,2017-04-03 08:16:55,2017-04-03 08:39:20,0.0,16.8,22,8,Monday
656141,2,170.0,161.0,1.15,2017-04-05 08:54:11,2017-04-05 09:04:18,0.0,9.8,10,8,Wednesday
32899,1,132.0,113.0,18.9,2017-04-05 08:17:04,2017-04-05 09:32:10,0.0,70.26,75,8,Wednesday
484413,1,87.0,170.0,4.5,2017-04-04 08:53:18,2017-04-04 09:12:21,0.0,20.75,19,8,Tuesday
887910,2,113.0,68.0,1.01,2017-04-05 08:31:42,2017-04-05 08:38:40,0.0,8.76,6,8,Wednesday
823778,2,236.0,236.0,0.84,2017-04-06 08:27:58,2017-04-06 08:34:59,0.0,8.76,7,8,Thursday
38619,1,138.0,230.0,9.5,2017-04-03 08:09:26,2017-04-03 09:14:06,0.0,62.46,64,8,Monday
52942,2,48.0,233.0,1.49,2017-04-05 08:52:53,2017-04-05 09:10:50,0.0,15.36,17,8,Wednesday
842533,2,48.0,68.0,1.12,2017-04-03 08:59:50,2017-04-03 09:02:44,0.0,5.8,2,8,Monday
300783,1,43.0,238.0,0.8,2017-04-04 08:09:11,2017-04-04 08:14:35,0.0,7.3,5,8,Tuesday
653320,2,263.0,141.0,0.77,2017-04-06 08:30:12,2017-04-06 08:33:59,0.0,7.3,3,8,Thursday
561041,2,238.0,143.0,1.38,2017-04-07 08:57:50,2017-04-07 09:04:42,0.0,9.36,6,8,Friday
57459,2,50.0,162.0,1.89,2017-04-07 08:13:02,2017-04-07 08:25:51,0.0,11.8,12,8,Friday
519103,2,170.0,231.0,2.35,2017-04-03 08:59:44,2017-04-03 09:16:33,0.0,15.36,16,8,Monday
488887,1,246.0,48.0,1.9,2017-04-04 08:46:01,2017-04-04 08:57:55,0.0,12.35,11,8,Tuesday
137862,1,48.0,161.0,0.8,2017-04-03 08:28:45,2017-04-03 08:36:19,0.0,8.3,7,8,Monday
208365,2,170.0,161.0,0.53,2017-04-03 08:46:28,2017-04-03 08:52:18,0.0,7.56,5,8,Monday
708775,2,234.0,13.0,3.06,2017-04-07 08:18:25,2017-04-07 08:38:15,0.0,18.36,19,8,Friday
322164,2,231.0,144.0,1.23,2017-04-04 08:42:19,2017-04-04 08:55:03,0.0,11.3,12,8,Tuesday
588740,2,233.0,170.0,0.22,2017-04-05 08:15:11,2017-04-05 08:16:39,0.0,3.8,1,8,Wednesday
958564,1,170.0,132.0,16.4,2017-04-05 08:17:19,2017-04-05 09:09:16,0.0,70.26,51,8,Wednesday
543288,2,179.0,170.0,4.99,2017-04-03 08:19:01,2017-04-03 08:51:42,0.0,28.8,32,8,Monday
4535,2,48.0,138.0,12.21,2017-04-07 08:27:15,2017-04-07 09:06:36,0.0,46.06,39,8,Friday
718011,2,107.0,161.0,1.38,2017-04-07 08:09:32,2017-04-07 08:21:41,0.0,12.36,12,8,Friday
434024,1,237.0,162.0,0.9,2017-04-04 08:28:34,2017-04-04 08:36:24,0.0,8.75,7,8,Tuesday
830116,2,186.0,234.0,0.96,2017-04-07 08:11:43,2017-04-07 08:17:27,0.0,8.5,5,8,Friday
295763,2,249.0,163.0,3.04,2017-04-04 08:27:09,2017-04-04 08:46:08,0.0,17.3,18,8,Tuesday
914401,1,7.0,145.0,1.2,2017-04-03 08:07:52,2017-04-03 08:15:58,0.0,7.8,8,8,Monday
430015,1,236.0,229.0,1.8,2017-04-03 08:34:43,2017-04-03 08:48:05,0.0,14.0,13,8,Monday
918879,1,246.0,48.0,2.2,2017-04-06 08:35:56,2017-04-06 08:52:42,0.0,15.95,16,8,Thursday
892152,1,50.0,163.0,0.9,2017-04-05 08:21:20,2017-04-05 08:32:50,0.0,11.75,11,8,Wednesday
527254,2,158.0,231.0,1.05,2017-04-04 08:50:52,2017-04-04 09:01:24,0.0,10.12,10,8,Tuesday
185231,1,142.0,143.0,0.7,2017-04-04 08:55:49,2017-04-04 09:00:46,0.0,6.3,4,8,Tuesday
598843,2,236.0,42.0,2.71,2017-04-05 08:14:06,2017-04-05 08:26:59,0.0,14.3,12,8,Wednesday
247294,1,161.0,161.0,1.0,2017-04-06 08:37:26,2017-04-06 08:54:07,0.0,14.75,16,8,Thursday
234584,2,137.0,170.0,0.92,2017-04-03 08:23:29,2017-04-03 08:28:30,0.0,7.0,5,8,Monday
215495,1,186.0,142.0,2.2,2017-04-07 08:36:37,2017-04-07 08:54:55,0.0,13.8,18,8,Friday
3399,2,186.0,137.0,1.38,2017-04-07 08:14:07,2017-04-07 08:23:15,0.0,8.3,9,8,Friday
576675,2,237.0,237.0,0.85,2017-04-06 08:20:23,2017-04-06 08:25:46,0.0,6.8,5,8,Thursday
347674,2,116.0,239.0,4.42,2017-04-05 08:31:26,2017-04-05 08:52:30,0.0,21.96,21,8,Wednesday
921073,1,170.0,234.0,0.6,2017-04-07 08:34:36,2017-04-07 08:39:11,0.0,6.95,4,8,Friday
770988,1,231.0,68.0,1.2,2017-04-06 08:54:04,2017-04-06 09:01:11,0.0,9.35,7,8,Thursday
1012235,1,90.0,138.0,9.9,2017-04-03 08:13:10,2017-04-03 08:50:29,0.0,51.06,37,8,Monday
153412,1,137.0,107.0,0.8,2017-04-03 08:44:47,2017-04-03 08:52:21,0.0,8.76,7,8,Monday
664698,2,237.0,262.0,0.49,2017-04-03 08:14:41,2017-04-03 08:21:50,0.0,8.16,7,8,Monday
403603,2,230.0,230.0,0.6,2017-04-06 08:11:46,2017-04-06 08:17:37,0.0,7.88,5,8,Thursday
376299,2,143.0,233.0,2.86,2017-04-06 08:19:05,2017-04-06 08:48:14,0.0,24.72,29,8,Thursday
310176,2,137.0,230.0,2.12,2017-04-06 08:01:25,2017-04-06 08:19:17,0.0,12.8,17,8,Thursday
100007,2,79.0,88.0,3.64,2017-04-07 08:43:56,2017-04-07 08:56:16,0.0,18.53,12,8,Friday
798771,2,68.0,246.0,0.4,2017-04-07 08:47:22,2017-04-07 08:50:46,0.0,5.8,3,8,Friday
48625,2,236.0,237.0,0.57,2017-04-06 08:38:43,2017-04-06 08:43:47,0.0,5.8,5,8,Thursday
830789,1,186.0,163.0,1.6,2017-04-03 08:41:54,2017-04-03 08:57:20,0.0,14.75,15,8,Monday
151152,2,114.0,68.0,2.26,2017-04-07 08:34:34,2017-04-07 08:45:55,0.0,12.3,11,8,Friday
804784,2,186.0,230.0,0.97,2017-04-06 08:36:55,2017-04-06 08:53:20,0.0,14.75,16,8,Thursday
583611,2,48.0,132.0,16.99,2017-04-04 08:08:10,2017-04-04 09:18:58,0.0,66.56,70,8,Tuesday
76361,2,237.0,262.0,1.74,2017-04-07 08:37:07,2017-04-07 08:47:38,0.0,11.6,10,8,Friday
557340,1,264.0,264.0,0.4,2017-04-03 08:42:48,2017-04-03 08:45:36,0.0,4.8,2,8,Monday
342615,1,170.0,161.0,0.6,2017-04-06 08:52:22,2017-04-06 08:58:58,0.0,8.15,6,8,Thursday
366353,1,263.0,140.0,1.1,2017-04-05 08:22:22,2017-04-05 08:30:54,0.0,9.35,8,8,Wednesday
690695,1,52.0,237.0,8.2,2017-04-06 08:22:06,2017-04-06 08:52:50,0.0,32.75,30,8,Thursday
996351,2,236.0,162.0,1.19,2017-04-06 08:00:16,2017-04-06 08:07:45,0.0,10.14,7,8,Thursday
317462,1,142.0,236.0,1.7,2017-04-04 08:16:58,2017-04-04 08:29:37,0.0,12.3,12,8,Tuesday
773859,1,140.0,233.0,1.7,2017-04-06 08:35:11,2017-04-06 08:46:21,0.0,12.35,11,8,Thursday
758019,2,90.0,68.0,1.1,2017-04-07 08:21:29,2017-04-07 08:42:15,0.0,9.8,20,8,Friday
589095,2,142.0,141.0,1.25,2017-04-07 08:40:12,2017-04-07 08:49:44,0.0,10.56,9,8,Friday
280639,2,132.0,49.0,12.83,2017-04-06 08:01:11,2017-04-06 09:03:22,0.0,54.8,62,8,Thursday
48545,2,236.0,263.0,0.67,2017-04-05 08:09:21,2017-04-05 08:16:09,0.0,7.7,6,8,Wednesday
898650,2,68.0,231.0,2.99,2017-04-04 08:31:03,2017-04-04 08:51:11,0.0,15.3,20,8,Tuesday
554147,1,161.0,162.0,0.3,2017-04-05 08:51:50,2017-04-05 08:56:17,0.0,6.3,4,8,Wednesday
720803,2,186.0,170.0,0.59,2017-04-03 08:21:30,2017-04-03 08:24:56,0.0,5.3,3,8,Monday
89923,2,79.0,125.0,1.47,2017-04-05 08:40:49,2017-04-05 08:51:29,0.0,11.16,10,8,Wednesday
811252,2,229.0,230.0,1.78,2017-04-04 08:07:59,2017-04-04 08:24:41,0.0,12.3,16,8,Tuesday
719990,1,141.0,162.0,1.8,2017-04-06 08:32:59,2017-04-06 08:57:40,0.0,18.3,24,8,Thursday
632890,2,170.0,137.0,0.76,2017-04-06 08:24:23,2017-04-06 08:31:25,0.0,6.8,7,8,Thursday
413792,1,237.0,238.0,1.8,2017-04-04 08:46:15,2017-04-04 08:58:22,0.0,11.8,12,8,Tuesday
275438,2,264.0,264.0,3.31,2017-04-05 08:46:20,2017-04-05 08:55:15,0.0,15.36,8,8,Wednesday
666609,2,236.0,87.0,8.1,2017-04-06 08:15:43,2017-04-06 08:46:06,0.0,29.5,30,8,Thursday
668631,2,140.0,229.0,0.85,2017-04-05 08:39:04,2017-04-05 08:44:48,0.0,7.8,5,8,Wednesday
721371,2,48.0,163.0,0.64,2017-04-06 08:57:52,2017-04-06 09:07:25,0.0,9.96,9,8,Thursday
419443,2,238.0,229.0,3.9,2017-04-05 08:36:19,2017-04-05 09:05:58,0.0,23.31,29,8,Wednesday
1010476,2,141.0,48.0,1.95,2017-04-06 08:05:59,2017-04-06 08:27:09,0.0,17.16,21,8,Thursday
813659,1,231.0,231.0,0.4,2017-04-07 08:48:44,2017-04-07 08:52:32,0.0,6.35,3,8,Friday
892555,2,170.0,163.0,1.72,2017-04-04 08:56:33,2017-04-04 09:11:25,0.0,13.3,14,8,Tuesday
333722,2,170.0,45.0,2.75,2017-04-06 08:08:49,2017-04-06 08:26:32,0.0,16.56,17,8,Thursday
833136,1,90.0,236.0,3.8,2017-04-06 08:02:49,2017-04-06 08:27:26,0.0,21.95,24,8,Thursday
322186,2,231.0,87.0,1.18,2017-04-05 08:02:14,2017-04-05 08:17:22,0.0,12.8,15,8,Wednesday
453169,1,236.0,236.0,0.3,2017-04-03 08:01:31,2017-04-03 08:05:17,0.0,5.3,3,8,Monday
768406,1,45.0,69.0,10.5,2017-04-07 08:56:33,2017-04-07 09:23:13,0.0,31.8,26,8,Friday
2138,2,137.0,170.0,0.93,2017-04-07 08:02:19,2017-04-07 08:08:34,0.0,8.16,6,8,Friday
684438,2,236.0,43.0,0.93,2017-04-04 08:14:32,2017-04-04 08:21:54,0.0,8.76,7,8,Tuesday
982052,1,239.0,143.0,0.6,2017-04-05 08:33:21,2017-04-05 08:36:39,0.0,6.35,3,8,Wednesday
977137,1,162.0,137.0,1.0,2017-04-06 08:43:02,2017-04-06 08:50:03,0.0,7.3,7,8,Thursday
406350,1,87.0,209.0,0.4,2017-04-06 08:44:15,2017-04-06 08:49:02,0.0,6.35,4,8,Thursday
1035962,2,162.0,140.0,2.12,2017-04-05 08:35:47,2017-04-05 08:47:24,0.0,10.8,11,8,Wednesday
270339,1,74.0,74.0,0.9,2017-04-03 08:27:41,2017-04-03 08:34:26,0.0,6.8,6,8,Monday
822046,2,170.0,246.0,1.94,2017-04-07 08:09:10,2017-04-07 08:23:57,0.0,13.8,14,8,Friday
1043421,2,50.0,261.0,5.34,2017-04-03 08:25:31,2017-04-03 09:05:10,0.0,30.8,39,8,Monday
829395,1,90.0,162.0,1.6,2017-04-07 08:23:28,2017-04-07 08:33:23,0.0,10.3,9,8,Friday
752189,1,263.0,74.0,1.7,2017-04-04 08:30:52,2017-04-04 08:37:59,0.0,9.95,7,8,Tuesday
471338,1,166.0,74.0,2.0,2017-04-04 08:46:11,2017-04-04 08:58:20,0.0,13.55,12,8,Tuesday
666364,2,239.0,142.0,1.12,2017-04-03 08:13:37,2017-04-03 08:20:47,0.0,10.14,7,8,Monday
725476,2,142.0,170.0,2.55,2017-04-05 08:15:17,2017-04-05 08:32:09,0.0,13.3,16,8,Wednesday
394228,1,107.0,162.0,1.6,2017-04-04 08:27:42,2017-04-04 08:39:57,0.0,12.35,12,8,Tuesday
100951,2,107.0,211.0,1.38,2017-04-05 08:57:29,2017-04-05 09:06:54,0.0,10.56,9,8,Wednesday
1002831,2,237.0,142.0,1.18,2017-04-03 08:02:36,2017-04-03 08:10:46,0.0,8.3,8,8,Monday
902032,2,170.0,144.0,2.34,2017-04-06 08:05:21,2017-04-06 08:24:26,0.0,17.16,19,8,Thursday
647126,2,231.0,114.0,0.88,2017-04-06 08:25:54,2017-04-06 08:33:10,0.0,9.12,7,8,Thursday
729427,1,166.0,238.0,1.7,2017-04-03 08:40:10,2017-04-03 08:44:44,0.0,9.3,4,8,Monday
20107,2,237.0,163.0,0.49,2017-04-06 08:56:31,2017-04-06 09:02:31,0.0,7.88,6,8,Thursday
46020,1,186.0,234.0,0.5,2017-04-07 08:23:37,2017-04-07 08:26:39,0.0,6.0,3,8,Friday
675702,1,236.0,239.0,1.2,2017-04-04 08:35:55,2017-04-04 08:43:07,0.0,7.8,7,8,Tuesday
821528,2,163.0,48.0,1.37,2017-04-04 08:02:43,2017-04-04 08:14:46,0.0,9.8,12,8,Tuesday
517749,1,238.0,230.0,2.2,2017-04-06 08:17:51,2017-04-06 08:35:42,0.0,13.8,17,8,Thursday
100222,2,186.0,249.0,1.24,2017-04-04 08:05:12,2017-04-04 08:12:05,0.0,7.3,6,8,Tuesday
89669,1,142.0,170.0,1.9,2017-04-05 08:46:46,2017-04-05 09:06:26,0.0,17.25,19,8,Wednesday
973639,2,148.0,137.0,1.87,2017-04-04 08:32:13,2017-04-04 08:44:26,0.0,13.39,12,8,Tuesday
692986,2,236.0,161.0,2.03,2017-04-07 08:05:55,2017-04-07 08:21:18,0.0,14.76,15,8,Friday
943347,1,162.0,100.0,0.7,2017-04-06 08:10:49,2017-04-06 08:17:29,0.0,7.8,6,8,Thursday
882143,2,113.0,230.0,1.8,2017-04-03 08:43:18,2017-04-03 08:56:03,0.0,13.5,12,8,Monday
391016,1,107.0,231.0,3.4,2017-04-06 08:18:12,2017-04-06 08:42:28,0.0,22.55,24,8,Thursday
129739,2,107.0,163.0,2.39,2017-04-03 08:26:00,2017-04-03 08:46:53,0.0,17.76,20,8,Monday
1005507,2,143.0,162.0,1.85,2017-04-03 08:59:20,2017-04-03 09:23:17,0.0,18.17,23,8,Monday
340629,1,132.0,164.0,22.9,2017-04-05 08:41:21,2017-04-05 09:44:21,0.0,66.56,63,8,Wednesday
415607,1,7.0,146.0,0.7,2017-04-03 08:37:55,2017-04-03 08:42:59,0.0,6.67,5,8,Monday
36765,2,48.0,230.0,0.82,2017-04-07 08:37:32,2017-04-07 08:42:15,0.0,7.56,4,8,Friday
508864,1,239.0,166.0,1.3,2017-04-05 08:27:14,2017-04-05 08:36:22,0.0,9.3,9,8,Wednesday
333339,2,233.0,161.0,1.12,2017-04-06 08:43:06,2017-04-06 09:01:34,0.0,19.03,18,8,Thursday
76502,2,239.0,142.0,0.76,2017-04-03 08:32:48,2017-04-03 08:35:27,0.0,6.36,2,8,Monday
318997,2,48.0,50.0,0.93,2017-04-07 08:01:43,2017-04-07 08:05:33,0.0,7.25,3,8,Friday
340997,2,249.0,161.0,2.84,2017-04-03 08:45:02,2017-04-03 09:03:08,0.0,17.16,18,8,Monday
495314,1,238.0,186.0,3.2,2017-04-06 08:11:38,2017-04-06 08:34:23,0.0,16.8,22,8,Thursday
262021,1,186.0,170.0,0.7,2017-04-06 08:48:59,2017-04-06 08:53:43,0.0,7.25,4,8,Thursday
268193,1,7.0,256.0,4.6,2017-04-07 08:04:34,2017-04-07 08:23:48,0.0,20.75,19,8,Friday
38792,2,236.0,236.0,0.38,2017-04-04 08:22:31,2017-04-04 08:23:52,0.0,5.3,1,8,Tuesday
162924,2,236.0,161.0,1.68,2017-04-07 08:39:57,2017-04-07 08:59:38,0.0,16.56,19,8,Friday
78184,1,161.0,230.0,0.6,2017-04-05 08:15:30,2017-04-05 08:20:37,0.0,5.8,5,8,Wednesday
942439,2,74.0,41.0,0.87,2017-04-03 08:37:01,2017-04-03 08:44:22,0.0,8.76,7,8,Monday
307542,2,236.0,162.0,1.92,2017-04-05 08:41:25,2017-04-05 08:59:26,0.0,15.3,18,8,Wednesday
120112,1,141.0,229.0,1.0,2017-04-07 08:16:50,2017-04-07 08:22:31,0.0,8.3,5,8,Friday
275114,2,43.0,161.0,0.92,2017-04-05 08:37:02,2017-04-05 08:45:05,0.0,7.3,8,8,Wednesday
529346,2,263.0,138.0,7.32,2017-04-07 08:43:59,2017-04-07 08:59:15,0.0,31.06,15,8,Friday
610487,1,186.0,161.0,1.0,2017-04-05 08:30:33,2017-04-05 08:44:42,0.0,12.35,14,8,Wednesday
335748,1,246.0,158.0,1.4,2017-04-05 08:12:16,2017-04-05 08:23:15,0.0,11.15,10,8,Wednesday
501920,1,113.0,230.0,2.3,2017-04-03 08:50:31,2017-04-03 09:09:53,0.0,16.55,19,8,Monday
6885,1,90.0,234.0,0.6,2017-04-05 08:48:05,2017-04-05 08:53:56,0.0,6.3,5,8,Wednesday
1033010,1,237.0,142.0,1.0,2017-04-04 08:26:06,2017-04-04 08:33:16,0.0,7.3,7,8,Tuesday
280433,1,262.0,263.0,0.3,2017-04-05 08:11:40,2017-04-05 08:14:56,0.0,5.75,3,8,Wednesday
958524,1,262.0,162.0,2.6,2017-04-05 08:38:42,2017-04-05 08:57:14,0.0,17.3,18,8,Wednesday
828697,2,140.0,236.0,1.43,2017-04-03 08:23:36,2017-04-03 08:35:39,0.0,14.31,12,8,Monday
139518,2,87.0,162.0,5.27,2017-04-07 08:48:36,2017-04-07 09:09:44,0.0,22.3,21,8,Friday
457276,2,48.0,161.0,0.72,2017-04-07 08:47:29,2017-04-07 08:52:14,0.0,6.96,4,8,Friday
617498,2,87.0,170.0,5.23,2017-04-04 08:50:45,2017-04-04 09:14:11,0.0,22.33,23,8,Tuesday
168417,2,233.0,161.0,0.79,2017-04-05 08:59:18,2017-04-05 09:19:24,0.0,13.3,20,8,Wednesday
832549,1,263.0,229.0,1.3,2017-04-07 08:13:27,2017-04-07 08:19:36,0.0,7.8,6,8,Friday
828884,2,68.0,161.0,1.03,2017-04-03 08:58:25,2017-04-03 09:10:18,0.0,11.16,11,8,Monday
477394,2,75.0,43.0,1.62,2017-04-07 08:34:46,2017-04-07 08:50:33,0.0,13.3,15,8,Friday
1014937,2,161.0,68.0,2.37,2017-04-07 08:56:31,2017-04-07 09:13:10,0.0,15.96,16,8,Friday
846183,2,200.0,200.0,4.0,2017-04-05 08:10:12,2017-04-05 08:36:42,0.0,19.3,26,8,Wednesday
558846,2,141.0,263.0,1.16,2017-04-04 08:02:02,2017-04-04 08:09:20,0.0,7.3,7,8,Tuesday
1011782,1,246.0,127.0,8.6,2017-04-05 08:55:36,2017-04-05 09:12:02,0.0,29.8,16,8,Wednesday
212542,1,79.0,137.0,1.5,2017-04-03 08:22:05,2017-04-03 08:32:34,0.0,11.15,10,8,Monday
838000,1,141.0,163.0,1.4,2017-04-07 08:17:37,2017-04-07 08:29:06,0.0,11.75,11,8,Friday
321818,2,48.0,143.0,0.62,2017-04-07 08:12:54,2017-04-07 08:18:11,0.0,7.56,5,8,Friday
980043,1,170.0,234.0,0.6,2017-04-06 08:13:50,2017-04-06 08:16:46,0.0,5.8,2,8,Thursday
43045,1,264.0,264.0,17.7,2017-04-05 08:45:25,2017-04-05 09:45:20,0.0,57.8,59,8,Wednesday
487838,2,163.0,237.0,0.92,2017-04-07 08:39:41,2017-04-07 08:43:10,0.0,7.8,3,8,Friday
397338,2,79.0,50.0,3.15,2017-04-03 08:08:27,2017-04-03 08:31:36,0.0,17.3,23,8,Monday
387509,1,264.0,88.0,4.7,2017-04-06 08:34:20,2017-04-06 08:54:07,0.0,21.8,19,8,Thursday
424719,2,236.0,161.0,2.37,2017-04-03 08:46:57,2017-04-03 09:04:56,0.0,17.16,17,8,Monday
4415,1,107.0,209.0,3.4,2017-04-06 08:05:57,2017-04-06 08:17:52,0.0,16.3,11,8,Thursday
136827,1,140.0,164.0,2.8,2017-04-06 08:22:43,2017-04-06 08:47:35,0.0,20.15,24,8,Thursday
606222,1,142.0,162.0,2.2,2017-04-05 08:39:06,2017-04-05 09:04:38,0.0,21.0,25,8,Wednesday
860716,1,41.0,74.0,1.1,2017-04-07 08:00:17,2017-04-07 08:07:47,0.0,7.3,7,8,Friday
560224,2,48.0,261.0,5.17,2017-04-06 08:52:00,2017-04-06 09:32:55,0.0,32.16,40,8,Thursday
295860,2,68.0,246.0,1.18,2017-04-06 08:55:17,2017-04-06 09:04:41,0.0,9.96,9,8,Thursday
464959,2,237.0,141.0,0.95,2017-04-07 08:07:43,2017-04-07 08:14:34,0.0,9.12,6,8,Friday
643727,2,170.0,230.0,1.24,2017-04-07 08:07:26,2017-04-07 08:20:38,0.0,12.36,13,8,Friday
966016,1,170.0,114.0,1.9,2017-04-06 08:49:59,2017-04-06 09:03:08,0.0,13.3,13,8,Thursday
143713,2,113.0,170.0,1.72,2017-04-07 08:41:12,2017-04-07 08:51:38,0.0,11.62,10,8,Friday
648994,1,164.0,68.0,0.7,2017-04-06 08:40:31,2017-04-06 08:50:49,0.0,9.95,10,8,Thursday
153033,2,237.0,141.0,0.68,2017-04-05 08:10:45,2017-04-05 08:17:27,0.0,7.9,6,8,Wednesday
351838,2,52.0,33.0,0.75,2017-04-05 08:05:03,2017-04-05 08:17:49,0.0,11.76,12,8,Wednesday
679135,1,236.0,237.0,1.1,2017-04-05 08:23:02,2017-04-05 08:34:33,0.0,11.75,11,8,Wednesday
523584,1,162.0,88.0,5.2,2017-04-04 08:04:54,2017-04-04 08:21:30,0.0,23.5,16,8,Tuesday
237682,2,170.0,13.0,3.37,2017-04-04 08:10:27,2017-04-04 08:31:17,0.0,18.4,20,8,Tuesday
348218,1,238.0,230.0,2.3,2017-04-04 08:18:28,2017-04-04 08:32:52,0.0,14.3,14,8,Tuesday
542009,1,113.0,137.0,1.4,2017-04-03 08:14:11,2017-04-03 08:23:34,0.0,8.8,9,8,Monday
155406,1,230.0,164.0,1.1,2017-04-06 08:18:41,2017-04-06 08:28:12,0.0,8.3,9,8,Thursday
1013015,1,161.0,138.0,10.4,2017-04-03 08:38:18,2017-04-03 09:22:17,0.0,42.3,43,8,Monday
750328,2,107.0,79.0,0.36,2017-04-07 08:45:46,2017-04-07 08:47:20,0.0,4.3,1,8,Friday
130909,2,142.0,230.0,2.06,2017-04-04 08:01:53,2017-04-04 08:11:12,0.0,11.27,9,8,Tuesday
465230,1,162.0,100.0,0.7,2017-04-04 08:04:00,2017-04-04 08:11:08,0.0,6.8,7,8,Tuesday
386106,2,100.0,170.0,0.51,2017-04-04 08:59:43,2017-04-04 09:04:06,0.0,5.3,4,8,Tuesday
41925,1,229.0,48.0,1.7,2017-04-06 08:42:18,2017-04-06 09:03:17,0.0,16.3,20,8,Thursday
601443,1,230.0,68.0,1.7,2017-04-05 08:44:35,2017-04-05 08:59:07,0.0,14.3,14,8,Wednesday
763306,1,264.0,264.0,1.2,2017-04-07 08:07:25,2017-04-07 08:18:49,0.0,11.15,11,8,Friday
689592,1,186.0,234.0,0.6,2017-04-03 08:04:36,2017-04-03 08:08:15,0.0,6.63,3,8,Monday
911390,2,186.0,234.0,0.64,2017-04-05 08:49:45,2017-04-05 08:54:32,0.0,5.8,4,8,Wednesday
124746,2,211.0,162.0,2.89,2017-04-07 08:19:40,2017-04-07 08:36:49,0.0,17.25,17,8,Friday
784631,2,224.0,246.0,0.1,2017-04-05 08:38:01,2017-04-05 09:32:37,0.0,3.3,54,8,Wednesday
764357,2,132.0,17.0,13.07,2017-04-05 08:34:13,2017-04-05 09:27:31,0.0,51.83,53,8,Wednesday
591176,2,231.0,90.0,3.04,2017-04-06 08:48:15,2017-04-06 09:05:52,0.0,18.36,17,8,Thursday
686645,2,161.0,239.0,2.41,2017-04-07 08:12:13,2017-04-07 08:25:56,0.0,15.38,13,8,Friday
691743,1,263.0,75.0,0.9,2017-04-05 08:44:22,2017-04-05 08:50:02,0.0,6.3,5,8,Wednesday
172528,2,233.0,132.0,14.9,2017-04-05 08:02:42,2017-04-05 08:34:08,0.0,70.27,31,8,Wednesday
877622,2,107.0,170.0,1.17,2017-04-07 08:01:14,2017-04-07 08:07:34,0.0,8.76,6,8,Friday
696560,1,143.0,161.0,1.8,2017-04-03 08:43:28,2017-04-03 08:55:53,0.0,12.95,12,8,Monday
71075,1,239.0,142.0,0.9,2017-04-07 08:40:59,2017-04-07 08:45:45,0.0,7.85,4,8,Friday
921625,1,151.0,163.0,2.9,2017-04-07 08:13:12,2017-04-07 08:32:36,0.0,17.75,19,8,Friday
159583,1,75.0,166.0,2.2,2017-04-04 08:39:23,2017-04-04 08:50:40,0.0,12.95,11,8,Tuesday
470585,1,239.0,75.0,2.3,2017-04-05 08:09:45,2017-04-05 08:28:01,0.0,17.15,18,8,Wednesday
139578,2,239.0,162.0,2.79,2017-04-05 08:34:52,2017-04-05 08:57:52,0.0,20.16,23,8,Wednesday
769452,1,24.0,68.0,5.4,2017-04-04 08:02:09,2017-04-04 08:24:04,0.0,21.3,21,8,Tuesday
839501,2,236.0,236.0,0.54,2017-04-06 08:48:43,2017-04-06 08:51:48,0.0,6.05,3,8,Thursday
536639,1,186.0,234.0,0.8,2017-04-05 08:30:43,2017-04-05 08:36:00,0.0,6.95,5,8,Wednesday
988386,2,107.0,170.0,0.74,2017-04-07 08:43:13,2017-04-07 08:48:25,0.0,7.56,5,8,Friday
407668,1,90.0,144.0,2.0,2017-04-07 08:03:57,2017-04-07 08:18:18,0.0,14.15,14,8,Friday
651834,2,237.0,151.0,2.53,2017-04-05 08:13:34,2017-04-05 08:28:46,0.0,11.3,15,8,Wednesday
790968,2,143.0,163.0,1.37,2017-04-07 08:25:04,2017-04-07 08:37:34,0.0,12.36,12,8,Friday
103231,2,238.0,238.0,2.72,2017-04-03 08:05:57,2017-04-03 08:21:08,0.0,17.91,15,8,Monday
777343,2,75.0,140.0,1.49,2017-04-03 08:59:43,2017-04-03 09:09:57,0.0,11.16,10,8,Monday
471280,2,263.0,140.0,0.85,2017-04-07 08:02:15,2017-04-07 08:08:47,0.0,8.16,6,8,Friday
43852,1,186.0,137.0,1.3,2017-04-04 08:16:55,2017-04-04 08:27:24,0.0,9.3,10,8,Tuesday
1025472,1,87.0,233.0,5.0,2017-04-06 08:29:28,2017-04-06 08:51:17,0.0,22.55,21,8,Thursday
777404,2,186.0,234.0,0.85,2017-04-07 08:39:08,2017-04-07 08:43:05,0.0,7.25,3,8,Friday
269951,2,239.0,229.0,2.65,2017-04-03 08:04:45,2017-04-03 08:30:22,0.0,17.3,25,8,Monday
1021804,1,48.0,158.0,2.4,2017-04-07 08:54:38,2017-04-07 09:06:27,0.0,12.0,11,8,Friday
827478,2,141.0,161.0,1.14,2017-04-05 08:24:47,2017-04-05 08:33:43,0.0,9.3,8,8,Wednesday
1043848,1,236.0,161.0,2.7,2017-04-06 08:11:09,2017-04-06 08:38:42,0.0,21.95,27,8,Thursday
292024,2,162.0,163.0,0.9,2017-04-03 08:27:12,2017-04-03 08:33:01,0.0,8.16,5,8,Monday
97496,1,161.0,170.0,1.5,2017-04-07 08:43:09,2017-04-07 09:06:55,0.0,15.3,23,8,Friday
586505,1,132.0,68.0,30.1,2017-04-03 08:46:42,2017-04-03 09:47:56,0.0,66.56,61,8,Monday
616341,1,170.0,170.0,0.4,2017-04-03 08:36:02,2017-04-03 08:40:03,0.0,6.1,4,8,Monday
976372,2,229.0,229.0,0.19,2017-04-03 08:47:18,2017-04-03 08:49:56,0.0,4.3,2,8,Monday
35696,2,137.0,100.0,1.4,2017-04-06 08:46:25,2017-04-06 09:05:56,0.0,15.8,19,8,Thursday
561043,2,163.0,140.0,1.45,2017-04-05 08:18:40,2017-04-05 08:28:03,0.0,11.0,9,8,Wednesday
173480,1,142.0,237.0,1.4,2017-04-03 08:50:12,2017-04-03 09:03:20,0.0,12.0,13,8,Monday
836103,1,230.0,132.0,18.0,2017-04-04 08:55:22,2017-04-04 09:50:21,0.0,70.26,54,8,Tuesday
671301,2,24.0,166.0,0.55,2017-04-06 08:14:28,2017-04-06 08:18:34,0.0,6.36,4,8,Thursday
368062,1,234.0,48.0,1.8,2017-04-06 08:47:14,2017-04-06 09:00:01,0.0,12.95,12,8,Thursday
491605,2,141.0,236.0,0.41,2017-04-07 08:32:07,2017-04-07 08:35:56,0.0,5.3,3,8,Friday
747188,1,162.0,107.0,0.7,2017-04-04 08:22:53,2017-04-04 08:27:08,0.0,7.5,4,8,Tuesday
622693,2,162.0,163.0,0.5,2017-04-05 09:35:03,2017-04-05 09:45:43,0.0,9.96,10,9,Wednesday
16426,2,262.0,162.0,2.95,2017-04-06 09:41:14,2017-04-06 09:57:25,0.0,13.3,16,9,Thursday
848664,1,262.0,233.0,2.3,2017-04-06 09:32:31,2017-04-06 09:51:39,0.0,17.15,19,9,Thursday
1001194,1,264.0,264.0,1.7,2017-04-06 09:16:39,2017-04-06 09:30:17,0.0,12.95,13,9,Thursday
15650,2,107.0,163.0,2.76,2017-04-03 09:19:17,2017-04-03 09:34:00,0.0,15.96,14,9,Monday
425382,2,230.0,230.0,1.13,2017-04-06 09:08:26,2017-04-06 09:23:29,0.0,10.8,15,9,Thursday
119265,1,236.0,161.0,1.8,2017-04-06 09:34:04,2017-04-06 09:51:33,0.0,15.95,17,9,Thursday
883778,1,236.0,161.0,2.0,2017-04-05 09:26:55,2017-04-05 09:47:10,0.0,16.3,20,9,Wednesday
586604,1,113.0,211.0,0.5,2017-04-05 09:44:49,2017-04-05 09:48:52,0.0,6.3,4,9,Wednesday
480103,1,107.0,162.0,1.9,2017-04-07 09:51:35,2017-04-07 10:07:41,0.0,15.35,16,9,Friday
93069,2,140.0,140.0,0.5,2017-04-06 09:08:42,2017-04-06 09:13:05,0.0,5.8,4,9,Thursday
329432,2,231.0,261.0,0.79,2017-04-07 09:03:06,2017-04-07 09:15:35,0.0,6.8,12,9,Friday
641440,2,211.0,170.0,2.5,2017-04-05 09:57:47,2017-04-05 10:18:56,0.0,18.96,21,9,Wednesday
398193,1,141.0,237.0,0.5,2017-04-04 09:47:40,2017-04-04 09:51:50,0.0,6.35,4,9,Tuesday
400375,2,263.0,236.0,0.8,2017-04-04 09:37:25,2017-04-04 09:44:52,0.0,6.8,7,9,Tuesday
373939,2,164.0,100.0,0.65,2017-04-04 09:55:52,2017-04-04 10:02:16,0.0,6.3,6,9,Tuesday
239840,1,231.0,125.0,0.8,2017-04-06 09:34:16,2017-04-06 09:40:34,0.0,6.8,6,9,Thursday
35701,2,236.0,65.0,8.33,2017-04-06 09:44:50,2017-04-06 10:10:07,0.0,32.16,25,9,Thursday
890516,2,261.0,50.0,4.96,2017-04-06 09:16:54,2017-04-06 09:45:26,0.0,22.8,28,9,Thursday
926586,2,236.0,262.0,0.66,2017-04-07 09:36:04,2017-04-07 09:43:51,0.0,7.3,7,9,Friday
853180,1,264.0,264.0,0.9,2017-04-07 09:35:57,2017-04-07 09:42:52,0.0,8.75,6,9,Friday
798031,2,87.0,249.0,1.58,2017-04-05 09:41:53,2017-04-05 09:55:04,0.0,13.5,13,9,Wednesday
391564,1,68.0,161.0,1.1,2017-04-07 09:40:29,2017-04-07 09:49:40,0.0,9.3,9,9,Friday
147236,2,237.0,162.0,0.48,2017-04-06 09:25:58,2017-04-06 09:37:27,0.0,10.56,11,9,Thursday
202777,1,237.0,162.0,0.9,2017-04-06 09:32:20,2017-04-06 09:46:42,0.0,10.8,14,9,Thursday
249727,2,141.0,170.0,1.74,2017-04-05 09:47:15,2017-04-05 10:03:05,0.0,15.38,15,9,Wednesday
83714,1,75.0,152.0,2.2,2017-04-06 09:19:11,2017-04-06 09:32:16,0.0,11.3,13,9,Thursday
403334,1,161.0,163.0,0.6,2017-04-04 09:45:39,2017-04-04 09:49:26,0.0,6.35,3,9,Tuesday
213238,1,236.0,230.0,2.7,2017-04-03 09:46:28,2017-04-03 10:13:19,0.0,17.8,26,9,Monday
584606,2,75.0,243.0,5.68,2017-04-03 09:55:16,2017-04-03 10:08:23,0.0,18.8,13,9,Monday
78990,1,239.0,238.0,1.0,2017-04-07 09:03:31,2017-04-07 09:09:02,0.0,8.15,5,9,Friday
644036,2,79.0,132.0,17.63,2017-04-07 09:27:03,2017-04-07 10:04:52,0.0,70.27,37,9,Friday
762515,1,186.0,13.0,3.6,2017-04-06 09:56:23,2017-04-06 10:13:19,0.0,17.8,16,9,Thursday
451341,1,158.0,68.0,1.4,2017-04-06 09:34:02,2017-04-06 09:40:47,0.0,8.97,6,9,Thursday
435627,1,170.0,186.0,1.5,2017-04-07 09:37:06,2017-04-07 09:59:28,0.0,17.75,22,9,Friday
900177,2,141.0,233.0,1.16,2017-04-05 09:08:15,2017-04-05 09:17:35,0.0,9.54,9,9,Wednesday
1010211,1,132.0,230.0,17.3,2017-04-04 09:24:05,2017-04-04 10:27:52,0.0,73.16,63,9,Tuesday
844614,2,13.0,125.0,0.79,2017-04-05 09:29:07,2017-04-05 09:32:07,0.0,6.62,3,9,Wednesday
67511,1,170.0,170.0,0.8,2017-04-05 09:37:34,2017-04-05 10:00:36,0.0,17.75,23,9,Wednesday
352140,2,262.0,263.0,0.29,2017-04-05 09:43:35,2017-04-05 09:45:22,0.0,5.38,1,9,Wednesday
776824,1,100.0,90.0,1.1,2017-04-05 09:24:53,2017-04-05 09:34:46,0.0,10.55,9,9,Wednesday
725405,2,236.0,236.0,0.7,2017-04-05 09:42:17,2017-04-05 09:46:21,1.0,7.56,4,9,Wednesday
899467,2,249.0,246.0,2.09,2017-04-04 09:05:28,2017-04-04 09:17:37,0.0,14.69,12,9,Tuesday
371152,1,239.0,164.0,3.0,2017-04-04 09:22:39,2017-04-04 09:43:47,0.0,17.8,21,9,Tuesday
586837,2,79.0,170.0,1.42,2017-04-03 09:26:31,2017-04-03 09:37:02,0.0,11.76,10,9,Monday
439276,2,234.0,90.0,0.43,2017-04-03 09:36:32,2017-04-03 09:39:46,0.0,6.24,3,9,Monday
1033786,1,75.0,186.0,5.5,2017-04-06 09:35:09,2017-04-06 10:04:15,0.0,24.8,29,9,Thursday
146289,2,237.0,13.0,6.11,2017-04-07 09:33:36,2017-04-07 10:13:28,0.0,28.8,39,9,Friday
204977,2,236.0,166.0,2.54,2017-04-04 09:33:03,2017-04-04 09:47:22,0.0,12.8,14,9,Tuesday
212316,1,50.0,50.0,0.4,2017-04-05 09:20:34,2017-04-05 09:22:38,0.0,4.3,2,9,Wednesday
865029,2,233.0,163.0,2.0,2017-04-07 09:50:27,2017-04-07 10:09:14,0.0,16.56,18,9,Friday
345479,2,164.0,163.0,1.52,2017-04-07 09:46:20,2017-04-07 10:02:24,0.0,11.8,16,9,Friday
898593,1,137.0,233.0,0.7,2017-04-03 09:49:18,2017-04-03 09:55:31,0.0,8.15,6,9,Monday
40116,2,161.0,162.0,0.4,2017-04-04 09:03:32,2017-04-04 09:07:04,0.0,5.8,3,9,Tuesday
1028507,2,237.0,50.0,2.8,2017-04-05 09:35:31,2017-04-05 09:57:41,0.0,16.3,22,9,Wednesday
699108,2,230.0,68.0,1.16,2017-04-04 09:45:57,2017-04-04 09:53:40,0.0,9.36,7,9,Tuesday
670631,2,234.0,249.0,0.98,2017-04-06 09:45:41,2017-04-06 09:51:52,0.0,8.84,6,9,Thursday
840347,2,229.0,234.0,2.21,2017-04-05 09:07:12,2017-04-05 09:34:34,0.0,21.36,27,9,Wednesday
301705,2,4.0,233.0,2.94,2017-04-05 09:02:25,2017-04-05 09:15:15,0.0,16.56,12,9,Wednesday
997985,1,170.0,50.0,1.3,2017-04-05 09:30:14,2017-04-05 09:46:11,0.0,13.8,15,9,Wednesday
85534,1,164.0,162.0,1.1,2017-04-05 09:11:25,2017-04-05 09:28:04,0.0,14.75,16,9,Wednesday
393054,1,186.0,249.0,1.1,2017-04-07 09:21:51,2017-04-07 09:26:42,0.0,8.15,4,9,Friday
792225,1,211.0,112.0,5.1,2017-04-04 09:50:24,2017-04-04 10:13:29,0.0,24.95,23,9,Tuesday
804332,1,230.0,87.0,5.7,2017-04-05 09:42:10,2017-04-05 10:15:26,0.0,25.8,33,9,Wednesday
985488,1,237.0,100.0,1.6,2017-04-05 09:06:33,2017-04-05 09:23:21,0.0,15.95,16,9,Wednesday
476286,1,229.0,233.0,0.7,2017-04-05 09:11:13,2017-04-05 09:15:41,0.0,5.8,4,9,Wednesday
257734,1,162.0,234.0,1.8,2017-04-06 09:40:34,2017-04-06 09:53:53,0.0,13.5,13,9,Thursday
1019450,2,138.0,79.0,10.42,2017-04-06 09:03:21,2017-04-06 10:05:12,0.0,42.3,61,9,Thursday
72399,2,75.0,239.0,2.14,2017-04-03 09:54:55,2017-04-03 10:06:28,0.0,10.8,11,9,Monday
747065,2,164.0,211.0,1.91,2017-04-07 09:29:15,2017-04-07 09:42:34,0.0,10.8,13,9,Friday
991035,1,239.0,151.0,1.4,2017-04-07 09:47:28,2017-04-07 09:55:49,0.0,10.55,8,9,Friday
588734,1,170.0,140.0,2.7,2017-04-03 09:14:14,2017-04-03 09:28:59,0.0,14.8,14,9,Monday
857086,2,13.0,45.0,2.17,2017-04-04 09:44:22,2017-04-04 09:58:57,0.0,12.8,14,9,Tuesday
1013515,2,50.0,186.0,1.9,2017-04-03 09:10:18,2017-04-03 09:23:26,0.0,11.3,13,9,Monday
699288,1,43.0,163.0,2.2,2017-04-03 09:02:09,2017-04-03 09:19:52,0.0,15.95,17,9,Monday
263051,2,48.0,48.0,0.89,2017-04-04 09:40:35,2017-04-04 09:49:33,0.0,8.3,8,9,Tuesday
633372,1,141.0,141.0,0.6,2017-04-04 09:45:48,2017-04-04 09:50:10,0.0,6.8,4,9,Tuesday
358257,1,68.0,48.0,1.3,2017-04-05 09:56:35,2017-04-05 10:10:58,0.0,12.42,14,9,Wednesday
988396,1,262.0,233.0,3.2,2017-04-04 09:55:56,2017-04-04 10:06:47,0.0,14.15,10,9,Tuesday
1034675,2,79.0,234.0,0.77,2017-04-03 09:37:56,2017-04-03 09:46:26,0.0,10.14,8,9,Monday
328929,2,237.0,237.0,1.05,2017-04-04 09:45:46,2017-04-04 10:03:07,0.0,12.3,17,9,Tuesday
606587,1,237.0,236.0,0.7,2017-04-03 09:10:03,2017-04-03 09:14:55,0.0,5.8,4,9,Monday
544450,2,238.0,43.0,1.68,2017-04-04 09:56:47,2017-04-04 10:14:15,0.0,14.8,17,9,Tuesday
301704,2,141.0,233.0,1.45,2017-04-04 09:34:32,2017-04-04 09:46:47,0.0,12.88,12,9,Tuesday
1038004,1,262.0,162.0,2.7,2017-04-05 09:19:24,2017-04-05 09:32:51,0.0,14.72,13,9,Wednesday
105665,2,229.0,113.0,3.24,2017-04-05 09:46:43,2017-04-05 10:14:47,0.0,24.12,28,9,Wednesday
410742,1,164.0,236.0,3.4,2017-04-03 09:00:17,2017-04-03 09:20:10,0.0,18.95,19,9,Monday
25135,2,140.0,166.0,3.99,2017-04-03 09:12:40,2017-04-03 09:31:23,0.0,16.8,18,9,Monday
513177,1,237.0,161.0,0.8,2017-04-07 09:59:44,2017-04-07 10:05:10,0.0,7.3,5,9,Friday
839847,2,140.0,132.0,18.1,2017-04-06 09:36:04,2017-04-06 10:24:22,0.0,63.36,48,9,Thursday
807437,1,79.0,234.0,0.9,2017-04-03 09:30:12,2017-04-03 09:40:10,0.0,10.55,9,9,Monday
355055,2,138.0,233.0,10.68,2017-04-07 09:16:40,2017-04-07 09:54:00,0.0,44.56,37,9,Friday
98008,1,186.0,246.0,0.8,2017-04-07 09:26:30,2017-04-07 09:33:00,0.0,8.15,6,9,Friday
627882,2,161.0,163.0,0.48,2017-04-04 09:55:54,2017-04-04 09:59:52,0.0,6.36,3,9,Tuesday
802266,2,43.0,75.0,1.39,2017-04-03 09:49:02,2017-04-03 09:57:17,0.0,8.3,8,9,Monday
259924,1,163.0,142.0,0.6,2017-04-05 09:49:44,2017-04-05 09:53:57,0.0,6.6,4,9,Wednesday
913513,1,237.0,161.0,0.9,2017-04-05 09:25:53,2017-04-05 09:34:19,0.0,7.8,8,9,Wednesday
241614,1,138.0,186.0,12.1,2017-04-03 09:28:24,2017-04-03 10:32:11,0.0,64.26,63,9,Monday
138716,2,186.0,164.0,0.63,2017-04-05 09:52:24,2017-04-05 09:58:19,0.0,6.3,5,9,Wednesday
673839,1,48.0,41.0,4.2,2017-04-06 09:56:24,2017-04-06 10:20:14,0.0,20.3,23,9,Thursday
894456,2,13.0,90.0,3.97,2017-04-04 09:01:29,2017-04-04 09:21:56,0.0,22.49,20,9,Tuesday
228436,2,234.0,233.0,1.68,2017-04-04 09:50:40,2017-04-04 10:02:15,0.0,10.3,11,9,Tuesday
45035,1,13.0,231.0,0.6,2017-04-06 09:09:01,2017-04-06 09:14:35,0.0,7.3,5,9,Thursday
397724,2,237.0,161.0,1.42,2017-04-07 09:17:13,2017-04-07 09:31:00,0.0,14.04,13,9,Friday
651169,1,68.0,239.0,3.1,2017-04-07 09:15:31,2017-04-07 09:31:14,0.0,17.15,15,9,Friday
132861,1,237.0,170.0,2.2,2017-04-03 09:15:39,2017-04-03 09:37:21,0.0,18.8,21,9,Monday
202479,1,48.0,246.0,0.7,2017-04-04 09:05:26,2017-04-04 09:11:17,0.0,7.3,5,9,Tuesday
444953,1,170.0,100.0,0.6,2017-04-06 09:23:56,2017-04-06 09:30:13,0.0,7.85,6,9,Thursday
289790,1,237.0,74.0,3.3,2017-04-07 09:04:17,2017-04-07 09:20:01,0.0,15.3,15,9,Friday
542953,2,236.0,161.0,3.11,2017-04-03 09:53:21,2017-04-03 10:24:18,0.0,24.96,30,9,Monday
414487,2,141.0,161.0,0.93,2017-04-06 09:52:33,2017-04-06 10:02:53,0.0,9.68,10,9,Thursday
644102,1,142.0,50.0,1.8,2017-04-05 09:39:14,2017-04-05 09:55:57,0.0,13.8,16,9,Wednesday
500336,2,100.0,161.0,1.22,2017-04-03 09:08:48,2017-04-03 09:18:37,0.0,8.3,9,9,Monday
702591,1,141.0,233.0,0.9,2017-04-04 09:03:09,2017-04-04 09:23:31,0.0,13.3,20,9,Tuesday
764661,1,88.0,87.0,0.3,2017-04-04 09:15:45,2017-04-04 09:20:48,0.0,5.8,5,9,Tuesday
647330,1,229.0,233.0,0.5,2017-04-05 09:33:50,2017-04-05 09:35:31,0.0,5.15,1,9,Wednesday
806662,1,158.0,162.0,3.1,2017-04-05 09:04:29,2017-04-05 09:29:10,0.0,21.35,24,9,Wednesday
825819,2,144.0,13.0,2.01,2017-04-04 09:20:10,2017-04-04 09:34:15,0.0,13.8,14,9,Tuesday
747929,2,68.0,246.0,0.5,2017-04-07 09:05:05,2017-04-07 09:08:58,0.0,6.36,3,9,Friday
90068,1,141.0,162.0,2.8,2017-04-05 09:12:54,2017-04-05 09:27:14,0.0,15.95,14,9,Wednesday
507137,2,263.0,162.0,1.55,2017-04-06 09:17:58,2017-04-06 09:30:34,0.0,10.3,12,9,Thursday
498214,1,143.0,238.0,1.5,2017-04-07 09:00:03,2017-04-07 09:07:25,0.0,9.55,7,9,Friday
49232,1,87.0,237.0,6.0,2017-04-04 09:08:21,2017-04-04 09:39:53,0.0,30.35,31,9,Tuesday
241370,2,141.0,143.0,2.59,2017-04-07 09:56:07,2017-04-07 10:12:35,0.0,16.56,16,9,Friday
619071,1,237.0,100.0,2.7,2017-04-04 09:41:03,2017-04-04 09:59:52,0.0,16.3,18,9,Tuesday
846423,2,161.0,234.0,1.37,2017-04-03 09:33:00,2017-04-03 09:40:19,0.0,9.36,7,9,Monday
36844,2,48.0,48.0,0.79,2017-04-05 09:17:21,2017-04-05 09:23:57,0.0,8.5,6,9,Wednesday
595324,2,158.0,68.0,0.72,2017-04-07 09:21:05,2017-04-07 09:29:08,0.0,8.76,8,9,Friday
282065,2,132.0,82.0,11.57,2017-04-03 09:40:08,2017-04-03 10:08:00,0.0,35.3,27,9,Monday
630866,2,143.0,238.0,1.73,2017-04-05 09:48:12,2017-04-05 09:56:49,0.0,10.56,8,9,Wednesday
860001,1,79.0,79.0,0.5,2017-04-06 09:03:24,2017-04-06 09:06:33,0.0,5.3,3,9,Thursday
541047,1,138.0,262.0,7.5,2017-04-07 09:27:25,2017-04-07 09:56:32,0.0,31.56,29,9,Friday
200537,2,238.0,48.0,2.6,2017-04-06 09:44:46,2017-04-06 10:03:50,0.0,14.3,19,9,Thursday
1047079,2,186.0,164.0,0.74,2017-04-05 09:16:30,2017-04-05 09:29:45,0.0,11.76,13,9,Wednesday
766274,2,236.0,237.0,1.25,2017-04-05 09:17:29,2017-04-05 09:28:47,0.0,11.76,11,9,Wednesday
116388,1,137.0,113.0,1.6,2017-04-06 09:54:47,2017-04-06 10:07:11,0.0,12.35,12,9,Thursday
316326,1,239.0,141.0,2.2,2017-04-04 09:54:42,2017-04-04 10:09:33,0.0,14.15,14,9,Tuesday
988113,1,137.0,233.0,1.0,2017-04-07 09:00:43,2017-04-07 09:05:43,0.0,8.8,5,9,Friday
922077,2,236.0,141.0,1.65,2017-04-05 09:52:34,2017-04-05 10:02:23,0.0,10.3,9,9,Wednesday
525924,1,151.0,166.0,1.1,2017-04-05 09:46:44,2017-04-05 09:53:48,0.0,7.8,7,9,Wednesday
263159,2,170.0,236.0,3.33,2017-04-07 09:37:00,2017-04-07 10:08:35,0.0,24.54,31,9,Friday
119768,2,90.0,161.0,1.83,2017-04-07 09:33:33,2017-04-07 09:53:07,0.0,15.0,19,9,Friday
691591,1,161.0,237.0,1.7,2017-04-07 09:51:38,2017-04-07 10:05:10,0.0,14.65,13,9,Friday
129521,1,90.0,224.0,1.5,2017-04-04 09:42:10,2017-04-04 09:54:41,0.0,12.35,12,9,Tuesday
87388,2,236.0,236.0,0.48,2017-04-05 09:43:14,2017-04-05 09:44:46,0.0,6.3,1,9,Wednesday
271951,2,238.0,236.0,1.42,2017-04-03 09:49:53,2017-04-03 09:59:35,0.0,11.16,9,9,Monday
329650,1,68.0,186.0,0.4,2017-04-07 09:31:01,2017-04-07 09:33:17,0.0,5.75,2,9,Friday
980184,1,162.0,162.0,0.4,2017-04-04 09:28:01,2017-04-04 09:32:42,0.0,5.8,4,9,Tuesday
1016692,2,234.0,163.0,1.77,2017-04-07 09:41:49,2017-04-07 09:58:27,0.0,14.76,16,9,Friday
887598,1,161.0,107.0,2.1,2017-04-04 09:26:35,2017-04-04 09:47:36,0.0,14.3,21,9,Tuesday
171034,1,186.0,246.0,1.3,2017-04-06 09:22:29,2017-04-06 09:32:48,0.0,11.0,10,9,Thursday
680737,1,48.0,161.0,0.9,2017-04-04 09:15:59,2017-04-04 09:25:52,0.0,9.95,9,9,Tuesday
567877,2,48.0,164.0,1.99,2017-04-07 09:17:37,2017-04-07 09:30:41,0.0,12.96,13,9,Friday
729597,2,164.0,50.0,1.72,2017-04-07 09:25:03,2017-04-07 09:44:20,0.0,15.96,19,9,Friday
74816,2,113.0,236.0,4.17,2017-04-06 09:26:24,2017-04-06 10:14:00,0.0,34.56,47,9,Thursday
527162,2,132.0,132.0,4.61,2017-04-04 09:13:29,2017-04-04 09:28:00,0.0,16.8,14,9,Tuesday
162660,2,186.0,162.0,1.21,2017-04-06 09:58:05,2017-04-06 10:21:44,0.0,18.36,23,9,Thursday
53568,2,163.0,164.0,1.43,2017-04-07 09:54:28,2017-04-07 10:05:54,0.0,10.8,11,9,Friday
548987,2,162.0,186.0,1.29,2017-04-05 09:02:04,2017-04-05 09:15:16,0.0,10.3,13,9,Wednesday
363014,2,79.0,113.0,0.43,2017-04-05 09:03:56,2017-04-05 09:08:47,0.0,6.96,4,9,Wednesday
973521,1,237.0,161.0,0.9,2017-04-03 09:19:38,2017-04-03 09:30:34,0.0,10.55,10,9,Monday
572307,2,229.0,233.0,0.53,2017-04-06 09:22:49,2017-04-06 09:26:09,0.0,6.89,3,9,Thursday
773807,2,140.0,238.0,2.55,2017-04-04 09:03:27,2017-04-04 09:24:16,0.0,18.05,20,9,Tuesday
377829,2,162.0,162.0,0.54,2017-04-04 09:20:09,2017-04-04 09:30:29,0.0,9.3,10,9,Tuesday
223796,2,50.0,68.0,1.13,2017-04-07 09:03:46,2017-04-07 09:08:47,0.0,6.3,5,9,Friday
128712,1,162.0,166.0,5.0,2017-04-03 09:44:20,2017-04-03 10:13:29,0.0,23.5,29,9,Monday
459416,1,65.0,144.0,2.2,2017-04-06 09:27:19,2017-04-06 09:43:00,0.0,14.8,15,9,Thursday
625195,2,137.0,230.0,1.62,2017-04-07 09:56:58,2017-04-07 10:12:51,0.0,13.0,15,9,Friday
370974,1,107.0,223.0,6.8,2017-04-05 09:48:48,2017-04-05 10:32:07,0.0,30.8,43,9,Wednesday
25933,1,161.0,231.0,4.9,2017-04-05 09:00:09,2017-04-05 09:36:55,0.0,30.95,36,9,Wednesday
47693,1,231.0,211.0,0.7,2017-04-03 09:35:42,2017-04-03 09:54:11,0.0,12.3,18,9,Monday
997433,2,237.0,236.0,0.91,2017-04-03 09:47:51,2017-04-03 09:51:36,0.0,7.25,3,9,Monday
659868,2,163.0,144.0,5.79,2017-04-07 09:34:31,2017-04-07 10:01:18,0.0,28.56,26,9,Friday
145961,1,50.0,171.0,14.4,2017-04-05 09:06:41,2017-04-05 09:57:32,0.0,55.06,50,9,Wednesday
659772,1,142.0,238.0,1.4,2017-04-07 09:31:59,2017-04-07 09:40:37,0.0,10.55,8,9,Friday
1033134,1,261.0,170.0,5.8,2017-04-04 09:52:09,2017-04-04 10:28:10,0.0,26.8,36,9,Tuesday
466642,2,138.0,16.0,7.4,2017-04-07 09:19:04,2017-04-07 09:43:54,0.0,25.8,24,9,Friday
982157,2,237.0,161.0,0.65,2017-04-06 09:41:20,2017-04-06 09:50:22,0.0,8.97,9,9,Thursday
969567,2,244.0,42.0,2.07,2017-04-06 09:25:33,2017-04-06 09:34:48,0.0,11.3,9,9,Thursday
967862,2,234.0,50.0,2.0,2017-04-07 09:00:32,2017-04-07 09:15:40,0.0,14.76,15,9,Friday
579621,2,142.0,166.0,2.97,2017-04-05 09:09:42,2017-04-05 09:20:26,0.0,14.16,10,9,Wednesday
563115,1,138.0,132.0,12.1,2017-04-06 09:04:49,2017-04-06 09:37:01,0.0,36.3,32,9,Thursday
1001377,1,263.0,140.0,1.0,2017-04-04 09:04:10,2017-04-04 09:15:59,0.0,12.05,11,9,Tuesday
929484,1,7.0,236.0,4.4,2017-04-06 09:59:39,2017-04-06 10:27:31,0.0,20.3,27,9,Thursday
202405,2,237.0,234.0,2.16,2017-04-03 09:07:42,2017-04-03 09:27:03,0.0,15.3,19,9,Monday
327293,1,142.0,68.0,1.1,2017-04-04 09:14:50,2017-04-04 09:20:53,0.0,8.15,6,9,Tuesday
297786,1,138.0,77.0,11.5,2017-04-03 09:34:56,2017-04-03 10:01:45,0.0,42.35,26,9,Monday
444250,2,249.0,186.0,1.44,2017-04-04 09:50:16,2017-04-04 10:03:41,0.0,10.8,13,9,Tuesday
970454,1,229.0,141.0,0.7,2017-04-06 09:31:47,2017-04-06 09:41:40,0.0,8.3,9,9,Thursday
244372,2,186.0,234.0,0.72,2017-04-04 09:05:39,2017-04-04 09:17:23,0.0,9.86,11,9,Tuesday
20900,2,249.0,45.0,1.19,2017-04-03 09:24:23,2017-04-03 09:40:59,0.0,14.16,16,9,Monday
87547,2,68.0,68.0,0.46,2017-04-07 09:08:14,2017-04-07 09:10:22,0.0,4.8,2,9,Friday
583477,2,142.0,244.0,5.96,2017-04-07 09:52:01,2017-04-07 10:08:22,0.0,24.96,16,9,Friday
8478,1,264.0,264.0,1.7,2017-04-04 09:45:16,2017-04-04 10:00:01,0.0,13.55,14,9,Tuesday
654051,2,138.0,162.0,11.01,2017-04-05 09:09:24,2017-04-05 09:54:34,0.0,48.06,45,9,Wednesday
628613,1,179.0,145.0,2.1,2017-04-06 09:15:30,2017-04-06 09:30:25,0.0,14.75,14,9,Thursday
435030,2,264.0,264.0,0.67,2017-04-05 09:50:01,2017-04-05 09:59:12,0.0,9.75,9,9,Wednesday
757418,2,236.0,164.0,2.45,2017-04-06 09:38:59,2017-04-06 10:02:52,0.0,19.56,23,9,Thursday
344113,2,107.0,211.0,1.17,2017-04-05 09:13:17,2017-04-05 09:22:49,0.0,9.96,9,9,Wednesday
538321,2,263.0,229.0,2.1,2017-04-04 09:41:36,2017-04-04 10:04:09,0.0,15.36,22,9,Tuesday
288684,2,239.0,143.0,0.76,2017-04-05 09:42:58,2017-04-05 09:47:45,0.0,6.3,4,9,Wednesday
451869,2,263.0,163.0,2.56,2017-04-07 09:34:22,2017-04-07 09:56:04,0.0,18.36,21,9,Friday
372855,1,186.0,249.0,1.3,2017-04-07 09:38:59,2017-04-07 09:50:08,0.0,11.75,11,9,Friday
172446,2,263.0,88.0,7.5,2017-04-07 09:35:44,2017-04-07 10:01:25,0.0,26.3,25,9,Friday
443749,1,138.0,231.0,10.8,2017-04-04 09:49:04,2017-04-04 10:46:11,0.0,44.41,57,9,Tuesday
22068,1,186.0,237.0,2.4,2017-04-04 09:00:40,2017-04-04 09:22:29,0.0,18.95,21,9,Tuesday
479502,1,237.0,161.0,0.6,2017-04-05 09:24:32,2017-04-05 09:35:21,0.0,8.8,10,9,Wednesday
818391,2,170.0,162.0,1.02,2017-04-05 09:35:37,2017-04-05 09:45:12,0.0,10.56,9,9,Wednesday
344548,1,186.0,234.0,0.9,2017-04-05 09:29:32,2017-04-05 09:41:30,0.0,11.15,11,9,Wednesday
805977,1,237.0,142.0,1.2,2017-04-06 09:38:28,2017-04-06 09:50:24,0.0,11.8,11,9,Thursday
1044163,2,113.0,233.0,2.15,2017-04-05 09:10:51,2017-04-05 09:24:53,0.0,15.38,14,9,Wednesday
237689,1,244.0,166.0,1.8,2017-04-05 09:00:32,2017-04-05 09:11:30,0.0,12.35,10,9,Wednesday
135233,1,237.0,161.0,1.5,2017-04-04 09:41:53,2017-04-04 09:55:39,0.0,12.95,13,9,Tuesday
551321,1,141.0,140.0,0.5,2017-04-04 09:11:05,2017-04-04 09:15:03,0.0,6.6,3,9,Tuesday
776439,2,263.0,87.0,7.82,2017-04-03 09:19:06,2017-04-03 09:41:19,0.0,30.36,22,9,Monday
885323,2,142.0,142.0,0.57,2017-04-03 09:59:15,2017-04-03 10:04:40,0.0,7.56,5,9,Monday
441442,1,170.0,68.0,1.6,2017-04-07 09:57:21,2017-04-07 10:24:02,0.0,16.8,26,9,Friday
476781,1,68.0,230.0,1.2,2017-04-05 09:58:10,2017-04-05 10:11:54,0.0,13.8,13,9,Wednesday
678805,1,234.0,170.0,0.6,2017-04-04 09:49:13,2017-04-04 09:55:09,0.0,7.85,5,9,Tuesday
4476,1,137.0,90.0,1.0,2017-04-05 09:27:33,2017-04-05 09:35:06,0.0,8.75,7,9,Wednesday
365872,2,229.0,229.0,0.45,2017-04-03 09:43:48,2017-04-03 09:46:37,0.0,4.8,2,9,Monday
66528,2,113.0,234.0,0.83,2017-04-05 09:50:33,2017-04-05 09:54:48,0.0,6.96,4,9,Wednesday
554962,1,229.0,163.0,1.1,2017-04-06 09:04:53,2017-04-06 09:20:37,0.0,11.3,15,9,Thursday
658335,1,164.0,79.0,2.5,2017-04-06 09:12:45,2017-04-06 09:30:50,0.0,15.8,18,9,Thursday
98625,1,166.0,100.0,5.6,2017-04-07 09:20:31,2017-04-07 09:53:05,0.0,30.35,32,9,Friday
286723,1,236.0,237.0,0.9,2017-04-06 09:42:56,2017-04-06 09:48:23,0.0,6.3,5,9,Thursday
66593,1,234.0,231.0,2.1,2017-04-03 09:46:25,2017-04-03 10:04:31,0.0,13.3,18,9,Monday
851830,2,148.0,138.0,12.37,2017-04-07 09:57:10,2017-04-07 10:32:52,0.0,56.95,35,9,Friday
904112,1,262.0,162.0,2.3,2017-04-03 09:52:55,2017-04-03 10:03:26,0.0,12.42,10,9,Monday
637966,1,229.0,229.0,0.5,2017-04-05 09:28:00,2017-04-05 09:32:28,0.0,5.8,4,9,Wednesday
564216,2,100.0,50.0,0.87,2017-04-05 09:10:00,2017-04-05 09:15:49,0.0,6.8,5,9,Wednesday
790475,1,234.0,230.0,1.6,2017-04-05 09:40:30,2017-04-05 09:56:46,0.0,14.75,16,9,Wednesday
457119,1,114.0,137.0,2.1,2017-04-06 09:45:43,2017-04-06 09:58:02,0.0,10.8,12,9,Thursday
222844,2,249.0,234.0,3.93,2017-04-03 09:00:58,2017-04-03 09:39:30,0.0,37.8,38,9,Monday
506916,1,237.0,161.0,1.3,2017-04-06 09:22:00,2017-04-06 09:36:33,0.0,11.88,14,9,Thursday
488510,1,261.0,170.0,3.9,2017-04-04 09:51:38,2017-04-04 10:28:41,0.0,24.3,37,9,Tuesday
786658,1,161.0,162.0,4.6,2017-04-03 09:29:02,2017-04-03 10:18:36,0.0,36.35,49,9,Monday
20410,2,229.0,236.0,2.0,2017-04-06 09:12:20,2017-04-06 09:23:43,0.0,11.84,11,9,Thursday
932810,2,233.0,49.0,7.27,2017-04-07 09:48:38,2017-04-07 10:17:47,0.0,32.76,29,9,Friday
4980,1,137.0,107.0,1.0,2017-04-06 09:10:39,2017-04-06 09:16:06,0.0,8.15,5,9,Thursday
707179,2,237.0,161.0,0.83,2017-04-07 09:55:29,2017-04-07 10:04:53,0.0,10.38,9,9,Friday
785587,2,230.0,163.0,0.71,2017-04-07 09:41:34,2017-04-07 09:48:44,0.0,7.3,7,9,Friday
629557,1,249.0,90.0,0.7,2017-04-05 09:17:00,2017-04-05 09:20:35,0.0,6.35,3,9,Wednesday
234612,1,209.0,114.0,1.6,2017-04-06 09:57:53,2017-04-06 10:17:17,0.0,15.95,19,9,Thursday
480413,1,79.0,239.0,7.3,2017-04-05 09:46:13,2017-04-05 10:15:48,0.0,29.8,29,9,Wednesday
819221,1,48.0,234.0,2.8,2017-04-04 09:32:30,2017-04-04 09:53:26,0.0,19.0,20,9,Tuesday
633359,2,261.0,164.0,5.59,2017-04-05 09:58:14,2017-04-05 10:31:58,0.0,29.76,33,9,Wednesday
226186,1,113.0,211.0,0.9,2017-04-07 09:09:16,2017-04-07 09:13:25,0.0,6.95,4,9,Friday
235670,1,161.0,261.0,6.5,2017-04-07 09:44:56,2017-04-07 10:11:06,0.0,29.16,26,9,Friday
959342,1,142.0,236.0,2.3,2017-04-04 09:01:07,2017-04-04 09:14:16,0.0,11.8,13,9,Tuesday
183051,1,237.0,161.0,1.6,2017-04-06 09:25:34,2017-04-06 09:47:21,0.0,8.3,21,9,Thursday
540736,2,158.0,90.0,0.78,2017-04-06 09:22:16,2017-04-06 09:27:44,0.0,7.56,5,9,Thursday
707399,2,13.0,125.0,1.51,2017-04-03 09:59:52,2017-04-03 10:12:32,0.0,11.84,12,9,Monday
959875,2,164.0,211.0,2.33,2017-04-04 09:53:20,2017-04-04 10:10:45,0.0,13.3,17,9,Tuesday
914883,1,48.0,164.0,0.8,2017-04-04 09:07:11,2017-04-04 09:13:38,0.0,8.8,6,9,Tuesday
889542,1,13.0,164.0,3.9,2017-04-05 09:16:08,2017-04-05 09:43:45,0.0,26.0,27,9,Wednesday
115920,2,158.0,148.0,1.52,2017-04-03 09:13:01,2017-04-03 09:30:09,0.0,14.76,17,9,Monday
859962,1,137.0,170.0,1.4,2017-04-06 09:23:36,2017-04-06 09:37:43,0.0,10.8,14,9,Thursday
687164,2,237.0,87.0,6.77,2017-04-05 09:45:18,2017-04-05 10:02:12,0.0,27.25,16,9,Wednesday
86508,2,162.0,162.0,0.47,2017-04-06 09:36:32,2017-04-06 09:43:46,0.0,8.5,7,9,Thursday
856335,1,143.0,239.0,0.6,2017-04-07 09:24:00,2017-04-07 09:28:29,0.0,7.25,4,9,Friday
663064,2,100.0,141.0,2.74,2017-04-07 09:46:23,2017-04-07 10:10:54,0.0,16.8,24,9,Friday
1023748,2,100.0,233.0,1.51,2017-04-06 09:27:41,2017-04-06 09:43:46,0.0,14.3,16,9,Thursday
483827,2,186.0,142.0,1.4,2017-04-05 09:55:51,2017-04-05 10:07:58,0.0,12.25,12,9,Wednesday
302940,1,239.0,161.0,2.1,2017-04-03 09:35:49,2017-04-03 09:50:31,0.0,12.3,14,9,Monday
772301,2,170.0,263.0,2.69,2017-04-05 09:30:37,2017-04-05 09:51:48,0.0,18.17,21,9,Wednesday
339776,2,140.0,138.0,9.66,2017-04-07 09:03:58,2017-04-07 09:26:11,0.0,40.87,22,9,Friday
683031,1,237.0,162.0,1.2,2017-04-07 09:34:59,2017-04-07 09:50:30,0.0,13.57,15,9,Friday
71989,2,236.0,229.0,1.67,2017-04-03 09:53:17,2017-04-03 10:13:10,0.0,13.8,19,9,Monday
369758,1,144.0,40.0,3.6,2017-04-07 09:03:52,2017-04-07 09:27:45,0.0,18.3,23,9,Friday
917303,1,90.0,161.0,1.4,2017-04-06 09:37:28,2017-04-06 09:56:30,0.0,15.35,19,9,Thursday
66953,2,234.0,162.0,1.06,2017-04-06 09:41:38,2017-04-06 09:57:19,0.0,12.8,15,9,Thursday
403712,1,236.0,141.0,1.4,2017-04-04 09:56:30,2017-04-04 10:10:45,0.0,10.8,14,9,Tuesday
220438,2,48.0,239.0,2.28,2017-04-03 09:01:35,2017-04-03 09:10:35,0.0,12.8,9,9,Monday
772096,2,132.0,162.0,19.1,2017-04-06 09:10:24,2017-04-06 10:20:56,0.0,58.56,70,9,Thursday
136798,1,88.0,231.0,1.1,2017-04-07 09:08:14,2017-04-07 09:18:35,0.0,8.8,10,9,Friday
20112,2,48.0,170.0,1.46,2017-04-03 09:12:15,2017-04-03 09:25:07,0.0,12.96,12,9,Monday
155806,2,162.0,231.0,3.67,2017-04-04 09:18:28,2017-04-04 09:44:48,0.0,20.3,26,9,Tuesday
289143,2,148.0,114.0,0.82,2017-04-06 09:13:01,2017-04-06 09:23:29,0.0,11.0,10,9,Thursday
186740,2,48.0,163.0,1.23,2017-04-04 09:48:31,2017-04-04 09:58:58,0.0,11.16,10,9,Tuesday
142185,2,107.0,170.0,0.84,2017-04-06 09:13:54,2017-04-06 09:17:38,0.0,6.96,3,9,Thursday
906590,1,226.0,88.0,9.2,2017-04-06 09:09:30,2017-04-06 10:03:32,0.0,40.8,54,9,Thursday
899011,1,125.0,231.0,0.7,2017-04-06 09:55:26,2017-04-06 10:02:47,0.0,9.0,7,9,Thursday
376447,2,48.0,163.0,0.62,2017-04-03 09:35:36,2017-04-03 09:44:43,0.0,8.3,9,9,Monday
126383,2,107.0,107.0,0.52,2017-04-05 09:21:46,2017-04-05 09:28:30,0.0,6.8,6,9,Wednesday
78008,2,162.0,162.0,0.24,2017-04-07 09:54:47,2017-04-07 09:59:13,0.0,5.3,4,9,Friday
402744,1,164.0,137.0,0.6,2017-04-06 09:22:22,2017-04-06 09:27:14,0.0,6.95,4,9,Thursday
205289,2,236.0,246.0,3.83,2017-04-05 09:51:52,2017-04-05 10:15:52,0.0,22.56,24,9,Wednesday
116205,1,158.0,161.0,3.0,2017-04-05 09:47:48,2017-04-05 10:14:37,0.0,20.8,26,9,Wednesday
13076,2,79.0,162.0,1.94,2017-04-03 09:28:13,2017-04-03 09:46:25,0.0,17.25,18,9,Monday
1039462,2,100.0,141.0,2.36,2017-04-05 09:08:20,2017-04-05 09:31:13,0.0,18.96,22,9,Wednesday
946149,2,186.0,138.0,9.62,2017-04-05 09:42:51,2017-04-05 10:21:27,0.0,42.06,38,9,Wednesday
264779,1,186.0,161.0,1.0,2017-04-04 09:44:10,2017-04-04 09:56:44,0.0,9.8,12,9,Tuesday
453595,1,162.0,87.0,4.8,2017-04-06 09:32:17,2017-04-06 09:51:03,0.0,20.8,18,9,Thursday
391118,2,107.0,163.0,1.98,2017-04-07 09:06:02,2017-04-07 09:27:14,0.0,17.76,21,9,Friday
745605,2,237.0,239.0,1.1,2017-04-04 09:47:15,2017-04-04 09:51:43,0.0,8.16,4,9,Tuesday
844827,2,141.0,230.0,2.15,2017-04-04 09:07:16,2017-04-04 09:21:00,0.0,12.8,13,9,Tuesday
14823,1,161.0,163.0,0.5,2017-04-06 09:08:19,2017-04-06 09:14:24,0.0,7.55,6,9,Thursday
300793,1,100.0,138.0,10.0,2017-04-07 09:24:20,2017-04-07 10:02:41,0.0,46.0,38,9,Friday
896895,2,137.0,263.0,3.88,2017-04-04 09:30:48,2017-04-04 09:44:10,0.0,17.16,13,9,Tuesday
523065,2,231.0,164.0,2.41,2017-04-05 09:39:06,2017-04-05 10:02:23,0.0,15.8,23,9,Wednesday
31747,1,140.0,229.0,1.1,2017-04-04 09:37:47,2017-04-04 09:48:38,0.0,11.6,10,9,Tuesday
855621,1,113.0,233.0,2.0,2017-04-05 09:34:27,2017-04-05 09:55:24,0.0,16.7,20,9,Wednesday
394481,1,100.0,170.0,0.9,2017-04-07 09:00:29,2017-04-07 09:10:01,0.0,8.3,9,9,Friday
152955,1,138.0,129.0,1.5,2017-04-06 09:03:50,2017-04-06 09:13:36,0.0,9.3,9,9,Thursday
978647,2,163.0,211.0,3.58,2017-04-07 09:47:10,2017-04-07 10:21:17,0.0,21.8,34,9,Friday
479857,2,48.0,237.0,2.79,2017-04-03 09:50:44,2017-04-03 10:09:06,0.0,16.3,18,9,Monday
968689,1,48.0,68.0,0.8,2017-04-06 09:53:06,2017-04-06 10:02:46,0.0,10.75,9,9,Thursday
495257,1,239.0,163.0,1.5,2017-04-05 09:13:34,2017-04-05 09:29:42,0.0,15.35,16,9,Wednesday
333800,2,237.0,107.0,2.35,2017-04-07 09:11:48,2017-04-07 09:36:34,0.0,18.74,24,9,Friday
395963,1,231.0,90.0,1.6,2017-04-04 09:02:58,2017-04-04 09:15:06,0.0,12.35,12,9,Tuesday
408776,2,162.0,143.0,2.17,2017-04-07 09:34:49,2017-04-07 09:53:15,0.0,16.56,18,9,Friday
792389,1,137.0,33.0,5.6,2017-04-04 09:03:02,2017-04-04 09:18:36,0.0,18.8,15,9,Tuesday
823505,2,249.0,79.0,1.09,2017-04-07 09:41:33,2017-04-07 09:52:07,0.0,10.56,10,9,Friday
318269,2,132.0,198.0,8.68,2017-04-04 09:31:46,2017-04-04 09:59:40,0.0,27.3,27,9,Tuesday
402496,2,13.0,161.0,7.14,2017-04-04 09:09:37,2017-04-04 09:46:54,0.0,34.56,37,9,Tuesday
58736,1,75.0,43.0,0.6,2017-04-04 09:01:41,2017-04-04 09:03:40,0.0,5.52,1,9,Tuesday
595048,2,142.0,163.0,0.76,2017-04-03 09:43:30,2017-04-03 09:55:01,0.0,10.3,11,9,Monday
14792,2,233.0,140.0,1.94,2017-04-03 09:02:27,2017-04-03 09:12:34,0.0,9.8,10,9,Monday
638470,1,161.0,186.0,1.4,2017-04-06 09:12:54,2017-04-06 09:30:10,0.0,12.3,17,9,Thursday
170117,2,263.0,163.0,2.01,2017-04-03 09:14:49,2017-04-03 09:33:07,0.0,16.56,18,9,Monday
560511,2,231.0,170.0,2.93,2017-04-06 09:03:45,2017-04-06 09:33:35,0.0,23.16,29,9,Thursday
89408,1,234.0,113.0,0.9,2017-04-06 09:55:01,2017-04-06 10:02:42,0.0,8.6,7,9,Thursday
38669,2,231.0,43.0,4.81,2017-04-06 09:11:30,2017-04-06 09:49:21,0.0,24.8,37,9,Thursday
486567,1,68.0,230.0,0.9,2017-04-06 09:10:08,2017-04-06 09:27:13,0.0,14.75,17,9,Thursday
907604,1,162.0,107.0,1.0,2017-04-04 09:26:46,2017-04-04 09:31:16,0.0,7.55,4,9,Tuesday
270908,2,158.0,90.0,1.15,2017-04-07 09:18:28,2017-04-07 09:29:21,0.0,10.3,10,9,Friday
906387,2,143.0,243.0,6.92,2017-04-07 09:59:04,2017-04-07 10:26:43,0.0,33.92,27,9,Friday
120223,1,141.0,237.0,0.9,2017-04-05 09:54:07,2017-04-05 10:01:54,0.0,8.8,7,9,Wednesday
53858,1,262.0,140.0,0.5,2017-04-05 09:21:16,2017-04-05 09:24:42,0.0,6.35,3,9,Wednesday
952403,1,236.0,163.0,2.0,2017-04-07 09:35:05,2017-04-07 09:54:50,0.0,16.05,19,9,Friday
271023,2,237.0,162.0,1.11,2017-04-07 09:45:29,2017-04-07 09:54:17,0.0,10.38,8,9,Friday
715422,2,239.0,236.0,1.82,2017-04-07 09:09:27,2017-04-07 09:20:20,0.0,11.76,10,9,Friday
276959,1,170.0,233.0,0.5,2017-04-05 09:30:53,2017-04-05 09:36:25,0.0,6.3,5,9,Wednesday
637550,2,79.0,162.0,2.19,2017-04-04 09:20:59,2017-04-04 09:32:39,0.0,13.8,11,9,Tuesday
735654,2,164.0,138.0,9.94,2017-04-05 09:03:32,2017-04-05 09:34:22,0.0,46.27,30,9,Wednesday
367513,2,140.0,233.0,1.1,2017-04-05 09:38:27,2017-04-05 09:47:21,0.0,9.5,8,9,Wednesday
933092,2,141.0,13.0,7.18,2017-04-03 09:26:54,2017-04-03 09:45:58,0.0,27.94,19,9,Monday
1031963,2,236.0,143.0,1.89,2017-04-03 09:56:14,2017-04-03 10:06:34,0.0,10.3,10,9,Monday
394488,2,186.0,230.0,1.47,2017-04-07 09:26:16,2017-04-07 09:42:50,0.0,11.8,16,9,Friday
391443,1,158.0,114.0,0.9,2017-04-04 09:08:19,2017-04-04 09:16:17,0.0,8.3,7,9,Tuesday
1033765,2,151.0,41.0,1.31,2017-04-06 09:56:56,2017-04-06 10:05:11,0.0,9.96,8,9,Thursday
393375,2,138.0,261.0,16.77,2017-04-04 09:08:49,2017-04-04 09:57:23,0.0,70.7,48,9,Tuesday
928239,1,141.0,233.0,1.5,2017-04-07 09:02:42,2017-04-07 09:16:34,0.0,11.8,13,9,Friday
218503,2,141.0,237.0,1.18,2017-04-05 09:38:42,2017-04-05 09:47:30,0.0,9.8,8,9,Wednesday
563072,1,170.0,239.0,2.6,2017-04-07 09:43:01,2017-04-07 10:06:05,0.0,16.8,23,9,Friday
516385,1,163.0,142.0,0.4,2017-04-03 09:30:43,2017-04-03 09:34:18,0.0,6.35,3,9,Monday
223749,2,125.0,68.0,2.39,2017-04-03 09:03:04,2017-04-03 09:13:32,0.0,12.3,10,9,Monday
49607,2,162.0,87.0,5.02,2017-04-04 09:51:13,2017-04-04 10:15:21,0.0,20.8,24,9,Tuesday
149327,2,132.0,265.0,31.72,2017-04-04 09:56:11,2017-04-04 10:36:13,0.0,99.96,40,9,Tuesday
605739,1,141.0,140.0,0.4,2017-04-05 09:39:25,2017-04-05 09:44:51,0.0,5.8,5,9,Wednesday
246331,2,230.0,48.0,0.58,2017-04-06 09:21:40,2017-04-06 09:24:17,0.0,5.76,2,9,Thursday
167845,2,249.0,137.0,2.14,2017-04-06 09:31:22,2017-04-06 09:47:52,0.0,12.3,16,9,Thursday
940309,2,186.0,237.0,2.94,2017-04-07 09:11:51,2017-04-07 09:40:11,0.0,23.8,28,9,Friday
395010,2,137.0,161.0,1.38,2017-04-07 09:46:58,2017-04-07 10:03:58,0.0,14.16,17,9,Friday
831219,2,142.0,246.0,2.78,2017-04-05 09:29:59,2017-04-05 09:47:28,0.0,16.56,17,9,Wednesday
293739,1,90.0,163.0,2.0,2017-04-03 09:08:48,2017-04-03 09:23:47,0.0,13.3,14,9,Monday
179138,1,249.0,144.0,1.4,2017-04-07 09:15:11,2017-04-07 09:26:26,0.0,9.3,11,9,Friday
51269,1,137.0,100.0,1.8,2017-04-06 09:21:06,2017-04-06 09:41:29,0.0,13.8,20,9,Thursday
160879,1,90.0,246.0,1.1,2017-04-03 09:24:43,2017-04-03 09:32:04,0.0,9.75,7,9,Monday
930087,2,231.0,79.0,2.56,2017-04-04 09:47:22,2017-04-04 10:03:46,0.0,13.3,16,9,Tuesday
388364,2,262.0,236.0,1.08,2017-04-03 09:37:06,2017-04-03 09:46:16,0.0,8.3,9,9,Monday
786847,1,48.0,237.0,2.0,2017-04-05 09:58:11,2017-04-05 10:13:16,0.0,14.75,15,9,Wednesday
858450,2,148.0,87.0,1.74,2017-04-06 09:08:09,2017-04-06 09:18:31,0.0,11.3,10,9,Thursday
595071,2,164.0,137.0,1.26,2017-04-04 09:40:02,2017-04-04 09:54:29,0.0,13.5,14,9,Tuesday
679451,2,45.0,232.0,0.19,2017-04-03 09:06:02,2017-04-03 09:07:53,0.0,4.3,1,9,Monday
494025,2,236.0,173.0,7.7,2017-04-06 09:29:05,2017-04-06 10:20:58,0.0,43.56,51,9,Thursday
949114,2,186.0,170.0,0.52,2017-04-04 09:27:12,2017-04-04 09:34:08,0.0,6.8,6,9,Tuesday
311145,1,48.0,140.0,1.9,2017-04-05 09:29:41,2017-04-05 09:47:43,0.0,16.6,18,9,Wednesday
317214,1,163.0,209.0,5.2,2017-04-07 09:28:40,2017-04-07 10:04:22,0.0,32.25,35,9,Friday
8759,1,231.0,87.0,1.4,2017-04-03 09:34:23,2017-04-03 09:45:30,0.0,11.16,11,9,Monday
285956,1,237.0,162.0,0.4,2017-04-05 09:40:40,2017-04-05 09:44:57,0.0,6.35,4,9,Wednesday
891267,2,166.0,151.0,1.2,2017-04-04 09:18:14,2017-04-04 09:24:58,0.0,7.3,6,9,Tuesday
351819,1,125.0,234.0,2.2,2017-04-03 09:07:11,2017-04-03 09:19:43,0.0,13.55,12,9,Monday
555935,2,140.0,163.0,1.71,2017-04-04 09:32:13,2017-04-04 09:52:08,0.0,16.56,19,9,Tuesday
95639,2,238.0,239.0,0.92,2017-04-07 09:08:40,2017-04-07 09:13:03,0.0,6.96,4,9,Friday
128735,1,143.0,230.0,1.9,2017-04-05 09:37:05,2017-04-05 09:55:13,0.0,15.95,18,9,Wednesday
817999,1,237.0,142.0,1.4,2017-04-05 09:28:37,2017-04-05 09:38:48,0.0,10.3,10,9,Wednesday
485702,1,107.0,100.0,1.3,2017-04-04 09:44:37,2017-04-04 09:59:25,0.0,10.8,14,9,Tuesday
675740,2,141.0,138.0,8.26,2017-04-05 09:16:32,2017-04-05 09:37:50,0.0,36.56,21,9,Wednesday
848669,1,170.0,234.0,0.9,2017-04-04 09:23:17,2017-04-04 09:32:50,0.0,10.75,9,9,Tuesday
87801,2,164.0,162.0,1.65,2017-04-05 09:51:03,2017-04-05 10:09:08,0.0,12.8,18,9,Wednesday
269079,1,113.0,137.0,1.9,2017-04-06 09:09:42,2017-04-06 09:23:45,0.0,14.15,14,9,Thursday
85426,1,230.0,186.0,1.1,2017-04-04 09:27:40,2017-04-04 09:38:22,0.0,8.8,10,9,Tuesday
662439,1,236.0,162.0,1.6,2017-04-07 09:37:48,2017-04-07 09:50:47,0.0,12.3,12,9,Friday
984552,2,161.0,229.0,0.58,2017-04-07 09:01:40,2017-04-07 09:09:09,0.0,6.8,7,9,Friday
504527,1,113.0,170.0,1.5,2017-04-07 09:29:19,2017-04-07 09:39:15,0.0,11.15,9,9,Friday
899252,2,161.0,162.0,0.39,2017-04-07 09:25:25,2017-04-07 09:28:43,0.0,5.55,3,9,Friday
24885,2,48.0,42.0,6.83,2017-04-03 09:55:45,2017-04-03 10:18:14,0.0,23.8,22,9,Monday
987545,2,170.0,229.0,1.42,2017-04-04 09:23:16,2017-04-04 09:35:01,0.0,11.76,11,9,Tuesday
952687,2,246.0,68.0,0.76,2017-04-07 09:16:16,2017-04-07 09:24:09,0.0,8.76,7,9,Friday
515855,1,13.0,246.0,2.7,2017-04-05 09:26:58,2017-04-05 09:44:58,0.0,17.75,18,9,Wednesday
837766,2,137.0,234.0,0.89,2017-04-06 09:41:18,2017-04-06 09:57:02,0.0,11.8,15,9,Thursday
818925,1,170.0,114.0,2.0,2017-04-04 09:36:54,2017-04-04 09:53:11,0.0,14.75,16,9,Tuesday
658084,1,237.0,140.0,0.9,2017-04-05 09:54:54,2017-04-05 10:06:46,0.0,12.7,11,9,Wednesday
463673,2,211.0,249.0,0.94,2017-04-04 09:21:40,2017-04-04 09:29:46,0.0,7.8,8,9,Tuesday
552187,2,161.0,163.0,0.81,2017-04-07 09:58:11,2017-04-07 10:10:34,0.0,9.3,12,9,Friday
142569,1,107.0,162.0,0.9,2017-04-07 09:18:46,2017-04-07 09:27:44,0.0,9.3,8,9,Friday
555805,1,230.0,239.0,2.3,2017-04-04 09:40:43,2017-04-04 09:52:25,0.0,13.05,11,9,Tuesday
293193,1,151.0,238.0,0.9,2017-04-05 09:32:53,2017-04-05 09:36:48,0.0,6.95,3,9,Wednesday
108026,2,236.0,164.0,3.15,2017-04-05 09:09:09,2017-04-05 09:37:12,0.0,20.3,28,9,Wednesday
706054,2,138.0,261.0,15.61,2017-04-04 09:12:11,2017-04-04 10:04:20,0.0,61.56,52,9,Tuesday
538867,2,234.0,170.0,1.57,2017-04-03 09:27:47,2017-04-03 09:37:38,0.0,9.3,9,9,Monday
840146,1,249.0,186.0,0.9,2017-04-06 09:02:16,2017-04-06 09:10:04,0.0,8.8,7,9,Thursday
685128,2,141.0,233.0,1.44,2017-04-03 09:52:22,2017-04-03 10:05:57,0.0,12.42,13,9,Monday
129640,2,186.0,113.0,1.23,2017-04-07 09:45:09,2017-04-07 09:50:59,0.0,7.3,5,9,Friday
1020370,1,88.0,87.0,0.6,2017-04-05 09:32:18,2017-04-05 09:39:28,0.0,6.8,7,9,Wednesday
697968,2,237.0,162.0,0.94,2017-04-06 09:38:39,2017-04-06 09:54:24,0.0,12.96,15,9,Thursday
595860,2,164.0,161.0,1.26,2017-04-06 09:37:09,2017-04-06 09:59:30,0.0,14.3,22,9,Thursday
172776,1,162.0,161.0,0.7,2017-04-03 09:02:16,2017-04-03 09:08:51,0.0,7.68,6,9,Monday
12593,2,236.0,162.0,2.38,2017-04-07 09:22:12,2017-04-07 09:45:49,0.0,18.74,23,9,Friday
800297,2,163.0,45.0,4.26,2017-04-05 09:43:30,2017-04-05 10:22:56,0.0,27.3,39,9,Wednesday
893594,2,236.0,162.0,1.47,2017-04-06 09:21:53,2017-04-06 09:37:38,0.0,13.92,15,9,Thursday
556480,2,48.0,163.0,1.15,2017-04-05 09:11:06,2017-04-05 09:19:55,0.0,9.96,8,9,Wednesday
354857,1,230.0,1.0,24.2,2017-04-06 09:36:40,2017-04-06 10:20:10,0.0,110.5,43,9,Thursday
1044926,2,50.0,87.0,7.06,2017-04-03 09:08:44,2017-04-03 09:39:22,0.0,27.8,30,9,Monday
723171,2,162.0,229.0,0.38,2017-04-04 09:59:36,2017-04-04 10:02:25,0.0,4.8,2,9,Tuesday
731991,2,238.0,151.0,0.6,2017-04-03 09:34:56,2017-04-03 09:39:34,0.0,6.8,4,9,Monday
456368,1,246.0,246.0,0.3,2017-04-04 09:33:44,2017-04-04 09:37:15,0.0,5.75,3,9,Tuesday
944134,2,249.0,114.0,1.23,2017-04-03 09:49:01,2017-04-03 09:58:47,0.0,9.8,9,9,Monday
877192,2,234.0,246.0,1.51,2017-04-05 09:26:13,2017-04-05 09:42:31,0.0,12.8,16,9,Wednesday
1015655,2,48.0,13.0,4.47,2017-04-03 09:56:57,2017-04-03 10:14:42,0.0,17.8,17,9,Monday
380968,1,79.0,237.0,3.8,2017-04-06 09:26:37,2017-04-06 09:54:34,0.0,23.15,27,9,Thursday
150759,2,236.0,236.0,0.57,2017-04-03 09:06:45,2017-04-03 09:10:07,0.0,5.3,3,9,Monday
703654,2,141.0,237.0,0.61,2017-04-03 09:24:51,2017-04-03 09:27:28,0.0,5.76,2,9,Monday
642443,2,90.0,161.0,1.94,2017-04-03 09:15:00,2017-04-03 09:28:52,0.0,13.56,13,9,Monday
1046191,1,236.0,170.0,3.1,2017-04-06 09:34:52,2017-04-06 09:59:58,0.0,21.8,25,9,Thursday
442163,2,231.0,236.0,7.47,2017-04-04 09:24:38,2017-04-04 09:56:58,0.0,27.3,32,9,Tuesday
232470,1,264.0,87.0,0.2,2017-04-04 09:37:57,2017-04-04 09:41:36,0.0,5.75,3,9,Tuesday
51783,2,262.0,236.0,0.63,2017-04-06 09:42:05,2017-04-06 09:46:27,0.0,6.8,4,9,Thursday
175722,1,236.0,162.0,2.3,2017-04-07 09:05:24,2017-04-07 09:38:11,0.0,24.35,32,9,Friday
585225,2,142.0,186.0,2.11,2017-04-03 09:04:14,2017-04-03 09:21:34,0.0,15.96,17,9,Monday
219795,1,238.0,237.0,1.6,2017-04-07 09:30:24,2017-04-07 09:48:07,0.0,14.3,17,9,Friday
719325,2,161.0,68.0,1.09,2017-04-05 09:12:37,2017-04-05 09:23:39,0.0,11.62,11,9,Wednesday
197521,1,162.0,87.0,5.2,2017-04-07 09:30:08,2017-04-07 09:50:00,0.0,20.3,19,9,Friday
4614,2,164.0,161.0,0.63,2017-04-03 09:10:32,2017-04-03 09:18:06,0.0,8.16,7,9,Monday
285647,1,90.0,144.0,2.2,2017-04-05 09:57:26,2017-04-05 10:18:31,0.0,16.0,21,9,Wednesday
680993,1,211.0,246.0,3.4,2017-04-05 09:50:14,2017-04-05 10:12:19,0.0,21.35,22,9,Wednesday
388666,2,239.0,141.0,1.69,2017-04-04 09:04:40,2017-04-04 09:14:01,0.0,11.16,9,9,Tuesday
145816,1,186.0,230.0,1.2,2017-04-06 09:52:42,2017-04-06 10:08:19,0.0,13.3,15,9,Thursday
3675,1,237.0,237.0,0.7,2017-04-03 09:25:40,2017-04-03 09:33:35,0.0,8.0,7,9,Monday
222966,1,164.0,142.0,2.1,2017-04-04 09:58:10,2017-04-04 10:21:45,0.0,15.8,23,9,Tuesday
83768,1,236.0,234.0,3.2,2017-04-07 09:54:35,2017-04-07 10:23:09,0.0,23.75,28,9,Friday
906892,2,138.0,98.0,6.88,2017-04-03 09:05:35,2017-04-03 09:22:25,0.0,21.8,16,9,Monday
93622,2,107.0,209.0,2.25,2017-04-05 09:27:56,2017-04-05 09:45:26,0.0,13.3,17,9,Wednesday
249443,2,170.0,162.0,0.47,2017-04-04 09:33:45,2017-04-04 09:37:56,0.0,5.3,4,9,Tuesday
743617,2,236.0,236.0,0.36,2017-04-03 09:05:11,2017-04-03 09:07:07,0.0,5.0,1,9,Monday
54759,2,13.0,125.0,0.84,2017-04-03 09:10:08,2017-04-03 09:17:13,0.0,8.5,7,9,Monday
157489,2,140.0,237.0,0.97,2017-04-04 09:31:28,2017-04-04 09:41:34,0.0,8.3,10,9,Tuesday
381840,2,68.0,263.0,6.43,2017-04-07 09:43:41,2017-04-07 10:15:11,0.0,25.8,31,9,Friday
852282,2,162.0,100.0,0.54,2017-04-05 09:16:02,2017-04-05 09:26:01,0.0,9.96,9,9,Wednesday
293128,2,143.0,142.0,0.96,2017-04-03 09:03:43,2017-04-03 09:14:55,0.0,11.16,11,9,Monday
119229,1,87.0,161.0,5.1,2017-04-05 09:12:15,2017-04-05 09:35:42,0.0,23.43,23,9,Wednesday
516854,1,230.0,68.0,1.1,2017-04-05 09:44:34,2017-04-05 09:53:37,0.0,10.35,9,9,Wednesday
234485,2,140.0,236.0,0.61,2017-04-06 09:15:00,2017-04-06 09:19:54,0.0,5.8,4,9,Thursday
260984,1,237.0,141.0,0.5,2017-04-03 09:39:26,2017-04-03 09:43:59,0.0,6.67,4,9,Monday
754181,2,236.0,163.0,1.63,2017-04-03 09:57:00,2017-04-03 10:11:12,0.0,14.12,14,9,Monday
253886,1,234.0,234.0,0.5,2017-04-03 09:50:49,2017-04-03 09:55:45,0.0,6.95,4,9,Monday
446501,2,68.0,137.0,1.85,2017-04-04 09:01:47,2017-04-04 09:18:35,0.0,12.3,16,9,Tuesday
910018,1,132.0,170.0,16.6,2017-04-03 09:26:09,2017-04-03 10:12:40,0.0,70.26,46,9,Monday
943192,1,264.0,264.0,0.9,2017-04-06 09:02:09,2017-04-06 09:08:30,0.0,8.15,6,9,Thursday
691621,1,263.0,229.0,1.7,2017-04-04 09:22:23,2017-04-04 09:49:43,0.0,17.3,27,9,Tuesday
58604,2,234.0,263.0,2.99,2017-04-05 09:11:39,2017-04-05 09:36:44,0.0,21.36,25,9,Wednesday
1026699,2,249.0,234.0,1.37,2017-04-05 09:56:02,2017-04-05 10:07:50,0.0,11.76,11,9,Wednesday
801970,2,237.0,164.0,1.7,2017-04-07 09:57:06,2017-04-07 10:16:44,0.0,16.56,19,9,Friday
852853,2,249.0,158.0,0.83,2017-04-07 09:57:50,2017-04-07 10:03:54,0.0,7.56,6,9,Friday
478997,1,234.0,88.0,3.4,2017-04-04 09:40:15,2017-04-04 10:07:35,0.0,23.8,27,9,Tuesday
49693,1,138.0,87.0,14.1,2017-04-04 09:17:12,2017-04-04 10:05:02,0.0,49.56,47,9,Tuesday
735869,2,230.0,100.0,0.61,2017-04-06 09:03:09,2017-04-06 09:10:08,0.0,8.16,6,9,Thursday
806461,2,162.0,229.0,0.5,2017-04-06 09:16:16,2017-04-06 09:19:18,0.0,4.8,3,9,Thursday
619545,2,161.0,162.0,0.91,2017-04-06 09:50:09,2017-04-06 10:03:22,0.0,12.25,13,9,Thursday
921469,2,230.0,162.0,0.72,2017-04-07 09:58:19,2017-04-07 10:04:39,0.0,6.8,6,9,Friday
602703,1,233.0,164.0,1.2,2017-04-07 09:24:09,2017-04-07 09:46:01,0.0,15.3,21,9,Friday
231028,2,170.0,236.0,2.99,2017-04-06 09:29:33,2017-04-06 09:49:39,0.0,15.3,20,9,Thursday
554634,1,236.0,113.0,4.0,2017-04-07 09:27:23,2017-04-07 10:03:18,0.0,25.3,35,9,Friday
253120,1,163.0,236.0,1.6,2017-04-03 09:16:49,2017-04-03 09:25:42,0.0,9.8,8,9,Monday
986628,1,236.0,236.0,0.5,2017-04-05 09:16:23,2017-04-05 09:21:12,0.0,6.95,4,9,Wednesday
964950,1,142.0,13.0,5.2,2017-04-03 09:42:50,2017-04-03 10:05:56,0.0,24.95,23,9,Monday
895722,2,141.0,161.0,1.94,2017-04-05 09:13:09,2017-04-05 09:30:05,0.0,14.3,16,9,Wednesday
853411,1,50.0,161.0,1.2,2017-04-05 09:34:40,2017-04-05 09:43:49,0.0,9.95,9,9,Wednesday
974846,2,50.0,48.0,1.25,2017-04-05 09:41:37,2017-04-05 09:49:29,0.0,10.14,7,9,Wednesday
847813,1,233.0,237.0,1.7,2017-04-05 09:51:58,2017-04-05 10:10:44,0.0,13.3,18,9,Wednesday
938390,1,162.0,100.0,0.6,2017-04-03 09:43:50,2017-04-03 09:52:43,0.0,7.8,8,9,Monday
752696,1,231.0,144.0,1.1,2017-04-03 09:04:09,2017-04-03 09:13:25,0.0,8.3,9,9,Monday
650979,1,146.0,114.0,6.9,2017-04-07 09:34:14,2017-04-07 10:12:41,0.0,35.15,38,9,Friday
975414,2,137.0,186.0,1.23,2017-04-06 09:56:29,2017-04-06 10:12:35,0.0,13.56,16,9,Thursday
243088,1,50.0,50.0,0.8,2017-04-06 09:33:34,2017-04-06 09:37:24,0.0,6.6,3,9,Thursday
720748,1,45.0,88.0,1.7,2017-04-04 09:04:21,2017-04-04 09:12:35,0.0,8.8,8,9,Tuesday
933801,1,263.0,237.0,0.8,2017-04-04 09:26:43,2017-04-04 09:31:46,0.0,6.3,5,9,Tuesday
757983,1,230.0,48.0,0.1,2017-04-05 09:44:27,2017-04-05 09:45:41,0.0,4.55,1,9,Wednesday
438076,2,142.0,246.0,2.4,2017-04-06 09:19:57,2017-04-06 09:38:32,0.0,13.8,18,9,Thursday
318168,1,100.0,163.0,1.3,2017-04-06 09:22:49,2017-04-06 09:33:53,0.0,10.55,11,9,Thursday
146460,1,230.0,100.0,0.9,2017-04-04 09:14:29,2017-04-04 09:24:35,0.0,8.8,10,9,Tuesday
619132,1,237.0,140.0,0.4,2017-04-07 09:05:44,2017-04-07 09:11:21,0.0,6.3,5,9,Friday
572438,2,264.0,161.0,0.0,2017-04-06 09:38:29,2017-04-06 09:38:32,0.0,3.96,0,9,Thursday
696982,1,48.0,164.0,1.3,2017-04-05 09:07:36,2017-04-05 09:21:25,0.0,12.95,13,9,Wednesday
509712,2,163.0,233.0,1.06,2017-04-05 09:58:31,2017-04-05 10:09:48,0.0,11.62,11,9,Wednesday
616736,2,236.0,43.0,0.44,2017-04-07 09:14:34,2017-04-07 09:19:00,0.0,5.3,4,9,Friday
920229,1,138.0,239.0,10.0,2017-04-07 09:39:58,2017-04-07 10:23:07,0.0,49.26,43,9,Friday
119712,1,113.0,79.0,0.9,2017-04-07 09:58:21,2017-04-07 10:04:30,0.0,7.55,6,9,Friday
322942,2,125.0,148.0,0.99,2017-04-03 09:54:25,2017-04-03 10:02:20,0.0,9.96,7,9,Monday
438686,1,41.0,166.0,1.0,2017-04-03 09:53:09,2017-04-03 09:57:44,0.0,7.25,4,9,Monday
908981,2,239.0,166.0,2.27,2017-04-04 09:46:58,2017-04-04 09:56:23,0.0,11.76,9,9,Tuesday
561922,1,48.0,164.0,0.5,2017-04-04 09:44:43,2017-04-04 09:53:50,0.0,7.8,9,9,Tuesday
764314,2,138.0,82.0,4.77,2017-04-03 09:11:51,2017-04-03 09:35:45,0.0,19.3,23,9,Monday
433543,2,236.0,43.0,0.62,2017-04-05 09:34:18,2017-04-05 09:42:19,0.0,8.76,8,9,Wednesday
625814,1,107.0,170.0,0.8,2017-04-06 09:37:10,2017-04-06 09:42:26,0.0,6.3,5,9,Thursday
449431,1,48.0,230.0,1.0,2017-04-05 09:03:17,2017-04-05 09:14:40,0.0,11.15,11,9,Wednesday
500676,2,7.0,179.0,0.94,2017-04-07 09:23:51,2017-04-07 09:28:25,0.0,7.88,4,9,Friday
258567,2,140.0,263.0,0.89,2017-04-04 09:44:20,2017-04-04 09:49:49,0.0,7.56,5,9,Tuesday
716589,1,79.0,90.0,0.9,2017-04-05 09:16:58,2017-04-05 09:25:12,0.0,7.8,8,9,Wednesday
800568,2,260.0,162.0,4.2,2017-04-05 09:31:37,2017-04-05 09:56:04,0.0,18.8,24,9,Wednesday
232603,1,161.0,234.0,1.0,2017-04-05 09:57:39,2017-04-05 10:07:21,0.0,9.95,9,9,Wednesday
27302,2,107.0,234.0,0.61,2017-04-03 09:34:48,2017-04-03 09:44:43,0.0,8.3,9,9,Monday
822230,1,158.0,125.0,1.0,2017-04-03 09:07:42,2017-04-03 09:13:12,0.0,8.15,5,9,Monday
97895,2,43.0,140.0,2.08,2017-04-03 09:13:00,2017-04-03 09:25:42,0.0,13.56,12,9,Monday
601363,2,186.0,164.0,0.4,2017-04-03 09:03:56,2017-04-03 09:08:22,0.0,5.3,4,9,Monday
993313,2,13.0,162.0,6.1,2017-04-07 09:22:20,2017-04-07 09:48:33,0.0,28.56,26,9,Friday
546803,2,261.0,231.0,1.17,2017-04-04 09:41:06,2017-04-04 09:50:14,0.0,9.96,9,9,Tuesday
328186,2,141.0,230.0,2.07,2017-04-05 09:55:41,2017-04-05 10:09:27,0.0,12.8,13,9,Wednesday
991776,1,141.0,169.0,7.2,2017-04-06 09:13:43,2017-04-06 09:42:31,0.0,25.8,28,9,Thursday
489428,2,79.0,113.0,1.1,2017-04-04 09:56:41,2017-04-04 10:03:07,0.0,8.76,6,9,Tuesday
245079,2,138.0,85.0,14.61,2017-04-04 09:21:10,2017-04-04 10:17:43,0.0,60.38,56,9,Tuesday
242615,2,48.0,231.0,4.17,2017-04-06 09:14:10,2017-04-06 09:49:39,0.0,26.93,35,9,Thursday
552608,2,249.0,107.0,1.65,2017-04-04 09:12:20,2017-04-04 09:25:41,0.0,10.8,13,9,Tuesday
550852,1,186.0,237.0,2.2,2017-04-04 09:58:35,2017-04-04 10:18:22,0.0,17.15,19,9,Tuesday
237852,2,231.0,186.0,3.07,2017-04-06 09:52:33,2017-04-06 10:23:53,0.0,20.8,31,9,Thursday
74790,2,166.0,238.0,1.67,2017-04-04 09:27:32,2017-04-04 09:36:17,0.0,8.8,8,9,Tuesday
76097,1,90.0,162.0,1.6,2017-04-06 09:00:48,2017-04-06 09:22:40,0.0,15.3,21,9,Thursday
595262,1,50.0,142.0,1.3,2017-04-04 09:20:21,2017-04-04 09:26:20,0.0,7.3,5,9,Tuesday
590024,1,236.0,239.0,0.9,2017-04-07 09:27:32,2017-04-07 09:32:20,0.0,6.3,4,9,Friday
536859,2,140.0,262.0,1.07,2017-04-04 09:27:59,2017-04-04 09:34:11,0.0,8.3,6,9,Tuesday
411531,2,43.0,237.0,1.11,2017-04-04 09:30:44,2017-04-04 09:39:06,0.0,9.05,8,9,Tuesday
1047127,1,79.0,79.0,0.3,2017-04-06 09:20:57,2017-04-06 09:25:50,0.0,6.8,4,9,Thursday
1045731,2,164.0,68.0,1.39,2017-04-05 09:14:47,2017-04-05 09:24:52,0.0,10.56,10,9,Wednesday
1035586,1,75.0,145.0,4.1,2017-04-05 09:47:18,2017-04-05 10:07:24,0.0,22.8,20,9,Wednesday
903182,2,246.0,161.0,1.71,2017-04-07 09:28:41,2017-04-07 09:45:05,0.0,14.76,16,9,Friday
513669,2,100.0,163.0,0.93,2017-04-05 09:36:47,2017-04-05 09:46:12,0.0,9.36,9,9,Wednesday
383025,2,141.0,164.0,2.34,2017-04-04 09:17:53,2017-04-04 09:36:26,0.0,15.87,18,9,Tuesday
91538,2,100.0,164.0,1.27,2017-04-03 09:05:48,2017-04-03 09:23:50,0.0,12.3,18,9,Monday
999723,1,186.0,107.0,1.2,2017-04-06 09:26:08,2017-04-06 09:40:33,0.0,12.95,14,9,Thursday
913527,2,13.0,246.0,2.33,2017-04-03 09:36:07,2017-04-03 09:42:39,0.0,11.62,6,9,Monday
670784,2,239.0,236.0,1.19,2017-04-05 09:18:17,2017-04-05 09:27:23,0.0,10.79,9,9,Wednesday
91744,2,90.0,161.0,1.49,2017-04-04 09:47:27,2017-04-04 10:05:50,0.0,16.0,18,9,Tuesday
25977,1,246.0,113.0,2.6,2017-04-05 09:21:23,2017-04-05 09:44:57,0.0,20.15,23,9,Wednesday
757195,2,144.0,181.0,4.47,2017-04-06 09:35:38,2017-04-06 10:03:00,0.0,23.3,27,9,Thursday
1015683,1,237.0,237.0,0.4,2017-04-04 09:21:11,2017-04-04 09:24:41,0.0,4.8,3,9,Tuesday
811214,1,186.0,170.0,0.9,2017-04-03 09:25:00,2017-04-03 09:31:42,0.0,9.1,6,9,Monday
1012553,1,90.0,231.0,1.5,2017-04-07 09:43:17,2017-04-07 09:52:26,0.0,9.8,9,9,Friday
141462,2,237.0,237.0,0.35,2017-04-06 09:02:32,2017-04-06 09:05:28,0.0,5.8,2,9,Thursday
844182,2,186.0,170.0,1.2,2017-04-04 09:08:32,2017-04-04 09:19:37,0.0,10.3,11,9,Tuesday
270177,1,90.0,158.0,0.8,2017-04-04 09:31:05,2017-04-04 09:39:00,0.0,9.35,7,9,Tuesday
174880,1,237.0,140.0,1.3,2017-04-04 09:45:39,2017-04-04 09:58:19,0.0,12.25,12,9,Tuesday
198762,1,170.0,162.0,0.5,2017-04-06 09:01:58,2017-04-06 09:08:51,0.0,7.8,6,9,Thursday
840942,2,137.0,234.0,0.77,2017-04-05 09:08:23,2017-04-05 09:14:55,0.0,8.5,6,9,Wednesday
661025,2,264.0,264.0,0.0,2017-04-07 09:16:44,2017-04-07 09:19:01,0.0,2.5,2,9,Friday
329312,2,239.0,151.0,1.49,2017-04-06 09:10:15,2017-04-06 09:16:51,0.0,9.36,6,9,Thursday
311072,1,142.0,161.0,1.2,2017-04-07 09:05:49,2017-04-07 09:15:14,0.0,11.0,9,9,Friday
122942,2,141.0,261.0,7.8,2017-04-07 09:03:29,2017-04-07 09:26:19,0.0,31.56,22,9,Friday
155063,1,43.0,137.0,2.6,2017-04-07 09:50:18,2017-04-07 10:21:09,0.0,25.7,30,9,Friday
117466,1,50.0,100.0,1.6,2017-04-04 09:00:02,2017-04-04 09:13:18,0.0,12.3,13,9,Tuesday
257251,1,186.0,48.0,0.9,2017-04-07 09:53:45,2017-04-07 10:04:26,0.0,10.55,10,9,Friday
385055,2,262.0,79.0,4.85,2017-04-04 09:57:35,2017-04-04 10:15:55,0.0,22.56,18,9,Tuesday
139441,1,229.0,132.0,19.9,2017-04-07 09:37:08,2017-04-07 10:05:58,0.0,64.56,28,9,Friday
46103,1,75.0,246.0,5.5,2017-04-07 09:25:45,2017-04-07 09:51:35,0.0,22.3,25,9,Friday
939948,2,162.0,163.0,1.27,2017-04-07 09:34:02,2017-04-07 09:55:10,0.0,14.8,21,9,Friday
883551,1,140.0,162.0,1.3,2017-04-06 09:48:47,2017-04-06 10:02:51,0.0,12.95,14,9,Thursday
264834,2,229.0,140.0,1.11,2017-04-07 09:53:06,2017-04-07 10:01:15,0.0,7.8,8,9,Friday
748313,1,263.0,263.0,0.4,2017-04-05 09:13:53,2017-04-05 09:17:48,0.0,5.3,3,9,Wednesday
738609,2,74.0,140.0,2.65,2017-04-04 09:28:47,2017-04-04 09:41:59,0.0,12.3,13,9,Tuesday
378391,1,264.0,264.0,0.8,2017-04-05 09:12:17,2017-04-05 09:17:41,0.0,7.8,5,9,Wednesday
479859,2,140.0,237.0,1.39,2017-04-06 09:48:08,2017-04-06 09:58:59,0.0,11.16,10,9,Thursday
754733,1,170.0,246.0,1.7,2017-04-06 09:55:33,2017-04-06 10:10:00,0.0,11.3,14,9,Thursday
208560,2,249.0,68.0,1.4,2017-04-07 09:26:21,2017-04-07 09:37:32,0.0,11.76,11,9,Friday
261606,1,234.0,246.0,1.5,2017-04-07 09:33:17,2017-04-07 09:43:56,0.0,11.15,10,9,Friday
699181,2,162.0,141.0,0.57,2017-04-06 09:30:19,2017-04-06 09:34:34,0.0,6.36,4,9,Thursday
580591,1,263.0,164.0,3.9,2017-04-07 09:41:34,2017-04-07 10:06:09,0.0,23.16,24,9,Friday
192870,1,229.0,233.0,0.7,2017-04-04 09:15:19,2017-04-04 09:28:19,0.0,10.8,13,9,Tuesday
283201,1,142.0,142.0,0.6,2017-04-04 09:08:17,2017-04-04 09:12:44,0.0,6.95,4,9,Tuesday
874391,1,261.0,186.0,2.8,2017-04-06 09:06:49,2017-04-06 09:24:43,0.0,17.15,17,9,Thursday
111234,2,233.0,233.0,0.54,2017-04-07 09:31:04,2017-04-07 09:40:23,0.0,8.97,9,9,Friday
705253,1,229.0,161.0,0.7,2017-04-05 09:47:12,2017-04-05 09:56:50,0.0,8.3,9,9,Wednesday
798147,2,186.0,164.0,0.41,2017-04-07 10:21:02,2017-04-07 10:25:12,0.0,6.62,4,10,Friday
324376,2,144.0,249.0,1.29,2017-04-03 10:06:25,2017-04-03 10:14:21,0.0,9.96,7,10,Monday
163304,2,186.0,246.0,0.97,2017-04-04 10:33:20,2017-04-04 10:40:28,0.0,8.76,7,10,Tuesday
74216,1,234.0,138.0,9.4,2017-04-06 10:39:04,2017-04-06 11:04:21,0.0,39.06,25,10,Thursday
872697,2,158.0,231.0,1.5,2017-04-05 10:25:17,2017-04-05 10:41:06,0.0,14.14,15,10,Wednesday
753982,2,186.0,237.0,2.25,2017-04-07 10:37:00,2017-04-07 10:56:33,0.0,17.25,19,10,Friday
1040012,1,236.0,237.0,0.7,2017-04-05 10:56:36,2017-04-05 11:05:01,0.0,9.35,8,10,Wednesday
597788,1,143.0,239.0,0.4,2017-04-06 10:25:58,2017-04-06 10:27:59,0.0,4.3,2,10,Thursday
867171,2,237.0,237.0,0.63,2017-04-05 10:33:25,2017-04-05 10:37:48,0.0,5.8,4,10,Wednesday
54275,2,237.0,162.0,0.8,2017-04-06 10:04:20,2017-04-06 10:13:01,0.0,9.36,8,10,Thursday
670588,2,75.0,75.0,1.06,2017-04-03 10:56:20,2017-04-03 11:06:44,0.0,8.8,10,10,Monday
30859,2,166.0,142.0,3.23,2017-04-05 10:20:23,2017-04-05 10:38:42,0.0,18.36,18,10,Wednesday
344211,2,141.0,236.0,1.35,2017-04-04 10:12:21,2017-04-04 10:20:18,0.0,8.3,7,10,Tuesday
568252,2,239.0,75.0,2.5,2017-04-03 10:33:30,2017-04-03 10:49:24,0.0,12.8,15,10,Monday
57618,2,43.0,236.0,1.19,2017-04-06 10:10:06,2017-04-06 10:16:46,0.0,7.8,6,10,Thursday
358390,2,237.0,163.0,0.81,2017-04-04 10:02:55,2017-04-04 10:26:07,0.0,15.98,23,10,Tuesday
119305,1,68.0,107.0,1.6,2017-04-05 10:17:47,2017-04-05 10:38:23,0.0,13.8,20,10,Wednesday
440154,2,13.0,48.0,4.43,2017-04-04 10:02:05,2017-04-04 10:25:46,0.0,23.76,23,10,Tuesday
48918,2,229.0,140.0,0.93,2017-04-06 10:54:35,2017-04-06 11:05:22,0.0,12.51,10,10,Thursday
522726,1,113.0,125.0,1.0,2017-04-04 10:52:51,2017-04-04 11:01:39,0.0,9.3,8,10,Tuesday
58035,1,163.0,161.0,0.5,2017-04-05 10:48:35,2017-04-05 10:51:52,0.0,6.35,3,10,Wednesday
883106,2,163.0,237.0,0.94,2017-04-04 10:38:44,2017-04-04 10:49:47,0.0,11.16,11,10,Tuesday
527247,1,143.0,161.0,2.3,2017-04-04 10:21:56,2017-04-04 10:42:20,0.0,17.8,20,10,Tuesday
321872,1,43.0,236.0,1.1,2017-04-07 10:01:23,2017-04-07 10:08:46,0.0,7.8,7,10,Friday
514352,1,138.0,219.0,10.6,2017-04-05 10:44:40,2017-04-05 11:00:08,0.0,36.35,15,10,Wednesday
401358,1,161.0,233.0,0.7,2017-04-03 10:41:48,2017-04-03 10:51:30,0.0,7.8,9,10,Monday
706275,2,142.0,142.0,0.47,2017-04-04 10:54:56,2017-04-04 10:59:04,0.0,6.36,4,10,Tuesday
450038,1,170.0,164.0,0.3,2017-04-06 10:10:18,2017-04-06 10:15:24,0.0,6.95,5,10,Thursday
520077,1,236.0,163.0,1.9,2017-04-07 10:04:58,2017-04-07 10:25:58,0.0,14.8,21,10,Friday
120980,1,7.0,193.0,0.9,2017-04-03 10:50:23,2017-04-03 10:54:46,0.0,7.55,4,10,Monday
379814,2,249.0,114.0,0.59,2017-04-05 10:09:16,2017-04-05 10:13:32,0.0,6.96,4,10,Wednesday
766814,2,143.0,163.0,1.53,2017-04-06 10:42:01,2017-04-06 10:58:15,0.0,16.11,16,10,Thursday
419385,2,236.0,163.0,1.56,2017-04-06 10:33:28,2017-04-06 10:48:20,0.0,11.3,14,10,Thursday
763467,2,170.0,132.0,16.44,2017-04-07 10:46:37,2017-04-07 11:14:30,0.0,70.0,27,10,Friday
715339,2,186.0,1.0,16.16,2017-04-03 10:24:25,2017-04-03 10:59:56,0.0,88.3,35,10,Monday
671821,2,237.0,239.0,2.07,2017-04-05 10:31:56,2017-04-05 10:43:02,0.0,10.8,11,10,Wednesday
637528,1,125.0,261.0,1.5,2017-04-07 10:15:50,2017-04-07 10:30:18,0.0,11.3,14,10,Friday
257978,1,13.0,90.0,3.1,2017-04-06 10:09:08,2017-04-06 10:23:43,0.0,16.55,14,10,Thursday
481961,2,142.0,237.0,1.49,2017-04-06 10:46:23,2017-04-06 11:03:50,0.0,12.3,17,10,Thursday
418213,1,144.0,237.0,4.0,2017-04-07 10:51:03,2017-04-07 11:19:26,0.0,20.3,28,10,Friday
540590,1,113.0,229.0,2.8,2017-04-07 10:07:14,2017-04-07 10:28:21,0.0,16.55,21,10,Friday
130809,1,113.0,170.0,1.8,2017-04-05 10:15:25,2017-04-05 10:31:44,0.0,14.3,16,10,Wednesday
736940,2,170.0,164.0,0.57,2017-04-07 10:30:46,2017-04-07 10:35:36,0.0,6.8,4,10,Friday
1046790,1,237.0,140.0,1.0,2017-04-03 10:01:49,2017-04-03 10:13:38,0.0,10.3,11,10,Monday
55111,1,237.0,236.0,1.1,2017-04-06 10:18:01,2017-04-06 10:24:11,0.0,10.3,6,10,Thursday
119900,1,142.0,163.0,0.8,2017-04-04 10:09:33,2017-04-04 10:16:42,0.0,7.8,7,10,Tuesday
173822,1,162.0,163.0,0.9,2017-04-05 10:54:20,2017-04-05 11:07:25,0.0,10.3,13,10,Wednesday
863198,2,163.0,162.0,1.1,2017-04-05 10:11:30,2017-04-05 10:23:12,0.0,11.76,11,10,Wednesday
643261,1,162.0,237.0,0.6,2017-04-07 10:12:48,2017-04-07 10:19:09,0.0,7.56,6,10,Friday
588762,2,261.0,164.0,4.25,2017-04-07 10:30:02,2017-04-07 10:57:07,0.0,21.3,27,10,Friday
73358,2,170.0,107.0,0.98,2017-04-04 10:07:32,2017-04-04 10:14:28,0.0,8.76,6,10,Tuesday
353500,2,239.0,162.0,2.33,2017-04-05 10:02:43,2017-04-05 10:23:23,0.0,17.0,20,10,Wednesday
287397,2,151.0,41.0,1.89,2017-04-06 10:10:22,2017-04-06 10:21:44,0.0,12.36,11,10,Thursday
816236,2,162.0,68.0,3.01,2017-04-03 10:03:59,2017-04-03 10:33:28,0.0,24.12,29,10,Monday
31970,1,68.0,137.0,1.9,2017-04-05 10:09:45,2017-04-05 10:28:26,0.0,13.3,18,10,Wednesday
813719,1,137.0,170.0,0.5,2017-04-06 10:28:40,2017-04-06 10:39:06,0.0,10.8,10,10,Thursday
387171,2,238.0,238.0,0.73,2017-04-05 10:00:35,2017-04-05 10:05:17,0.0,6.3,4,10,Wednesday
648736,2,143.0,79.0,4.4,2017-04-05 10:57:26,2017-04-05 11:31:18,0.0,23.8,33,10,Wednesday
278773,2,100.0,161.0,0.61,2017-04-07 10:11:51,2017-04-07 10:20:45,0.0,7.8,8,10,Friday
477851,1,238.0,163.0,2.6,2017-04-07 10:15:57,2017-04-07 10:42:42,0.0,20.13,26,10,Friday
164088,2,100.0,43.0,2.85,2017-04-03 10:44:18,2017-04-03 10:57:37,0.0,14.05,13,10,Monday
994511,2,163.0,132.0,17.76,2017-04-07 10:41:52,2017-04-07 11:15:57,0.0,73.2,34,10,Friday
258580,2,138.0,162.0,8.16,2017-04-06 10:59:52,2017-04-06 11:54:03,0.0,53.47,54,10,Thursday
584613,2,237.0,162.0,0.8,2017-04-04 10:07:14,2017-04-04 10:14:56,0.0,8.1,7,10,Tuesday
670487,2,246.0,142.0,2.07,2017-04-05 10:13:57,2017-04-05 10:28:37,0.0,14.76,14,10,Wednesday
982062,2,107.0,234.0,0.81,2017-04-03 10:41:44,2017-04-03 10:47:49,0.0,6.8,6,10,Monday
157577,1,164.0,164.0,0.3,2017-04-05 10:30:47,2017-04-05 10:35:25,0.0,6.89,4,10,Wednesday
368207,2,263.0,43.0,1.37,2017-04-03 10:57:32,2017-04-03 11:14:33,0.0,14.16,17,10,Monday
443438,1,170.0,141.0,1.8,2017-04-06 10:55:53,2017-04-06 11:19:12,0.0,18.35,23,10,Thursday
326064,1,233.0,107.0,1.4,2017-04-05 10:45:00,2017-04-05 10:58:08,0.0,12.85,13,10,Wednesday
631751,2,138.0,142.0,10.52,2017-04-06 10:22:11,2017-04-06 11:10:16,0.0,53.47,48,10,Thursday
1023688,1,137.0,238.0,5.1,2017-04-05 10:08:18,2017-04-05 10:30:16,0.0,23.15,21,10,Wednesday
661714,2,230.0,80.0,6.3,2017-04-05 10:19:56,2017-04-05 10:50:13,0.0,30.56,30,10,Wednesday
110001,2,144.0,79.0,0.23,2017-04-07 10:09:03,2017-04-07 10:10:52,0.0,5.16,1,10,Friday
39376,2,246.0,170.0,2.43,2017-04-07 10:54:39,2017-04-07 11:19:25,0.0,20.16,24,10,Friday
578919,1,239.0,113.0,4.0,2017-04-06 10:42:58,2017-04-06 11:20:39,0.0,29.15,37,10,Thursday
572123,1,137.0,48.0,1.9,2017-04-07 10:20:47,2017-04-07 10:45:22,0.0,16.3,24,10,Friday
168526,1,151.0,68.0,5.2,2017-04-07 10:46:47,2017-04-07 11:03:25,0.0,22.85,16,10,Friday
519282,2,68.0,164.0,2.06,2017-04-05 10:28:58,2017-04-05 11:00:07,0.0,19.3,31,10,Wednesday
942662,1,264.0,264.0,1.2,2017-04-04 10:01:12,2017-04-04 10:21:30,0.0,16.55,20,10,Tuesday
830065,2,186.0,142.0,1.87,2017-04-03 10:01:31,2017-04-03 10:12:00,0.0,9.8,10,10,Monday
329575,1,79.0,229.0,2.6,2017-04-03 10:59:16,2017-04-03 11:17:15,0.0,15.8,17,10,Monday
158093,2,237.0,170.0,1.6,2017-04-05 10:00:45,2017-04-05 10:21:32,0.0,17.16,20,10,Wednesday
222937,1,264.0,264.0,0.6,2017-04-03 10:01:26,2017-04-03 10:04:16,0.0,5.3,2,10,Monday
900443,1,224.0,161.0,2.4,2017-04-04 10:19:25,2017-04-04 10:37:52,0.0,13.8,18,10,Tuesday
1026635,2,100.0,88.0,6.23,2017-04-05 10:30:37,2017-04-05 10:51:20,0.0,22.3,20,10,Wednesday
71480,2,68.0,141.0,3.94,2017-04-04 10:40:15,2017-04-04 11:22:47,0.0,30.3,42,10,Tuesday
447702,1,186.0,41.0,5.3,2017-04-05 10:13:08,2017-04-05 10:51:09,0.0,26.3,38,10,Wednesday
90154,1,186.0,234.0,1.0,2017-04-05 10:43:03,2017-04-05 10:54:30,0.0,11.15,11,10,Wednesday
533291,1,107.0,68.0,2.2,2017-04-07 10:30:03,2017-04-07 10:58:21,0.0,18.3,28,10,Friday
760052,2,224.0,87.0,4.17,2017-04-07 10:28:03,2017-04-07 10:41:20,0.0,18.96,13,10,Friday
519323,1,237.0,237.0,0.6,2017-04-03 10:47:15,2017-04-03 10:52:20,0.0,6.67,5,10,Monday
223180,2,162.0,158.0,3.02,2017-04-03 10:47:13,2017-04-03 11:14:03,0.0,18.8,26,10,Monday
895368,2,236.0,75.0,0.75,2017-04-05 10:12:06,2017-04-05 10:17:13,0.0,7.56,5,10,Wednesday
73595,1,237.0,90.0,3.8,2017-04-03 10:40:18,2017-04-03 11:05:20,0.0,22.55,25,10,Monday
577736,2,107.0,107.0,0.57,2017-04-06 10:21:41,2017-04-06 10:27:09,0.0,7.56,5,10,Thursday
850699,2,211.0,162.0,3.26,2017-04-06 10:57:47,2017-04-06 11:34:21,0.0,22.8,36,10,Thursday
76962,2,239.0,230.0,1.59,2017-04-07 10:23:38,2017-04-07 10:36:17,0.0,12.36,12,10,Friday
479104,1,162.0,239.0,2.4,2017-04-07 10:50:03,2017-04-07 11:09:25,0.0,17.75,19,10,Friday
1010874,1,90.0,90.0,0.4,2017-04-05 10:26:35,2017-04-05 10:29:17,0.0,7.8,2,10,Wednesday
393541,2,158.0,170.0,1.92,2017-04-04 10:05:14,2017-04-04 10:22:43,0.0,12.8,17,10,Tuesday
180442,1,113.0,148.0,1.6,2017-04-05 10:26:40,2017-04-05 10:42:42,0.0,13.8,16,10,Wednesday
414589,1,68.0,170.0,0.7,2017-04-04 10:27:05,2017-04-04 10:38:59,0.0,9.3,11,10,Tuesday
213027,2,170.0,234.0,1.26,2017-04-07 10:29:08,2017-04-07 10:44:53,0.0,13.8,15,10,Friday
118103,2,263.0,141.0,1.2,2017-04-05 10:39:09,2017-04-05 10:50:28,0.0,9.3,11,10,Wednesday
385706,2,4.0,79.0,0.77,2017-04-07 10:59:59,2017-04-07 11:06:02,0.0,6.8,6,10,Friday
255124,2,48.0,161.0,1.24,2017-04-07 10:26:39,2017-04-07 10:45:08,0.0,17.8,18,10,Friday
498312,1,162.0,13.0,6.4,2017-04-04 10:28:21,2017-04-04 10:48:46,0.0,27.35,20,10,Tuesday
617873,2,186.0,161.0,1.13,2017-04-06 10:56:22,2017-04-06 11:14:04,0.0,14.76,17,10,Thursday
666906,1,236.0,263.0,0.8,2017-04-04 10:47:03,2017-04-04 10:54:11,0.0,8.15,7,10,Tuesday
489813,2,170.0,163.0,1.52,2017-04-07 10:37:02,2017-04-07 10:48:18,0.0,11.76,11,10,Friday
978102,1,75.0,74.0,1.0,2017-04-05 10:56:53,2017-04-05 11:02:34,0.0,6.8,5,10,Wednesday
525669,1,41.0,229.0,4.4,2017-04-05 10:44:49,2017-04-05 11:08:57,0.0,19.3,24,10,Wednesday
552917,1,141.0,140.0,0.6,2017-04-05 10:49:09,2017-04-05 10:56:18,0.0,6.8,7,10,Wednesday
226909,1,116.0,244.0,0.8,2017-04-06 10:54:19,2017-04-06 10:58:52,0.0,6.8,4,10,Thursday
768192,1,74.0,237.0,2.2,2017-04-03 10:01:25,2017-04-03 10:15:31,0.0,11.8,14,10,Monday
751779,2,43.0,163.0,0.63,2017-04-07 10:20:13,2017-04-07 10:30:26,0.0,10.38,10,10,Friday
976739,1,233.0,125.0,3.1,2017-04-04 10:25:41,2017-04-04 10:49:30,0.0,20.16,23,10,Tuesday
249594,2,100.0,186.0,0.28,2017-04-05 10:56:52,2017-04-05 11:01:59,0.0,7.25,5,10,Wednesday
683319,1,107.0,79.0,0.8,2017-04-06 10:53:22,2017-04-06 10:57:01,0.0,6.8,3,10,Thursday
425715,2,238.0,231.0,5.8,2017-04-04 10:39:34,2017-04-04 11:06:05,0.0,27.36,26,10,Tuesday
156166,2,138.0,14.0,26.9,2017-04-03 10:57:51,2017-04-03 11:56:36,0.0,78.3,58,10,Monday
64029,1,161.0,138.0,8.5,2017-04-07 10:39:15,2017-04-07 11:03:49,0.0,43.61,24,10,Friday
982863,1,237.0,48.0,1.6,2017-04-04 10:45:05,2017-04-04 10:58:37,0.0,11.3,13,10,Tuesday
330734,1,145.0,145.0,0.0,2017-04-03 10:21:52,2017-04-03 10:26:13,0.0,5.3,4,10,Monday
745823,2,13.0,231.0,0.87,2017-04-07 10:29:00,2017-04-07 10:38:50,0.0,8.3,9,10,Friday
156397,2,161.0,186.0,1.1,2017-04-07 10:51:10,2017-04-07 11:01:25,0.0,8.8,10,10,Friday
211844,2,163.0,236.0,1.72,2017-04-06 10:52:41,2017-04-06 11:05:54,0.0,10.8,13,10,Thursday
630198,1,237.0,236.0,1.1,2017-04-06 10:47:34,2017-04-06 10:54:00,0.0,8.76,6,10,Thursday
197963,1,107.0,163.0,2.8,2017-04-05 10:35:16,2017-04-05 11:02:02,0.0,21.35,26,10,Wednesday
902474,1,263.0,238.0,1.2,2017-04-06 10:19:46,2017-04-06 10:25:42,0.0,7.3,5,10,Thursday
980281,2,170.0,234.0,0.74,2017-04-03 10:49:00,2017-04-03 10:55:30,0.0,8.16,6,10,Monday
734734,2,162.0,230.0,0.83,2017-04-05 10:39:28,2017-04-05 10:47:40,0.0,9.12,8,10,Wednesday
30341,2,68.0,164.0,1.11,2017-04-07 10:03:37,2017-04-07 10:22:24,0.0,12.8,18,10,Friday
333104,2,161.0,230.0,0.36,2017-04-05 10:53:18,2017-04-05 10:56:06,0.0,4.8,2,10,Wednesday
293498,2,262.0,236.0,0.53,2017-04-05 10:25:30,2017-04-05 10:32:03,0.0,6.8,6,10,Wednesday
379271,1,100.0,170.0,0.9,2017-04-05 10:45:10,2017-04-05 10:53:33,0.0,7.8,8,10,Wednesday
939917,2,162.0,238.0,2.73,2017-04-07 10:10:40,2017-04-07 10:33:58,0.0,16.8,23,10,Friday
478250,2,140.0,238.0,3.14,2017-04-06 10:02:19,2017-04-06 10:21:26,0.0,17.8,19,10,Thursday
278311,1,137.0,142.0,2.7,2017-04-05 10:37:45,2017-04-05 11:20:07,0.0,25.3,42,10,Wednesday
76343,2,100.0,230.0,0.61,2017-04-04 10:15:38,2017-04-04 10:20:18,0.0,7.25,4,10,Tuesday
934444,2,229.0,236.0,1.75,2017-04-06 10:45:47,2017-04-06 10:58:14,0.0,12.36,12,10,Thursday
954915,1,186.0,164.0,0.4,2017-04-07 10:20:22,2017-04-07 10:29:07,0.0,9.1,8,10,Friday
548335,1,90.0,68.0,0.7,2017-04-03 10:27:31,2017-04-03 10:37:38,0.0,9.95,10,10,Monday
130081,1,114.0,79.0,0.6,2017-04-04 10:14:20,2017-04-04 10:16:35,0.0,6.0,2,10,Tuesday
59286,1,167.0,159.0,1.4,2017-04-03 10:31:22,2017-04-03 10:39:20,0.0,8.3,7,10,Monday
223588,1,161.0,163.0,0.9,2017-04-07 10:31:53,2017-04-07 10:40:24,0.0,7.8,8,10,Friday
791576,1,68.0,107.0,1.5,2017-04-03 10:09:32,2017-04-03 10:23:57,0.0,13.3,14,10,Monday
769513,1,100.0,161.0,0.9,2017-04-05 10:58:38,2017-04-05 11:04:45,0.0,7.55,6,10,Wednesday
1043398,2,186.0,224.0,2.14,2017-04-07 10:24:05,2017-04-07 10:40:46,0.0,16.0,16,10,Friday
528992,1,138.0,100.0,11.7,2017-04-05 10:52:04,2017-04-05 11:46:40,0.0,56.56,54,10,Wednesday
799807,1,230.0,230.0,0.7,2017-04-04 10:39:58,2017-04-04 10:46:57,0.0,8.15,6,10,Tuesday
461344,1,163.0,234.0,1.8,2017-04-07 10:55:43,2017-04-07 11:12:07,0.0,14.75,16,10,Friday
698970,2,161.0,237.0,0.85,2017-04-03 10:20:43,2017-04-03 10:33:38,0.0,11.76,12,10,Monday
50458,2,261.0,186.0,3.31,2017-04-03 10:27:20,2017-04-03 10:55:04,0.0,23.16,27,10,Monday
809896,1,229.0,229.0,0.3,2017-04-06 10:51:34,2017-04-06 11:00:01,0.0,7.3,8,10,Thursday
154166,2,236.0,236.0,0.46,2017-04-06 10:09:46,2017-04-06 10:12:34,0.0,5.52,2,10,Thursday
58433,2,170.0,161.0,0.69,2017-04-07 10:36:33,2017-04-07 10:42:16,0.0,7.56,5,10,Friday
421806,1,164.0,237.0,1.5,2017-04-07 10:30:15,2017-04-07 10:50:28,0.0,13.8,20,10,Friday
679078,1,237.0,236.0,0.6,2017-04-05 10:24:47,2017-04-05 10:30:53,0.0,6.3,6,10,Wednesday
539152,2,262.0,237.0,1.02,2017-04-03 10:27:01,2017-04-03 10:34:13,0.0,8.3,7,10,Monday
381697,1,161.0,144.0,2.4,2017-04-07 10:56:02,2017-04-07 11:15:48,0.0,13.8,19,10,Friday
877121,1,143.0,230.0,1.4,2017-04-04 10:54:01,2017-04-04 11:04:19,0.0,11.15,10,10,Tuesday
609977,2,229.0,88.0,5.98,2017-04-03 10:45:38,2017-04-03 11:01:37,0.0,24.36,15,10,Monday
964469,2,142.0,237.0,1.49,2017-04-06 10:46:41,2017-04-06 11:06:31,0.0,15.3,19,10,Thursday
307713,1,236.0,238.0,1.1,2017-04-05 10:10:49,2017-04-05 10:18:28,0.0,7.8,7,10,Wednesday
21016,2,229.0,230.0,1.45,2017-04-06 10:03:42,2017-04-06 10:26:01,0.0,14.3,22,10,Thursday
1031674,1,162.0,161.0,0.7,2017-04-06 10:37:03,2017-04-06 10:59:15,0.0,14.3,22,10,Thursday
495298,1,13.0,249.0,1.6,2017-04-05 10:02:56,2017-04-05 10:11:23,0.0,10.56,8,10,Wednesday
355437,2,170.0,161.0,1.18,2017-04-07 10:52:59,2017-04-07 11:07:20,0.0,12.96,14,10,Friday
164244,1,168.0,75.0,2.4,2017-04-07 10:46:01,2017-04-07 10:50:43,0.0,10.8,4,10,Friday
476723,2,170.0,164.0,0.57,2017-04-05 10:48:54,2017-04-05 11:00:29,0.0,10.3,11,10,Wednesday
349422,2,261.0,13.0,0.63,2017-04-07 10:24:21,2017-04-07 10:28:47,0.0,6.36,4,10,Friday
129556,2,238.0,43.0,1.09,2017-04-03 10:39:29,2017-04-03 10:44:00,0.0,6.3,4,10,Monday
10783,1,233.0,140.0,1.1,2017-04-07 10:10:44,2017-04-07 10:19:19,0.0,9.35,8,10,Friday
10695,1,24.0,236.0,2.6,2017-04-07 10:25:02,2017-04-07 10:46:47,0.0,16.8,21,10,Friday
269539,2,162.0,186.0,1.31,2017-04-03 10:00:01,2017-04-03 10:12:57,0.0,12.36,12,10,Monday
249398,1,249.0,246.0,1.6,2017-04-06 10:15:38,2017-04-06 10:29:35,0.0,13.55,13,10,Thursday
990547,1,236.0,238.0,1.3,2017-04-04 10:31:03,2017-04-04 10:37:00,0.0,8.8,5,10,Tuesday
451645,2,262.0,138.0,9.17,2017-04-07 10:13:49,2017-04-07 10:46:18,0.0,45.07,32,10,Friday
409707,2,261.0,114.0,2.01,2017-04-07 10:40:37,2017-04-07 10:56:42,0.0,14.76,16,10,Friday
306626,1,237.0,161.0,0.8,2017-04-03 10:48:38,2017-04-03 10:59:49,0.0,10.8,11,10,Monday
453018,2,48.0,170.0,1.39,2017-04-05 10:41:27,2017-04-05 10:56:23,0.0,11.3,14,10,Wednesday
562538,2,161.0,186.0,1.04,2017-04-04 10:04:04,2017-04-04 10:11:38,0.0,8.76,7,10,Tuesday
164884,1,186.0,162.0,1.3,2017-04-07 10:54:30,2017-04-07 11:13:45,0.0,16.0,19,10,Friday
51722,2,163.0,161.0,0.57,2017-04-06 10:56:04,2017-04-06 11:00:39,0.0,5.8,4,10,Thursday
266547,1,236.0,164.0,2.8,2017-04-03 10:10:30,2017-04-03 10:33:47,0.0,21.6,23,10,Monday
137861,1,263.0,237.0,1.8,2017-04-04 10:55:17,2017-04-04 11:09:36,0.0,13.55,14,10,Tuesday
578515,2,186.0,234.0,1.09,2017-04-04 10:14:45,2017-04-04 10:24:46,0.0,10.56,10,10,Tuesday
596796,1,100.0,132.0,17.4,2017-04-03 10:23:50,2017-04-03 10:59:46,0.0,58.56,35,10,Monday
745712,1,164.0,88.0,5.7,2017-04-05 10:25:51,2017-04-05 10:53:38,0.0,23.3,27,10,Wednesday
989291,2,249.0,114.0,1.01,2017-04-03 10:21:44,2017-04-03 10:32:28,0.0,8.8,10,10,Monday
131322,1,163.0,211.0,3.5,2017-04-05 10:32:04,2017-04-05 11:03:16,0.0,27.0,31,10,Wednesday
683129,2,107.0,186.0,0.72,2017-04-06 10:20:08,2017-04-06 10:28:43,0.0,7.8,8,10,Thursday
730879,2,161.0,234.0,1.35,2017-04-06 10:53:15,2017-04-06 11:06:40,0.0,12.8,13,10,Thursday
288556,1,237.0,74.0,3.2,2017-04-05 10:12:09,2017-04-05 10:31:17,0.0,16.8,19,10,Wednesday
859392,2,163.0,234.0,1.98,2017-04-06 10:16:18,2017-04-06 10:33:04,0.0,15.36,16,10,Thursday
500816,2,143.0,142.0,0.62,2017-04-04 10:56:33,2017-04-04 11:01:27,0.0,5.8,4,10,Tuesday
5415,1,151.0,166.0,1.0,2017-04-06 10:45:42,2017-04-06 10:53:33,0.0,7.8,7,10,Thursday
574556,1,43.0,170.0,1.1,2017-04-06 10:28:21,2017-04-06 10:40:41,0.0,11.75,12,10,Thursday
329200,2,186.0,142.0,1.63,2017-04-04 10:49:01,2017-04-04 11:01:36,0.0,12.88,12,10,Tuesday
921414,2,231.0,261.0,1.3,2017-04-03 10:02:02,2017-04-03 10:15:17,0.0,10.3,13,10,Monday
757772,2,151.0,79.0,6.57,2017-04-06 10:55:51,2017-04-06 11:27:21,0.0,25.8,31,10,Thursday
945902,1,261.0,170.0,5.4,2017-04-04 10:29:40,2017-04-04 11:02:37,0.0,30.36,32,10,Tuesday
125918,1,162.0,100.0,1.8,2017-04-07 10:33:30,2017-04-07 11:00:43,0.0,20.75,27,10,Friday
664872,1,113.0,234.0,1.0,2017-04-07 10:16:16,2017-04-07 10:27:33,0.0,11.15,11,10,Friday
803610,1,162.0,137.0,1.2,2017-04-04 10:25:14,2017-04-04 10:33:07,0.0,7.8,7,10,Tuesday
975327,2,161.0,246.0,2.23,2017-04-07 10:26:19,2017-04-07 10:48:08,0.0,18.36,21,10,Friday
531314,2,237.0,236.0,1.19,2017-04-04 10:55:41,2017-04-04 11:05:28,0.0,8.3,9,10,Tuesday
358649,2,231.0,113.0,1.52,2017-04-07 10:19:48,2017-04-07 10:33:41,0.0,12.96,13,10,Friday
175133,1,88.0,162.0,5.1,2017-04-03 10:01:47,2017-04-03 10:26:46,0.0,26.3,24,10,Monday
306933,2,237.0,142.0,1.17,2017-04-05 10:32:58,2017-04-05 10:38:39,0.0,8.2,5,10,Wednesday
693583,1,162.0,170.0,0.9,2017-04-05 10:23:17,2017-04-05 10:33:01,0.0,9.95,9,10,Wednesday
400876,2,239.0,237.0,1.81,2017-04-04 10:23:50,2017-04-04 10:41:01,0.0,14.76,17,10,Tuesday
415715,1,43.0,140.0,2.1,2017-04-06 10:41:26,2017-04-06 11:00:48,0.0,13.8,19,10,Thursday
29815,2,43.0,161.0,2.16,2017-04-05 10:17:04,2017-04-05 10:35:15,0.0,14.3,18,10,Wednesday
602219,2,186.0,170.0,0.76,2017-04-06 10:55:20,2017-04-06 11:05:40,0.0,8.3,10,10,Thursday
532636,1,236.0,141.0,1.5,2017-04-07 10:06:40,2017-04-07 10:17:17,0.0,11.3,10,10,Friday
25088,2,43.0,229.0,1.49,2017-04-03 10:31:38,2017-04-03 10:48:27,0.0,12.3,16,10,Monday
772881,1,233.0,140.0,1.6,2017-04-07 10:30:57,2017-04-07 10:43:22,0.0,9.8,12,10,Friday
856836,2,234.0,237.0,2.02,2017-04-03 10:06:57,2017-04-03 10:23:05,0.0,16.64,16,10,Monday
725091,2,79.0,79.0,1.29,2017-04-07 10:51:47,2017-04-07 11:05:34,0.0,10.3,13,10,Friday
423889,1,132.0,164.0,17.3,2017-04-06 10:26:40,2017-04-06 11:38:53,0.0,70.56,72,10,Thursday
216199,2,186.0,234.0,3.39,2017-04-05 10:25:37,2017-04-05 10:56:41,0.0,24.96,31,10,Wednesday
184112,2,13.0,161.0,6.93,2017-04-04 10:10:16,2017-04-04 10:46:57,0.0,33.96,36,10,Tuesday
365531,2,79.0,211.0,1.5,2017-04-07 10:40:48,2017-04-07 10:53:39,0.0,11.8,12,10,Friday
671281,2,13.0,12.0,0.82,2017-04-07 10:35:32,2017-04-07 10:43:24,0.0,7.8,7,10,Friday
928651,1,138.0,17.0,8.9,2017-04-07 10:23:56,2017-04-07 10:51:18,0.0,33.35,27,10,Friday
476806,1,236.0,75.0,0.6,2017-04-07 10:49:22,2017-04-07 10:53:04,0.0,6.35,3,10,Friday
130168,2,50.0,161.0,1.44,2017-04-06 10:23:57,2017-04-06 10:46:50,0.0,17.3,22,10,Thursday
684538,1,75.0,43.0,1.3,2017-04-04 10:18:26,2017-04-04 10:29:28,0.0,11.15,11,10,Tuesday
172699,2,186.0,230.0,1.31,2017-04-05 10:26:34,2017-04-05 10:44:36,0.0,14.76,18,10,Wednesday
733291,1,231.0,231.0,0.5,2017-04-03 10:18:55,2017-04-03 10:30:19,0.0,8.8,11,10,Monday
292263,2,249.0,163.0,2.65,2017-04-07 10:25:41,2017-04-07 10:54:14,0.0,22.3,28,10,Friday
677879,1,186.0,246.0,1.2,2017-04-06 10:10:41,2017-04-06 10:22:39,0.0,9.8,11,10,Thursday
290819,1,233.0,87.0,5.4,2017-04-03 10:25:09,2017-04-03 10:38:01,0.0,20.13,12,10,Monday
800537,1,143.0,90.0,3.0,2017-04-04 10:49:49,2017-04-04 11:07:17,0.0,14.3,17,10,Tuesday
432484,2,231.0,211.0,0.98,2017-04-03 10:21:50,2017-04-03 10:31:04,0.0,9.36,9,10,Monday
128840,1,4.0,234.0,1.9,2017-04-04 10:01:17,2017-04-04 10:15:46,0.0,14.15,14,10,Tuesday
840534,2,249.0,234.0,0.91,2017-04-05 10:29:00,2017-04-05 10:40:52,0.0,11.16,11,10,Wednesday
159370,2,13.0,230.0,4.31,2017-04-04 10:32:58,2017-04-04 11:09:49,0.0,30.96,36,10,Tuesday
691311,2,138.0,162.0,10.19,2017-04-06 10:20:01,2017-04-06 11:04:49,0.0,48.56,44,10,Thursday
702350,1,141.0,237.0,1.0,2017-04-05 10:53:06,2017-04-05 11:00:34,0.0,7.3,7,10,Wednesday
1024123,1,87.0,87.0,1.6,2017-04-06 10:29:46,2017-04-06 10:30:20,0.0,3.3,0,10,Thursday
180757,2,142.0,246.0,2.02,2017-04-07 10:48:30,2017-04-07 11:10:17,0.0,18.36,21,10,Friday
541012,1,237.0,151.0,2.6,2017-04-04 10:19:53,2017-04-04 10:36:06,0.0,15.87,16,10,Tuesday
773683,1,161.0,163.0,0.5,2017-04-07 10:48:44,2017-04-07 10:53:33,0.0,5.8,4,10,Friday
467901,2,140.0,229.0,0.92,2017-04-07 10:41:05,2017-04-07 10:47:45,0.0,6.8,6,10,Friday
433869,2,237.0,113.0,2.64,2017-04-03 10:02:31,2017-04-03 10:17:17,0.0,12.3,14,10,Monday
478761,2,142.0,140.0,2.83,2017-04-07 10:36:48,2017-04-07 10:59:09,0.0,20.38,22,10,Friday
969600,1,100.0,170.0,0.5,2017-04-04 10:45:52,2017-04-04 10:52:15,0.0,5.8,6,10,Tuesday
577079,2,186.0,211.0,2.22,2017-04-06 10:35:50,2017-04-06 10:56:02,0.0,17.76,20,10,Thursday
526337,1,230.0,186.0,1.1,2017-04-07 10:38:35,2017-04-07 10:46:07,0.0,9.35,7,10,Friday
867050,2,114.0,68.0,1.04,2017-04-07 10:45:43,2017-04-07 10:50:19,0.0,7.88,4,10,Friday
932152,1,142.0,238.0,1.7,2017-04-04 10:04:12,2017-04-04 10:10:59,0.0,9.3,6,10,Tuesday
125423,2,43.0,236.0,0.89,2017-04-03 10:00:47,2017-04-03 10:04:55,0.0,5.8,4,10,Monday
917719,1,163.0,100.0,1.5,2017-04-04 10:49:45,2017-04-04 11:08:55,0.0,15.95,19,10,Tuesday
425317,2,141.0,161.0,2.11,2017-04-07 10:24:57,2017-04-07 10:41:52,0.0,13.8,16,10,Friday
20105,1,162.0,230.0,0.8,2017-04-06 10:52:57,2017-04-06 11:13:24,0.0,13.3,20,10,Thursday
723441,1,170.0,237.0,2.4,2017-04-06 10:13:39,2017-04-06 10:40:13,0.0,21.35,26,10,Thursday
863161,1,138.0,237.0,8.9,2017-04-04 10:31:29,2017-04-04 11:00:34,0.0,34.56,29,10,Tuesday
255646,1,230.0,142.0,1.6,2017-04-05 10:51:45,2017-04-05 11:03:43,0.0,10.3,11,10,Wednesday
571327,2,68.0,158.0,1.76,2017-04-05 10:49:27,2017-04-05 11:07:35,0.0,15.96,18,10,Wednesday
1013553,2,229.0,226.0,3.82,2017-04-03 10:06:32,2017-04-03 10:23:52,0.0,16.3,17,10,Monday
139922,2,164.0,211.0,2.09,2017-04-06 10:17:49,2017-04-06 10:30:33,0.0,14.12,12,10,Thursday
667762,2,48.0,237.0,1.88,2017-04-07 10:48:43,2017-04-07 11:10:05,0.0,15.3,21,10,Friday
625427,2,142.0,230.0,1.49,2017-04-06 10:24:32,2017-04-06 10:35:45,0.0,11.2,11,10,Thursday
399895,1,158.0,161.0,2.7,2017-04-07 10:03:00,2017-04-07 10:28:41,0.0,18.3,25,10,Friday
824212,1,162.0,1.0,17.5,2017-04-05 10:08:31,2017-04-05 10:49:36,0.0,105.35,41,10,Wednesday
783479,1,236.0,236.0,0.4,2017-04-06 10:55:16,2017-04-06 10:57:57,0.0,6.2,2,10,Thursday
492901,2,246.0,164.0,1.49,2017-04-03 10:39:48,2017-04-03 10:56:27,0.0,15.38,16,10,Monday
1032584,2,100.0,162.0,1.06,2017-04-04 10:49:49,2017-04-04 11:02:34,0.0,11.76,12,10,Tuesday
79138,2,239.0,43.0,2.03,2017-04-05 10:38:06,2017-04-05 10:53:55,0.0,14.8,15,10,Wednesday
906600,2,163.0,239.0,1.6,2017-04-05 10:44:23,2017-04-05 10:54:19,0.0,10.3,9,10,Wednesday
714488,2,140.0,263.0,0.76,2017-04-05 10:10:51,2017-04-05 10:20:10,0.0,7.8,9,10,Wednesday
883665,2,238.0,75.0,1.82,2017-04-04 10:58:36,2017-04-04 11:14:22,0.0,12.3,15,10,Tuesday
545734,1,137.0,90.0,1.4,2017-04-04 10:11:04,2017-04-04 10:22:53,0.0,9.3,11,10,Tuesday
536660,2,249.0,162.0,2.32,2017-04-04 10:06:09,2017-04-04 10:25:32,0.0,17.88,19,10,Tuesday
43568,2,164.0,161.0,0.5,2017-04-06 10:17:53,2017-04-06 10:25:56,0.0,8.76,8,10,Thursday
521675,1,233.0,170.0,0.6,2017-04-05 10:31:25,2017-04-05 10:39:34,0.0,7.3,8,10,Wednesday
690738,2,164.0,48.0,1.15,2017-04-07 10:52:42,2017-04-07 11:03:10,0.0,8.8,10,10,Friday
877382,2,170.0,48.0,1.82,2017-04-05 10:42:05,2017-04-05 11:07:57,0.0,18.0,25,10,Wednesday
614039,1,234.0,48.0,1.8,2017-04-05 10:52:38,2017-04-05 11:11:19,0.0,13.8,18,10,Wednesday
299573,1,162.0,113.0,2.4,2017-04-05 10:13:23,2017-04-05 10:33:55,0.0,17.75,20,10,Wednesday
588779,2,88.0,13.0,1.6,2017-04-05 10:15:24,2017-04-05 10:25:00,0.0,10.55,9,10,Wednesday
670546,2,211.0,234.0,1.54,2017-04-06 10:57:07,2017-04-06 11:05:37,0.0,9.96,8,10,Thursday
734193,1,236.0,141.0,1.7,2017-04-06 10:39:14,2017-04-06 10:54:20,0.0,11.8,15,10,Thursday
754079,1,249.0,262.0,5.0,2017-04-03 10:04:47,2017-04-03 10:36:31,0.0,23.8,31,10,Monday
570784,2,186.0,161.0,1.07,2017-04-05 10:06:50,2017-04-05 10:20:31,0.0,10.3,13,10,Wednesday
823988,1,145.0,145.0,0.0,2017-04-07 10:15:28,2017-04-07 10:18:47,0.0,4.8,3,10,Friday
691622,1,87.0,233.0,4.8,2017-04-06 10:20:32,2017-04-06 10:41:47,0.0,24.1,21,10,Thursday
970122,2,163.0,48.0,0.97,2017-04-06 10:54:18,2017-04-06 11:03:14,0.0,9.75,8,10,Thursday
365703,2,125.0,249.0,1.0,2017-04-06 10:42:31,2017-04-06 10:52:19,0.0,11.0,9,10,Thursday
228689,2,164.0,43.0,2.26,2017-04-03 10:49:09,2017-04-03 11:07:33,0.0,16.8,18,10,Monday
715859,1,238.0,239.0,1.0,2017-04-07 10:39:23,2017-04-07 10:46:55,0.0,9.75,7,10,Friday
51361,2,140.0,162.0,1.44,2017-04-03 10:58:12,2017-04-03 11:10:49,0.0,10.3,12,10,Monday
378343,2,224.0,233.0,1.86,2017-04-04 10:33:56,2017-04-04 10:41:49,0.0,11.16,7,10,Tuesday
106830,1,142.0,170.0,2.1,2017-04-05 10:10:05,2017-04-05 10:27:19,0.0,15.35,17,10,Wednesday
181790,1,158.0,113.0,0.8,2017-04-06 10:52:56,2017-04-06 10:59:43,0.0,8.5,6,10,Thursday
759635,2,170.0,236.0,2.95,2017-04-06 10:43:25,2017-04-06 11:21:07,0.0,29.75,37,10,Thursday
113377,2,238.0,75.0,1.49,2017-04-03 10:54:41,2017-04-03 11:03:35,0.0,8.8,8,10,Monday
363552,2,162.0,246.0,1.97,2017-04-04 10:08:25,2017-04-04 10:23:26,0.0,15.5,15,10,Tuesday
226931,1,263.0,233.0,2.0,2017-04-03 10:24:02,2017-04-03 10:40:16,0.0,14.3,16,10,Monday
992744,1,264.0,264.0,1.1,2017-04-06 10:57:38,2017-04-06 11:08:08,0.0,11.0,10,10,Thursday
560648,2,142.0,43.0,2.88,2017-04-06 10:13:24,2017-04-06 10:30:02,0.0,14.3,16,10,Thursday
657677,2,234.0,186.0,1.16,2017-04-07 10:11:49,2017-04-07 10:21:24,0.0,11.0,9,10,Friday
609864,2,263.0,79.0,5.03,2017-04-05 10:47:10,2017-04-05 11:07:49,0.0,24.75,20,10,Wednesday
36584,1,239.0,143.0,0.5,2017-04-03 10:18:58,2017-04-03 10:22:08,0.0,6.85,3,10,Monday
508733,1,170.0,234.0,1.2,2017-04-06 10:14:50,2017-04-06 10:26:31,0.0,11.75,11,10,Thursday
382543,2,48.0,143.0,0.72,2017-04-06 10:44:12,2017-04-06 10:47:48,0.0,6.89,3,10,Thursday
4948,2,163.0,162.0,0.77,2017-04-04 10:28:08,2017-04-04 10:38:45,0.0,10.3,10,10,Tuesday
642976,2,263.0,237.0,1.09,2017-04-05 10:54:11,2017-04-05 11:00:48,0.0,8.76,6,10,Wednesday
848345,2,164.0,107.0,0.25,2017-04-04 10:27:20,2017-04-04 10:28:49,0.0,4.56,1,10,Tuesday
947636,1,113.0,90.0,0.6,2017-04-03 10:55:06,2017-04-03 10:59:08,0.0,5.3,4,10,Monday
225045,1,68.0,50.0,1.1,2017-04-03 10:49:28,2017-04-03 10:59:02,0.0,10.56,9,10,Monday
863084,1,186.0,164.0,0.9,2017-04-04 10:47:13,2017-04-04 11:01:30,0.0,12.35,14,10,Tuesday
577584,1,79.0,87.0,2.8,2017-04-07 10:37:29,2017-04-07 10:50:33,0.0,12.3,13,10,Friday
741800,1,113.0,90.0,0.8,2017-04-07 10:55:05,2017-04-07 10:59:47,0.0,7.25,4,10,Friday
273393,2,142.0,43.0,1.8,2017-04-07 10:41:09,2017-04-07 10:51:54,0.0,12.36,10,10,Friday
777331,2,48.0,163.0,0.55,2017-04-04 10:38:01,2017-04-04 10:45:29,0.0,8.16,7,10,Tuesday
738317,2,68.0,100.0,0.33,2017-04-07 10:10:31,2017-04-07 10:14:27,0.0,6.36,3,10,Friday
911351,2,138.0,261.0,15.83,2017-04-03 10:30:19,2017-04-03 11:20:39,0.0,74.83,50,10,Monday
837798,1,246.0,230.0,1.4,2017-04-07 10:40:29,2017-04-07 10:53:31,0.0,12.35,13,10,Friday
433866,1,237.0,170.0,2.0,2017-04-03 10:18:59,2017-04-03 10:31:20,0.0,12.95,12,10,Monday
541619,2,231.0,144.0,0.91,2017-04-06 10:09:27,2017-04-06 10:20:43,0.0,10.55,11,10,Thursday
532579,2,234.0,125.0,1.75,2017-04-04 10:32:56,2017-04-04 10:46:11,0.0,12.96,13,10,Tuesday
615057,2,132.0,135.0,6.91,2017-04-05 10:04:18,2017-04-05 10:26:14,0.0,26.8,21,10,Wednesday
812660,2,262.0,211.0,6.71,2017-04-04 10:55:11,2017-04-04 11:18:17,0.0,29.12,23,10,Tuesday
606046,2,230.0,230.0,0.6,2017-04-03 10:51:38,2017-04-03 10:57:46,0.0,6.3,6,10,Monday
458342,1,141.0,140.0,0.7,2017-04-05 10:27:45,2017-04-05 10:36:05,0.0,8.75,8,10,Wednesday
70985,1,238.0,186.0,3.2,2017-04-05 10:04:27,2017-04-05 10:25:22,0.0,16.3,20,10,Wednesday
213711,1,166.0,166.0,0.5,2017-04-05 10:15:57,2017-04-05 10:18:29,0.0,4.8,2,10,Wednesday
773001,2,90.0,68.0,0.9,2017-04-07 10:40:51,2017-04-07 10:52:37,0.0,9.3,11,10,Friday
435011,2,239.0,163.0,1.6,2017-04-03 10:57:54,2017-04-03 11:06:30,0.0,10.0,8,10,Monday
881551,1,264.0,264.0,0.0,2017-04-04 10:07:04,2017-04-04 10:07:04,0.0,65.0,0,10,Tuesday
334955,1,132.0,209.0,27.6,2017-04-03 10:44:41,2017-04-03 11:36:51,0.0,58.56,52,10,Monday
690227,1,13.0,87.0,1.2,2017-04-06 10:24:09,2017-04-06 10:34:56,0.0,10.8,10,10,Thursday
608329,2,229.0,233.0,0.64,2017-04-05 10:31:43,2017-04-05 10:35:31,0.0,6.36,3,10,Wednesday
994036,2,113.0,234.0,0.66,2017-04-07 10:08:07,2017-04-07 10:12:58,0.0,6.96,4,10,Friday
910841,1,234.0,137.0,0.7,2017-04-06 10:22:03,2017-04-06 10:30:22,0.0,9.35,8,10,Thursday
438916,2,142.0,48.0,0.92,2017-04-05 10:53:44,2017-04-05 10:57:50,0.0,7.56,4,10,Wednesday
94992,1,234.0,164.0,0.8,2017-04-05 10:45:38,2017-04-05 10:53:51,0.0,7.3,8,10,Wednesday
438522,2,236.0,90.0,4.13,2017-04-05 10:24:56,2017-04-05 11:04:19,0.0,30.36,39,10,Wednesday
152395,1,162.0,140.0,0.9,2017-04-07 10:12:47,2017-04-07 10:19:21,0.0,6.8,6,10,Friday
863306,1,163.0,161.0,0.4,2017-04-07 10:38:52,2017-04-07 10:43:02,0.0,6.35,4,10,Friday
815250,2,164.0,138.0,9.73,2017-04-07 10:55:53,2017-04-07 11:17:12,0.0,42.07,21,10,Friday
135654,1,164.0,230.0,1.3,2017-04-07 10:11:38,2017-04-07 10:21:18,0.0,10.35,9,10,Friday
128988,2,246.0,229.0,2.29,2017-04-04 10:04:39,2017-04-04 10:24:08,0.0,16.56,19,10,Tuesday
715814,1,90.0,234.0,1.1,2017-04-06 10:11:40,2017-04-06 10:25:00,0.0,11.3,13,10,Thursday
451406,2,143.0,161.0,2.26,2017-04-07 10:23:57,2017-04-07 10:53:18,0.0,21.96,29,10,Friday
805556,2,140.0,164.0,2.89,2017-04-03 10:45:55,2017-04-03 11:14:43,0.0,24.12,28,10,Monday
744271,2,163.0,230.0,1.1,2017-04-05 10:08:12,2017-04-05 10:17:50,0.0,8.3,9,10,Wednesday
455436,1,141.0,141.0,0.3,2017-04-06 10:43:35,2017-04-06 10:47:22,0.0,4.8,3,10,Thursday
731607,2,224.0,234.0,1.04,2017-04-04 10:07:04,2017-04-04 10:17:26,0.0,10.56,10,10,Tuesday
199025,1,43.0,236.0,1.2,2017-04-05 10:13:03,2017-04-05 10:22:56,0.0,8.8,9,10,Wednesday
696056,1,79.0,113.0,0.2,2017-04-06 10:49:49,2017-04-06 10:52:44,0.0,5.75,2,10,Thursday
771140,2,138.0,88.0,13.34,2017-04-05 10:12:52,2017-04-05 10:45:09,0.0,58.2,32,10,Wednesday
32343,2,107.0,234.0,1.07,2017-04-06 10:44:36,2017-04-06 10:53:52,0.0,9.96,9,10,Thursday
898141,2,141.0,236.0,1.05,2017-04-05 10:58:30,2017-04-05 11:08:11,0.0,8.3,9,10,Wednesday
399643,1,107.0,234.0,0.8,2017-04-06 10:40:43,2017-04-06 10:49:19,0.0,9.35,8,10,Thursday
214773,1,236.0,237.0,1.5,2017-04-06 10:47:19,2017-04-06 11:00:23,0.0,13.8,13,10,Thursday
946094,2,263.0,140.0,1.33,2017-04-04 10:02:21,2017-04-04 10:13:59,0.0,9.8,11,10,Tuesday
498418,2,132.0,107.0,17.66,2017-04-03 10:46:18,2017-04-03 11:35:49,0.0,70.27,49,10,Monday
427468,2,68.0,230.0,1.21,2017-04-04 10:41:23,2017-04-04 10:54:40,0.0,12.36,13,10,Tuesday
615946,1,264.0,264.0,0.0,2017-04-03 10:39:54,2017-04-03 10:40:08,0.0,68.59,0,10,Monday
875114,2,186.0,79.0,2.44,2017-04-07 10:10:09,2017-04-07 10:30:47,0.0,16.8,20,10,Friday
941058,2,132.0,161.0,17.85,2017-04-06 10:52:41,2017-04-06 12:19:14,0.0,73.2,86,10,Thursday
985915,2,236.0,239.0,1.27,2017-04-06 10:55:18,2017-04-06 11:02:40,0.0,7.8,7,10,Thursday
869753,2,137.0,170.0,0.96,2017-04-06 10:38:58,2017-04-06 10:49:22,0.0,10.56,10,10,Thursday
59660,1,13.0,12.0,1.1,2017-04-07 10:05:37,2017-04-07 10:15:50,0.0,10.8,10,10,Friday
1023784,1,162.0,140.0,0.7,2017-04-06 10:38:44,2017-04-06 10:45:05,0.0,8.15,6,10,Thursday
362096,2,170.0,142.0,2.25,2017-04-07 10:26:58,2017-04-07 10:50:52,0.0,19.56,23,10,Friday
385767,2,237.0,142.0,1.06,2017-04-04 10:42:49,2017-04-04 10:47:18,0.0,6.3,4,10,Tuesday
472900,1,164.0,186.0,1.0,2017-04-04 10:57:50,2017-04-04 11:13:11,0.0,11.3,15,10,Tuesday
292380,1,163.0,48.0,1.2,2017-04-06 10:00:30,2017-04-06 10:08:56,0.0,9.95,8,10,Thursday
135100,2,231.0,68.0,2.4,2017-04-05 10:17:23,2017-04-05 10:38:05,0.0,18.5,20,10,Wednesday
180100,1,229.0,141.0,1.2,2017-04-05 10:58:22,2017-04-05 11:09:22,0.0,11.6,11,10,Wednesday
271599,2,161.0,161.0,0.52,2017-04-04 10:13:45,2017-04-04 10:21:34,0.0,9.12,7,10,Tuesday
520755,2,231.0,144.0,1.17,2017-04-06 10:40:06,2017-04-06 10:53:27,0.0,13.3,13,10,Thursday
884125,1,90.0,234.0,0.5,2017-04-03 10:15:39,2017-04-03 10:20:15,0.0,6.38,4,10,Monday
124277,2,163.0,132.0,16.55,2017-04-04 10:00:33,2017-04-04 10:38:33,0.0,52.8,38,10,Tuesday
178239,2,237.0,231.0,5.63,2017-04-07 10:44:15,2017-04-07 11:07:06,0.0,24.0,22,10,Friday
120257,1,68.0,48.0,1.5,2017-04-06 10:07:35,2017-04-06 10:30:31,0.0,18.3,22,10,Thursday
303016,2,142.0,163.0,0.82,2017-04-07 10:14:23,2017-04-07 10:21:03,0.0,8.5,6,10,Friday
238994,2,164.0,239.0,3.76,2017-04-03 10:31:11,2017-04-03 10:52:19,0.0,22.25,21,10,Monday
1021085,2,170.0,236.0,3.33,2017-04-03 10:20:05,2017-04-03 10:42:56,0.0,17.3,22,10,Monday
898667,1,162.0,246.0,1.5,2017-04-06 10:00:33,2017-04-06 10:16:08,0.0,11.8,15,10,Thursday
577526,1,236.0,162.0,1.6,2017-04-05 10:34:30,2017-04-05 10:55:05,0.0,15.87,20,10,Wednesday
567712,1,68.0,48.0,1.3,2017-04-07 10:15:26,2017-04-07 10:25:36,0.0,10.3,10,10,Friday
70428,1,229.0,170.0,1.8,2017-04-05 10:23:28,2017-04-05 10:41:46,0.0,17.3,18,10,Wednesday
495864,1,249.0,231.0,1.4,2017-04-07 10:19:17,2017-04-07 10:31:50,0.0,9.8,12,10,Friday
1047359,2,164.0,170.0,0.5,2017-04-03 10:52:17,2017-04-03 10:55:38,0.0,6.89,3,10,Monday
918709,1,236.0,138.0,8.3,2017-04-03 10:33:19,2017-04-03 10:59:21,0.0,33.56,26,10,Monday
834061,2,238.0,238.0,0.43,2017-04-04 10:08:32,2017-04-04 10:09:53,0.0,4.3,1,10,Tuesday
736187,1,234.0,246.0,1.6,2017-04-06 10:23:42,2017-04-06 10:38:54,0.0,14.65,15,10,Thursday
385853,2,151.0,238.0,0.76,2017-04-07 10:09:08,2017-04-07 10:13:43,0.0,6.96,4,10,Friday
470680,2,236.0,237.0,1.08,2017-04-03 10:02:30,2017-04-03 10:13:38,0.0,10.3,11,10,Monday
776884,1,170.0,234.0,1.1,2017-04-03 10:42:11,2017-04-03 10:48:35,0.0,8.15,6,10,Monday
370329,1,88.0,138.0,12.5,2017-04-06 10:49:35,2017-04-06 11:46:53,0.0,47.3,57,10,Thursday
693823,2,87.0,161.0,6.14,2017-04-03 10:59:33,2017-04-03 11:23:06,0.0,27.96,23,10,Monday
431810,2,43.0,161.0,1.26,2017-04-07 10:10:56,2017-04-07 10:18:54,0.0,9.96,7,10,Friday
933492,2,50.0,234.0,2.7,2017-04-07 10:20:22,2017-04-07 10:38:29,0.0,16.56,18,10,Friday
245614,1,48.0,48.0,0.5,2017-04-07 10:34:41,2017-04-07 10:40:49,0.0,6.3,6,10,Friday
239102,2,140.0,234.0,3.1,2017-04-06 10:09:27,2017-04-06 10:32:05,0.0,17.8,22,10,Thursday
373532,2,263.0,164.0,3.89,2017-04-07 10:42:44,2017-04-07 11:21:47,0.0,30.96,39,10,Friday
1001124,1,140.0,161.0,1.4,2017-04-05 10:10:17,2017-04-05 10:21:23,0.0,11.15,11,10,Wednesday
993758,2,107.0,87.0,4.42,2017-04-06 10:30:33,2017-04-06 10:50:24,0.0,21.96,19,10,Thursday
8226,1,141.0,233.0,1.4,2017-04-07 10:28:18,2017-04-07 10:41:34,0.0,12.8,13,10,Friday
348792,2,138.0,234.0,12.89,2017-04-04 10:07:26,2017-04-04 10:51:32,0.0,51.0,44,10,Tuesday
859082,2,161.0,74.0,3.82,2017-04-03 10:26:38,2017-04-03 10:49:35,0.0,22.88,22,10,Monday
539937,1,236.0,238.0,1.6,2017-04-05 10:25:41,2017-04-05 10:32:25,0.0,10.3,6,10,Wednesday
18513,2,50.0,48.0,0.7,2017-04-04 10:03:29,2017-04-04 10:08:11,0.0,5.8,4,10,Tuesday
196049,2,233.0,234.0,1.97,2017-04-03 10:02:11,2017-04-03 10:14:52,0.0,12.42,12,10,Monday
320936,2,236.0,186.0,3.21,2017-04-03 10:55:52,2017-04-03 11:24:13,0.0,19.3,28,10,Monday
908605,2,164.0,100.0,0.72,2017-04-07 10:40:50,2017-04-07 10:49:32,0.0,9.36,8,10,Friday
913562,2,48.0,116.0,6.36,2017-04-05 10:43:46,2017-04-05 11:01:53,0.0,25.64,18,10,Wednesday
236256,2,142.0,68.0,1.82,2017-04-05 10:34:00,2017-04-05 10:47:01,0.0,14.04,13,10,Wednesday
55478,2,236.0,230.0,2.33,2017-04-05 10:54:58,2017-04-05 11:09:49,0.0,12.3,14,10,Wednesday
145872,2,236.0,237.0,1.3,2017-04-04 10:19:39,2017-04-04 10:30:38,0.0,9.3,10,10,Tuesday
333418,1,186.0,161.0,1.3,2017-04-05 10:45:50,2017-04-05 10:59:07,0.0,12.35,13,10,Wednesday
932245,1,186.0,66.0,6.8,2017-04-05 10:29:32,2017-04-05 11:09:05,0.0,30.8,39,10,Wednesday
879149,1,249.0,43.0,2.7,2017-04-03 10:35:26,2017-04-03 10:57:12,0.0,18.95,21,10,Monday
19151,2,90.0,249.0,0.76,2017-04-04 10:18:42,2017-04-04 10:23:40,0.0,7.24,4,10,Tuesday
300394,2,48.0,237.0,1.67,2017-04-03 10:26:51,2017-04-03 10:36:41,0.0,9.3,9,10,Monday
12911,2,164.0,114.0,1.89,2017-04-04 10:53:13,2017-04-04 11:10:29,0.0,15.36,17,10,Tuesday
431863,2,186.0,140.0,3.08,2017-04-04 10:50:31,2017-04-04 11:23:37,0.0,25.3,33,10,Tuesday
607386,1,230.0,161.0,0.5,2017-04-06 10:49:15,2017-04-06 11:00:31,0.0,10.8,11,10,Thursday
650983,1,161.0,170.0,1.3,2017-04-05 10:58:13,2017-04-05 11:17:06,0.0,14.72,18,10,Wednesday
669240,2,162.0,229.0,0.95,2017-04-03 10:10:59,2017-04-03 10:17:21,0.0,6.8,6,10,Monday
46966,2,163.0,170.0,1.4,2017-04-04 10:39:18,2017-04-04 10:49:24,0.0,10.56,10,10,Tuesday
895160,2,141.0,161.0,1.22,2017-04-03 10:06:28,2017-04-03 10:16:59,0.0,11.16,10,10,Monday
443005,1,246.0,151.0,3.1,2017-04-07 10:20:20,2017-04-07 10:42:27,0.0,19.32,22,10,Friday
300183,1,164.0,170.0,0.7,2017-04-07 10:42:17,2017-04-07 10:47:34,0.0,7.55,5,10,Friday
257791,1,234.0,234.0,0.0,2017-04-05 10:39:37,2017-04-05 10:40:06,0.0,3.3,0,10,Wednesday
277085,2,231.0,50.0,4.23,2017-04-03 10:27:15,2017-04-03 11:08:46,0.0,26.3,41,10,Monday
283129,2,132.0,170.0,16.56,2017-04-06 10:16:25,2017-04-06 11:31:35,0.0,73.2,75,10,Thursday
26583,1,13.0,158.0,1.4,2017-04-03 10:53:09,2017-04-03 11:00:53,0.0,10.38,7,10,Monday
472006,2,229.0,230.0,0.83,2017-04-07 10:02:10,2017-04-07 10:16:55,0.0,10.8,14,10,Friday
754661,1,140.0,43.0,1.3,2017-04-05 10:19:39,2017-04-05 10:34:25,0.0,11.8,14,10,Wednesday
369992,2,246.0,113.0,1.77,2017-04-03 10:05:43,2017-04-03 10:17:31,0.0,12.88,11,10,Monday
107478,2,236.0,236.0,0.6,2017-04-07 10:26:42,2017-04-07 10:29:33,0.0,4.8,2,10,Friday
278821,2,142.0,48.0,0.82,2017-04-06 10:57:20,2017-04-06 11:06:56,0.0,9.96,9,10,Thursday
655105,2,142.0,48.0,1.46,2017-04-03 10:54:24,2017-04-03 11:05:29,0.0,11.76,11,10,Monday
152655,1,107.0,170.0,1.3,2017-04-05 10:04:16,2017-04-05 10:17:59,0.0,12.95,13,10,Wednesday
216673,2,68.0,234.0,0.82,2017-04-07 10:43:57,2017-04-07 10:54:58,0.0,10.56,11,10,Friday
428047,2,100.0,239.0,2.43,2017-04-05 10:31:23,2017-04-05 10:49:35,0.0,16.56,18,10,Wednesday
959603,2,239.0,164.0,2.84,2017-04-05 10:03:21,2017-04-05 10:20:58,0.0,15.3,17,10,Wednesday
804460,2,75.0,237.0,1.8,2017-04-06 10:08:38,2017-04-06 10:22:07,0.0,11.3,13,10,Thursday
63343,2,236.0,161.0,1.89,2017-04-06 10:47:17,2017-04-06 11:05:02,0.0,16.62,17,10,Thursday
281721,1,264.0,264.0,2.9,2017-04-04 10:26:51,2017-04-04 10:49:43,0.0,16.3,22,10,Tuesday
31405,2,50.0,138.0,11.43,2017-04-06 10:03:15,2017-04-06 10:53:39,0.0,60.7,50,10,Thursday
696813,2,170.0,163.0,1.73,2017-04-03 10:31:23,2017-04-03 10:50:49,0.0,16.62,19,10,Monday
1021601,1,236.0,238.0,1.9,2017-04-06 10:55:14,2017-04-06 11:09:27,0.0,12.3,14,10,Thursday
672096,1,138.0,161.0,10.6,2017-04-04 10:59:45,2017-04-04 11:43:28,0.0,51.66,43,10,Tuesday
563338,2,107.0,142.0,2.87,2017-04-06 10:49:54,2017-04-06 11:21:44,0.0,20.8,31,10,Thursday
960466,1,163.0,43.0,1.7,2017-04-06 10:28:07,2017-04-06 10:46:04,0.0,12.8,17,10,Thursday
217424,2,162.0,231.0,3.51,2017-04-05 10:23:26,2017-04-05 10:49:36,0.0,18.8,26,10,Wednesday
346024,2,237.0,75.0,2.1,2017-04-07 10:25:24,2017-04-07 10:42:40,0.0,16.64,17,10,Friday
34609,1,162.0,7.0,2.7,2017-04-07 10:42:08,2017-04-07 10:55:58,0.0,13.3,13,10,Friday
451149,2,161.0,144.0,3.05,2017-04-07 10:34:27,2017-04-07 10:57:48,0.0,20.38,23,10,Friday
207055,2,230.0,186.0,1.18,2017-04-03 10:14:56,2017-04-03 10:36:11,0.0,13.8,21,10,Monday
577161,2,90.0,90.0,0.74,2017-04-05 10:41:44,2017-04-05 10:46:46,0.0,6.96,5,10,Wednesday
1042358,2,229.0,263.0,1.56,2017-04-04 10:28:15,2017-04-04 10:41:06,0.0,12.36,12,10,Tuesday
786117,2,170.0,230.0,1.25,2017-04-04 10:01:44,2017-04-04 10:13:50,0.0,12.74,12,10,Tuesday
966063,2,249.0,163.0,3.02,2017-04-06 10:14:13,2017-04-06 10:56:19,0.0,31.62,42,10,Thursday
940802,2,48.0,164.0,0.72,2017-04-03 10:13:44,2017-04-03 10:29:04,0.0,10.8,15,10,Monday
80093,2,233.0,229.0,1.05,2017-04-04 10:13:19,2017-04-04 10:20:42,0.0,7.3,7,10,Tuesday
445858,1,186.0,90.0,0.4,2017-04-04 10:51:08,2017-04-04 10:53:39,0.0,5.3,2,10,Tuesday
441460,2,68.0,68.0,0.48,2017-04-04 10:09:18,2017-04-04 10:13:39,0.0,5.3,4,10,Tuesday
467049,2,48.0,50.0,0.76,2017-04-05 10:47:55,2017-04-05 10:53:26,0.0,7.56,5,10,Wednesday
590382,2,161.0,161.0,0.86,2017-04-04 10:05:15,2017-04-04 10:23:25,0.0,15.38,18,10,Tuesday
313667,1,87.0,34.0,3.3,2017-04-03 10:08:36,2017-04-03 10:26:29,0.0,17.75,17,10,Monday
443688,2,158.0,144.0,1.59,2017-04-06 10:32:38,2017-04-06 10:53:40,0.0,17.16,21,10,Thursday
552385,1,230.0,161.0,0.4,2017-04-05 10:54:47,2017-04-05 11:01:07,0.0,7.3,6,10,Wednesday
113033,2,144.0,125.0,0.65,2017-04-05 10:16:10,2017-04-05 10:23:13,0.0,6.8,7,10,Wednesday
439044,1,170.0,230.0,0.6,2017-04-04 10:03:24,2017-04-04 10:27:02,0.0,14.8,23,10,Tuesday
238243,1,237.0,142.0,1.2,2017-04-07 10:28:57,2017-04-07 10:42:35,0.0,10.8,13,10,Friday
180512,1,113.0,186.0,1.1,2017-04-05 10:05:54,2017-04-05 10:18:46,0.0,11.75,12,10,Wednesday
873053,2,263.0,74.0,2.18,2017-04-05 10:26:44,2017-04-05 10:33:36,0.0,10.8,6,10,Wednesday
615445,1,79.0,234.0,0.9,2017-04-03 10:25:02,2017-04-03 10:32:41,0.0,8.75,7,10,Monday
549628,2,143.0,161.0,2.29,2017-04-03 10:04:43,2017-04-03 10:19:05,0.0,12.3,14,10,Monday
204297,1,163.0,236.0,1.7,2017-04-03 10:29:36,2017-04-03 10:39:15,0.0,10.0,9,10,Monday
564827,1,262.0,161.0,2.3,2017-04-04 10:18:23,2017-04-04 10:41:30,0.0,18.5,23,10,Tuesday
174927,2,142.0,163.0,1.07,2017-04-03 10:08:25,2017-04-03 10:16:11,0.0,7.8,7,10,Monday
365195,2,234.0,162.0,1.25,2017-04-06 10:51:18,2017-04-06 11:08:38,0.0,14.16,17,10,Thursday
339246,1,48.0,231.0,4.6,2017-04-07 10:27:53,2017-04-07 10:57:13,0.0,25.07,29,10,Friday
1034345,2,170.0,229.0,1.02,2017-04-05 10:09:24,2017-04-05 10:15:30,0.0,6.8,6,10,Wednesday
354898,1,239.0,142.0,0.8,2017-04-05 10:29:11,2017-04-05 10:35:57,0.0,6.8,6,10,Wednesday
291953,1,151.0,166.0,1.3,2017-04-03 10:12:18,2017-04-03 10:20:50,0.0,9.5,8,10,Monday
703464,2,179.0,193.0,1.33,2017-04-07 10:28:58,2017-04-07 10:35:00,0.0,6.8,6,10,Friday
900109,2,141.0,263.0,1.8,2017-04-07 10:04:09,2017-04-07 10:13:54,0.0,11.16,9,10,Friday
897514,1,144.0,90.0,2.1,2017-04-06 10:31:28,2017-04-06 10:52:09,0.0,17.85,20,10,Thursday
738751,1,144.0,107.0,1.6,2017-04-07 10:39:44,2017-04-07 10:53:01,0.0,12.96,13,10,Friday
963788,1,79.0,90.0,1.3,2017-04-07 10:51:55,2017-04-07 11:03:51,0.0,9.8,11,10,Friday
498535,2,237.0,114.0,5.37,2017-04-04 10:33:31,2017-04-04 11:00:32,0.0,27.37,27,10,Tuesday
876251,1,236.0,239.0,0.7,2017-04-06 10:27:10,2017-04-06 10:30:13,0.0,6.35,3,10,Thursday
86709,1,13.0,186.0,3.5,2017-04-06 10:09:29,2017-04-06 10:23:07,0.0,15.3,13,10,Thursday
365802,2,140.0,163.0,2.82,2017-04-03 10:25:24,2017-04-03 10:46:39,0.0,20.54,21,10,Monday
358369,1,237.0,161.0,1.0,2017-04-07 10:47:08,2017-04-07 10:54:30,0.0,10.1,7,10,Friday
634432,1,237.0,244.0,7.7,2017-04-05 10:04:44,2017-04-05 10:29:15,0.0,36.1,24,10,Wednesday
275736,2,162.0,100.0,1.15,2017-04-06 10:37:25,2017-04-06 10:53:07,0.0,13.56,15,10,Thursday
1031530,2,164.0,43.0,2.85,2017-04-06 10:27:36,2017-04-06 10:51:06,0.0,16.8,23,10,Thursday
948686,1,48.0,234.0,2.1,2017-04-03 10:22:14,2017-04-03 10:40:53,0.0,14.3,18,10,Monday
311825,2,48.0,45.0,3.79,2017-04-07 10:01:19,2017-04-07 10:35:22,0.0,26.16,34,10,Friday
785610,2,263.0,75.0,0.49,2017-04-06 10:02:24,2017-04-06 10:06:03,0.0,7.3,3,10,Thursday
859103,1,48.0,237.0,1.2,2017-04-04 10:22:11,2017-04-04 10:30:11,0.0,9.05,8,10,Tuesday
828710,1,142.0,161.0,1.0,2017-04-04 10:05:16,2017-04-04 10:21:32,0.0,14.15,16,10,Tuesday
498626,1,162.0,163.0,0.8,2017-04-05 10:53:52,2017-04-05 11:04:04,0.0,11.0,10,10,Wednesday
439479,1,114.0,68.0,2.0,2017-04-04 10:34:40,2017-04-04 10:53:10,0.0,15.0,18,10,Tuesday
588865,2,68.0,138.0,9.98,2017-04-06 10:23:50,2017-04-06 11:03:40,0.0,43.06,39,10,Thursday
536548,1,234.0,164.0,0.3,2017-04-05 10:26:56,2017-04-05 10:32:04,0.0,5.8,5,10,Wednesday
252575,1,236.0,263.0,0.8,2017-04-07 10:54:24,2017-04-07 11:04:02,0.0,9.95,9,10,Friday
120208,2,132.0,39.0,10.38,2017-04-07 10:09:15,2017-04-07 10:27:53,0.0,37.25,18,10,Friday
646436,2,164.0,68.0,1.14,2017-04-04 10:19:35,2017-04-04 10:32:12,0.0,11.76,12,10,Tuesday
83419,1,132.0,237.0,17.4,2017-04-07 10:09:55,2017-04-07 11:05:40,0.0,58.8,55,10,Friday
693949,2,161.0,43.0,2.68,2017-04-07 10:36:16,2017-04-07 10:53:33,0.0,15.8,17,10,Friday
347791,1,237.0,229.0,0.8,2017-04-07 10:44:28,2017-04-07 10:47:56,0.0,6.36,3,10,Friday
1035936,1,234.0,107.0,0.8,2017-04-07 10:07:43,2017-04-07 10:14:08,0.0,6.8,6,10,Friday
929845,1,262.0,48.0,3.5,2017-04-04 10:31:34,2017-04-04 10:52:30,0.0,16.8,20,10,Tuesday
73415,1,230.0,161.0,1.4,2017-04-04 10:03:58,2017-04-04 10:16:41,0.0,10.3,12,10,Tuesday
521058,2,100.0,211.0,3.05,2017-04-05 10:55:17,2017-04-05 11:30:24,0.0,22.3,35,10,Wednesday
1006531,2,231.0,261.0,1.08,2017-04-05 10:23:51,2017-04-05 10:38:01,0.0,12.36,14,10,Wednesday
796475,2,137.0,13.0,5.66,2017-04-06 10:08:31,2017-04-06 10:36:01,0.0,26.8,27,10,Thursday
351124,2,209.0,161.0,5.5,2017-04-07 10:40:58,2017-04-07 11:10:17,0.0,31.59,29,10,Friday
924716,2,230.0,50.0,1.02,2017-04-04 10:16:41,2017-04-04 10:24:35,0.0,9.12,7,10,Tuesday
365946,1,107.0,87.0,4.2,2017-04-05 10:41:57,2017-04-05 11:00:23,0.0,20.3,18,10,Wednesday
475625,2,142.0,48.0,0.86,2017-04-07 10:54:24,2017-04-07 11:00:42,0.0,7.48,6,10,Friday
721149,2,75.0,74.0,1.65,2017-04-06 10:56:22,2017-04-06 11:03:00,0.0,7.3,6,10,Thursday
767739,1,230.0,142.0,1.3,2017-04-06 10:45:15,2017-04-06 10:54:31,0.0,8.8,9,10,Thursday
822134,1,114.0,246.0,2.0,2017-04-04 11:36:59,2017-04-04 11:47:57,0.0,11.8,10,11,Tuesday
877690,1,164.0,211.0,2.3,2017-04-03 11:49:24,2017-04-03 12:03:06,0.0,14.75,13,11,Monday
943952,1,48.0,43.0,1.7,2017-04-03 11:29:22,2017-04-03 11:41:33,0.0,10.8,12,11,Monday
275245,2,100.0,142.0,1.56,2017-04-03 11:36:05,2017-04-03 11:49:34,0.0,10.8,13,11,Monday
363501,1,170.0,161.0,1.1,2017-04-06 11:48:47,2017-04-06 12:09:19,0.0,15.18,20,11,Thursday
757452,2,142.0,230.0,1.76,2017-04-04 11:29:40,2017-04-04 11:39:09,0.0,11.16,9,11,Tuesday
604451,1,234.0,236.0,3.0,2017-04-03 11:07:44,2017-04-03 11:27:14,0.0,14.8,19,11,Monday
954633,2,68.0,100.0,1.42,2017-04-04 11:51:43,2017-04-04 12:02:47,0.0,10.3,11,11,Tuesday
402737,2,170.0,162.0,0.59,2017-04-06 11:45:21,2017-04-06 12:01:31,0.0,13.56,16,11,Thursday
212215,2,229.0,141.0,0.95,2017-04-06 11:29:08,2017-04-06 11:36:00,0.0,8.76,6,11,Thursday
1012221,2,186.0,163.0,1.78,2017-04-04 11:35:42,2017-04-04 11:51:23,0.0,11.8,15,11,Tuesday
949156,2,158.0,234.0,1.46,2017-04-07 11:40:55,2017-04-07 11:55:50,0.0,13.56,14,11,Friday
23476,2,143.0,144.0,4.58,2017-04-07 11:38:40,2017-04-07 12:05:12,0.0,24.0,26,11,Friday
131368,1,142.0,143.0,0.5,2017-04-07 11:10:40,2017-04-07 11:14:38,0.0,6.6,3,11,Friday
187478,2,140.0,229.0,1.56,2017-04-03 11:39:15,2017-04-03 11:50:34,0.0,12.36,11,11,Monday
691485,2,237.0,170.0,1.33,2017-04-07 11:21:29,2017-04-07 11:28:25,0.0,9.36,6,11,Friday
669453,1,163.0,138.0,10.6,2017-04-06 11:13:48,2017-04-06 11:57:44,0.0,59.86,43,11,Thursday
192867,1,100.0,107.0,1.7,2017-04-07 11:04:02,2017-04-07 11:23:26,0.0,13.3,19,11,Friday
305238,2,13.0,162.0,6.69,2017-04-07 11:23:38,2017-04-07 12:01:51,0.0,35.76,38,11,Friday
86783,2,264.0,264.0,0.84,2017-04-04 11:08:20,2017-04-04 11:13:39,0.0,6.3,5,11,Tuesday
228593,2,68.0,107.0,2.17,2017-04-06 11:45:20,2017-04-06 12:09:45,0.0,18.29,24,11,Thursday
491645,1,142.0,43.0,0.9,2017-04-06 11:00:11,2017-04-06 11:08:58,0.0,8.3,8,11,Thursday
951878,2,161.0,138.0,9.79,2017-04-06 11:39:15,2017-04-06 12:22:10,0.0,55.7,42,11,Thursday
26051,2,239.0,42.0,4.0,2017-04-05 11:08:11,2017-04-05 11:30:18,0.0,18.3,22,11,Wednesday
337454,1,13.0,162.0,6.7,2017-04-05 11:12:43,2017-04-05 11:39:20,0.0,30.95,26,11,Wednesday
912157,1,79.0,107.0,1.0,2017-04-06 11:31:22,2017-04-06 11:39:33,0.0,9.35,8,11,Thursday
896219,1,88.0,79.0,3.0,2017-04-06 11:24:02,2017-04-06 11:47:12,0.0,19.3,23,11,Thursday
622273,1,170.0,231.0,6.0,2017-04-04 11:20:27,2017-04-04 11:36:24,0.0,27.0,15,11,Tuesday
910281,2,237.0,233.0,1.7,2017-04-04 11:55:06,2017-04-04 12:09:18,0.0,11.3,14,11,Tuesday
635002,2,161.0,161.0,0.23,2017-04-06 11:02:15,2017-04-06 11:04:47,0.0,4.3,2,11,Thursday
11112,2,141.0,170.0,2.59,2017-04-04 11:12:20,2017-04-04 11:38:29,0.0,19.9,26,11,Tuesday
26722,2,48.0,142.0,0.67,2017-04-05 11:00:57,2017-04-05 11:03:53,0.0,6.89,2,11,Wednesday
945506,2,237.0,100.0,2.03,2017-04-04 11:51:41,2017-04-04 12:19:27,0.0,20.16,27,11,Tuesday
407539,1,132.0,138.0,11.6,2017-04-06 11:30:36,2017-04-06 12:06:32,0.0,45.35,35,11,Thursday
782693,2,170.0,163.0,1.57,2017-04-03 11:31:53,2017-04-03 11:42:06,0.0,11.16,10,11,Monday
1015872,2,163.0,237.0,0.84,2017-04-06 11:22:57,2017-04-06 11:38:23,0.0,10.8,15,11,Thursday
977774,1,87.0,234.0,4.1,2017-04-07 11:40:50,2017-04-07 12:03:59,0.0,21.95,23,11,Friday
730160,2,164.0,162.0,0.83,2017-04-07 11:26:44,2017-04-07 11:37:21,0.0,9.8,10,11,Friday
859842,2,262.0,140.0,1.34,2017-04-07 11:38:35,2017-04-07 11:45:05,0.0,7.8,6,11,Friday
1005717,1,230.0,186.0,0.8,2017-04-05 11:47:59,2017-04-05 11:57:59,0.0,8.3,10,11,Wednesday
895630,2,161.0,158.0,2.7,2017-04-06 11:01:16,2017-04-06 11:28:17,0.0,17.8,27,11,Thursday
545302,1,75.0,239.0,2.5,2017-04-04 11:32:50,2017-04-04 11:48:19,0.0,16.6,15,11,Tuesday
300739,2,164.0,90.0,1.17,2017-04-04 11:19:10,2017-04-04 11:26:49,0.0,8.97,7,11,Tuesday
803214,2,13.0,158.0,1.67,2017-04-03 11:04:25,2017-04-03 11:11:21,0.0,9.96,6,11,Monday
746160,1,90.0,186.0,0.8,2017-04-07 11:11:40,2017-04-07 11:20:54,0.0,7.8,9,11,Friday
320835,2,137.0,233.0,1.02,2017-04-06 11:47:03,2017-04-06 11:57:19,0.0,8.8,10,11,Thursday
517569,2,137.0,237.0,2.39,2017-04-05 11:11:51,2017-04-05 11:33:22,0.0,18.36,21,11,Wednesday
705361,1,236.0,75.0,1.0,2017-04-03 11:54:59,2017-04-03 11:58:32,0.0,6.3,3,11,Monday
871435,2,141.0,137.0,1.93,2017-04-07 11:46:16,2017-04-07 11:56:52,0.0,11.76,10,11,Friday
90865,1,163.0,100.0,1.0,2017-04-04 11:55:38,2017-04-04 12:01:27,0.0,6.3,5,11,Tuesday
24115,1,138.0,230.0,9.9,2017-04-05 11:39:12,2017-04-05 12:32:13,0.0,58.81,53,11,Wednesday
154115,1,68.0,13.0,3.1,2017-04-07 11:25:21,2017-04-07 11:39:25,0.0,13.8,14,11,Friday
883411,2,262.0,229.0,1.54,2017-04-07 11:15:59,2017-04-07 11:27:11,0.0,11.76,11,11,Friday
727438,2,142.0,161.0,1.15,2017-04-07 11:44:17,2017-04-07 11:59:35,0.0,13.3,15,11,Friday
184652,1,234.0,158.0,1.0,2017-04-06 11:32:27,2017-04-06 11:40:26,0.5,9.95,7,11,Thursday
715206,2,90.0,161.0,1.28,2017-04-05 11:34:37,2017-04-05 11:50:01,0.0,13.56,15,11,Wednesday
973231,2,107.0,79.0,0.6,2017-04-04 11:32:18,2017-04-04 11:39:14,0.0,8.0,6,11,Tuesday
10842,2,232.0,144.0,0.79,2017-04-03 11:59:11,2017-04-03 12:09:46,0.0,9.96,10,11,Monday
477417,1,186.0,234.0,0.7,2017-04-03 11:20:50,2017-04-03 11:29:20,0.0,8.3,8,11,Monday
225032,2,230.0,161.0,0.78,2017-04-06 11:05:06,2017-04-06 11:27:21,0.0,17.88,22,11,Thursday
692744,1,229.0,237.0,1.5,2017-04-04 11:30:10,2017-04-04 11:44:07,0.0,12.95,13,11,Tuesday
57588,2,230.0,148.0,3.79,2017-04-07 11:16:28,2017-04-07 11:49:38,0.0,27.25,33,11,Friday
669661,2,113.0,90.0,0.96,2017-04-06 11:35:04,2017-04-06 11:44:17,0.0,9.96,9,11,Thursday
535911,2,144.0,107.0,1.19,2017-04-03 11:39:10,2017-04-03 11:46:06,0.0,8.6,6,11,Monday
757466,1,68.0,119.0,9.6,2017-04-06 11:46:26,2017-04-06 12:18:22,0.0,33.8,31,11,Thursday
536522,1,163.0,142.0,1.3,2017-04-05 11:42:19,2017-04-05 11:52:52,0.0,9.8,10,11,Wednesday
142663,1,143.0,163.0,1.3,2017-04-07 11:06:58,2017-04-07 11:22:18,0.0,13.0,15,11,Friday
357001,1,236.0,163.0,1.5,2017-04-04 11:46:08,2017-04-04 12:01:21,0.0,13.55,15,11,Tuesday
667046,1,170.0,170.0,0.3,2017-04-05 11:38:43,2017-04-05 11:42:46,0.0,5.3,4,11,Wednesday
1004509,1,161.0,1.0,17.3,2017-04-06 11:11:53,2017-04-06 11:53:15,0.0,112.85,41,11,Thursday
910657,1,163.0,236.0,1.8,2017-04-03 11:42:07,2017-04-03 11:55:09,0.0,11.3,13,11,Monday
74429,2,143.0,237.0,2.05,2017-04-06 11:28:59,2017-04-06 11:46:12,0.0,15.96,17,11,Thursday
936074,1,170.0,137.0,0.7,2017-04-04 11:16:07,2017-04-04 11:21:25,0.0,7.06,5,11,Tuesday
702902,2,138.0,161.0,11.58,2017-04-03 11:58:43,2017-04-03 12:31:41,0.0,43.06,32,11,Monday
91428,2,162.0,162.0,0.55,2017-04-03 11:34:04,2017-04-03 11:36:47,0.0,6.0,2,11,Monday
569917,2,236.0,141.0,0.8,2017-04-06 11:54:37,2017-04-06 12:00:58,0.0,6.8,6,11,Thursday
300963,1,48.0,161.0,1.3,2017-04-03 11:06:22,2017-04-03 11:18:50,0.0,11.75,12,11,Monday
240379,1,50.0,170.0,1.6,2017-04-07 11:11:19,2017-04-07 11:28:28,0.0,15.35,17,11,Friday
53730,2,237.0,236.0,0.5,2017-04-06 11:11:13,2017-04-06 11:14:37,0.0,5.76,3,11,Thursday
285052,1,186.0,246.0,1.4,2017-04-05 11:39:10,2017-04-05 11:57:33,0.0,15.8,18,11,Wednesday
865292,1,186.0,161.0,1.3,2017-04-06 11:25:23,2017-04-06 11:41:06,0.0,14.1,15,11,Thursday
556861,1,43.0,142.0,1.7,2017-04-03 11:20:58,2017-04-03 11:30:50,0.0,9.8,9,11,Monday
74448,2,162.0,170.0,1.0,2017-04-04 11:23:48,2017-04-04 11:31:03,0.0,7.3,7,11,Tuesday
739719,1,230.0,230.0,8.9,2017-04-07 11:09:51,2017-04-07 11:10:06,0.0,20.3,0,11,Friday
351918,2,75.0,141.0,1.98,2017-04-07 11:49:43,2017-04-07 12:08:43,0.0,13.8,19,11,Friday
5242,2,186.0,236.0,2.97,2017-04-03 11:27:43,2017-04-03 11:58:38,0.0,20.8,30,11,Monday
772082,2,142.0,161.0,0.81,2017-04-05 11:42:10,2017-04-05 11:46:52,0.0,6.67,4,11,Wednesday
1000454,1,211.0,234.0,1.6,2017-04-05 11:24:35,2017-04-05 11:38:23,0.0,12.8,13,11,Wednesday
17158,1,162.0,43.0,1.2,2017-04-03 11:39:41,2017-04-03 11:56:19,0.0,14.15,16,11,Monday
887319,1,141.0,263.0,0.6,2017-04-06 11:23:21,2017-04-06 11:27:33,0.0,5.3,4,11,Thursday
366675,2,230.0,68.0,2.54,2017-04-07 11:34:40,2017-04-07 11:53:42,0.0,14.3,19,11,Friday
1014356,2,48.0,141.0,2.1,2017-04-05 11:30:36,2017-04-05 11:41:18,0.0,13.39,10,11,Wednesday
1045405,1,186.0,234.0,1.0,2017-04-04 11:36:07,2017-04-04 11:45:34,0.0,9.95,9,11,Tuesday
321795,2,140.0,239.0,2.57,2017-04-04 11:16:29,2017-04-04 11:37:52,0.0,17.3,21,11,Tuesday
577200,2,161.0,158.0,2.38,2017-04-06 11:13:32,2017-04-06 11:39:14,0.0,20.76,25,11,Thursday
531956,1,158.0,68.0,1.3,2017-04-05 11:15:47,2017-04-05 11:33:05,0.0,12.3,17,11,Wednesday
918958,1,158.0,107.0,1.9,2017-04-05 11:13:08,2017-04-05 11:29:51,0.0,13.8,16,11,Wednesday
77033,1,48.0,50.0,0.8,2017-04-04 11:40:13,2017-04-04 11:47:45,0.0,7.3,7,11,Tuesday
481969,1,162.0,43.0,2.3,2017-04-04 11:11:17,2017-04-04 11:36:37,0.0,16.8,25,11,Tuesday
723259,2,233.0,163.0,1.68,2017-04-06 11:47:50,2017-04-06 12:03:04,0.0,11.3,15,11,Thursday
655779,1,162.0,237.0,0.7,2017-04-04 11:50:45,2017-04-04 12:05:32,0.0,12.95,14,11,Tuesday
926779,2,170.0,162.0,1.34,2017-04-06 11:57:17,2017-04-06 12:28:49,0.0,18.8,31,11,Thursday
468129,1,239.0,143.0,0.1,2017-04-04 11:20:10,2017-04-04 11:21:37,0.0,3.8,1,11,Tuesday
375081,2,238.0,142.0,1.58,2017-04-04 11:15:18,2017-04-04 11:26:34,0.0,11.76,11,11,Tuesday
31048,1,138.0,145.0,6.8,2017-04-05 11:58:47,2017-04-05 12:16:50,0.0,26.75,18,11,Wednesday
64446,1,138.0,170.0,7.9,2017-04-05 11:43:40,2017-04-05 12:08:00,0.0,32.06,24,11,Wednesday
598892,1,88.0,137.0,4.7,2017-04-07 11:30:58,2017-04-07 11:49:35,0.0,20.15,18,11,Friday
306019,2,164.0,161.0,1.19,2017-04-07 11:43:55,2017-04-07 11:54:03,0.0,10.56,10,11,Friday
370413,1,236.0,161.0,1.9,2017-04-06 11:35:14,2017-04-06 11:58:59,0.0,20.5,23,11,Thursday
30316,1,79.0,231.0,1.9,2017-04-05 11:04:10,2017-04-05 11:20:29,0.0,14.3,16,11,Wednesday
29942,1,232.0,233.0,2.9,2017-04-04 11:42:28,2017-04-04 11:51:20,0.0,11.3,8,11,Tuesday
18999,2,262.0,237.0,2.0,2017-04-05 11:27:48,2017-04-05 11:45:31,0.0,15.96,17,11,Wednesday
744787,2,132.0,161.0,17.98,2017-04-07 11:22:54,2017-04-08 10:08:46,0.0,67.34,1365,11,Friday
804160,2,137.0,226.0,5.06,2017-04-07 11:47:26,2017-04-07 12:17:04,0.0,23.3,29,11,Friday
338889,1,230.0,138.0,10.3,2017-04-04 11:35:32,2017-04-04 12:15:37,0.0,38.3,40,11,Tuesday
696880,1,41.0,75.0,0.6,2017-04-05 11:14:03,2017-04-05 11:16:58,0.0,5.75,2,11,Wednesday
705478,2,264.0,264.0,0.94,2017-04-07 11:20:08,2017-04-07 11:32:21,0.0,9.3,12,11,Friday
447261,2,137.0,79.0,1.13,2017-04-04 11:25:24,2017-04-04 11:32:06,0.0,7.3,6,11,Tuesday
631320,1,239.0,164.0,3.8,2017-04-05 11:09:46,2017-04-05 11:48:17,0.0,31.3,38,11,Wednesday
449132,2,246.0,234.0,1.68,2017-04-03 11:47:50,2017-04-03 11:58:36,0.0,12.25,10,11,Monday
253828,2,88.0,137.0,4.08,2017-04-03 11:15:39,2017-04-03 11:29:48,0.0,18.96,14,11,Monday
802425,2,138.0,142.0,11.26,2017-04-06 11:53:15,2017-04-06 12:35:20,0.0,52.87,42,11,Thursday
325328,2,211.0,161.0,2.75,2017-04-06 11:25:27,2017-04-06 12:00:35,0.0,26.16,35,11,Thursday
1017805,1,90.0,165.0,14.4,2017-04-04 11:36:35,2017-04-04 12:22:14,0.0,47.8,45,11,Tuesday
355868,2,75.0,263.0,1.25,2017-04-04 11:15:37,2017-04-04 11:26:31,0.0,11.16,10,11,Tuesday
657294,2,79.0,114.0,0.99,2017-04-04 11:53:43,2017-04-04 12:02:27,0.0,10.38,8,11,Tuesday
591352,1,239.0,42.0,3.4,2017-04-03 11:53:56,2017-04-03 12:10:04,0.0,15.3,16,11,Monday
384638,2,138.0,140.0,8.83,2017-04-03 11:17:05,2017-04-03 11:43:25,0.0,42.58,26,11,Monday
701287,1,166.0,163.0,3.7,2017-04-07 11:43:50,2017-04-07 12:14:28,0.0,19.8,30,11,Friday
1011425,2,170.0,163.0,1.46,2017-04-06 11:30:30,2017-04-06 11:53:41,0.0,16.3,23,11,Thursday
585408,2,233.0,145.0,3.51,2017-04-03 11:37:39,2017-04-03 11:57:42,0.0,20.16,20,11,Monday
468867,2,246.0,234.0,2.25,2017-04-06 11:28:45,2017-04-06 11:49:30,0.0,18.36,20,11,Thursday
171162,1,230.0,246.0,1.8,2017-04-07 11:19:45,2017-04-07 11:31:25,0.0,9.8,11,11,Friday
120944,2,48.0,132.0,29.05,2017-04-04 11:34:20,2017-04-04 12:14:58,0.0,73.2,40,11,Tuesday
375927,1,68.0,90.0,0.6,2017-04-05 11:48:22,2017-04-05 11:56:18,0.0,8.75,7,11,Wednesday
525559,1,74.0,166.0,2.1,2017-04-03 11:19:59,2017-04-03 11:35:03,0.0,14.75,15,11,Monday
61029,2,239.0,229.0,2.59,2017-04-04 11:49:50,2017-04-04 12:13:19,0.0,20.38,23,11,Tuesday
407224,2,231.0,87.0,1.99,2017-04-04 11:13:40,2017-04-04 11:22:51,0.0,11.76,9,11,Tuesday
836897,2,137.0,161.0,1.61,2017-04-03 11:20:41,2017-04-03 11:39:01,0.0,13.3,18,11,Monday
631726,1,249.0,234.0,0.7,2017-04-03 11:23:13,2017-04-03 11:27:10,0.0,5.3,3,11,Monday
175049,2,48.0,48.0,0.69,2017-04-07 11:27:44,2017-04-07 11:34:28,0.0,8.16,6,11,Friday
884451,1,262.0,114.0,5.8,2017-04-03 11:34:05,2017-04-03 11:50:48,0.0,19.8,16,11,Monday
479092,2,186.0,107.0,0.93,2017-04-06 11:41:42,2017-04-06 11:52:16,0.0,11.0,10,11,Thursday
709365,1,249.0,90.0,0.8,2017-04-07 11:04:21,2017-04-07 11:09:51,0.0,6.3,5,11,Friday
782359,1,236.0,237.0,0.8,2017-04-04 11:58:48,2017-04-04 12:05:54,0.0,8.75,7,11,Tuesday
364098,1,237.0,236.0,0.9,2017-04-04 11:56:23,2017-04-04 12:02:51,0.0,8.15,6,11,Tuesday
627280,1,237.0,100.0,4.5,2017-04-04 11:54:45,2017-04-04 12:34:06,0.0,25.8,39,11,Tuesday
1006121,2,141.0,236.0,0.99,2017-04-06 11:28:39,2017-04-06 11:39:55,0.0,8.8,11,11,Thursday
635214,1,230.0,43.0,1.6,2017-04-06 11:05:07,2017-04-06 11:14:49,0.0,8.8,9,11,Thursday
723234,2,48.0,107.0,2.93,2017-04-07 11:41:48,2017-04-07 12:04:36,0.0,20.16,22,11,Friday
645475,2,138.0,223.0,2.54,2017-04-04 11:46:32,2017-04-04 11:52:50,0.0,12.88,6,11,Tuesday
557641,2,163.0,162.0,1.06,2017-04-07 11:27:26,2017-04-07 11:42:39,0.0,14.12,15,11,Friday
545102,1,186.0,1.0,16.6,2017-04-03 11:36:08,2017-04-03 12:03:31,0.0,91.55,27,11,Monday
650901,1,107.0,90.0,1.4,2017-04-06 11:31:08,2017-04-06 11:44:44,0.0,10.8,13,11,Thursday
465256,2,143.0,163.0,0.93,2017-04-07 11:32:08,2017-04-07 11:37:31,0.0,7.56,5,11,Friday
415992,1,90.0,230.0,1.5,2017-04-07 11:43:01,2017-04-07 11:59:50,0.0,12.3,16,11,Friday
892440,1,151.0,238.0,0.7,2017-04-04 11:23:24,2017-04-04 11:29:33,0.0,6.3,6,11,Tuesday
996002,1,186.0,90.0,0.4,2017-04-07 11:11:56,2017-04-07 11:16:07,0.0,5.3,4,11,Friday
1036762,2,186.0,162.0,2.68,2017-04-05 11:44:46,2017-04-05 12:17:06,0.0,20.3,32,11,Wednesday
904503,2,237.0,79.0,3.65,2017-04-07 11:59:48,2017-04-07 12:20:00,0.0,16.3,20,11,Friday
159037,1,79.0,249.0,0.8,2017-04-07 11:46:45,2017-04-07 11:59:41,0.0,11.75,12,11,Friday
808419,2,231.0,114.0,0.98,2017-04-03 11:19:39,2017-04-03 11:32:54,0.0,9.3,13,11,Monday
234231,2,79.0,237.0,3.5,2017-04-04 11:43:25,2017-04-04 12:13:41,0.0,20.8,30,11,Tuesday
693334,2,48.0,161.0,1.63,2017-04-03 11:36:37,2017-04-03 11:55:29,0.0,15.96,18,11,Monday
775144,2,262.0,140.0,0.9,2017-04-06 11:54:15,2017-04-06 12:00:47,0.0,8.5,6,11,Thursday
508900,2,236.0,125.0,4.8,2017-04-03 11:17:12,2017-04-03 11:51:37,0.0,28.56,34,11,Monday
602133,2,234.0,237.0,3.16,2017-04-07 11:46:32,2017-04-07 12:08:48,0.0,16.8,22,11,Friday
502909,1,162.0,140.0,0.8,2017-04-06 11:45:09,2017-04-06 11:55:10,0.0,9.95,10,11,Thursday
421641,2,68.0,249.0,0.88,2017-04-06 11:32:33,2017-04-06 11:40:05,0.0,8.76,7,11,Thursday
561202,1,236.0,141.0,0.9,2017-04-04 11:46:02,2017-04-04 11:55:08,0.0,9.96,9,11,Tuesday
982487,2,162.0,107.0,0.89,2017-04-07 11:48:07,2017-04-07 11:53:15,0.0,6.3,5,11,Friday
464778,2,48.0,164.0,2.35,2017-04-03 11:35:56,2017-04-03 11:57:40,0.0,19.75,21,11,Monday
122114,2,143.0,161.0,2.06,2017-04-05 11:11:44,2017-04-05 11:30:02,0.0,14.8,18,11,Wednesday
1021364,2,170.0,236.0,3.08,2017-04-04 11:22:08,2017-04-04 11:47:21,0.0,17.8,25,11,Tuesday
74390,1,234.0,162.0,1.5,2017-04-05 11:38:30,2017-04-05 11:49:17,0.0,10.8,10,11,Wednesday
743995,1,141.0,141.0,0.5,2017-04-05 11:03:25,2017-04-05 11:07:09,0.0,6.35,3,11,Wednesday
837772,2,170.0,162.0,0.52,2017-04-06 11:35:02,2017-04-06 11:48:24,0.0,9.8,13,11,Thursday
971860,2,48.0,100.0,0.62,2017-04-06 11:32:26,2017-04-06 11:41:22,0.0,7.8,8,11,Thursday
582063,2,236.0,237.0,1.13,2017-04-06 11:46:57,2017-04-06 12:03:08,0.0,14.12,16,11,Thursday
640891,1,142.0,237.0,1.5,2017-04-07 11:56:05,2017-04-07 12:04:57,0.0,8.8,8,11,Friday
785675,2,234.0,237.0,2.88,2017-04-07 11:13:46,2017-04-07 11:41:39,0.0,22.56,27,11,Friday
997956,2,50.0,113.0,3.61,2017-04-03 11:11:03,2017-04-03 11:37:15,0.0,18.8,26,11,Monday
443432,1,164.0,113.0,1.2,2017-04-04 11:22:25,2017-04-04 11:28:10,0.0,8.5,5,11,Tuesday
584115,2,170.0,100.0,0.88,2017-04-05 11:07:04,2017-04-05 11:19:39,0.0,12.74,12,11,Wednesday
396832,2,237.0,163.0,0.79,2017-04-07 11:05:31,2017-04-07 11:13:40,0.0,8.76,8,11,Friday
207758,2,163.0,170.0,0.96,2017-04-07 11:53:35,2017-04-07 11:58:22,0.0,6.3,4,11,Friday
1006138,2,263.0,236.0,0.59,2017-04-04 11:04:27,2017-04-04 11:09:43,0.0,8.19,5,11,Tuesday
592366,1,138.0,41.0,7.4,2017-04-03 11:07:12,2017-04-03 11:36:52,0.0,34.56,29,11,Monday
727624,1,234.0,125.0,1.6,2017-04-05 11:02:16,2017-04-05 11:18:25,0.0,14.75,16,11,Wednesday
203113,2,239.0,238.0,0.84,2017-04-06 11:02:59,2017-04-06 11:06:33,0.0,6.96,3,11,Thursday
362517,1,162.0,158.0,2.4,2017-04-06 11:40:31,2017-04-06 12:09:13,0.0,21.95,28,11,Thursday
303924,1,238.0,236.0,0.9,2017-04-05 11:08:46,2017-04-05 11:17:05,0.0,9.35,8,11,Wednesday
692787,1,170.0,236.0,2.4,2017-04-04 11:46:36,2017-04-04 12:10:44,0.0,16.3,24,11,Tuesday
183146,1,162.0,239.0,2.9,2017-04-07 11:56:49,2017-04-07 12:19:13,0.0,19.03,22,11,Friday
556483,2,239.0,229.0,3.28,2017-04-05 11:56:58,2017-04-05 12:14:16,0.0,18.36,17,11,Wednesday
1044413,1,233.0,125.0,4.2,2017-04-07 11:03:32,2017-04-07 11:26:14,0.0,22.3,22,11,Friday
53292,2,230.0,186.0,1.37,2017-04-07 11:17:45,2017-04-07 11:28:41,0.0,12.09,10,11,Friday
894105,2,186.0,137.0,1.14,2017-04-05 11:37:27,2017-04-05 11:51:51,0.0,10.8,14,11,Wednesday
228513,1,237.0,239.0,1.3,2017-04-05 11:57:22,2017-04-05 12:05:47,0.0,9.3,8,11,Wednesday
1014215,2,48.0,161.0,0.77,2017-04-07 11:17:53,2017-04-07 11:31:14,0.0,11.76,13,11,Friday
470624,2,239.0,238.0,0.73,2017-04-07 11:29:50,2017-04-07 11:35:00,0.0,7.56,5,11,Friday
261528,2,162.0,237.0,0.93,2017-04-07 11:41:09,2017-04-07 11:47:38,0.0,8.16,6,11,Friday
981520,2,263.0,237.0,1.18,2017-04-04 11:01:50,2017-04-04 11:13:59,0.0,11.76,12,11,Tuesday
843873,2,138.0,170.0,8.7,2017-04-07 11:32:35,2017-04-07 12:05:16,0.0,44.47,32,11,Friday
227069,2,164.0,164.0,0.52,2017-04-05 11:36:08,2017-04-05 11:39:37,0.0,5.3,3,11,Wednesday
556199,2,79.0,234.0,1.3,2017-04-06 11:16:15,2017-04-06 11:31:11,0.0,11.8,14,11,Thursday
211641,2,138.0,107.0,8.89,2017-04-03 11:24:46,2017-04-03 11:55:29,0.0,44.45,30,11,Monday
143534,1,161.0,229.0,0.3,2017-04-06 11:36:05,2017-04-06 11:38:36,0.0,5.15,2,11,Thursday
126397,2,234.0,113.0,0.82,2017-04-04 11:26:20,2017-04-04 11:30:13,0.0,6.96,3,11,Tuesday
49255,1,50.0,142.0,1.0,2017-04-03 11:45:41,2017-04-03 11:51:19,0.0,8.15,5,11,Monday
658923,2,143.0,237.0,2.34,2017-04-07 11:31:27,2017-04-07 11:48:17,0.0,15.96,16,11,Friday
361566,1,231.0,246.0,2.1,2017-04-04 11:19:51,2017-04-04 11:40:21,0.0,17.75,20,11,Tuesday
788794,2,166.0,237.0,3.22,2017-04-06 11:50:26,2017-04-06 12:15:05,0.0,23.14,24,11,Thursday
856404,2,48.0,239.0,2.86,2017-04-05 11:14:31,2017-04-05 11:26:55,0.0,13.3,12,11,Wednesday
345142,2,170.0,100.0,0.87,2017-04-05 11:05:34,2017-04-05 11:14:53,0.0,8.3,9,11,Wednesday
921389,2,138.0,230.0,9.74,2017-04-07 11:05:35,2017-04-07 11:52:24,0.0,54.07,46,11,Friday
648111,1,263.0,229.0,2.1,2017-04-07 11:38:46,2017-04-07 11:53:12,0.0,11.8,14,11,Friday
968045,1,233.0,138.0,8.5,2017-04-04 11:34:07,2017-04-04 11:47:43,0.0,33.56,13,11,Tuesday
758097,1,113.0,229.0,2.8,2017-04-05 11:29:39,2017-04-05 11:53:12,0.0,21.0,23,11,Wednesday
689092,1,88.0,230.0,6.7,2017-04-07 11:18:24,2017-04-07 11:50:35,0.0,26.3,32,11,Friday
375144,1,68.0,249.0,1.4,2017-04-06 11:56:52,2017-04-06 12:09:12,0.0,12.35,12,11,Thursday
31362,1,211.0,13.0,1.1,2017-04-05 11:22:08,2017-04-05 11:30:08,0.0,9.95,8,11,Wednesday
543581,2,262.0,237.0,0.8,2017-04-03 11:37:40,2017-04-03 11:45:07,0.0,8.3,7,11,Monday
1030601,2,237.0,143.0,1.96,2017-04-05 11:16:07,2017-04-05 11:27:22,0.0,10.8,11,11,Wednesday
560350,2,234.0,229.0,2.34,2017-04-06 11:12:04,2017-04-06 11:49:58,0.0,25.8,37,11,Thursday
968789,2,186.0,48.0,2.2,2017-04-03 11:17:02,2017-04-03 11:35:25,0.0,16.56,18,11,Monday
467554,2,161.0,237.0,0.52,2017-04-05 11:17:28,2017-04-05 11:23:43,0.0,6.3,6,11,Wednesday
205140,2,100.0,142.0,1.5,2017-04-07 11:17:01,2017-04-07 11:26:58,0.0,9.3,9,11,Friday
876367,1,114.0,164.0,1.7,2017-04-06 11:41:19,2017-04-06 12:01:22,0.0,13.8,20,11,Thursday
261767,2,234.0,50.0,2.26,2017-04-06 11:59:16,2017-04-06 12:19:43,0.0,16.8,20,11,Thursday
207354,2,143.0,239.0,0.38,2017-04-07 11:07:59,2017-04-07 11:10:26,0.0,4.3,2,11,Friday
180723,2,173.0,38.0,9.79,2017-04-07 11:12:07,2017-04-07 11:31:37,0.0,35.0,19,11,Friday
506857,1,236.0,163.0,1.7,2017-04-07 11:57:46,2017-04-07 12:14:37,0.0,15.3,16,11,Friday
1001664,2,107.0,125.0,1.54,2017-04-07 11:48:41,2017-04-07 12:05:43,0.0,14.76,17,11,Friday
801090,1,158.0,68.0,0.4,2017-04-06 11:30:56,2017-04-06 11:34:11,0.0,4.8,3,11,Thursday
206513,2,234.0,113.0,0.72,2017-04-04 11:56:42,2017-04-04 12:05:23,0.0,7.8,8,11,Tuesday
882241,1,113.0,148.0,1.8,2017-04-06 11:36:27,2017-04-06 11:56:42,0.0,16.56,20,11,Thursday
301374,1,114.0,249.0,0.5,2017-04-04 11:03:40,2017-04-04 11:07:29,0.0,6.35,3,11,Tuesday
123221,1,238.0,238.0,2.9,2017-04-07 11:16:54,2017-04-07 11:40:24,0.0,17.3,23,11,Friday
871526,2,162.0,186.0,1.25,2017-04-05 11:45:29,2017-04-05 11:59:56,0.0,12.96,14,11,Wednesday
1006993,1,158.0,144.0,1.3,2017-04-06 11:20:43,2017-04-06 11:36:53,0.0,14.15,16,11,Thursday
551316,2,148.0,256.0,2.38,2017-04-07 11:43:39,2017-04-07 11:53:15,0.0,12.96,9,11,Friday
465767,1,237.0,75.0,1.6,2017-04-04 11:57:34,2017-04-04 12:12:30,0.0,12.3,14,11,Tuesday
317298,2,162.0,88.0,5.46,2017-04-04 11:43:21,2017-04-04 11:59:36,0.0,22.8,16,11,Tuesday
648638,2,170.0,234.0,2.35,2017-04-05 11:26:23,2017-04-05 11:44:37,0.0,13.8,18,11,Wednesday
537548,1,230.0,144.0,4.0,2017-04-03 11:19:27,2017-04-03 11:44:41,0.0,24.1,25,11,Monday
415245,2,186.0,170.0,1.18,2017-04-05 11:07:36,2017-04-05 11:23:07,0.0,11.3,15,11,Wednesday
1017447,2,45.0,13.0,1.6,2017-04-04 11:21:05,2017-04-04 11:45:25,0.0,19.75,24,11,Tuesday
83301,2,164.0,237.0,2.49,2017-04-04 11:41:42,2017-04-04 12:08:05,0.0,21.36,26,11,Tuesday
898428,2,186.0,161.0,2.02,2017-04-07 11:12:17,2017-04-07 11:39:19,0.0,17.5,27,11,Friday
860153,2,114.0,209.0,3.14,2017-04-04 11:41:38,2017-04-04 11:57:33,0.0,17.88,15,11,Tuesday
380526,2,239.0,140.0,2.41,2017-04-05 11:11:28,2017-04-05 11:32:40,0.0,17.3,21,11,Wednesday
492631,1,246.0,161.0,2.2,2017-04-07 11:22:44,2017-04-07 11:52:53,0.0,23.15,30,11,Friday
380529,1,148.0,114.0,1.3,2017-04-06 11:38:47,2017-04-06 11:52:45,0.0,10.8,13,11,Thursday
281470,2,88.0,66.0,3.2,2017-04-04 11:18:29,2017-04-04 11:30:01,0.0,15.36,11,11,Tuesday
740891,2,164.0,144.0,2.81,2017-04-04 11:55:13,2017-04-04 12:30:04,0.0,22.3,34,11,Tuesday
304033,1,144.0,249.0,1.2,2017-04-05 11:05:37,2017-04-05 11:16:47,0.0,9.3,11,11,Wednesday
690655,2,144.0,68.0,1.81,2017-04-05 11:19:54,2017-04-05 11:27:30,0.0,10.0,7,11,Wednesday
56745,1,142.0,162.0,0.9,2017-04-06 11:02:32,2017-04-06 11:19:58,0.0,14.15,17,11,Thursday
778981,2,236.0,263.0,0.63,2017-04-07 11:41:33,2017-04-07 11:46:20,0.0,6.96,4,11,Friday
315507,2,125.0,100.0,2.1,2017-04-04 11:28:11,2017-04-04 11:49:07,0.0,14.8,20,11,Tuesday
1015069,2,162.0,163.0,0.78,2017-04-03 11:21:50,2017-04-03 11:30:54,0.0,9.75,9,11,Monday
686503,1,107.0,237.0,2.3,2017-04-05 11:10:03,2017-04-05 11:32:18,0.0,18.35,22,11,Wednesday
475367,2,141.0,138.0,9.72,2017-04-07 11:01:36,2017-04-07 11:32:27,0.0,42.42,30,11,Friday
82716,2,239.0,236.0,1.95,2017-04-06 11:53:12,2017-04-06 12:04:23,0.0,13.39,11,11,Thursday
29633,1,163.0,1.0,24.0,2017-04-07 11:07:21,2017-04-07 11:51:46,0.0,133.2,44,11,Friday
113095,2,138.0,161.0,9.8,2017-04-07 11:26:57,2017-04-07 12:00:48,0.0,48.2,33,11,Friday
94377,2,68.0,142.0,1.09,2017-04-06 11:51:07,2017-04-06 12:04:33,0.0,11.33,13,11,Thursday
636400,1,142.0,230.0,0.9,2017-04-06 11:41:03,2017-04-06 11:48:34,0.0,8.75,7,11,Thursday
114944,2,249.0,249.0,0.58,2017-04-06 11:33:50,2017-04-06 11:39:24,0.0,6.3,5,11,Thursday
76726,2,100.0,230.0,0.8,2017-04-06 11:30:10,2017-04-06 11:41:51,0.0,9.3,11,11,Thursday
613555,1,262.0,236.0,0.4,2017-04-04 11:08:16,2017-04-04 11:13:01,0.0,5.8,4,11,Tuesday
990177,2,209.0,33.0,3.78,2017-04-03 11:32:32,2017-04-03 11:51:59,0.0,21.62,19,11,Monday
703166,2,163.0,236.0,1.12,2017-04-04 11:34:46,2017-04-04 11:44:25,0.0,10.56,9,11,Tuesday
378871,2,239.0,151.0,1.25,2017-04-05 11:43:20,2017-04-05 11:49:18,0.0,7.3,5,11,Wednesday
1024229,2,132.0,164.0,23.4,2017-04-05 11:42:18,2017-04-05 12:41:31,0.0,86.0,59,11,Wednesday
744149,1,170.0,163.0,1.6,2017-04-07 11:13:19,2017-04-07 11:42:30,0.0,18.3,29,11,Friday
780789,2,186.0,140.0,3.37,2017-04-07 11:14:12,2017-04-07 11:44:48,0.0,23.76,30,11,Friday
593878,1,142.0,50.0,2.0,2017-04-07 11:41:02,2017-04-07 11:55:23,0.0,14.0,14,11,Friday
143092,1,224.0,170.0,0.9,2017-04-05 11:23:52,2017-04-05 11:32:57,0.0,8.3,9,11,Wednesday
260260,1,170.0,48.0,1.4,2017-04-04 11:46:18,2017-04-04 12:01:05,0.0,11.3,14,11,Tuesday
601423,2,238.0,239.0,0.55,2017-04-07 11:38:51,2017-04-07 11:43:10,0.0,6.36,4,11,Friday
95511,2,107.0,107.0,0.0,2017-04-03 11:28:28,2017-04-03 11:31:06,0.0,4.3,2,11,Monday
633726,2,261.0,209.0,3.5,2017-04-06 11:11:11,2017-04-06 11:27:08,0.0,13.8,15,11,Thursday
206601,2,100.0,230.0,2.37,2017-04-05 11:14:17,2017-04-05 11:35:26,0.0,18.5,21,11,Wednesday
933652,2,164.0,234.0,1.29,2017-04-03 11:43:00,2017-04-03 11:53:53,0.0,7.3,10,11,Monday
319826,2,142.0,230.0,1.08,2017-04-04 11:34:14,2017-04-04 11:41:20,0.0,7.3,7,11,Tuesday
509291,2,90.0,231.0,2.04,2017-04-07 11:07:30,2017-04-07 11:20:18,0.0,14.69,12,11,Friday
1000622,1,170.0,234.0,1.3,2017-04-07 11:30:01,2017-04-07 11:41:00,0.0,10.3,10,11,Friday
962807,2,260.0,82.0,2.78,2017-04-03 11:42:13,2017-04-03 11:59:56,0.0,14.3,17,11,Monday
272787,2,48.0,163.0,0.9,2017-04-05 11:13:34,2017-04-05 11:21:25,0.0,8.76,7,11,Wednesday
230300,1,87.0,68.0,2.8,2017-04-03 11:29:02,2017-04-03 11:45:11,0.0,15.95,16,11,Monday
684964,2,238.0,237.0,2.58,2017-04-03 11:44:30,2017-04-03 12:02:44,0.0,14.8,18,11,Monday
734055,2,238.0,41.0,1.79,2017-04-05 11:14:30,2017-04-05 11:23:15,0.0,9.3,8,11,Wednesday
987663,1,264.0,264.0,1.6,2017-04-05 11:12:46,2017-04-05 11:20:01,0.0,9.3,7,11,Wednesday
537683,2,13.0,137.0,5.43,2017-04-04 11:52:07,2017-04-04 12:09:32,0.0,23.16,17,11,Tuesday
940374,1,162.0,161.0,0.3,2017-04-07 11:10:32,2017-04-07 11:14:00,0.0,5.75,3,11,Friday
519615,1,141.0,246.0,4.0,2017-04-07 11:21:59,2017-04-07 12:00:20,0.0,25.8,38,11,Friday
460390,2,186.0,249.0,1.61,2017-04-05 11:52:49,2017-04-05 12:07:27,0.0,11.8,14,11,Wednesday
400374,1,107.0,137.0,0.6,2017-04-04 11:42:34,2017-04-04 11:47:26,0.0,7.55,4,11,Tuesday
319772,1,164.0,75.0,3.9,2017-04-06 11:02:58,2017-04-06 11:38:56,0.0,24.3,35,11,Thursday
662670,1,141.0,164.0,1.8,2017-04-03 11:48:01,2017-04-03 12:09:33,0.0,17.75,21,11,Monday
836653,2,170.0,170.0,0.57,2017-04-04 11:13:27,2017-04-04 11:17:17,0.0,6.36,3,11,Tuesday
480006,2,170.0,90.0,1.33,2017-04-06 11:00:49,2017-04-06 11:19:42,0.0,12.3,18,11,Thursday
733156,1,234.0,236.0,3.0,2017-04-05 11:06:44,2017-04-05 11:38:10,0.0,20.3,31,11,Wednesday
219922,2,164.0,234.0,1.18,2017-04-07 11:18:31,2017-04-07 11:27:06,0.0,8.3,8,11,Friday
442219,1,141.0,141.0,0.2,2017-04-03 11:49:14,2017-04-03 11:52:17,0.0,5.75,3,11,Monday
383336,2,13.0,232.0,2.2,2017-04-07 11:56:42,2017-04-07 12:13:45,0.0,13.3,17,11,Friday
638516,1,162.0,233.0,0.4,2017-04-06 11:42:43,2017-04-06 11:46:03,0.0,5.75,3,11,Thursday
488187,1,79.0,163.0,4.0,2017-04-06 11:04:17,2017-04-06 12:15:32,0.0,47.75,71,11,Thursday
156877,2,170.0,161.0,0.66,2017-04-07 11:55:04,2017-04-07 12:13:44,0.0,12.3,18,11,Friday
718315,1,43.0,161.0,0.3,2017-04-06 11:11:58,2017-04-06 11:15:32,0.0,5.75,3,11,Thursday
541509,2,236.0,237.0,1.35,2017-04-06 11:30:44,2017-04-06 11:42:12,0.0,10.8,11,11,Thursday
107978,2,138.0,246.0,10.63,2017-04-04 11:18:12,2017-04-04 11:57:22,0.0,53.2,39,11,Tuesday
737173,1,234.0,137.0,0.3,2017-04-06 11:41:51,2017-04-06 11:45:12,0.0,4.8,3,11,Thursday
550313,2,170.0,163.0,1.03,2017-04-05 11:07:24,2017-04-05 11:14:45,0.0,7.3,7,11,Wednesday
907175,2,224.0,229.0,2.15,2017-04-04 11:41:27,2017-04-04 11:59:31,0.0,15.3,18,11,Tuesday
262904,2,107.0,137.0,0.85,2017-04-04 11:22:08,2017-04-04 11:30:24,0.0,7.3,8,11,Tuesday
524100,1,161.0,220.0,11.3,2017-04-04 11:29:38,2017-04-04 12:09:16,0.0,42.44,39,11,Tuesday
940576,1,234.0,4.0,2.0,2017-04-05 11:13:05,2017-04-05 11:28:08,0.0,12.3,15,11,Wednesday
110835,2,137.0,140.0,2.35,2017-04-07 11:02:51,2017-04-07 11:18:20,0.0,15.0,15,11,Friday
113968,2,114.0,234.0,0.79,2017-04-04 11:45:50,2017-04-04 11:50:42,0.0,5.8,4,11,Tuesday
621976,1,236.0,239.0,1.4,2017-04-06 11:00:04,2017-04-06 11:08:26,0.0,8.3,8,11,Thursday
594340,2,163.0,230.0,0.66,2017-04-05 11:46:33,2017-04-05 11:54:14,0.0,8.76,7,11,Wednesday
843389,1,237.0,43.0,0.9,2017-04-03 11:25:31,2017-04-03 11:35:32,0.0,10.55,10,11,Monday
821674,1,211.0,249.0,1.0,2017-04-07 11:19:20,2017-04-07 11:28:12,0.0,9.95,8,11,Friday
109518,2,137.0,162.0,0.87,2017-04-05 11:49:31,2017-04-05 11:58:04,0.0,9.36,8,11,Wednesday
18390,2,264.0,264.0,17.11,2017-04-05 11:17:51,2017-04-05 11:48:14,0.0,68.33,30,11,Wednesday
777061,2,68.0,162.0,2.32,2017-04-05 11:32:59,2017-04-05 12:02:56,0.0,22.15,29,11,Wednesday
315793,2,237.0,263.0,0.68,2017-04-06 11:09:23,2017-04-06 11:13:29,0.0,5.8,4,11,Thursday
659684,2,229.0,230.0,1.86,2017-04-05 11:21:33,2017-04-05 11:54:37,0.0,20.3,33,11,Wednesday
742201,2,48.0,100.0,1.15,2017-04-07 11:25:59,2017-04-07 11:40:44,0.0,10.8,14,11,Friday
704805,1,234.0,114.0,1.3,2017-04-03 11:55:05,2017-04-03 12:04:51,0.0,9.95,9,11,Monday
1022526,2,161.0,43.0,2.83,2017-04-03 11:56:01,2017-04-03 12:19:10,0.0,20.16,23,11,Monday
340253,2,68.0,211.0,1.74,2017-04-06 11:24:30,2017-04-06 11:40:04,0.0,15.34,15,11,Thursday
98427,1,236.0,229.0,2.0,2017-04-04 11:35:57,2017-04-04 12:05:27,0.0,20.3,29,11,Tuesday
584111,2,237.0,237.0,1.18,2017-04-03 11:29:24,2017-04-03 11:36:00,0.0,8.76,6,11,Monday
576271,1,114.0,170.0,2.2,2017-04-03 11:19:32,2017-04-03 11:41:02,0.0,17.3,21,11,Monday
965007,2,114.0,234.0,0.88,2017-04-06 11:51:14,2017-04-06 11:59:45,0.0,7.8,8,11,Thursday
367099,1,68.0,230.0,0.8,2017-04-07 11:37:48,2017-04-07 11:51:28,0.0,12.35,13,11,Friday
411741,2,229.0,141.0,1.17,2017-04-04 11:39:16,2017-04-04 11:45:15,0.0,6.8,5,11,Tuesday
806923,1,186.0,107.0,2.0,2017-04-04 11:53:51,2017-04-04 12:19:54,0.0,21.6,26,11,Tuesday
868276,2,211.0,90.0,1.92,2017-04-05 11:02:02,2017-04-05 11:16:03,0.0,12.96,14,11,Wednesday
571749,1,62.0,87.0,4.9,2017-04-06 11:35:56,2017-04-06 12:21:57,0.0,36.8,46,11,Thursday
560323,1,170.0,164.0,0.5,2017-04-03 11:46:53,2017-04-03 11:48:54,0.0,5.75,2,11,Monday
695421,1,137.0,162.0,0.9,2017-04-03 11:56:08,2017-04-03 12:08:44,0.0,9.8,12,11,Monday
561644,2,164.0,237.0,0.79,2017-04-04 11:49:15,2017-04-04 11:55:31,0.0,8.16,6,11,Tuesday
143009,2,211.0,113.0,0.65,2017-04-07 11:01:19,2017-04-07 11:07:02,0.0,8.19,5,11,Friday
158266,2,79.0,249.0,1.38,2017-04-05 11:36:00,2017-04-05 11:44:53,0.0,10.56,8,11,Wednesday
95707,1,234.0,170.0,0.6,2017-04-03 11:59:04,2017-04-03 12:04:11,0.0,5.8,5,11,Monday
587413,2,229.0,230.0,1.62,2017-04-05 11:37:34,2017-04-05 11:56:33,0.0,15.0,18,11,Wednesday
585806,1,236.0,263.0,0.6,2017-04-07 11:57:25,2017-04-07 12:06:37,0.0,8.3,9,11,Friday
1014143,1,231.0,161.0,3.6,2017-04-03 11:38:57,2017-04-03 12:02:16,0.0,17.3,23,11,Monday
132135,2,170.0,43.0,1.38,2017-04-04 11:17:24,2017-04-04 11:33:48,0.0,12.3,16,11,Tuesday
761679,1,140.0,68.0,4.7,2017-04-07 11:43:07,2017-04-07 12:14:36,0.0,27.95,31,11,Friday
792423,1,107.0,170.0,1.4,2017-04-03 11:05:20,2017-04-03 11:16:53,0.0,12.25,11,11,Monday
510632,2,138.0,41.0,8.45,2017-04-03 11:53:20,2017-04-03 12:19:28,0.0,36.56,26,11,Monday
915751,1,264.0,264.0,0.3,2017-04-06 11:44:13,2017-04-06 11:47:44,0.0,4.8,3,11,Thursday
390402,2,68.0,113.0,0.66,2017-04-07 11:48:27,2017-04-07 11:54:55,0.0,6.8,6,11,Friday
856340,1,163.0,246.0,1.8,2017-04-07 11:23:40,2017-04-07 11:34:13,0.0,9.3,10,11,Friday
896287,1,163.0,234.0,2.2,2017-04-05 11:57:08,2017-04-05 12:18:08,0.0,17.75,21,11,Wednesday
711600,1,237.0,236.0,0.7,2017-04-06 11:54:52,2017-04-06 12:03:19,0.0,8.8,8,11,Thursday
588112,2,41.0,239.0,1.73,2017-04-03 11:53:49,2017-04-03 12:01:29,0.0,8.8,7,11,Monday
627880,2,113.0,90.0,0.71,2017-04-05 11:33:03,2017-04-05 11:40:21,0.0,8.16,7,11,Wednesday
55600,2,238.0,239.0,0.74,2017-04-04 11:10:43,2017-04-04 11:16:00,0.0,7.3,5,11,Tuesday
385068,1,132.0,14.0,20.6,2017-04-05 11:47:05,2017-04-05 12:28:29,0.0,68.15,41,11,Wednesday
987388,2,233.0,233.0,0.35,2017-04-05 11:42:11,2017-04-05 11:44:42,0.0,4.3,2,11,Wednesday
472317,2,163.0,239.0,1.78,2017-04-07 11:48:41,2017-04-07 12:01:06,0.0,10.3,12,11,Friday
748007,1,41.0,42.0,0.8,2017-04-06 11:45:07,2017-04-06 11:48:49,0.0,5.8,3,11,Thursday
963470,2,236.0,43.0,1.0,2017-04-07 11:58:12,2017-04-07 12:05:12,0.0,7.3,7,11,Friday
847943,1,48.0,107.0,3.0,2017-04-07 11:43:56,2017-04-07 12:11:17,0.0,18.8,27,11,Friday
854477,2,13.0,164.0,3.8,2017-04-03 11:58:07,2017-04-03 12:15:39,0.0,16.3,17,11,Monday
415179,2,163.0,140.0,1.3,2017-04-07 11:42:10,2017-04-07 11:58:05,0.0,11.3,15,11,Friday
701683,2,164.0,13.0,4.12,2017-04-07 11:21:30,2017-04-07 11:46:06,0.0,19.3,24,11,Friday
895453,2,87.0,170.0,5.05,2017-04-06 11:03:46,2017-04-06 11:35:20,0.0,26.16,31,11,Thursday
169747,2,79.0,90.0,1.04,2017-04-05 11:18:48,2017-04-05 11:26:54,0.0,7.8,8,11,Wednesday
542564,2,236.0,162.0,1.95,2017-04-03 11:18:56,2017-04-03 11:39:48,0.0,17.76,20,11,Monday
65264,2,239.0,239.0,0.37,2017-04-05 11:38:38,2017-04-05 11:41:11,0.0,5.76,2,11,Wednesday
1044967,2,246.0,100.0,1.2,2017-04-05 11:27:43,2017-04-05 11:45:30,0.0,12.3,17,11,Wednesday
363352,2,233.0,140.0,1.18,2017-04-03 11:39:40,2017-04-03 11:47:29,0.0,9.75,7,11,Monday
128087,2,186.0,234.0,0.84,2017-04-06 11:10:02,2017-04-06 11:21:41,0.0,11.16,11,11,Thursday
762492,2,142.0,48.0,1.04,2017-04-06 11:18:29,2017-04-06 11:27:18,0.0,8.3,8,11,Thursday
374690,2,162.0,141.0,1.37,2017-04-06 11:46:37,2017-04-06 11:59:01,0.0,11.3,12,11,Thursday
703612,1,68.0,163.0,1.4,2017-04-07 11:58:03,2017-04-07 12:10:57,0.0,12.95,12,11,Friday
237234,1,161.0,107.0,2.0,2017-04-05 11:40:13,2017-04-05 12:01:25,0.0,15.3,21,11,Wednesday
464031,1,239.0,239.0,0.4,2017-04-05 11:05:27,2017-04-05 11:10:40,0.0,5.8,5,11,Wednesday
108476,1,236.0,161.0,2.4,2017-04-07 11:23:39,2017-04-07 11:54:33,0.0,23.75,30,11,Friday
510023,2,163.0,239.0,1.85,2017-04-07 11:37:23,2017-04-07 11:52:34,0.0,11.8,15,11,Friday
283788,2,138.0,230.0,9.62,2017-04-07 11:21:20,2017-04-07 12:06:17,0.0,52.87,44,11,Friday
337567,2,107.0,170.0,0.36,2017-04-05 11:27:19,2017-04-05 11:28:55,0.0,5.0,1,11,Wednesday
795297,2,79.0,234.0,1.26,2017-04-05 11:19:20,2017-04-05 11:32:40,0.0,12.05,13,11,Wednesday
878943,2,79.0,144.0,0.84,2017-04-06 11:11:58,2017-04-06 11:20:26,0.0,8.8,8,11,Thursday
525106,2,186.0,161.0,1.31,2017-04-05 11:49:02,2017-04-05 12:01:51,0.0,11.76,12,11,Wednesday
198502,1,141.0,236.0,1.5,2017-04-03 11:44:16,2017-04-03 11:54:35,0.0,11.15,10,11,Monday
811589,2,249.0,234.0,1.09,2017-04-06 11:16:37,2017-04-06 11:25:40,0.0,7.8,9,11,Thursday
596452,2,237.0,239.0,1.87,2017-04-05 11:40:24,2017-04-05 11:54:57,0.0,13.8,14,11,Wednesday
322126,2,113.0,90.0,0.74,2017-04-07 11:31:52,2017-04-07 11:36:15,0.0,6.96,4,11,Friday
873283,1,90.0,211.0,1.8,2017-04-05 11:05:05,2017-04-05 11:18:27,0.0,14.0,13,11,Wednesday
760641,2,229.0,231.0,3.79,2017-04-04 11:57:08,2017-04-04 12:25:00,0.0,23.76,27,11,Tuesday
797644,2,114.0,4.0,1.3,2017-04-06 11:48:16,2017-04-06 11:55:47,0.0,7.8,7,11,Thursday
136954,1,262.0,113.0,4.1,2017-04-05 11:33:10,2017-04-05 11:48:20,0.0,19.55,15,11,Wednesday
80703,2,68.0,164.0,0.87,2017-04-06 11:10:10,2017-04-06 11:21:07,0.0,8.8,10,11,Thursday
563032,2,170.0,237.0,1.74,2017-04-03 11:06:03,2017-04-03 11:20:03,0.0,12.3,14,11,Monday
266432,2,140.0,262.0,0.98,2017-04-03 11:49:11,2017-04-03 11:54:24,0.0,8.16,5,11,Monday
49685,2,264.0,264.0,2.72,2017-04-05 11:57:34,2017-04-05 12:12:31,0.0,12.8,14,11,Wednesday
966425,1,237.0,113.0,3.2,2017-04-07 11:42:50,2017-04-07 12:04:01,0.0,18.95,21,11,Friday
503773,1,137.0,211.0,2.1,2017-04-05 11:49:17,2017-04-05 12:04:42,0.0,14.15,15,11,Wednesday
881827,2,237.0,140.0,0.45,2017-04-03 11:31:10,2017-04-03 11:35:20,0.0,5.3,4,11,Monday
5034,1,68.0,158.0,0.8,2017-04-04 11:06:01,2017-04-04 11:14:41,0.0,10.1,8,11,Tuesday
1038904,2,48.0,100.0,0.53,2017-04-07 11:22:18,2017-04-07 11:32:38,0.0,8.3,10,11,Friday
646431,2,75.0,162.0,4.25,2017-04-05 11:28:48,2017-04-05 11:48:47,0.0,16.8,19,11,Wednesday
714711,1,114.0,234.0,0.8,2017-04-07 11:08:14,2017-04-07 11:12:49,0.0,7.5,4,11,Friday
89349,1,100.0,50.0,1.2,2017-04-05 11:29:40,2017-04-05 11:40:19,0.0,8.8,10,11,Wednesday
17662,2,161.0,141.0,1.95,2017-04-07 11:44:43,2017-04-07 11:59:24,0.0,14.16,14,11,Friday
364792,1,161.0,142.0,1.3,2017-04-05 11:09:06,2017-04-05 11:23:54,0.0,12.25,14,11,Wednesday
689495,2,236.0,237.0,1.18,2017-04-07 11:39:14,2017-04-07 11:49:04,0.0,10.3,9,11,Friday
158892,2,236.0,142.0,2.1,2017-04-03 11:54:28,2017-04-03 12:10:39,0.0,14.8,16,11,Monday
362458,2,141.0,236.0,0.84,2017-04-07 11:44:52,2017-04-07 11:52:12,0.0,8.3,7,11,Friday
916938,2,262.0,107.0,3.94,2017-04-03 11:50:34,2017-04-03 12:03:53,0.0,19.12,13,11,Monday
342938,1,263.0,141.0,0.9,2017-04-06 11:48:24,2017-04-06 11:56:22,0.0,8.75,7,11,Thursday
668771,1,162.0,170.0,1.0,2017-04-05 11:19:21,2017-04-05 11:36:12,0.0,14.15,16,11,Wednesday
693524,1,163.0,163.0,0.3,2017-04-03 11:48:08,2017-04-03 11:50:09,0.0,4.3,2,11,Monday
956259,2,170.0,170.0,1.09,2017-04-05 11:18:53,2017-04-05 11:25:09,0.0,7.8,6,11,Wednesday
182921,1,246.0,50.0,1.2,2017-04-04 11:17:30,2017-04-04 11:28:51,0.0,9.3,11,11,Tuesday
42735,1,170.0,234.0,1.0,2017-04-04 11:51:41,2017-04-04 11:58:24,0.0,9.45,6,11,Tuesday
533421,1,163.0,100.0,1.1,2017-04-04 11:23:01,2017-04-04 11:31:15,0.0,8.8,8,11,Tuesday
871422,2,234.0,162.0,1.9,2017-04-05 11:40:30,2017-04-05 11:57:01,0.0,14.76,16,11,Wednesday
572744,1,233.0,161.0,0.8,2017-04-04 11:14:27,2017-04-04 11:29:26,0.0,10.8,14,11,Tuesday
575816,1,170.0,163.0,1.7,2017-04-05 11:37:03,2017-04-05 11:55:10,0.0,15.95,18,11,Wednesday
884861,2,162.0,132.0,17.37,2017-04-07 11:32:47,2017-04-07 12:04:53,0.0,70.27,32,11,Friday
178433,1,45.0,144.0,0.6,2017-04-05 11:58:32,2017-04-05 12:03:33,0.0,5.8,5,11,Wednesday
742281,2,234.0,249.0,0.54,2017-04-07 11:01:26,2017-04-07 11:05:11,0.0,5.3,3,11,Friday
503280,2,162.0,164.0,0.81,2017-04-05 11:27:52,2017-04-05 11:35:00,0.0,8.8,7,11,Wednesday
973349,2,68.0,231.0,2.46,2017-04-04 11:50:25,2017-04-04 12:05:02,0.0,14.3,14,11,Tuesday
596838,1,238.0,234.0,5.3,2017-04-03 11:44:15,2017-04-03 12:10:58,0.0,23.8,26,11,Monday
221334,2,161.0,43.0,1.76,2017-04-07 11:25:21,2017-04-07 11:37:51,0.0,12.36,12,11,Friday
998984,2,113.0,68.0,1.39,2017-04-04 11:09:51,2017-04-04 11:28:15,0.0,12.8,18,11,Tuesday
489543,1,170.0,140.0,1.9,2017-04-03 11:07:23,2017-04-03 11:28:34,0.0,17.75,21,11,Monday
53230,1,161.0,162.0,0.2,2017-04-06 11:28:48,2017-04-06 11:32:29,0.0,4.8,3,11,Thursday
245530,2,132.0,170.0,17.27,2017-04-03 11:57:42,2017-04-03 12:40:05,0.0,70.27,42,11,Monday
619843,1,90.0,249.0,0.5,2017-04-07 11:31:58,2017-04-07 11:35:34,0.0,5.75,3,11,Friday
880141,1,50.0,211.0,4.0,2017-04-03 11:49:54,2017-04-03 12:13:02,0.0,22.0,23,11,Monday
927478,2,237.0,237.0,0.79,2017-04-07 11:49:36,2017-04-07 11:56:15,0.0,7.8,6,11,Friday
307868,1,263.0,262.0,0.5,2017-04-07 11:07:38,2017-04-07 11:18:02,0.0,9.13,10,11,Friday
604051,2,234.0,170.0,1.09,2017-04-06 11:10:07,2017-04-06 11:23:02,0.0,11.4,12,11,Thursday
418088,1,230.0,48.0,3.5,2017-04-05 11:15:03,2017-04-05 11:45:49,0.0,20.8,30,11,Wednesday
669078,1,90.0,90.0,0.1,2017-04-03 11:08:08,2017-04-03 11:08:37,0.0,3.3,0,11,Monday
895748,2,231.0,249.0,1.47,2017-04-04 11:03:09,2017-04-04 11:11:28,0.0,8.3,8,11,Tuesday
478472,1,164.0,107.0,0.8,2017-04-03 11:35:58,2017-04-03 11:39:46,0.0,7.5,3,11,Monday
7690,1,237.0,141.0,0.9,2017-04-03 11:59:36,2017-04-03 12:05:47,0.0,6.8,6,11,Monday
823768,1,230.0,100.0,0.8,2017-04-06 11:33:04,2017-04-06 11:44:16,0.0,8.8,11,11,Thursday
497691,2,170.0,88.0,5.07,2017-04-05 11:58:35,2017-04-05 12:10:41,0.0,20.76,12,11,Wednesday
207631,2,141.0,162.0,0.81,2017-04-05 11:05:20,2017-04-05 11:12:28,0.0,7.3,7,11,Wednesday
943857,2,261.0,114.0,2.16,2017-04-04 11:36:54,2017-04-04 11:49:28,0.0,11.3,12,11,Tuesday
536066,1,24.0,237.0,2.8,2017-04-05 11:29:00,2017-04-05 11:52:32,0.0,17.3,23,11,Wednesday
397351,1,249.0,158.0,0.7,2017-04-03 11:50:42,2017-04-03 11:57:19,0.0,6.3,6,11,Monday
403208,2,234.0,231.0,2.12,2017-04-06 11:38:32,2017-04-06 11:54:01,0.0,14.76,15,11,Thursday
273275,2,132.0,61.0,11.4,2017-04-05 11:47:24,2017-04-05 12:22:49,0.0,37.3,35,11,Wednesday
582251,2,138.0,163.0,17.99,2017-04-05 11:58:28,2017-04-05 12:40:42,0.0,69.67,42,11,Wednesday
797663,2,237.0,48.0,2.02,2017-04-06 11:58:03,2017-04-06 12:18:29,0.0,16.3,20,11,Thursday
1008130,2,144.0,148.0,0.74,2017-04-06 11:02:51,2017-04-06 11:12:28,0.0,8.3,9,11,Thursday
553008,2,79.0,79.0,0.49,2017-04-04 11:33:52,2017-04-04 11:37:22,0.0,6.36,3,11,Tuesday
955973,2,79.0,162.0,1.89,2017-04-03 11:55:47,2017-04-03 12:18:52,0.0,18.36,23,11,Monday
204220,1,166.0,211.0,8.0,2017-04-05 11:59:14,2017-04-05 12:33:53,0.0,30.3,34,11,Wednesday
966159,1,234.0,161.0,1.4,2017-04-04 11:32:40,2017-04-04 11:49:42,0.0,12.3,17,11,Tuesday
221962,2,234.0,90.0,0.6,2017-04-06 11:17:45,2017-04-06 11:24:07,0.0,7.56,6,11,Thursday
346048,1,68.0,166.0,5.1,2017-04-06 11:55:16,2017-04-06 12:16:55,0.0,20.8,21,11,Thursday
996538,2,239.0,166.0,2.2,2017-04-07 11:23:51,2017-04-07 11:36:58,0.0,13.56,13,11,Friday
679234,1,186.0,230.0,1.3,2017-04-06 11:46:01,2017-04-06 12:08:41,0.0,14.8,22,11,Thursday
810888,2,264.0,264.0,2.3,2017-04-06 11:09:47,2017-04-06 11:46:58,0.0,22.8,37,11,Thursday
35989,1,234.0,231.0,2.1,2017-04-07 11:12:38,2017-04-07 11:29:17,0.0,13.3,16,11,Friday
301303,1,107.0,186.0,1.2,2017-04-05 11:57:13,2017-04-05 12:11:28,0.0,12.95,14,11,Wednesday
834914,2,170.0,236.0,2.46,2017-04-06 11:08:13,2017-04-06 11:36:01,0.0,18.3,27,11,Thursday
778799,2,151.0,138.0,9.31,2017-04-04 11:53:19,2017-04-04 12:20:12,0.0,36.06,26,11,Tuesday
651056,2,162.0,237.0,2.15,2017-04-04 11:06:11,2017-04-04 11:29:39,0.0,16.3,23,11,Tuesday
1028357,2,90.0,170.0,1.97,2017-04-05 11:02:02,2017-04-05 11:20:25,0.0,15.96,18,11,Wednesday
571430,1,170.0,163.0,0.8,2017-04-05 11:20:41,2017-04-05 11:29:04,0.0,8.75,8,11,Wednesday
789566,1,246.0,161.0,2.2,2017-04-07 11:28:59,2017-04-07 11:44:30,0.0,15.35,15,11,Friday
729327,1,230.0,229.0,1.8,2017-04-05 11:22:58,2017-04-05 11:40:48,0.0,16.6,17,11,Wednesday
882772,1,161.0,162.0,0.5,2017-04-05 11:50:04,2017-04-05 11:57:18,0.0,8.05,7,11,Wednesday
985661,1,138.0,202.0,5.2,2017-04-03 11:02:56,2017-04-03 11:22:10,0.0,23.15,19,11,Monday
327906,2,107.0,234.0,0.42,2017-04-07 11:19:23,2017-04-07 11:23:27,0.0,6.36,4,11,Friday
112568,2,164.0,100.0,0.22,2017-04-06 11:51:15,2017-04-06 11:59:25,0.0,8.76,8,11,Thursday
8322,2,229.0,162.0,1.06,2017-04-07 11:06:48,2017-04-07 11:18:24,0.0,9.3,11,11,Friday
314159,1,90.0,231.0,2.0,2017-04-07 11:39:45,2017-04-07 11:52:59,0.0,14.15,13,11,Friday
893592,2,161.0,261.0,4.02,2017-04-05 11:33:02,2017-04-05 12:04:46,0.0,24.96,31,11,Wednesday
1029868,2,163.0,132.0,18.08,2017-04-03 11:57:40,2017-04-03 12:42:36,0.0,73.2,44,11,Monday
191893,2,43.0,230.0,1.36,2017-04-04 11:28:43,2017-04-04 11:40:33,0.0,9.8,11,11,Tuesday
238556,1,162.0,107.0,2.3,2017-04-06 11:47:30,2017-04-06 12:12:48,0.0,22.45,25,11,Thursday
291859,1,237.0,161.0,1.2,2017-04-03 11:31:36,2017-04-03 11:40:12,0.0,9.95,8,11,Monday
654734,2,144.0,163.0,3.72,2017-04-05 11:50:08,2017-04-05 12:28:16,0.0,24.3,38,11,Wednesday
543469,1,142.0,13.0,5.4,2017-04-06 11:30:43,2017-04-06 12:01:07,0.0,29.75,30,11,Thursday
239658,2,263.0,236.0,0.64,2017-04-05 11:54:08,2017-04-05 11:57:31,0.0,6.89,3,11,Wednesday
960552,1,161.0,234.0,1.7,2017-04-03 11:04:49,2017-04-03 11:14:37,0.0,9.3,9,11,Monday
289888,1,238.0,239.0,0.3,2017-04-05 11:59:40,2017-04-05 12:02:50,0.0,6.2,3,11,Wednesday
612766,2,231.0,112.0,5.78,2017-04-05 11:12:43,2017-04-05 11:43:38,0.0,29.12,30,11,Wednesday
51851,1,239.0,230.0,1.3,2017-04-05 11:48:13,2017-04-05 11:59:13,0.0,9.3,11,11,Wednesday
66773,1,48.0,12.0,4.8,2017-04-05 11:08:21,2017-04-05 11:33:23,0.0,23.8,25,11,Wednesday
992964,2,68.0,164.0,0.84,2017-04-05 11:09:47,2017-04-05 11:22:51,0.0,10.8,13,11,Wednesday
895823,2,229.0,211.0,4.97,2017-04-05 11:08:24,2017-04-05 11:24:05,0.0,18.3,15,11,Wednesday
464693,1,148.0,231.0,0.9,2017-04-07 11:11:55,2017-04-07 11:24:45,0.0,11.75,12,11,Friday
854931,1,100.0,170.0,0.7,2017-04-06 11:12:34,2017-04-06 11:25:19,0.0,11.75,12,11,Thursday
95213,2,161.0,163.0,0.65,2017-04-07 11:43:52,2017-04-07 11:48:40,0.0,6.96,4,11,Friday
901175,2,107.0,107.0,0.54,2017-04-04 11:54:57,2017-04-04 11:58:47,0.0,6.36,3,11,Tuesday
127361,1,236.0,143.0,1.8,2017-04-03 11:27:55,2017-04-03 11:38:04,0.0,11.75,10,11,Monday
170632,1,141.0,237.0,0.5,2017-04-06 11:15:37,2017-04-06 11:21:50,0.0,6.3,6,11,Thursday
994560,1,100.0,170.0,1.2,2017-04-06 11:23:33,2017-04-06 11:43:14,0.0,13.8,19,11,Thursday
585191,1,164.0,231.0,4.5,2017-04-06 11:25:29,2017-04-06 11:51:13,0.0,25.55,25,11,Thursday
543787,1,170.0,164.0,0.3,2017-04-06 11:03:33,2017-04-06 11:10:57,0.0,8.15,7,11,Thursday
586869,1,231.0,230.0,4.4,2017-04-06 11:30:44,2017-04-06 12:10:59,0.0,32.15,40,11,Thursday
931126,1,234.0,90.0,0.8,2017-04-06 11:36:52,2017-04-06 11:44:42,0.0,8.75,7,11,Thursday
104836,2,138.0,38.0,16.93,2017-04-03 11:00:01,2017-04-03 11:30:20,0.0,54.3,30,11,Monday
145639,2,148.0,232.0,0.49,2017-04-05 11:25:06,2017-04-05 11:28:07,0.0,6.0,3,11,Wednesday
934153,2,186.0,234.0,0.61,2017-04-06 11:46:17,2017-04-06 11:54:46,0.0,7.3,8,11,Thursday
124379,2,236.0,238.0,1.09,2017-04-03 11:40:58,2017-04-03 11:46:50,0.0,8.16,5,11,Monday
429000,2,211.0,234.0,2.04,2017-04-03 11:40:07,2017-04-03 11:58:27,0.0,17.25,18,11,Monday
590044,1,138.0,48.0,9.8,2017-04-03 11:25:56,2017-04-03 12:08:02,0.0,51.06,42,11,Monday
722920,2,236.0,162.0,1.91,2017-04-05 11:37:07,2017-04-05 11:52:13,0.0,11.8,15,11,Wednesday
67082,2,229.0,114.0,3.04,2017-04-06 11:08:50,2017-04-06 11:30:49,0.0,19.75,21,11,Thursday
905753,1,236.0,237.0,0.3,2017-04-04 11:19:19,2017-04-04 11:22:56,0.0,4.8,3,11,Tuesday
328389,1,140.0,160.0,7.1,2017-04-05 11:37:20,2017-04-05 12:02:40,0.0,26.3,25,11,Wednesday
218985,2,141.0,239.0,2.33,2017-04-05 11:39:04,2017-04-05 11:54:27,0.0,15.36,15,11,Wednesday
271713,2,140.0,68.0,4.76,2017-04-07 11:26:52,2017-04-07 11:56:35,0.0,26.1,29,11,Friday
301844,2,170.0,261.0,5.07,2017-04-07 11:37:12,2017-04-07 11:59:41,0.0,21.3,22,11,Friday
76666,1,237.0,234.0,1.9,2017-04-07 11:52:54,2017-04-07 12:12:27,0.0,14.3,19,11,Friday
906575,1,186.0,170.0,0.7,2017-04-05 11:58:31,2017-04-05 12:13:26,0.0,12.6,14,11,Wednesday
831573,2,249.0,87.0,1.47,2017-04-07 11:37:13,2017-04-07 11:49:56,0.0,12.36,12,11,Friday
1017978,1,264.0,264.0,0.4,2017-04-07 11:20:18,2017-04-07 11:27:24,0.0,8.15,7,11,Friday
695232,1,170.0,146.0,3.0,2017-04-04 11:41:12,2017-04-04 11:53:58,0.0,12.8,12,11,Tuesday
165138,1,100.0,230.0,0.7,2017-04-07 11:31:39,2017-04-07 11:41:38,0.0,9.95,9,11,Friday
545772,1,142.0,161.0,0.8,2017-04-04 11:33:15,2017-04-04 11:46:33,0.0,11.3,13,11,Tuesday
393546,1,68.0,4.0,2.5,2017-04-03 12:18:08,2017-04-03 12:37:47,0.0,17.3,19,12,Monday
821023,1,186.0,234.0,0.5,2017-04-05 12:00:50,2017-04-05 12:08:29,0.0,8.8,7,12,Wednesday
150284,2,230.0,138.0,10.89,2017-04-04 12:54:52,2017-04-04 13:31:36,0.0,51.67,36,12,Tuesday
29944,2,229.0,140.0,0.84,2017-04-07 12:12:05,2017-04-07 12:19:25,0.0,7.3,7,12,Friday
825647,1,140.0,230.0,2.2,2017-04-07 12:37:05,2017-04-07 13:05:54,0.0,20.8,28,12,Friday
126884,2,138.0,233.0,9.8,2017-04-03 12:34:14,2017-04-03 12:56:22,0.0,38.56,22,12,Monday
765120,1,107.0,140.0,2.3,2017-04-05 12:48:13,2017-04-05 13:04:12,0.0,15.35,15,12,Wednesday
901594,2,211.0,261.0,1.2,2017-04-04 12:18:41,2017-04-04 12:27:59,0.0,9.36,9,12,Tuesday
461879,1,163.0,170.0,1.3,2017-04-07 12:08:53,2017-04-07 12:24:02,0.0,10.8,15,12,Friday
167680,1,249.0,114.0,0.5,2017-04-05 12:09:03,2017-04-05 12:16:21,0.0,6.8,7,12,Wednesday
177149,1,161.0,186.0,0.9,2017-04-05 12:14:54,2017-04-05 12:24:00,0.0,9.95,9,12,Wednesday
226135,1,13.0,68.0,2.7,2017-04-06 12:29:22,2017-04-06 12:42:42,0.0,16.6,13,12,Thursday
575480,2,262.0,141.0,0.98,2017-04-07 12:24:50,2017-04-07 12:31:06,0.0,8.16,6,12,Friday
771291,2,211.0,50.0,3.45,2017-04-04 12:33:43,2017-04-04 12:57:47,0.0,18.3,24,12,Tuesday
263370,2,263.0,263.0,0.74,2017-04-06 12:55:08,2017-04-06 13:04:06,0.0,9.36,8,12,Thursday
77124,1,236.0,141.0,0.4,2017-04-07 12:04:41,2017-04-07 12:13:31,0.0,9.36,8,12,Friday
955404,1,152.0,244.0,2.5,2017-04-07 12:42:36,2017-04-07 12:53:22,0.0,14.75,10,12,Friday
514229,2,161.0,236.0,2.0,2017-04-04 12:28:35,2017-04-04 12:50:58,0.0,18.96,22,12,Tuesday
480615,1,90.0,13.0,2.6,2017-04-04 12:20:27,2017-04-04 12:33:06,0.0,14.3,12,12,Tuesday
305072,1,163.0,88.0,7.0,2017-04-05 12:09:39,2017-04-05 12:31:18,0.0,24.8,21,12,Wednesday
866982,2,140.0,162.0,0.95,2017-04-05 12:00:34,2017-04-05 12:09:25,0.0,10.14,8,12,Wednesday
431441,2,186.0,234.0,1.07,2017-04-05 12:51:23,2017-04-05 12:58:49,0.0,8.76,7,12,Wednesday
503427,2,140.0,88.0,6.19,2017-04-04 12:07:07,2017-04-04 12:21:42,0.0,23.76,14,12,Tuesday
559932,2,107.0,164.0,0.85,2017-04-06 12:04:57,2017-04-06 12:25:36,0.0,15.3,20,12,Thursday
309040,2,211.0,211.0,0.62,2017-04-06 12:25:09,2017-04-06 12:32:31,0.0,7.3,7,12,Thursday
174259,1,144.0,79.0,0.2,2017-04-06 12:56:27,2017-04-06 13:05:38,0.0,9.75,9,12,Thursday
720344,1,231.0,87.0,0.8,2017-04-06 12:49:22,2017-04-06 12:55:56,0.0,7.8,6,12,Thursday
44388,1,211.0,140.0,3.6,2017-04-04 12:59:55,2017-04-04 13:32:37,0.0,21.8,32,12,Tuesday
422246,1,237.0,186.0,2.2,2017-04-06 12:36:45,2017-04-06 13:14:44,0.0,22.8,37,12,Thursday
758394,2,170.0,163.0,0.91,2017-04-04 12:07:54,2017-04-04 12:17:59,0.0,9.3,10,12,Tuesday
503983,2,230.0,87.0,6.05,2017-04-03 12:24:35,2017-04-03 12:52:28,0.0,25.3,27,12,Monday
800820,2,234.0,114.0,1.41,2017-04-04 12:06:59,2017-04-04 12:18:34,0.0,10.8,11,12,Tuesday
382956,2,143.0,230.0,1.24,2017-04-06 12:00:43,2017-04-06 12:12:30,0.0,9.3,11,12,Thursday
277220,2,161.0,107.0,1.71,2017-04-05 12:15:19,2017-04-05 12:28:30,0.0,12.96,13,12,Wednesday
104648,2,113.0,138.0,9.36,2017-04-07 12:16:33,2017-04-07 12:56:06,0.0,48.67,39,12,Friday
329651,2,138.0,162.0,8.52,2017-04-04 12:16:35,2017-04-04 12:42:49,0.0,42.07,26,12,Tuesday
553900,2,163.0,7.0,3.18,2017-04-05 12:00:01,2017-04-05 12:15:38,0.0,14.8,15,12,Wednesday
742106,2,142.0,43.0,1.03,2017-04-06 12:48:49,2017-04-06 13:01:02,0.0,12.25,12,12,Thursday
276803,1,161.0,255.0,5.4,2017-04-07 12:36:08,2017-04-07 13:10:38,0.0,28.3,34,12,Friday
870759,2,163.0,162.0,0.89,2017-04-05 12:45:38,2017-04-05 13:01:59,0.0,13.56,16,12,Wednesday
704345,1,236.0,237.0,0.9,2017-04-04 12:31:29,2017-04-04 12:38:50,0.0,7.3,7,12,Tuesday
774705,2,234.0,224.0,0.91,2017-04-06 12:22:25,2017-04-06 12:33:27,0.0,8.8,11,12,Thursday
189349,1,140.0,161.0,2.0,2017-04-06 12:18:59,2017-04-06 12:40:58,0.0,19.85,21,12,Thursday
745878,1,107.0,114.0,1.0,2017-04-05 12:04:10,2017-04-05 12:15:08,0.0,10.3,10,12,Wednesday
823028,1,74.0,75.0,0.2,2017-04-06 12:43:57,2017-04-06 12:45:59,0.0,3.8,2,12,Thursday
651396,1,164.0,234.0,1.2,2017-04-06 12:28:22,2017-04-06 12:42:32,0.0,11.3,14,12,Thursday
477309,1,231.0,249.0,1.5,2017-04-06 12:44:06,2017-04-06 12:52:18,0.0,8.8,8,12,Thursday
975983,1,236.0,141.0,1.4,2017-04-06 12:21:37,2017-04-06 12:36:30,0.0,11.3,14,12,Thursday
176993,2,43.0,236.0,1.94,2017-04-03 12:57:32,2017-04-03 13:07:49,0.0,13.39,10,12,Monday
624119,2,141.0,230.0,1.77,2017-04-04 12:17:45,2017-04-04 12:47:41,0.0,18.8,29,12,Tuesday
382067,1,48.0,68.0,1.0,2017-04-05 12:41:54,2017-04-05 12:52:28,0.0,10.0,10,12,Wednesday
963352,2,186.0,237.0,2.4,2017-04-07 12:32:48,2017-04-07 12:51:26,0.0,14.3,18,12,Friday
181884,1,237.0,236.0,1.2,2017-04-07 12:14:29,2017-04-07 12:25:56,0.0,12.25,11,12,Friday
760296,2,162.0,100.0,1.57,2017-04-06 12:42:16,2017-04-06 13:04:59,0.0,17.76,22,12,Thursday
425496,2,162.0,90.0,2.09,2017-04-07 12:41:10,2017-04-07 13:06:43,0.0,17.3,25,12,Friday
365938,2,163.0,114.0,3.35,2017-04-05 12:06:13,2017-04-05 12:25:55,0.0,15.8,19,12,Wednesday
368663,2,142.0,231.0,5.35,2017-04-06 12:26:47,2017-04-06 12:58:05,0.0,27.8,31,12,Thursday
809083,1,237.0,230.0,1.0,2017-04-04 12:44:57,2017-04-04 13:02:26,0.0,12.3,17,12,Tuesday
207030,1,13.0,88.0,0.9,2017-04-05 12:59:58,2017-04-05 13:08:42,0.0,9.95,8,12,Wednesday
670006,1,263.0,75.0,0.4,2017-04-05 12:21:52,2017-04-05 12:23:46,0.0,4.3,1,12,Wednesday
808795,1,264.0,264.0,2.3,2017-04-07 12:08:32,2017-04-07 12:32:52,0.0,24.0,24,12,Friday
856935,1,170.0,236.0,2.6,2017-04-05 12:35:45,2017-04-05 12:54:05,0.0,17.15,18,12,Wednesday
594900,1,262.0,142.0,2.9,2017-04-05 12:50:05,2017-04-05 13:09:49,0.0,18.35,19,12,Wednesday
437487,1,132.0,230.0,20.2,2017-04-07 12:13:53,2017-04-07 13:07:05,0.0,58.56,53,12,Friday
375360,1,238.0,74.0,3.1,2017-04-07 12:32:10,2017-04-07 12:53:17,0.0,16.3,21,12,Friday
233436,1,232.0,232.0,0.0,2017-04-04 12:44:18,2017-04-04 12:46:40,0.0,4.3,2,12,Tuesday
1009354,1,229.0,170.0,1.5,2017-04-07 12:02:57,2017-04-07 12:21:30,0.0,12.8,18,12,Friday
574739,1,236.0,137.0,4.1,2017-04-06 12:38:46,2017-04-06 12:52:10,0.0,17.75,13,12,Thursday
840696,2,164.0,162.0,1.45,2017-04-03 12:25:25,2017-04-03 12:41:35,0.0,14.16,16,12,Monday
252722,1,88.0,7.0,9.3,2017-04-07 12:35:22,2017-04-07 13:12:32,0.0,35.8,37,12,Friday
910973,2,161.0,88.0,5.97,2017-04-06 12:53:13,2017-04-06 13:23:55,0.0,25.3,30,12,Thursday
135436,2,264.0,264.0,2.23,2017-04-03 12:33:15,2017-04-03 12:47:26,0.0,14.76,14,12,Monday
374198,2,142.0,129.0,5.85,2017-04-07 12:57:10,2017-04-07 13:38:56,0.0,29.3,41,12,Friday
892725,1,161.0,186.0,1.0,2017-04-05 12:57:14,2017-04-05 13:13:43,0.0,14.15,16,12,Wednesday
624563,2,107.0,233.0,1.35,2017-04-06 12:53:43,2017-04-06 13:04:45,0.0,11.62,11,12,Thursday
783438,1,132.0,265.0,22.1,2017-04-04 12:23:08,2017-04-04 13:26:55,0.0,142.56,63,12,Tuesday
839043,1,164.0,142.0,2.8,2017-04-03 12:52:26,2017-04-03 13:16:14,0.0,10.3,23,12,Monday
17604,1,75.0,262.0,1.0,2017-04-06 12:21:12,2017-04-06 12:28:55,0.0,7.3,7,12,Thursday
418160,2,236.0,75.0,0.97,2017-04-05 12:48:54,2017-04-05 12:55:29,0.0,8.16,6,12,Wednesday
731049,1,237.0,88.0,6.4,2017-04-03 12:54:30,2017-04-03 13:07:23,0.0,24.3,12,12,Monday
881051,2,79.0,107.0,1.16,2017-04-06 12:48:54,2017-04-06 13:02:59,0.0,12.96,14,12,Thursday
1003861,1,261.0,231.0,0.6,2017-04-07 12:29:56,2017-04-07 12:35:06,0.0,7.5,5,12,Friday
545288,2,75.0,42.0,2.53,2017-04-05 12:15:53,2017-04-05 12:29:53,0.0,12.8,14,12,Wednesday
97323,2,141.0,263.0,1.18,2017-04-05 12:03:21,2017-04-05 12:07:58,0.0,8.16,4,12,Wednesday
770698,2,262.0,237.0,0.82,2017-04-06 12:59:02,2017-04-06 13:04:20,0.0,6.93,5,12,Thursday
33786,1,239.0,238.0,0.8,2017-04-07 12:34:35,2017-04-07 12:40:33,0.0,7.8,5,12,Friday
287186,1,1.0,1.0,0.0,2017-04-05 12:42:38,2017-04-05 12:43:01,0.0,168.35,0,12,Wednesday
659613,2,162.0,163.0,0.68,2017-04-06 12:20:53,2017-04-06 12:40:23,0.0,15.36,19,12,Thursday
851562,1,237.0,1.0,23.7,2017-04-06 12:48:55,2017-04-06 13:33:49,0.0,105.3,44,12,Thursday
1040760,1,113.0,170.0,1.5,2017-04-06 12:03:39,2017-04-06 12:30:28,0.0,20.15,26,12,Thursday
890631,2,151.0,116.0,2.43,2017-04-07 12:27:43,2017-04-07 12:41:47,0.0,12.3,14,12,Friday
969141,1,161.0,211.0,3.2,2017-04-07 12:44:15,2017-04-07 13:06:08,0.0,16.3,21,12,Friday
153215,1,236.0,236.0,0.3,2017-04-03 12:40:02,2017-04-03 12:42:26,0.0,4.3,2,12,Monday
394576,1,230.0,163.0,1.3,2017-04-03 12:33:28,2017-04-03 12:44:22,0.0,9.3,10,12,Monday
234871,2,209.0,161.0,4.07,2017-04-07 12:29:37,2017-04-07 13:10:27,0.0,26.3,40,12,Friday
46372,1,230.0,237.0,1.1,2017-04-05 12:10:34,2017-04-05 12:22:58,0.0,11.75,12,12,Wednesday
671875,1,246.0,13.0,3.4,2017-04-06 12:50:40,2017-04-06 13:05:59,0.0,18.55,15,12,Thursday
564855,1,48.0,48.0,0.5,2017-04-04 12:04:16,2017-04-04 12:09:25,0.0,5.8,5,12,Tuesday
1024494,2,238.0,24.0,0.98,2017-04-06 12:09:33,2017-04-06 12:15:51,0.0,8.16,6,12,Thursday
521303,2,52.0,25.0,0.81,2017-04-07 12:36:34,2017-04-07 12:43:15,0.0,8.16,6,12,Friday
1027825,1,263.0,141.0,0.9,2017-04-07 12:30:17,2017-04-07 12:38:23,0.0,8.58,8,12,Friday
151793,2,246.0,246.0,1.19,2017-04-03 12:10:56,2017-04-03 12:16:35,0.0,7.3,5,12,Monday
861463,1,48.0,43.0,0.4,2017-04-07 12:26:05,2017-04-07 12:30:37,0.0,5.3,4,12,Friday
415833,2,132.0,230.0,17.97,2017-04-04 12:05:38,2017-04-04 12:53:03,0.0,58.56,47,12,Tuesday
741327,1,239.0,166.0,2.3,2017-04-04 12:27:17,2017-04-04 12:42:25,0.0,15.95,15,12,Tuesday
329456,2,186.0,13.0,3.7,2017-04-04 12:50:01,2017-04-04 13:08:24,0.0,16.3,18,12,Tuesday
909778,2,236.0,238.0,1.53,2017-04-07 12:17:10,2017-04-07 12:34:39,0.0,12.8,17,12,Friday
152396,2,140.0,162.0,1.92,2017-04-07 12:57:36,2017-04-07 13:09:11,0.0,10.3,11,12,Friday
727366,1,230.0,164.0,1.1,2017-04-03 12:00:39,2017-04-03 12:11:19,0.0,8.8,10,12,Monday
482766,1,43.0,142.0,0.6,2017-04-05 12:15:24,2017-04-05 12:19:27,0.0,6.85,4,12,Wednesday
469644,1,237.0,17.0,7.9,2017-04-05 12:11:26,2017-04-05 12:54:15,0.0,33.3,42,12,Wednesday
344383,2,161.0,234.0,0.91,2017-04-04 12:21:56,2017-04-04 12:31:56,0.0,8.3,10,12,Tuesday
196701,2,236.0,140.0,2.1,2017-04-05 12:40:53,2017-04-05 13:12:40,0.0,25.74,31,12,Wednesday
802388,2,162.0,230.0,0.94,2017-04-05 12:29:29,2017-04-05 12:47:34,0.0,12.3,18,12,Wednesday
1030650,2,162.0,107.0,0.95,2017-04-04 12:14:22,2017-04-04 12:21:19,0.0,8.76,6,12,Tuesday
390963,1,142.0,41.0,3.3,2017-04-06 12:23:17,2017-04-06 12:45:26,0.0,20.15,22,12,Thursday
138816,1,170.0,114.0,1.6,2017-04-07 12:09:41,2017-04-07 12:19:47,0.0,11.75,10,12,Friday
1013717,1,163.0,170.0,0.8,2017-04-06 12:29:43,2017-04-06 12:36:12,0.0,8.76,6,12,Thursday
683415,2,142.0,186.0,2.04,2017-04-06 12:01:34,2017-04-06 12:19:45,0.0,16.56,18,12,Thursday
524195,2,239.0,238.0,0.81,2017-04-07 12:57:30,2017-04-07 13:01:40,0.0,5.8,4,12,Friday
261489,2,138.0,162.0,10.24,2017-04-04 12:06:14,2017-04-04 12:27:45,0.0,46.88,21,12,Tuesday
1026549,1,237.0,43.0,1.4,2017-04-06 12:44:40,2017-04-06 12:58:33,0.0,10.8,13,12,Thursday
871595,1,142.0,170.0,1.6,2017-04-03 12:11:23,2017-04-03 12:24:34,0.0,13.5,13,12,Monday
822467,1,264.0,264.0,17.3,2017-04-03 12:50:58,2017-04-03 13:34:56,0.0,71.46,43,12,Monday
198191,2,141.0,141.0,0.44,2017-04-05 12:04:11,2017-04-05 12:07:09,0.0,4.8,2,12,Wednesday
134411,2,100.0,234.0,0.9,2017-04-07 12:27:06,2017-04-07 12:34:34,0.0,7.3,7,12,Friday
644722,1,138.0,186.0,11.6,2017-04-05 12:26:57,2017-04-05 13:05:20,0.0,52.26,38,12,Wednesday
444122,1,234.0,100.0,0.9,2017-04-05 12:56:21,2017-04-05 13:07:42,0.0,10.55,11,12,Wednesday
941470,2,234.0,13.0,5.8,2017-04-04 12:01:59,2017-04-04 12:25:38,0.0,27.96,23,12,Tuesday
129390,2,234.0,249.0,2.02,2017-04-04 12:00:07,2017-04-04 12:16:39,0.0,16.0,16,12,Tuesday
510766,2,231.0,107.0,2.2,2017-04-05 12:11:53,2017-04-05 12:35:04,0.0,18.96,23,12,Wednesday
476142,2,236.0,237.0,0.85,2017-04-07 12:09:58,2017-04-07 12:18:57,0.0,7.8,8,12,Friday
900061,2,231.0,100.0,4.28,2017-04-06 12:48:12,2017-04-06 13:17:47,0.0,23.3,29,12,Thursday
988923,2,239.0,161.0,2.48,2017-04-07 12:28:24,2017-04-07 12:56:17,0.0,21.96,27,12,Friday
907535,2,264.0,264.0,1.61,2017-04-05 12:58:53,2017-04-05 13:13:56,0.0,13.0,15,12,Wednesday
622989,2,100.0,230.0,1.27,2017-04-07 12:44:28,2017-04-07 12:57:05,0.0,12.36,12,12,Friday
255913,2,249.0,79.0,1.39,2017-04-07 12:43:25,2017-04-07 13:00:59,0.0,12.3,17,12,Friday
782727,2,87.0,211.0,1.63,2017-04-05 12:04:45,2017-04-05 12:19:37,0.0,13.56,14,12,Wednesday
42719,1,142.0,162.0,2.0,2017-04-04 12:24:10,2017-04-04 12:44:03,0.0,16.55,19,12,Tuesday
930046,1,186.0,141.0,2.5,2017-04-03 12:35:23,2017-04-03 13:02:26,0.0,22.25,27,12,Monday
1036241,1,263.0,161.0,1.8,2017-04-05 12:45:04,2017-04-05 13:04:17,0.0,17.25,19,12,Wednesday
431718,2,100.0,100.0,0.6,2017-04-03 12:08:01,2017-04-03 12:17:00,0.0,9.36,8,12,Monday
883224,1,231.0,97.0,2.9,2017-04-07 12:00:59,2017-04-07 12:18:43,0.0,16.8,17,12,Friday
315867,1,237.0,236.0,0.8,2017-04-07 12:45:25,2017-04-07 12:53:53,0.0,7.8,8,12,Friday
355025,2,237.0,162.0,1.02,2017-04-03 12:41:03,2017-04-03 12:51:08,0.0,9.96,10,12,Monday
250735,1,170.0,229.0,1.0,2017-04-03 12:04:10,2017-04-03 12:17:03,0.0,9.8,12,12,Monday
138326,1,237.0,236.0,0.6,2017-04-05 12:21:36,2017-04-05 12:27:56,0.0,6.3,6,12,Wednesday
1014128,2,230.0,114.0,3.52,2017-04-04 12:26:13,2017-04-04 12:55:57,0.0,24.36,29,12,Tuesday
516338,2,164.0,13.0,4.11,2017-04-06 12:20:45,2017-04-06 12:47:18,0.0,24.36,26,12,Thursday
556476,1,261.0,45.0,1.1,2017-04-04 12:58:57,2017-04-04 13:09:26,0.0,10.8,10,12,Tuesday
356095,1,141.0,75.0,2.1,2017-04-04 12:50:34,2017-04-04 13:04:39,0.0,12.8,14,12,Tuesday
418085,1,116.0,237.0,5.7,2017-04-05 12:26:44,2017-04-05 13:02:23,0.0,32.15,35,12,Wednesday
1020696,1,163.0,161.0,0.9,2017-04-06 12:13:35,2017-04-06 12:36:02,0.0,17.15,22,12,Thursday
697263,2,231.0,113.0,1.34,2017-04-03 12:14:10,2017-04-03 12:24:11,0.0,10.0,10,12,Monday
823916,2,107.0,211.0,1.67,2017-04-03 12:46:53,2017-04-03 13:01:47,0.0,14.69,14,12,Monday
202924,1,231.0,211.0,0.5,2017-04-04 12:46:44,2017-04-04 12:53:45,0.0,7.8,7,12,Tuesday
400272,2,246.0,186.0,1.45,2017-04-04 12:37:45,2017-04-04 12:50:45,0.0,10.8,13,12,Tuesday
888285,1,13.0,233.0,6.2,2017-04-04 12:37:31,2017-04-04 12:51:25,0.0,24.1,13,12,Tuesday
560654,2,237.0,162.0,1.35,2017-04-04 12:33:32,2017-04-04 12:43:54,0.0,10.3,10,12,Tuesday
485650,1,164.0,13.0,4.3,2017-04-04 12:51:30,2017-04-04 13:10:46,0.0,21.95,19,12,Tuesday
121830,1,236.0,263.0,0.4,2017-04-05 12:28:05,2017-04-05 12:33:20,0.0,7.25,5,12,Wednesday
542131,2,132.0,70.0,12.52,2017-04-06 12:43:09,2017-04-06 13:15:27,0.0,36.8,32,12,Thursday
192592,2,161.0,164.0,1.4,2017-04-05 12:54:29,2017-04-05 13:09:01,0.0,11.3,14,12,Wednesday
313423,2,140.0,238.0,2.68,2017-04-06 12:13:39,2017-04-06 12:39:49,0.0,20.76,26,12,Thursday
314373,1,236.0,237.0,1.2,2017-04-06 12:10:26,2017-04-06 12:23:52,0.0,12.0,13,12,Thursday
97738,2,237.0,237.0,0.6,2017-04-06 12:36:57,2017-04-06 12:44:18,0.0,8.76,7,12,Thursday
572997,2,237.0,141.0,0.68,2017-04-03 12:02:06,2017-04-03 12:08:46,0.0,6.3,6,12,Monday
73006,2,143.0,163.0,1.47,2017-04-05 12:00:33,2017-04-05 12:11:23,0.0,10.78,10,12,Wednesday
201528,2,142.0,142.0,0.03,2017-04-04 12:36:47,2017-04-04 12:37:36,0.0,3.3,0,12,Tuesday
342281,2,186.0,13.0,3.51,2017-04-04 12:05:04,2017-04-04 12:22:42,0.0,15.8,17,12,Tuesday
122146,2,237.0,75.0,1.74,2017-04-07 12:11:44,2017-04-07 12:21:28,0.0,11.76,9,12,Friday
476460,1,229.0,68.0,2.4,2017-04-05 12:58:04,2017-04-05 13:23:13,0.0,16.8,25,12,Wednesday
12484,2,75.0,143.0,3.35,2017-04-03 12:54:17,2017-04-03 13:19:45,0.0,18.8,25,12,Monday
1045008,1,264.0,264.0,5.3,2017-04-07 12:06:35,2017-04-07 12:29:29,0.0,20.8,22,12,Friday
24099,1,90.0,113.0,1.3,2017-04-05 12:18:23,2017-04-05 12:31:11,0.0,12.3,12,12,Wednesday
285586,1,141.0,239.0,2.5,2017-04-05 12:11:40,2017-04-05 12:32:14,0.0,19.3,20,12,Wednesday
636630,2,161.0,186.0,1.67,2017-04-03 12:14:47,2017-04-03 12:36:09,0.0,17.76,21,12,Monday
478223,2,162.0,138.0,10.78,2017-04-05 12:38:44,2017-04-05 13:07:10,0.0,48.07,28,12,Wednesday
320968,2,163.0,162.0,1.19,2017-04-03 12:06:02,2017-04-03 12:16:18,0.0,10.56,10,12,Monday
526838,1,132.0,148.0,17.9,2017-04-03 12:08:58,2017-04-03 12:52:59,0.0,63.35,44,12,Monday
761113,2,41.0,75.0,1.57,2017-04-05 12:40:08,2017-04-05 12:51:03,0.0,11.76,10,12,Wednesday
785331,1,163.0,229.0,1.0,2017-04-06 12:30:20,2017-04-06 12:43:54,0.0,12.35,13,12,Thursday
166373,2,238.0,238.0,0.05,2017-04-03 12:55:48,2017-04-03 12:56:51,0.0,3.8,1,12,Monday
562205,2,68.0,246.0,0.39,2017-04-07 12:16:12,2017-04-07 12:18:16,0.0,4.3,2,12,Friday
199803,2,43.0,263.0,0.8,2017-04-04 12:54:13,2017-04-04 13:00:42,0.0,7.82,6,12,Tuesday
987833,2,161.0,162.0,0.76,2017-04-06 12:10:57,2017-04-06 12:24:01,0.0,11.76,13,12,Thursday
474912,2,162.0,161.0,0.28,2017-04-04 12:21:11,2017-04-04 12:27:09,0.0,7.56,5,12,Tuesday
8536,1,161.0,237.0,1.5,2017-04-06 12:11:08,2017-04-06 12:24:30,0.0,10.8,13,12,Thursday
537403,1,45.0,138.0,10.5,2017-04-06 12:37:52,2017-04-06 13:12:27,0.0,41.0,34,12,Thursday
47274,1,113.0,163.0,2.3,2017-04-05 12:34:18,2017-04-05 13:01:47,0.0,22.25,27,12,Wednesday
701469,2,113.0,148.0,1.36,2017-04-06 12:43:51,2017-04-06 13:02:23,0.0,13.3,18,12,Thursday
628811,1,186.0,107.0,1.1,2017-04-05 12:37:06,2017-04-05 12:51:04,0.0,12.96,13,12,Wednesday
464864,1,138.0,261.0,18.6,2017-04-06 12:16:54,2017-04-06 12:59:58,0.0,70.26,43,12,Thursday
554450,1,237.0,140.0,0.6,2017-04-07 12:44:08,2017-04-07 12:50:48,0.0,6.8,6,12,Friday
206563,1,143.0,237.0,1.7,2017-04-06 12:12:11,2017-04-06 12:32:04,0.0,18.3,19,12,Thursday
248455,1,264.0,264.0,0.8,2017-04-07 12:50:46,2017-04-07 12:55:57,0.0,7.0,5,12,Friday
460583,2,132.0,164.0,17.18,2017-04-03 12:38:39,2017-04-03 13:17:03,0.0,68.56,38,12,Monday
52581,2,186.0,113.0,1.17,2017-04-07 12:04:26,2017-04-07 12:17:40,0.0,12.36,13,12,Friday
307218,2,90.0,68.0,0.33,2017-04-05 12:06:35,2017-04-05 12:15:35,0.0,7.8,9,12,Wednesday
843673,1,141.0,260.0,5.6,2017-04-04 12:47:23,2017-04-04 13:15:17,0.0,23.3,27,12,Tuesday
592819,2,236.0,75.0,1.05,2017-04-06 12:44:14,2017-04-06 12:51:59,0.0,9.3,7,12,Thursday
29912,1,231.0,158.0,0.7,2017-04-06 12:09:00,2017-04-06 12:14:12,0.0,7.55,5,12,Thursday
730143,2,164.0,164.0,0.45,2017-04-06 12:38:48,2017-04-06 12:48:23,0.0,10.3,9,12,Thursday
1014944,1,113.0,186.0,1.2,2017-04-05 12:53:02,2017-04-05 13:07:21,0.0,10.8,14,12,Wednesday
162052,2,88.0,249.0,3.1,2017-04-05 12:10:08,2017-04-05 12:30:24,0.0,18.96,20,12,Wednesday
771909,2,151.0,230.0,3.04,2017-04-07 12:40:19,2017-04-07 13:03:01,0.0,20.16,22,12,Friday
94651,2,262.0,170.0,3.28,2017-04-03 12:09:22,2017-04-03 12:25:10,0.0,15.3,15,12,Monday
145340,2,142.0,236.0,1.92,2017-04-04 12:49:30,2017-04-04 13:04:25,0.0,12.3,14,12,Tuesday
335048,2,142.0,237.0,1.16,2017-04-05 12:09:08,2017-04-05 12:17:34,0.0,9.96,8,12,Wednesday
947424,2,237.0,142.0,1.21,2017-04-04 12:12:56,2017-04-04 12:25:20,0.0,10.3,12,12,Tuesday
481693,2,151.0,151.0,0.69,2017-04-04 12:44:41,2017-04-04 12:47:50,0.0,6.36,3,12,Tuesday
315521,1,141.0,141.0,0.6,2017-04-04 12:39:14,2017-04-04 12:44:30,0.0,5.8,5,12,Tuesday
326753,2,138.0,11.0,17.96,2017-04-03 12:30:41,2017-04-03 13:03:42,0.0,49.3,33,12,Monday
835757,1,142.0,239.0,1.0,2017-04-06 12:51:17,2017-04-06 12:59:37,0.0,7.8,8,12,Thursday
168814,1,163.0,142.0,1.1,2017-04-06 12:07:50,2017-04-06 12:20:27,0.0,11.8,12,12,Thursday
209760,2,262.0,237.0,2.34,2017-04-05 12:55:09,2017-04-05 13:11:32,0.0,14.3,16,12,Wednesday
628856,1,113.0,249.0,0.9,2017-04-03 12:22:15,2017-04-03 12:30:21,0.0,8.3,8,12,Monday
493136,2,161.0,142.0,1.86,2017-04-05 12:02:24,2017-04-05 12:13:00,0.0,9.8,10,12,Wednesday
466359,1,249.0,163.0,2.9,2017-04-03 12:44:21,2017-04-03 13:08:07,0.0,19.3,23,12,Monday
537188,1,164.0,170.0,0.8,2017-04-05 12:51:45,2017-04-05 12:58:28,0.0,8.5,6,12,Wednesday
471163,1,48.0,141.0,1.8,2017-04-06 12:01:26,2017-04-06 12:21:15,0.0,16.55,19,12,Thursday
792615,1,238.0,236.0,1.2,2017-04-05 12:17:47,2017-04-05 12:30:46,0.0,12.35,12,12,Wednesday
891505,2,107.0,88.0,4.34,2017-04-04 12:22:22,2017-04-04 12:35:20,0.0,19.56,12,12,Tuesday
759256,2,132.0,233.0,17.06,2017-04-04 12:25:22,2017-04-04 12:58:22,0.0,66.56,33,12,Tuesday
884599,1,113.0,68.0,2.0,2017-04-03 12:10:00,2017-04-03 12:25:05,0.0,14.15,15,12,Monday
886480,2,163.0,162.0,0.84,2017-04-06 12:20:11,2017-04-06 12:37:07,0.0,14.75,16,12,Thursday
495972,1,138.0,163.0,10.5,2017-04-06 12:43:09,2017-04-06 13:18:50,0.0,50.66,35,12,Thursday
29820,2,229.0,161.0,0.63,2017-04-06 12:35:26,2017-04-06 12:54:31,0.0,12.8,19,12,Thursday
94938,1,229.0,262.0,1.5,2017-04-07 12:12:46,2017-04-07 12:20:49,0.0,8.3,8,12,Friday
39000,1,164.0,48.0,2.0,2017-04-07 12:43:26,2017-04-07 13:08:49,0.0,16.8,25,12,Friday
952637,2,163.0,162.0,1.04,2017-04-04 12:19:31,2017-04-04 12:33:21,0.0,10.3,13,12,Tuesday
159477,2,236.0,161.0,2.31,2017-04-05 12:58:11,2017-04-05 13:16:44,0.0,13.8,18,12,Wednesday
732483,1,233.0,233.0,0.1,2017-04-04 12:34:38,2017-04-04 13:19:00,0.0,8.3,44,12,Tuesday
914110,2,236.0,161.0,2.27,2017-04-05 12:09:48,2017-04-05 12:33:35,0.0,18.3,23,12,Wednesday
232231,1,166.0,238.0,0.7,2017-04-03 12:37:34,2017-04-03 12:40:17,0.0,5.3,2,12,Monday
33681,2,161.0,230.0,0.77,2017-04-03 12:38:50,2017-04-03 12:49:58,0.0,10.56,11,12,Monday
55632,1,237.0,161.0,1.2,2017-04-06 12:17:51,2017-04-06 12:42:00,0.0,18.35,24,12,Thursday
198418,1,230.0,13.0,4.5,2017-04-07 12:16:20,2017-04-07 12:36:22,0.0,21.95,20,12,Friday
663315,1,13.0,12.0,0.7,2017-04-06 12:41:02,2017-04-06 12:47:21,0.0,8.15,6,12,Thursday
321543,2,236.0,164.0,2.64,2017-04-03 12:59:22,2017-04-03 13:15:46,0.0,14.3,16,12,Monday
873250,2,239.0,143.0,1.06,2017-04-06 12:19:39,2017-04-06 12:27:54,0.0,7.8,8,12,Thursday
328559,1,88.0,87.0,0.3,2017-04-07 12:15:48,2017-04-07 12:17:46,0.0,4.3,1,12,Friday
515519,1,50.0,246.0,1.2,2017-04-07 12:49:52,2017-04-07 12:54:48,0.0,8.15,4,12,Friday
1024989,2,107.0,79.0,2.97,2017-04-06 12:51:01,2017-04-06 13:13:51,0.0,21.0,22,12,Thursday
341837,2,224.0,90.0,1.78,2017-04-05 12:34:11,2017-04-05 12:55:30,0.0,14.3,21,12,Wednesday
779810,1,68.0,186.0,0.9,2017-04-04 12:45:44,2017-04-04 12:55:28,0.0,9.95,9,12,Tuesday
685459,1,162.0,141.0,0.7,2017-04-06 12:48:30,2017-04-06 12:53:57,0.0,7.55,5,12,Thursday
655025,2,79.0,224.0,1.12,2017-04-07 12:23:20,2017-04-07 12:36:23,0.0,11.76,13,12,Friday
392318,1,100.0,229.0,2.1,2017-04-04 12:00:20,2017-04-04 12:39:46,0.0,28.5,39,12,Tuesday
681717,2,164.0,234.0,0.58,2017-04-06 12:56:17,2017-04-06 13:01:35,0.0,7.56,5,12,Thursday
184361,2,132.0,100.0,17.78,2017-04-04 12:19:50,2017-04-04 13:05:51,0.0,58.56,46,12,Tuesday
909150,2,186.0,43.0,1.74,2017-04-03 12:19:00,2017-04-03 12:34:35,0.0,11.8,15,12,Monday
865031,1,264.0,264.0,0.7,2017-04-07 12:45:00,2017-04-07 12:48:18,0.0,5.3,3,12,Friday
227763,2,186.0,161.0,1.34,2017-04-05 12:06:26,2017-04-05 12:22:38,0.0,14.16,16,12,Wednesday
984684,2,262.0,236.0,0.7,2017-04-05 12:17:44,2017-04-05 12:23:32,0.0,7.3,5,12,Wednesday
490058,1,41.0,140.0,4.3,2017-04-05 12:53:54,2017-04-05 13:19:59,0.0,20.3,26,12,Wednesday
465906,1,43.0,249.0,4.1,2017-04-05 12:07:35,2017-04-05 12:44:42,0.0,29.75,37,12,Wednesday
200009,1,264.0,264.0,3.1,2017-04-07 12:05:07,2017-04-07 12:27:46,0.0,19.55,22,12,Friday
675471,1,162.0,140.0,0.7,2017-04-04 12:27:41,2017-04-04 12:34:42,0.0,7.8,7,12,Tuesday
738816,2,43.0,142.0,2.09,2017-04-06 12:40:15,2017-04-06 12:58:03,0.0,15.96,17,12,Thursday
604282,2,170.0,164.0,0.76,2017-04-07 12:19:43,2017-04-07 12:33:28,0.0,12.36,13,12,Friday
414016,1,238.0,230.0,2.9,2017-04-05 12:54:59,2017-04-05 13:14:18,0.0,16.3,19,12,Wednesday
129646,2,45.0,144.0,0.42,2017-04-05 12:54:00,2017-04-05 12:58:09,0.0,5.3,4,12,Wednesday
751068,1,142.0,164.0,1.8,2017-04-05 12:42:56,2017-04-05 12:57:12,0.0,14.65,14,12,Wednesday
255713,2,137.0,186.0,1.46,2017-04-05 12:46:04,2017-04-05 13:05:07,0.0,17.29,19,12,Wednesday
693089,2,237.0,262.0,0.9,2017-04-04 12:05:59,2017-04-04 12:10:37,0.0,5.8,4,12,Tuesday
525851,2,231.0,144.0,1.41,2017-04-07 12:46:37,2017-04-07 13:01:29,0.0,11.3,14,12,Friday
567661,1,68.0,246.0,0.6,2017-04-06 12:41:03,2017-04-06 12:54:33,0.0,9.8,13,12,Thursday
13067,2,161.0,230.0,0.56,2017-04-07 12:57:53,2017-04-07 13:05:15,0.0,6.8,7,12,Friday
106712,1,246.0,249.0,1.9,2017-04-07 12:47:21,2017-04-07 12:59:40,0.0,12.95,12,12,Friday
491426,2,50.0,75.0,3.36,2017-04-07 12:35:07,2017-04-07 12:59:03,0.0,21.62,23,12,Friday
723539,1,66.0,238.0,9.9,2017-04-07 12:21:44,2017-04-07 13:07:52,0.0,37.8,46,12,Friday
414640,2,116.0,234.0,7.46,2017-04-07 12:11:39,2017-04-07 12:44:58,0.0,33.3,33,12,Friday
349895,1,43.0,239.0,1.6,2017-04-04 12:51:03,2017-04-04 13:02:03,0.0,10.3,11,12,Tuesday
867157,2,249.0,249.0,0.02,2017-04-06 12:19:17,2017-04-06 12:19:54,0.0,3.3,0,12,Thursday
107606,2,148.0,162.0,2.54,2017-04-07 12:54:03,2017-04-07 13:12:32,0.0,14.3,18,12,Friday
152625,2,162.0,138.0,11.12,2017-04-04 12:57:50,2017-04-04 13:21:47,0.0,46.87,23,12,Tuesday
852721,1,137.0,224.0,1.9,2017-04-05 12:29:06,2017-04-05 12:44:55,0.0,11.75,15,12,Wednesday
594796,2,68.0,48.0,1.08,2017-04-06 12:41:51,2017-04-06 12:51:31,0.0,10.38,9,12,Thursday
745907,1,90.0,90.0,0.6,2017-04-03 12:33:14,2017-04-03 12:38:15,0.0,5.8,5,12,Monday
151663,1,237.0,142.0,1.3,2017-04-05 12:39:24,2017-04-05 12:52:01,0.0,10.3,12,12,Wednesday
18151,1,264.0,264.0,2.5,2017-04-07 12:25:51,2017-04-07 12:49:09,0.0,20.38,23,12,Friday
997107,2,140.0,161.0,2.39,2017-04-04 12:49:47,2017-04-04 13:13:35,0.0,17.3,23,12,Tuesday
920014,2,142.0,230.0,1.54,2017-04-05 12:52:55,2017-04-05 13:01:49,0.0,11.0,8,12,Wednesday
312262,2,234.0,186.0,1.15,2017-04-03 12:42:37,2017-04-03 12:51:56,0.0,8.3,9,12,Monday
58588,2,113.0,100.0,1.28,2017-04-06 12:21:13,2017-04-06 12:36:44,0.0,12.3,15,12,Thursday
752834,1,48.0,48.0,0.3,2017-04-03 12:51:57,2017-04-03 12:53:15,0.0,4.7,1,12,Monday
302352,1,186.0,163.0,1.9,2017-04-03 12:28:04,2017-04-03 12:50:15,0.0,14.8,22,12,Monday
622772,1,125.0,158.0,1.0,2017-04-06 12:32:41,2017-04-06 12:38:27,0.0,7.55,5,12,Thursday
716195,2,68.0,211.0,1.58,2017-04-05 12:58:35,2017-04-05 13:14:20,0.0,14.16,15,12,Wednesday
294250,2,162.0,41.0,6.0,2017-04-03 12:17:50,2017-04-03 12:43:14,0.0,23.3,25,12,Monday
917231,1,236.0,237.0,0.3,2017-04-06 12:28:42,2017-04-06 12:35:09,0.0,7.55,6,12,Thursday
254942,1,161.0,48.0,0.9,2017-04-03 12:43:41,2017-04-03 12:51:19,0.0,8.75,7,12,Monday
790431,2,230.0,132.0,17.44,2017-04-04 12:26:05,2017-04-04 13:06:06,0.0,70.27,40,12,Tuesday
468839,2,263.0,263.0,0.45,2017-04-07 12:41:45,2017-04-07 12:44:42,0.0,4.8,2,12,Friday
88921,1,161.0,237.0,0.6,2017-04-07 12:21:47,2017-04-07 12:31:32,0.0,9.95,9,12,Friday
223957,2,234.0,79.0,1.0,2017-04-03 12:46:01,2017-04-03 12:57:44,0.0,9.3,11,12,Monday
331236,1,140.0,262.0,0.4,2017-04-04 12:07:35,2017-04-04 12:12:19,0.0,5.8,4,12,Tuesday
404636,2,113.0,4.0,1.29,2017-04-04 12:37:42,2017-04-04 12:56:43,0.0,13.3,19,12,Tuesday
363677,2,234.0,164.0,1.27,2017-04-07 12:05:16,2017-04-07 12:20:34,0.0,13.56,15,12,Friday
316160,1,244.0,74.0,3.2,2017-04-07 12:43:25,2017-04-07 13:03:10,0.0,15.8,19,12,Friday
374397,2,68.0,170.0,0.99,2017-04-03 12:46:32,2017-04-03 13:04:31,0.0,12.3,17,12,Monday
719905,1,43.0,243.0,5.2,2017-04-06 12:43:27,2017-04-06 12:55:01,0.0,17.3,11,12,Thursday
26616,2,132.0,142.0,19.9,2017-04-04 12:03:49,2017-04-04 12:57:49,0.0,58.56,54,12,Tuesday
10505,1,236.0,161.0,1.7,2017-04-05 12:13:50,2017-04-05 12:37:19,0.0,17.6,23,12,Wednesday
541561,1,79.0,237.0,2.8,2017-04-07 12:16:37,2017-04-07 12:41:31,0.0,19.0,24,12,Friday
716418,2,237.0,236.0,0.41,2017-04-05 12:57:19,2017-04-05 12:59:55,0.0,5.76,2,12,Wednesday
882466,1,107.0,107.0,0.0,2017-04-07 12:53:20,2017-04-07 12:54:21,0.0,3.3,1,12,Friday
184796,2,141.0,237.0,0.32,2017-04-06 12:24:03,2017-04-06 12:26:16,0.0,4.3,2,12,Thursday
826856,1,141.0,262.0,0.7,2017-04-04 12:17:57,2017-04-04 12:24:01,0.0,8.3,6,12,Tuesday
591872,1,13.0,161.0,5.0,2017-04-04 12:22:54,2017-04-04 12:49:33,0.0,22.8,26,12,Tuesday
956208,1,162.0,237.0,0.9,2017-04-07 12:32:56,2017-04-07 12:38:47,0.0,8.8,5,12,Friday
789106,2,234.0,132.0,17.59,2017-04-07 12:16:25,2017-04-07 13:05:26,0.0,73.2,49,12,Friday
40834,1,170.0,239.0,3.5,2017-04-07 12:14:50,2017-04-07 12:44:30,0.0,20.8,29,12,Friday
530421,1,142.0,50.0,1.3,2017-04-07 12:52:59,2017-04-07 13:02:17,0.0,10.56,9,12,Friday
281485,1,230.0,1.0,17.7,2017-04-07 12:19:23,2017-04-07 12:53:07,0.0,88.3,33,12,Friday
756267,1,107.0,164.0,1.2,2017-04-06 12:10:07,2017-04-06 12:32:19,0.0,14.3,22,12,Thursday
90457,1,170.0,234.0,1.2,2017-04-06 12:43:44,2017-04-06 12:51:28,0.0,9.35,7,12,Thursday
745792,1,107.0,233.0,1.4,2017-04-04 12:47:25,2017-04-04 12:58:16,0.0,11.15,10,12,Tuesday
4399,1,161.0,68.0,2.4,2017-04-07 12:16:02,2017-04-07 12:32:08,0.0,12.8,16,12,Friday
995045,1,264.0,264.0,2.7,2017-04-04 12:49:49,2017-04-04 13:07:36,0.0,14.3,17,12,Tuesday
126949,1,68.0,143.0,2.6,2017-04-05 12:13:56,2017-04-05 12:32:17,0.0,17.15,18,12,Wednesday
591055,2,43.0,151.0,0.41,2017-04-06 12:59:54,2017-04-06 13:01:32,0.0,4.3,1,12,Thursday
10540,1,237.0,234.0,2.0,2017-04-05 12:00:19,2017-04-05 12:22:42,0.0,15.3,22,12,Wednesday
866012,2,249.0,140.0,4.47,2017-04-06 12:07:42,2017-04-06 12:46:31,0.0,29.76,38,12,Thursday
959099,1,264.0,264.0,2.9,2017-04-03 12:09:11,2017-04-03 12:25:40,0.0,13.8,16,12,Monday
442270,1,237.0,237.0,0.4,2017-04-05 12:13:51,2017-04-05 12:20:19,0.0,7.55,6,12,Wednesday
144714,1,162.0,140.0,1.5,2017-04-05 12:47:44,2017-04-05 12:55:08,0.0,9.75,7,12,Wednesday
250589,1,138.0,100.0,8.1,2017-04-03 12:27:48,2017-04-03 13:02:50,0.0,38.06,35,12,Monday
18202,1,262.0,237.0,1.5,2017-04-03 12:36:08,2017-04-03 12:48:06,0.0,13.35,11,12,Monday
1047248,1,141.0,229.0,1.3,2017-04-05 12:13:33,2017-04-05 12:23:00,0.0,11.0,9,12,Wednesday
1032470,2,41.0,132.0,18.73,2017-04-07 12:46:44,2017-04-07 13:33:08,0.0,58.56,46,12,Friday
81551,1,237.0,141.0,1.8,2017-04-03 12:55:38,2017-04-03 13:13:33,0.0,16.6,17,12,Monday
616436,1,262.0,142.0,2.0,2017-04-04 12:50:09,2017-04-04 13:02:50,0.0,11.8,12,12,Tuesday
368981,2,90.0,68.0,0.79,2017-04-03 12:37:33,2017-04-03 12:42:55,0.0,6.3,5,12,Monday
565826,2,236.0,237.0,0.76,2017-04-04 12:19:46,2017-04-04 12:29:22,0.0,8.3,9,12,Tuesday
832941,1,211.0,90.0,1.4,2017-04-04 12:29:18,2017-04-04 12:35:47,0.0,9.0,6,12,Tuesday
90701,2,263.0,141.0,1.76,2017-04-07 12:10:07,2017-04-07 12:28:01,0.0,15.96,17,12,Friday
592847,2,138.0,239.0,9.55,2017-04-07 12:56:54,2017-04-07 13:36:28,0.0,39.06,39,12,Friday
108864,2,13.0,43.0,7.27,2017-04-04 12:39:27,2017-04-04 13:07:26,0.0,32.16,27,12,Tuesday
50166,1,170.0,163.0,0.8,2017-04-05 12:34:43,2017-04-05 12:40:45,0.0,8.15,6,12,Wednesday
498329,2,50.0,141.0,2.28,2017-04-07 12:56:59,2017-04-07 13:26:14,0.0,24.44,29,12,Friday
77524,1,261.0,50.0,3.6,2017-04-07 12:48:25,2017-04-07 13:24:19,0.0,24.3,35,12,Friday
282890,2,138.0,140.0,8.7,2017-04-07 12:56:49,2017-04-07 13:25:37,0.0,40.87,28,12,Friday
102504,2,164.0,161.0,0.93,2017-04-06 12:49:06,2017-04-06 13:05:05,0.0,11.3,15,12,Thursday
1048043,2,162.0,100.0,1.9,2017-04-05 12:03:11,2017-04-05 12:32:31,0.0,18.3,29,12,Wednesday
532338,2,239.0,142.0,0.93,2017-04-06 12:39:08,2017-04-06 12:44:19,0.0,7.88,5,12,Thursday
619244,2,230.0,211.0,2.78,2017-04-06 12:32:18,2017-04-06 13:00:52,0.0,20.3,28,12,Thursday
383234,1,166.0,140.0,3.9,2017-04-04 12:41:21,2017-04-04 13:07:47,0.0,19.8,26,12,Tuesday
1040840,2,161.0,132.0,16.69,2017-04-06 12:45:47,2017-04-06 13:28:37,0.0,70.27,42,12,Thursday
710839,1,232.0,232.0,0.0,2017-04-03 12:53:22,2017-04-03 12:53:40,0.0,3.3,0,12,Monday
335862,1,87.0,158.0,3.8,2017-04-04 12:19:42,2017-04-04 12:38:26,0.0,20.15,18,12,Tuesday
95307,1,142.0,237.0,1.7,2017-04-06 12:11:45,2017-04-06 12:25:48,0.0,11.8,14,12,Thursday
768591,2,75.0,75.0,0.84,2017-04-07 12:06:13,2017-04-07 12:10:03,0.0,5.8,3,12,Friday
396956,2,68.0,212.0,12.8,2017-04-04 12:29:09,2017-04-04 12:59:26,0.0,47.16,30,12,Tuesday
206879,1,186.0,107.0,1.6,2017-04-05 12:09:25,2017-04-05 12:29:24,0.0,16.55,19,12,Wednesday
87780,1,264.0,264.0,1.7,2017-04-03 12:29:28,2017-04-03 12:44:19,0.0,11.8,14,12,Monday
191411,2,90.0,68.0,0.84,2017-04-06 12:56:09,2017-04-06 13:05:19,0.0,10.38,9,12,Thursday
250072,1,163.0,48.0,1.3,2017-04-06 12:06:40,2017-04-06 12:17:48,0.0,11.6,11,12,Thursday
631587,2,79.0,232.0,2.36,2017-04-07 12:04:16,2017-04-07 12:25:48,0.0,15.3,21,12,Friday
607749,2,45.0,87.0,1.06,2017-04-05 12:16:05,2017-04-05 12:28:20,0.0,11.76,12,12,Wednesday
749912,2,161.0,237.0,1.1,2017-04-06 12:27:08,2017-04-06 12:34:43,0.0,8.76,7,12,Thursday
429497,1,141.0,137.0,1.7,2017-04-06 12:25:43,2017-04-06 12:42:55,0.0,13.8,17,12,Thursday
507251,1,162.0,141.0,1.1,2017-04-07 12:08:24,2017-04-07 12:15:40,0.0,8.75,7,12,Friday
857921,2,161.0,138.0,9.35,2017-04-04 12:49:46,2017-04-04 13:20:46,0.0,48.82,31,12,Tuesday
968920,1,236.0,237.0,1.3,2017-04-07 12:52:21,2017-04-07 13:01:58,0.0,9.8,9,12,Friday
80707,1,48.0,163.0,1.4,2017-04-06 12:17:47,2017-04-06 12:31:00,0.0,12.95,13,12,Thursday
547329,2,161.0,100.0,0.88,2017-04-05 12:31:56,2017-04-05 12:38:23,0.0,6.8,6,12,Wednesday
434852,2,90.0,100.0,0.97,2017-04-04 12:08:43,2017-04-04 12:23:04,0.0,13.5,14,12,Tuesday
343064,1,238.0,166.0,1.3,2017-04-07 12:58:23,2017-04-07 13:05:43,0.0,8.3,7,12,Friday
771740,2,161.0,161.0,0.49,2017-04-04 12:00:43,2017-04-04 12:04:17,0.0,6.89,3,12,Tuesday
881748,1,249.0,132.0,18.3,2017-04-06 12:36:25,2017-04-06 13:37:19,0.0,70.26,60,12,Thursday
641175,2,107.0,233.0,0.74,2017-04-07 12:41:18,2017-04-07 12:47:06,0.0,6.3,5,12,Friday
913400,1,48.0,68.0,0.6,2017-04-05 12:38:12,2017-04-05 12:42:50,0.0,5.8,4,12,Wednesday
640254,1,237.0,162.0,0.4,2017-04-05 12:22:54,2017-04-05 12:26:35,0.0,6.3,3,12,Wednesday
191592,1,230.0,161.0,0.3,2017-04-04 12:27:55,2017-04-04 12:38:55,0.0,10.55,11,12,Tuesday
348107,1,68.0,142.0,1.6,2017-04-04 12:09:20,2017-04-04 12:22:23,0.0,11.8,13,12,Tuesday
655642,1,125.0,148.0,1.1,2017-04-07 12:09:44,2017-04-07 12:24:43,0.0,12.8,14,12,Friday
343418,2,12.0,66.0,2.95,2017-04-04 12:42:48,2017-04-04 12:56:04,0.0,12.8,13,12,Tuesday
122376,2,148.0,107.0,1.65,2017-04-06 12:15:52,2017-04-06 12:23:55,0.0,8.8,8,12,Thursday
687480,2,90.0,261.0,2.8,2017-04-04 12:24:21,2017-04-04 12:44:43,0.0,18.5,20,12,Tuesday
126211,1,236.0,140.0,1.7,2017-04-06 12:22:51,2017-04-06 12:36:25,0.0,13.55,13,12,Thursday
341861,2,24.0,142.0,2.32,2017-04-07 12:11:00,2017-04-07 12:29:08,0.0,14.3,18,12,Friday
139079,1,186.0,234.0,1.1,2017-04-07 12:16:13,2017-04-07 12:32:19,0.0,10.8,16,12,Friday
132528,2,237.0,263.0,0.95,2017-04-05 12:51:20,2017-04-05 12:58:26,0.0,8.3,7,12,Wednesday
575836,2,170.0,229.0,1.06,2017-04-06 12:56:56,2017-04-06 13:22:01,0.0,17.8,25,12,Thursday
1022319,2,186.0,161.0,1.11,2017-04-05 12:36:22,2017-04-05 12:55:12,0.0,12.8,18,12,Wednesday
578257,1,13.0,68.0,3.3,2017-04-05 12:15:05,2017-04-05 12:39:46,0.0,21.8,24,12,Wednesday
653515,2,162.0,179.0,8.97,2017-04-04 12:01:09,2017-04-04 12:23:01,0.0,42.58,21,12,Tuesday
279838,1,239.0,43.0,1.0,2017-04-04 12:03:59,2017-04-04 12:13:29,0.0,8.3,9,12,Tuesday
147961,1,170.0,234.0,0.9,2017-04-04 12:11:23,2017-04-04 12:21:20,0.0,10.75,9,12,Tuesday
223477,2,107.0,234.0,0.52,2017-04-04 12:49:48,2017-04-04 12:53:19,0.0,5.3,3,12,Tuesday
304359,2,262.0,236.0,0.89,2017-04-06 12:37:10,2017-04-06 12:44:47,0.0,7.3,7,12,Thursday
362916,2,162.0,231.0,6.9,2017-04-05 12:09:41,2017-04-05 12:33:24,0.0,25.8,23,12,Wednesday
1038673,1,264.0,264.0,0.0,2017-04-06 12:07:52,2017-04-06 12:08:02,0.0,18.3,0,12,Thursday
118967,2,236.0,237.0,1.2,2017-04-07 12:15:18,2017-04-07 12:27:26,0.0,11.3,12,12,Friday
139582,2,234.0,230.0,1.01,2017-04-04 12:59:45,2017-04-04 13:16:07,0.0,14.12,16,12,Tuesday
452384,2,113.0,161.0,1.79,2017-04-04 12:02:01,2017-04-04 12:21:59,0.0,17.25,19,12,Tuesday
8391,2,262.0,161.0,3.09,2017-04-06 12:45:07,2017-04-06 13:09:07,0.0,22.88,24,12,Thursday
762855,2,238.0,43.0,1.64,2017-04-07 12:14:10,2017-04-07 12:26:36,0.0,12.42,12,12,Friday
978988,1,236.0,24.0,1.8,2017-04-04 12:05:16,2017-04-04 12:14:36,0.0,11.75,9,12,Tuesday
708596,2,142.0,234.0,2.65,2017-04-07 12:46:23,2017-04-07 13:02:14,0.0,15.96,15,12,Friday
875032,2,166.0,41.0,1.26,2017-04-05 12:41:17,2017-04-05 12:48:09,0.0,9.36,6,12,Wednesday
736563,1,237.0,164.0,1.6,2017-04-03 12:04:36,2017-04-03 12:16:17,0.0,12.36,11,12,Monday
650575,2,143.0,163.0,1.4,2017-04-03 12:50:48,2017-04-03 13:00:27,0.0,8.8,9,12,Monday
693230,1,140.0,244.0,7.8,2017-04-04 12:18:07,2017-04-04 12:40:20,0.0,29.8,22,12,Tuesday
539721,2,68.0,113.0,1.38,2017-04-06 12:21:01,2017-04-06 12:39:14,0.0,15.36,18,12,Thursday
752428,2,75.0,186.0,3.63,2017-04-06 12:27:27,2017-04-06 13:07:39,0.0,24.8,40,12,Thursday
696535,2,141.0,140.0,0.68,2017-04-07 12:56:58,2017-04-07 13:03:35,0.0,6.8,6,12,Friday
351672,2,162.0,181.0,8.06,2017-04-05 12:27:14,2017-04-05 12:52:19,0.0,26.8,25,12,Wednesday
989591,2,68.0,181.0,6.93,2017-04-03 12:57:11,2017-04-03 13:30:51,0.0,40.27,33,12,Monday
271345,1,163.0,158.0,3.5,2017-04-07 12:38:53,2017-04-07 13:07:16,0.0,23.75,28,12,Friday
679837,1,164.0,138.0,11.4,2017-04-03 12:15:26,2017-04-03 12:43:15,0.0,50.46,27,12,Monday
115982,2,138.0,162.0,9.9,2017-04-06 12:29:40,2017-04-06 13:11:03,0.0,42.06,41,12,Thursday
42400,1,164.0,234.0,0.7,2017-04-06 12:52:47,2017-04-06 12:57:19,0.0,5.8,4,12,Thursday
378265,1,186.0,161.0,1.5,2017-04-04 12:14:23,2017-04-04 12:29:45,0.0,13.3,15,12,Tuesday
563500,2,163.0,43.0,2.88,2017-04-07 12:53:01,2017-04-07 13:08:59,0.0,15.3,15,12,Friday
941627,1,132.0,21.0,16.6,2017-04-05 12:56:35,2017-04-05 13:47:19,0.0,66.0,50,12,Wednesday
272561,1,138.0,132.0,11.6,2017-04-04 12:24:44,2017-04-04 12:41:54,0.0,32.3,17,12,Tuesday
892305,1,246.0,48.0,0.5,2017-04-07 12:15:59,2017-04-07 12:19:29,0.0,6.35,3,12,Friday
954653,2,163.0,164.0,1.71,2017-04-04 12:15:28,2017-04-04 12:33:53,0.0,14.72,18,12,Tuesday
759583,2,263.0,43.0,0.72,2017-04-03 12:36:10,2017-04-03 12:42:59,0.0,8.16,6,12,Monday
304986,1,236.0,216.0,17.7,2017-04-05 12:09:20,2017-04-05 12:45:54,0.0,56.06,36,12,Wednesday
179481,1,238.0,236.0,0.8,2017-04-06 12:07:02,2017-04-06 12:10:37,0.0,6.8,3,12,Thursday
884606,1,113.0,107.0,0.9,2017-04-07 12:04:27,2017-04-07 12:19:13,0.0,12.95,14,12,Friday
1018044,1,48.0,162.0,1.4,2017-04-05 12:33:00,2017-04-05 12:51:09,0.0,14.75,18,12,Wednesday
222102,1,238.0,239.0,0.5,2017-04-07 12:20:03,2017-04-07 12:24:06,0.0,5.3,4,12,Friday
46131,1,162.0,161.0,0.8,2017-04-04 12:12:21,2017-04-04 12:24:30,0.0,11.3,12,12,Tuesday
460399,1,164.0,246.0,1.1,2017-04-06 12:03:10,2017-04-06 12:24:49,0.0,15.3,21,12,Thursday
504212,2,234.0,79.0,1.03,2017-04-07 12:02:47,2017-04-07 12:08:36,0.0,8.5,5,12,Friday
188249,1,100.0,246.0,1.0,2017-04-03 12:37:48,2017-04-03 12:42:02,0.0,7.55,4,12,Monday
520860,1,239.0,244.0,4.8,2017-04-07 12:23:49,2017-04-07 12:42:35,0.0,20.3,18,12,Friday
987347,1,125.0,68.0,2.4,2017-04-07 12:27:37,2017-04-07 12:45:51,0.0,17.25,18,12,Friday
180746,1,90.0,68.0,0.5,2017-04-03 12:48:06,2017-04-03 12:54:35,0.0,6.8,6,12,Monday
848311,1,137.0,232.0,3.2,2017-04-04 12:40:58,2017-04-04 12:53:38,0.0,13.3,12,12,Tuesday
434174,1,170.0,142.0,1.6,2017-04-07 12:15:32,2017-04-07 12:28:53,0.0,12.95,13,12,Friday
966054,1,48.0,143.0,1.1,2017-04-07 12:23:28,2017-04-07 12:33:00,0.0,8.8,9,12,Friday
402602,2,246.0,88.0,5.15,2017-04-06 12:11:01,2017-04-06 12:34:07,0.0,25.38,23,12,Thursday
574963,1,263.0,75.0,0.8,2017-04-03 12:53:56,2017-04-03 12:56:52,0.0,5.3,2,12,Monday
160329,2,141.0,161.0,1.53,2017-04-04 12:59:51,2017-04-04 13:17:50,0.0,14.8,17,12,Tuesday
810159,2,113.0,224.0,1.1,2017-04-05 12:56:19,2017-04-05 13:17:55,0.0,15.3,21,12,Wednesday
797230,2,141.0,161.0,1.85,2017-04-04 12:08:41,2017-04-04 12:32:46,0.0,16.9,24,12,Tuesday
790936,1,161.0,141.0,0.8,2017-04-05 12:34:19,2017-04-05 12:40:42,0.0,7.8,6,12,Wednesday
407294,1,231.0,170.0,6.0,2017-04-03 12:55:16,2017-04-03 13:13:27,0.0,23.53,18,12,Monday
536016,1,164.0,163.0,1.3,2017-04-06 12:13:40,2017-04-06 12:33:53,0.0,19.3,20,12,Thursday
978710,1,143.0,142.0,0.5,2017-04-06 12:38:31,2017-04-06 12:42:49,0.0,7.25,4,12,Thursday
426227,2,137.0,161.0,1.32,2017-04-03 12:35:51,2017-04-03 12:47:29,0.0,9.8,11,12,Monday
647186,1,236.0,161.0,1.6,2017-04-06 12:16:41,2017-04-06 12:34:57,0.0,12.8,18,12,Thursday
337878,2,88.0,162.0,5.71,2017-04-04 12:57:10,2017-04-04 13:18:56,0.0,25.56,21,12,Tuesday
618437,2,186.0,113.0,1.32,2017-04-06 12:31:53,2017-04-06 12:42:37,0.0,9.3,10,12,Thursday
1003694,2,246.0,13.0,3.31,2017-04-05 12:45:49,2017-04-05 12:59:21,0.0,13.8,13,12,Wednesday
238950,1,230.0,163.0,1.1,2017-04-05 12:20:49,2017-04-05 12:36:52,0.0,12.43,16,12,Wednesday
874045,2,237.0,140.0,0.75,2017-04-06 12:38:05,2017-04-06 12:43:52,0.0,6.3,5,12,Thursday
798143,2,164.0,246.0,1.18,2017-04-05 12:33:17,2017-04-05 12:52:51,0.0,16.62,19,12,Wednesday
792365,2,161.0,186.0,1.13,2017-04-05 12:43:31,2017-04-05 12:52:24,0.0,9.96,8,12,Wednesday
890353,2,230.0,137.0,1.4,2017-04-03 12:01:45,2017-04-03 12:12:20,0.0,11.16,10,12,Monday
564272,1,264.0,264.0,0.8,2017-04-04 12:23:24,2017-04-04 12:32:53,0.0,10.35,9,12,Tuesday
930207,2,162.0,229.0,0.47,2017-04-03 12:40:48,2017-04-03 12:46:09,0.0,5.8,5,12,Monday
54856,2,144.0,234.0,0.99,2017-04-04 12:56:23,2017-04-04 13:02:50,0.0,7.3,6,12,Tuesday
1047246,1,263.0,236.0,0.8,2017-04-07 12:46:53,2017-04-07 12:58:08,0.0,8.8,11,12,Friday
276983,2,236.0,75.0,1.15,2017-04-07 12:47:57,2017-04-07 12:55:34,0.0,9.36,7,12,Friday
743059,2,138.0,138.0,1.82,2017-04-07 12:47:27,2017-04-07 12:54:32,0.0,8.8,7,12,Friday
677748,2,43.0,141.0,0.79,2017-04-07 12:28:09,2017-04-07 12:35:39,0.0,9.12,7,12,Friday
69285,2,234.0,237.0,2.81,2017-04-03 12:17:48,2017-04-03 12:45:21,0.0,18.3,27,12,Monday
152438,2,43.0,141.0,1.65,2017-04-06 12:53:11,2017-04-06 13:10:20,0.0,12.3,17,12,Thursday
380798,2,249.0,234.0,1.01,2017-04-04 12:18:33,2017-04-04 12:24:14,0.0,7.8,5,12,Tuesday
429226,2,236.0,262.0,0.96,2017-04-04 12:19:07,2017-04-04 12:25:58,0.0,7.3,6,12,Tuesday
387553,2,186.0,246.0,1.06,2017-04-06 12:13:56,2017-04-06 12:23:11,0.0,9.96,9,12,Thursday
42921,2,161.0,158.0,2.55,2017-04-05 12:50:16,2017-04-05 13:07:20,0.0,17.29,17,12,Wednesday
133739,1,229.0,164.0,1.7,2017-04-07 12:48:28,2017-04-07 13:08:37,0.0,13.8,20,12,Friday
1030292,1,137.0,238.0,5.6,2017-04-04 12:03:48,2017-04-04 12:23:45,0.0,23.92,19,12,Tuesday
276460,2,237.0,238.0,1.89,2017-04-06 12:23:05,2017-04-06 12:37:44,0.0,14.16,14,12,Thursday
716891,1,233.0,229.0,0.3,2017-04-07 12:53:11,2017-04-07 12:55:58,0.0,5.8,2,12,Friday
22159,2,100.0,142.0,1.45,2017-04-06 12:15:48,2017-04-06 12:24:21,0.0,9.96,8,12,Thursday
818873,1,144.0,224.0,2.0,2017-04-03 12:37:37,2017-04-03 12:58:39,0.0,16.8,21,12,Monday
660271,1,13.0,100.0,4.0,2017-04-07 12:17:47,2017-04-07 12:39:54,0.0,21.35,22,12,Friday
463118,2,246.0,114.0,2.04,2017-04-04 12:24:55,2017-04-04 12:39:53,0.0,12.8,14,12,Tuesday
54372,2,142.0,162.0,1.0,2017-04-04 12:48:51,2017-04-04 12:59:36,0.0,10.56,10,12,Tuesday
611251,2,186.0,211.0,2.24,2017-04-03 12:20:36,2017-04-03 12:35:19,0.0,14.76,14,12,Monday
50196,1,141.0,229.0,0.8,2017-04-05 12:21:52,2017-04-05 12:27:58,0.0,6.8,6,12,Wednesday
612005,1,163.0,233.0,0.9,2017-04-07 12:30:21,2017-04-07 12:38:30,0.0,7.8,8,12,Friday
961072,2,162.0,237.0,0.69,2017-04-05 12:20:14,2017-04-05 12:27:17,0.0,6.8,7,12,Wednesday
779606,1,224.0,234.0,1.4,2017-04-03 12:23:09,2017-04-03 12:41:05,0.0,13.3,17,12,Monday
958139,2,90.0,164.0,0.58,2017-04-06 12:51:01,2017-04-06 13:02:41,0.0,10.56,11,12,Thursday
584328,2,249.0,113.0,1.46,2017-04-05 12:36:40,2017-04-05 12:54:04,0.0,11.3,17,12,Wednesday
587397,1,162.0,142.0,2.0,2017-04-05 12:15:56,2017-04-05 12:36:17,0.0,17.15,20,12,Wednesday
420446,1,138.0,107.0,8.3,2017-04-05 12:38:34,2017-04-05 13:14:10,0.0,48.81,35,12,Wednesday
616513,1,246.0,231.0,3.1,2017-04-05 12:32:14,2017-04-05 12:53:52,0.0,20.75,21,12,Wednesday
385163,1,162.0,142.0,1.2,2017-04-06 12:26:45,2017-04-06 12:40:50,0.0,10.8,14,12,Thursday
91901,2,186.0,13.0,3.93,2017-04-06 12:54:03,2017-04-06 13:13:39,0.0,16.8,19,12,Thursday
331707,1,163.0,234.0,1.7,2017-04-03 12:15:13,2017-04-03 12:25:40,0.0,10.23,10,12,Monday
465357,2,100.0,132.0,16.73,2017-04-07 12:56:15,2017-04-07 13:42:20,0.0,64.56,46,12,Friday
752108,1,100.0,88.0,5.6,2017-04-05 12:35:08,2017-04-05 12:55:20,0.0,25.55,20,12,Wednesday
665477,1,186.0,170.0,1.6,2017-04-05 12:01:56,2017-04-05 12:17:37,0.0,11.8,15,12,Wednesday
366951,2,161.0,50.0,1.84,2017-04-06 12:26:14,2017-04-06 12:37:03,0.0,9.8,10,12,Thursday
677093,2,170.0,229.0,1.03,2017-04-04 12:25:42,2017-04-04 12:41:32,0.0,13.56,15,12,Tuesday
182884,2,261.0,13.0,0.62,2017-04-07 12:12:24,2017-04-07 12:16:15,0.0,5.3,3,12,Friday
479952,1,239.0,48.0,1.4,2017-04-03 12:35:01,2017-04-03 12:44:49,0.0,9.3,9,12,Monday
946507,2,170.0,68.0,1.23,2017-04-05 12:15:18,2017-04-05 12:30:56,0.0,13.56,15,12,Wednesday
884739,2,162.0,229.0,0.78,2017-04-05 12:14:39,2017-04-05 12:21:10,0.0,8.16,6,12,Wednesday
16894,1,161.0,140.0,1.3,2017-04-05 12:52:32,2017-04-05 13:06:10,0.0,10.8,13,12,Wednesday
711714,1,48.0,142.0,0.6,2017-04-03 12:11:21,2017-04-03 12:15:46,0.0,5.8,4,12,Monday
202561,2,13.0,158.0,1.7,2017-04-05 12:27:51,2017-04-05 12:34:34,0.0,9.54,6,12,Wednesday
906655,2,68.0,114.0,2.0,2017-04-03 12:36:42,2017-04-03 12:50:32,0.0,12.8,13,12,Monday
739315,2,262.0,161.0,2.6,2017-04-07 12:28:21,2017-04-07 12:49:17,0.0,18.96,20,12,Friday
975470,1,68.0,1.0,17.4,2017-04-03 12:10:45,2017-04-03 12:42:52,0.0,86.8,32,12,Monday
1003750,2,140.0,75.0,1.97,2017-04-04 12:15:49,2017-04-04 12:27:25,0.0,14.04,11,12,Tuesday
467582,1,237.0,151.0,3.0,2017-04-05 12:23:25,2017-04-05 12:40:36,0.0,13.8,17,12,Wednesday
820687,2,68.0,90.0,0.78,2017-04-07 12:28:23,2017-04-07 12:31:20,0.0,5.3,2,12,Friday
868687,2,48.0,140.0,2.64,2017-04-03 12:48:39,2017-04-03 13:04:16,0.0,13.3,15,12,Monday
5142,2,138.0,95.0,6.92,2017-04-05 12:02:25,2017-04-05 12:18:35,0.0,22.8,16,12,Wednesday
792933,2,68.0,48.0,1.0,2017-04-06 12:27:55,2017-04-06 12:34:53,0.0,8.76,6,12,Thursday
177298,2,229.0,231.0,7.46,2017-04-06 12:26:31,2017-04-06 12:51:42,0.0,30.96,25,12,Thursday
767067,2,263.0,229.0,1.55,2017-04-04 12:15:46,2017-04-04 12:33:54,0.0,13.8,18,12,Tuesday
196149,2,237.0,229.0,0.82,2017-04-03 12:36:53,2017-04-03 12:43:55,0.0,6.8,7,12,Monday
19384,2,161.0,239.0,2.34,2017-04-07 12:16:27,2017-04-07 12:31:53,0.0,12.3,15,12,Friday
597344,1,230.0,132.0,17.2,2017-04-07 12:28:09,2017-04-07 13:12:36,0.0,73.56,44,12,Friday
1034476,2,162.0,261.0,5.99,2017-04-03 12:08:30,2017-04-03 12:27:03,0.0,25.56,18,12,Monday
925579,1,186.0,107.0,1.2,2017-04-06 12:26:40,2017-04-06 12:41:53,0.0,13.56,15,12,Thursday
132208,1,142.0,48.0,1.0,2017-04-06 12:10:22,2017-04-06 12:16:27,0.0,8.15,6,12,Thursday
501491,2,161.0,236.0,1.07,2017-04-04 12:19:41,2017-04-04 12:26:01,0.0,8.3,6,12,Tuesday
121737,1,230.0,138.0,8.5,2017-04-03 12:12:02,2017-04-03 12:59:51,0.0,37.8,47,12,Monday
655377,1,132.0,170.0,16.9,2017-04-05 12:42:40,2017-04-05 13:29:03,0.0,64.11,46,12,Wednesday
754215,2,234.0,234.0,0.85,2017-04-06 12:11:59,2017-04-06 12:21:36,0.0,9.36,9,12,Thursday
860766,2,234.0,164.0,1.13,2017-04-04 12:48:16,2017-04-04 13:02:06,0.0,11.5,13,12,Tuesday
75745,2,75.0,162.0,2.43,2017-04-03 12:05:37,2017-04-03 12:23:03,0.0,13.3,17,12,Monday
240930,1,163.0,132.0,17.5,2017-04-05 12:49:44,2017-04-05 13:37:20,0.0,58.56,47,12,Wednesday
162948,2,170.0,170.0,0.05,2017-04-05 12:54:53,2017-04-05 12:56:44,0.0,3.8,1,12,Wednesday
795900,1,263.0,263.0,0.7,2017-04-07 12:24:40,2017-04-07 12:31:47,0.0,9.1,7,12,Friday
348680,1,132.0,161.0,19.8,2017-04-03 12:07:40,2017-04-03 12:47:12,0.0,70.26,39,12,Monday
428688,1,142.0,138.0,10.4,2017-04-04 12:28:13,2017-04-04 12:57:48,0.0,46.06,29,12,Tuesday
297536,2,138.0,211.0,14.54,2017-04-07 12:09:41,2017-04-07 12:56:31,0.0,63.07,46,12,Friday
341447,2,138.0,48.0,10.36,2017-04-06 12:54:36,2017-04-06 14:03:30,0.0,68.82,68,12,Thursday
790577,2,107.0,137.0,0.69,2017-04-03 12:32:17,2017-04-03 12:36:45,0.0,5.8,4,12,Monday
385654,1,166.0,142.0,2.7,2017-04-04 12:33:29,2017-04-04 12:51:25,0.0,14.8,17,12,Tuesday
803017,1,224.0,234.0,1.6,2017-04-05 12:37:59,2017-04-05 12:57:11,0.0,15.95,19,12,Wednesday
356211,2,143.0,143.0,0.01,2017-04-04 12:28:04,2017-04-04 12:28:18,0.0,3.3,0,12,Tuesday
125721,1,158.0,100.0,1.7,2017-04-06 12:26:37,2017-04-06 12:42:41,0.0,12.8,16,12,Thursday
11756,2,166.0,24.0,0.83,2017-04-06 12:20:11,2017-04-06 12:24:31,0.0,6.96,4,12,Thursday
543017,2,79.0,249.0,0.86,2017-04-07 12:34:04,2017-04-07 12:44:41,0.0,8.3,10,12,Friday
536330,2,231.0,48.0,3.94,2017-04-05 12:30:35,2017-04-05 12:59:33,0.0,24.8,28,12,Wednesday
94830,2,229.0,237.0,1.4,2017-04-04 12:07:37,2017-04-04 12:17:23,0.0,10.3,9,12,Tuesday
459898,1,236.0,237.0,0.9,2017-04-05 12:44:33,2017-04-05 12:55:22,0.0,12.05,10,12,Wednesday
613421,1,100.0,164.0,0.8,2017-04-07 12:20:46,2017-04-07 12:30:57,0.0,9.95,10,12,Friday
22028,1,211.0,34.0,3.0,2017-04-05 12:46:53,2017-04-05 13:06:13,0.0,16.3,19,12,Wednesday
666250,2,249.0,113.0,0.49,2017-04-06 12:36:44,2017-04-06 12:41:41,0.0,5.8,4,12,Thursday
974411,1,229.0,64.0,18.6,2017-04-06 12:35:52,2017-04-06 13:19:39,0.0,64.64,43,12,Thursday
348080,2,161.0,166.0,5.18,2017-04-07 12:28:50,2017-04-07 12:52:27,0.0,23.76,23,12,Friday
681452,1,244.0,166.0,3.5,2017-04-05 12:18:05,2017-04-05 12:31:55,0.0,18.5,13,12,Wednesday
796179,2,125.0,246.0,2.89,2017-04-07 12:58:54,2017-04-07 13:19:34,0.0,20.38,20,12,Friday
345227,1,161.0,166.0,4.2,2017-04-04 12:05:27,2017-04-04 12:26:26,0.0,17.3,20,12,Tuesday
839472,1,151.0,142.0,2.4,2017-04-07 13:50:03,2017-04-07 14:08:20,0.0,14.3,18,13,Friday
281515,2,237.0,237.0,0.51,2017-04-05 13:22:46,2017-04-05 13:24:44,0.0,4.3,1,13,Wednesday
971609,1,43.0,163.0,2.7,2017-04-05 13:00:21,2017-04-05 13:19:14,0.0,17.75,18,13,Wednesday
920413,1,142.0,238.0,1.9,2017-04-04 13:44:10,2017-04-04 13:53:51,0.0,12.7,9,13,Tuesday
379507,1,164.0,68.0,0.7,2017-04-03 13:06:09,2017-04-03 13:13:33,0.0,8.15,7,13,Monday
1021510,1,132.0,1.0,37.4,2017-04-06 13:17:29,2017-04-06 14:10:20,0.0,177.17,52,13,Thursday
734560,1,164.0,162.0,0.7,2017-04-07 13:58:36,2017-04-07 14:12:20,0.0,11.75,13,13,Friday
722056,1,261.0,231.0,0.6,2017-04-03 13:43:19,2017-04-03 13:47:51,0.0,5.8,4,13,Monday
117439,2,234.0,246.0,1.41,2017-04-05 13:28:10,2017-04-05 13:43:54,0.0,12.8,15,13,Wednesday
362203,1,237.0,68.0,3.2,2017-04-05 13:13:26,2017-04-05 13:33:45,0.0,19.55,20,13,Wednesday
560625,2,226.0,48.0,5.78,2017-04-04 13:55:24,2017-04-04 14:33:55,0.0,25.8,38,13,Tuesday
542285,1,142.0,261.0,5.6,2017-04-05 13:13:55,2017-04-05 13:39:48,0.0,27.95,25,13,Wednesday
1012495,1,230.0,233.0,1.2,2017-04-04 13:18:39,2017-04-04 13:38:49,0.0,16.6,20,13,Tuesday
582795,2,140.0,263.0,1.01,2017-04-03 13:41:07,2017-04-03 13:46:26,0.0,7.56,5,13,Monday
350567,1,233.0,50.0,2.3,2017-04-07 13:25:18,2017-04-07 13:53:24,0.0,17.8,28,13,Friday
250793,1,264.0,264.0,8.3,2017-04-03 13:38:23,2017-04-03 14:03:35,0.0,31.3,25,13,Monday
272375,1,125.0,231.0,0.6,2017-04-07 13:37:24,2017-04-07 13:43:44,0.0,6.3,6,13,Friday
632313,1,230.0,186.0,1.0,2017-04-07 13:04:32,2017-04-07 13:11:49,0.0,9.1,7,13,Friday
514108,2,48.0,239.0,2.32,2017-04-04 13:50:53,2017-04-04 14:02:59,0.0,10.8,12,13,Tuesday
726972,1,125.0,234.0,1.4,2017-04-06 13:35:50,2017-04-06 13:46:41,0.0,11.75,10,13,Thursday
972128,2,246.0,170.0,1.27,2017-04-04 13:56:49,2017-04-04 14:07:17,0.0,11.16,10,13,Tuesday
658148,1,170.0,170.0,0.7,2017-04-06 13:46:35,2017-04-06 14:12:54,0.0,16.3,26,13,Thursday
370807,2,90.0,107.0,0.86,2017-04-07 13:50:21,2017-04-07 14:01:11,0.0,10.56,10,13,Friday
528338,2,142.0,143.0,0.63,2017-04-06 13:05:35,2017-04-06 13:09:56,0.0,5.8,4,13,Thursday
107193,1,230.0,186.0,0.4,2017-04-07 13:20:47,2017-04-07 13:22:37,0.0,4.3,1,13,Friday
159466,2,45.0,186.0,3.74,2017-04-04 13:39:03,2017-04-04 14:14:26,0.0,23.3,35,13,Tuesday
804123,2,141.0,236.0,0.51,2017-04-03 13:58:59,2017-04-03 14:08:31,0.0,7.8,9,13,Monday
417453,1,264.0,264.0,1.4,2017-04-03 13:10:11,2017-04-03 13:18:39,0.0,9.95,8,13,Monday
576310,2,229.0,237.0,0.88,2017-04-05 13:45:13,2017-04-05 13:53:41,0.0,7.8,8,13,Wednesday
175115,2,88.0,209.0,0.64,2017-04-07 13:46:07,2017-04-07 13:51:30,0.0,6.96,5,13,Friday
797045,1,68.0,261.0,4.4,2017-04-05 13:34:26,2017-04-05 13:53:25,0.0,21.95,18,13,Wednesday
468082,2,234.0,113.0,0.59,2017-04-04 13:59:48,2017-04-04 14:03:46,0.0,6.3,3,13,Tuesday
94693,1,138.0,230.0,11.5,2017-04-03 13:56:56,2017-04-03 14:37:54,0.0,55.86,40,13,Monday
860747,1,143.0,239.0,1.3,2017-04-06 13:13:57,2017-04-06 13:22:24,0.0,9.95,8,13,Thursday
606539,1,144.0,100.0,2.6,2017-04-04 13:39:17,2017-04-04 14:01:34,0.0,18.3,22,13,Tuesday
383414,1,107.0,229.0,2.9,2017-04-06 13:33:04,2017-04-06 13:56:23,0.0,17.3,23,13,Thursday
559077,1,107.0,234.0,0.3,2017-04-03 13:32:36,2017-04-03 13:35:22,0.0,6.2,2,13,Monday
114246,2,161.0,48.0,0.83,2017-04-05 13:40:39,2017-04-05 13:56:56,0.0,11.3,16,13,Wednesday
628717,1,161.0,186.0,1.5,2017-04-04 13:19:14,2017-04-04 13:37:10,0.0,12.8,17,13,Tuesday
291109,1,166.0,151.0,1.1,2017-04-03 13:47:00,2017-04-03 13:54:11,0.0,9.35,7,13,Monday
26738,1,238.0,239.0,0.5,2017-04-04 13:33:37,2017-04-04 13:38:34,0.0,5.8,4,13,Tuesday
713693,2,230.0,50.0,0.74,2017-04-06 13:13:08,2017-04-06 13:17:48,0.0,5.8,4,13,Thursday
429257,2,148.0,97.0,4.28,2017-04-06 13:17:19,2017-04-06 13:39:15,0.0,18.3,21,13,Thursday
608237,2,161.0,229.0,0.61,2017-04-05 13:45:17,2017-04-05 13:50:03,0.0,5.8,4,13,Wednesday
371063,2,140.0,229.0,1.32,2017-04-04 13:16:03,2017-04-04 13:24:15,0.0,7.8,8,13,Tuesday
194301,2,236.0,141.0,0.88,2017-04-05 13:30:30,2017-04-05 13:39:13,0.0,7.8,8,13,Wednesday
602180,1,262.0,231.0,6.2,2017-04-03 13:23:49,2017-04-03 13:39:26,0.0,27.0,15,13,Monday
701234,1,236.0,142.0,2.0,2017-04-06 13:53:45,2017-04-06 14:07:10,0.0,14.15,13,13,Thursday
832997,1,161.0,246.0,1.9,2017-04-05 13:39:24,2017-04-05 13:55:17,0.0,14.15,15,13,Wednesday
619367,2,148.0,237.0,4.67,2017-04-03 13:22:57,2017-04-03 13:47:10,0.0,21.8,24,13,Monday
527463,2,138.0,76.0,11.43,2017-04-03 13:00:03,2017-04-03 13:21:20,0.0,37.8,21,13,Monday
352060,1,237.0,237.0,0.5,2017-04-04 13:14:45,2017-04-04 13:20:21,0.0,7.05,5,13,Tuesday
786816,1,141.0,141.0,0.3,2017-04-04 13:13:09,2017-04-04 13:15:35,0.0,4.8,2,13,Tuesday
671399,1,140.0,230.0,1.8,2017-04-03 13:37:00,2017-04-03 13:59:56,0.0,20.5,22,13,Monday
487319,2,186.0,232.0,3.48,2017-04-03 13:29:18,2017-04-03 13:45:36,0.0,15.3,16,13,Monday
1036035,2,164.0,162.0,0.94,2017-04-07 13:35:08,2017-04-07 13:44:47,0.0,8.3,9,13,Friday
461868,2,261.0,144.0,1.47,2017-04-06 13:30:52,2017-04-06 13:46:11,0.0,11.3,15,13,Thursday
562226,2,186.0,79.0,2.45,2017-04-07 13:22:00,2017-04-07 13:37:08,0.0,12.8,15,13,Friday
433890,2,161.0,138.0,10.25,2017-04-05 13:04:32,2017-04-05 13:33:46,0.0,46.27,29,13,Wednesday
540849,1,262.0,140.0,0.8,2017-04-07 13:40:39,2017-04-07 13:45:43,0.0,7.3,5,13,Friday
878308,1,107.0,211.0,1.5,2017-04-03 13:36:25,2017-04-03 13:46:58,0.0,11.15,10,13,Monday
681303,2,107.0,137.0,0.49,2017-04-07 13:30:24,2017-04-07 13:32:44,0.0,4.3,2,13,Friday
981711,1,231.0,231.0,0.6,2017-04-03 13:31:17,2017-04-03 13:34:30,0.0,5.3,3,13,Monday
740169,2,239.0,239.0,0.79,2017-04-03 13:42:18,2017-04-03 13:47:41,0.0,6.3,5,13,Monday
855075,1,236.0,263.0,0.7,2017-04-06 13:10:29,2017-04-06 13:16:23,0.0,7.55,5,13,Thursday
250074,2,163.0,65.0,7.87,2017-04-07 13:41:15,2017-04-07 14:20:20,0.0,39.75,39,13,Friday
693835,2,236.0,137.0,4.11,2017-04-06 13:08:07,2017-04-06 13:26:06,0.0,17.3,17,13,Thursday
300196,2,43.0,211.0,3.7,2017-04-07 13:37:51,2017-04-07 14:06:29,0.0,23.76,28,13,Friday
339333,2,246.0,100.0,0.9,2017-04-03 13:55:17,2017-04-03 14:03:17,0.0,9.36,8,13,Monday
314492,1,231.0,229.0,5.2,2017-04-06 13:06:09,2017-04-06 13:30:47,0.0,24.95,24,13,Thursday
281092,2,237.0,237.0,0.56,2017-04-06 13:50:11,2017-04-06 13:55:41,0.0,6.67,5,13,Thursday
365618,1,144.0,234.0,1.4,2017-04-03 13:38:05,2017-04-03 13:46:15,0.0,10.35,8,13,Monday
13191,1,249.0,230.0,2.2,2017-04-03 13:07:56,2017-04-03 13:22:44,0.0,15.3,14,13,Monday
808866,1,237.0,170.0,2.3,2017-04-07 13:22:29,2017-04-07 13:37:07,0.0,14.15,14,13,Friday
204349,2,229.0,237.0,1.08,2017-04-03 13:23:42,2017-04-03 13:35:29,0.0,11.62,11,13,Monday
501127,2,45.0,231.0,0.42,2017-04-07 13:17:16,2017-04-07 13:21:42,0.0,6.3,4,13,Friday
420501,2,113.0,211.0,0.74,2017-04-07 13:31:53,2017-04-07 13:37:58,0.0,7.56,6,13,Friday
574863,2,230.0,246.0,1.04,2017-04-06 13:30:07,2017-04-06 13:36:33,0.0,7.8,6,13,Thursday
886431,2,113.0,107.0,0.54,2017-04-03 13:43:05,2017-04-03 13:47:21,0.0,5.8,4,13,Monday
999238,1,230.0,170.0,1.2,2017-04-03 13:37:27,2017-04-03 13:49:47,0.0,9.8,12,13,Monday
1036897,1,142.0,239.0,0.6,2017-04-05 13:25:58,2017-04-05 13:31:01,0.0,5.8,5,13,Wednesday
212133,2,143.0,166.0,2.29,2017-04-04 13:01:34,2017-04-04 13:14:14,0.0,12.3,12,13,Tuesday
871601,1,162.0,237.0,1.4,2017-04-06 13:56:55,2017-04-06 14:13:20,0.0,12.3,16,13,Thursday
591870,2,237.0,238.0,1.78,2017-04-05 13:25:39,2017-04-05 13:37:22,0.0,10.8,11,13,Wednesday
968324,2,236.0,237.0,0.43,2017-04-03 13:01:39,2017-04-03 13:03:31,0.0,4.3,1,13,Monday
169896,2,140.0,186.0,3.27,2017-04-06 13:58:09,2017-04-06 14:42:52,0.0,26.3,44,13,Thursday
504634,2,230.0,100.0,0.45,2017-04-05 13:58:38,2017-04-05 14:03:12,0.0,6.89,4,13,Wednesday
374960,1,75.0,263.0,0.9,2017-04-07 13:39:10,2017-04-07 13:43:05,0.0,6.95,3,13,Friday
702363,2,113.0,113.0,0.37,2017-04-07 13:01:06,2017-04-07 13:03:53,0.0,4.8,2,13,Friday
313459,2,4.0,107.0,2.15,2017-04-06 13:42:56,2017-04-06 13:58:04,0.0,15.36,15,13,Thursday
1042935,1,236.0,229.0,2.6,2017-04-06 13:33:19,2017-04-06 14:03:58,0.0,23.75,30,13,Thursday
243489,1,158.0,246.0,1.0,2017-04-03 13:52:19,2017-04-03 13:55:57,0.0,7.55,3,13,Monday
935997,2,43.0,238.0,0.76,2017-04-05 13:11:14,2017-04-05 13:15:19,0.0,6.8,4,13,Wednesday
230142,1,142.0,263.0,3.1,2017-04-05 13:49:52,2017-04-05 14:12:04,0.0,20.8,22,13,Wednesday
434298,2,230.0,164.0,1.75,2017-04-05 13:12:45,2017-04-05 13:29:19,0.0,11.8,16,13,Wednesday
846952,1,230.0,186.0,1.0,2017-04-06 13:19:10,2017-04-06 13:25:45,0.0,8.15,6,13,Thursday
969044,1,79.0,164.0,1.6,2017-04-05 13:25:13,2017-04-05 13:39:00,0.0,10.8,13,13,Wednesday
967309,2,132.0,230.0,18.0,2017-04-07 13:39:30,2017-04-08 00:00:00,0.0,58.56,620,13,Friday
29759,1,161.0,237.0,0.7,2017-04-05 13:15:05,2017-04-05 13:24:32,0.0,8.3,9,13,Wednesday
1035755,2,162.0,237.0,1.52,2017-04-04 13:55:30,2017-04-04 14:09:31,0.0,13.5,14,13,Tuesday
562689,1,50.0,13.0,4.2,2017-04-05 13:13:32,2017-04-05 13:32:06,0.0,21.35,18,13,Wednesday
100096,1,162.0,79.0,2.8,2017-04-04 13:54:19,2017-04-04 14:13:18,0.0,14.3,18,13,Tuesday
881505,2,263.0,239.0,2.09,2017-04-03 13:48:28,2017-04-03 14:03:03,0.0,15.38,14,13,Monday
566308,2,140.0,263.0,0.88,2017-04-06 13:16:35,2017-04-06 13:22:32,0.0,8.84,5,13,Thursday
718676,1,163.0,161.0,0.7,2017-04-04 13:17:16,2017-04-04 13:26:15,0.0,10.8,8,13,Tuesday
131125,2,114.0,161.0,3.12,2017-04-03 13:06:44,2017-04-03 13:35:26,0.0,23.16,28,13,Monday
91241,1,170.0,170.0,0.4,2017-04-04 13:57:16,2017-04-04 13:58:20,0.0,4.3,1,13,Tuesday
1043627,1,170.0,231.0,3.1,2017-04-03 13:09:26,2017-04-03 13:31:02,0.0,17.3,21,13,Monday
235803,1,237.0,161.0,0.9,2017-04-05 13:01:00,2017-04-05 13:16:31,0.0,11.3,15,13,Wednesday
701327,1,170.0,170.0,0.2,2017-04-06 13:33:58,2017-04-06 13:37:34,0.0,6.8,3,13,Thursday
726097,2,237.0,166.0,3.47,2017-04-07 13:51:28,2017-04-07 14:19:23,0.0,22.8,27,13,Friday
391826,1,142.0,100.0,1.4,2017-04-05 13:40:03,2017-04-05 13:50:26,0.0,9.3,10,13,Wednesday
348359,2,107.0,162.0,1.68,2017-04-03 13:50:49,2017-04-03 14:04:19,0.0,13.56,13,13,Monday
336166,2,161.0,186.0,1.07,2017-04-06 13:14:53,2017-04-06 13:22:11,0.0,7.3,7,13,Thursday
708659,2,161.0,138.0,10.16,2017-04-05 13:46:22,2017-04-05 14:13:48,0.0,48.83,27,13,Wednesday
532809,2,230.0,163.0,0.74,2017-04-06 13:55:32,2017-04-06 14:11:10,0.0,12.96,15,13,Thursday
17972,1,264.0,264.0,1.4,2017-04-04 13:50:08,2017-04-04 14:02:57,0.0,11.8,12,13,Tuesday
70059,2,249.0,170.0,1.8,2017-04-04 13:13:17,2017-04-04 13:34:31,0.0,17.0,21,13,Tuesday
884096,1,161.0,163.0,0.5,2017-04-03 13:05:12,2017-04-03 13:12:49,0.0,8.75,7,13,Monday
924159,1,24.0,140.0,3.2,2017-04-05 13:55:51,2017-04-05 14:19:56,0.0,17.8,24,13,Wednesday
76401,2,164.0,170.0,0.35,2017-04-07 13:08:15,2017-04-07 13:09:20,0.0,3.8,1,13,Friday
627390,1,262.0,236.0,0.5,2017-04-06 13:24:21,2017-04-06 13:27:21,0.0,4.8,3,13,Thursday
193127,1,231.0,87.0,2.1,2017-04-07 13:22:34,2017-04-07 13:30:11,0.0,9.3,7,13,Friday
532700,2,249.0,125.0,0.48,2017-04-06 13:57:40,2017-04-06 14:03:09,0.0,6.3,5,13,Thursday
452023,1,162.0,239.0,3.8,2017-04-04 13:06:24,2017-04-04 13:32:39,0.0,20.3,26,13,Tuesday
996501,2,13.0,158.0,2.16,2017-04-06 13:14:21,2017-04-06 13:24:10,0.0,12.36,9,13,Thursday
990546,2,132.0,230.0,19.2,2017-04-05 13:51:50,2017-04-05 15:56:10,0.0,58.56,124,13,Wednesday
735898,2,233.0,142.0,2.79,2017-04-06 13:01:29,2017-04-06 13:30:19,0.0,18.8,28,13,Thursday
501694,1,140.0,236.0,1.4,2017-04-07 13:48:24,2017-04-07 13:58:26,0.0,9.3,10,13,Friday
1037611,2,262.0,263.0,0.39,2017-04-03 13:50:48,2017-04-03 13:52:06,0.0,4.3,1,13,Monday
871221,1,162.0,230.0,0.6,2017-04-06 13:56:49,2017-04-06 14:18:11,0.0,16.55,21,13,Thursday
724322,1,132.0,49.0,17.6,2017-04-04 13:47:57,2017-04-04 14:35:02,0.0,62.15,47,13,Tuesday
503695,2,234.0,43.0,2.36,2017-04-06 13:09:25,2017-04-06 13:41:49,0.0,19.8,32,13,Thursday
129394,2,107.0,231.0,2.8,2017-04-04 13:11:31,2017-04-04 13:37:13,0.0,19.9,25,13,Tuesday
476546,1,107.0,79.0,0.6,2017-04-03 13:58:16,2017-04-03 14:01:33,0.0,6.3,3,13,Monday
40331,1,163.0,236.0,1.6,2017-04-06 13:30:04,2017-04-06 13:43:14,0.0,12.95,13,13,Thursday
724619,1,233.0,43.0,2.5,2017-04-07 13:48:31,2017-04-07 14:10:57,0.0,16.3,22,13,Friday
642170,2,113.0,13.0,5.11,2017-04-07 13:38:52,2017-04-07 14:06:48,0.0,23.3,27,13,Friday
349499,1,161.0,186.0,1.3,2017-04-05 13:06:55,2017-04-05 13:18:43,0.0,12.7,11,13,Wednesday
11119,2,239.0,114.0,4.73,2017-04-03 13:30:03,2017-04-03 13:57:44,0.0,24.96,27,13,Monday
1031703,1,146.0,65.0,8.8,2017-04-06 13:05:58,2017-04-06 13:42:35,0.0,40.35,36,13,Thursday
394149,1,143.0,239.0,1.2,2017-04-03 13:23:08,2017-04-03 13:30:20,0.0,7.8,7,13,Monday
482803,1,249.0,249.0,0.4,2017-04-04 13:40:49,2017-04-04 13:44:10,0.0,4.8,3,13,Tuesday
759338,1,234.0,137.0,1.1,2017-04-05 13:26:44,2017-04-05 13:40:55,0.0,10.8,14,13,Wednesday
1020102,1,231.0,125.0,0.8,2017-04-05 13:50:56,2017-04-05 13:56:42,0.0,7.48,5,13,Wednesday
265415,2,143.0,239.0,0.57,2017-04-03 13:10:48,2017-04-03 13:13:45,0.0,5.76,2,13,Monday
79007,1,244.0,200.0,5.1,2017-04-06 13:55:17,2017-04-06 14:06:04,0.0,19.94,10,13,Thursday
320134,2,236.0,186.0,2.85,2017-04-06 13:02:32,2017-04-06 13:31:39,0.0,22.56,29,13,Thursday
1005565,1,164.0,138.0,9.5,2017-04-05 13:00:23,2017-04-05 13:27:42,0.0,44.46,27,13,Wednesday
356529,1,239.0,238.0,0.9,2017-04-04 13:39:06,2017-04-04 13:42:42,0.0,5.8,3,13,Tuesday
113584,2,132.0,225.0,11.07,2017-04-03 13:39:03,2017-04-03 14:12:17,0.0,41.3,33,13,Monday
453834,1,140.0,163.0,2.5,2017-04-06 13:02:36,2017-04-06 13:21:19,0.0,14.3,18,13,Thursday
967897,2,249.0,263.0,4.99,2017-04-06 13:31:36,2017-04-06 14:14:19,0.0,34.12,42,13,Thursday
929689,2,137.0,186.0,1.48,2017-04-03 13:08:01,2017-04-03 13:29:49,0.0,14.3,21,13,Monday
182805,1,107.0,229.0,2.2,2017-04-03 13:33:42,2017-04-03 13:53:10,0.0,14.3,19,13,Monday
456769,2,238.0,75.0,1.11,2017-04-03 13:09:21,2017-04-03 13:15:13,0.0,7.3,5,13,Monday
818956,1,50.0,161.0,1.4,2017-04-04 13:52:12,2017-04-04 14:06:39,0.0,13.55,14,13,Tuesday
30769,1,48.0,170.0,0.8,2017-04-07 13:25:46,2017-04-07 13:32:41,0.0,7.81,6,13,Friday
445033,2,229.0,237.0,0.79,2017-04-05 13:05:46,2017-04-05 13:12:06,0.0,6.3,6,13,Wednesday
1028193,1,238.0,43.0,1.2,2017-04-03 13:23:02,2017-04-03 13:30:03,0.0,9.35,7,13,Monday
506919,1,125.0,249.0,0.7,2017-04-06 13:16:29,2017-04-06 13:22:24,0.0,6.3,5,13,Thursday
392382,1,237.0,162.0,1.0,2017-04-05 13:48:16,2017-04-05 13:56:25,0.0,7.8,8,13,Wednesday
449393,1,161.0,211.0,2.6,2017-04-06 13:44:31,2017-04-06 14:06:32,0.0,15.3,22,13,Thursday
276671,1,238.0,237.0,1.5,2017-04-03 13:36:14,2017-04-03 13:44:46,0.0,10.56,8,13,Monday
480212,2,236.0,236.0,0.68,2017-04-03 13:22:27,2017-04-03 13:26:33,0.0,8.8,4,13,Monday
17056,2,231.0,17.0,5.15,2017-04-07 13:48:49,2017-04-07 14:18:34,0.0,27.36,29,13,Friday
711710,2,234.0,170.0,0.77,2017-04-07 13:55:24,2017-04-07 14:03:32,0.0,9.36,8,13,Friday
387989,2,162.0,229.0,0.73,2017-04-07 13:21:42,2017-04-07 13:26:09,0.0,5.8,4,13,Friday
509701,2,143.0,143.0,0.66,2017-04-06 13:02:05,2017-04-06 13:05:26,0.0,6.62,3,13,Thursday
800186,1,43.0,237.0,2.0,2017-04-04 13:46:42,2017-04-04 14:06:03,0.0,15.18,19,13,Tuesday
768138,1,237.0,239.0,2.2,2017-04-05 13:08:58,2017-04-05 13:23:16,0.0,11.8,14,13,Wednesday
273284,1,140.0,237.0,1.2,2017-04-05 13:42:46,2017-04-05 13:54:03,0.0,11.15,11,13,Wednesday
730175,2,100.0,161.0,1.11,2017-04-06 13:40:10,2017-04-06 14:09:19,0.0,17.8,29,13,Thursday
167225,1,138.0,132.0,11.5,2017-04-04 13:24:23,2017-04-04 13:42:08,0.0,32.31,17,13,Tuesday
321909,2,229.0,161.0,0.77,2017-04-03 13:56:43,2017-04-03 14:09:21,0.0,9.8,12,13,Monday
1025481,2,224.0,43.0,4.79,2017-04-07 13:23:53,2017-04-07 13:53:31,0.0,24.6,29,13,Friday
387694,1,138.0,186.0,10.0,2017-04-07 13:25:13,2017-04-07 14:08:27,0.0,51.66,43,13,Friday
477939,1,239.0,239.0,0.5,2017-04-06 13:20:06,2017-04-06 13:25:23,0.0,7.0,5,13,Thursday
536103,2,256.0,148.0,2.23,2017-04-06 13:46:21,2017-04-06 14:01:03,0.0,14.76,14,13,Thursday
807992,2,186.0,229.0,2.21,2017-04-07 13:42:08,2017-04-07 14:07:19,0.0,16.3,25,13,Friday
409165,1,68.0,186.0,1.0,2017-04-05 13:00:28,2017-04-05 13:09:53,0.0,8.3,9,13,Wednesday
321832,2,161.0,162.0,0.42,2017-04-05 13:13:59,2017-04-05 13:19:05,0.0,5.8,5,13,Wednesday
395056,1,97.0,213.0,15.2,2017-04-06 13:46:51,2017-04-06 14:33:44,0.0,50.56,46,13,Thursday
103768,2,107.0,249.0,1.67,2017-04-07 13:53:28,2017-04-07 14:08:31,0.0,11.3,15,13,Friday
212246,2,229.0,236.0,1.83,2017-04-05 13:38:01,2017-04-05 13:54:48,0.0,15.36,16,13,Wednesday
219091,2,162.0,141.0,1.35,2017-04-07 13:57:26,2017-04-07 14:09:21,0.0,11.76,11,13,Friday
519054,2,161.0,132.0,17.52,2017-04-06 13:47:30,2017-04-06 15:03:39,0.0,58.68,76,13,Thursday
507209,2,239.0,238.0,0.94,2017-04-07 13:35:15,2017-04-07 13:39:46,0.0,8.19,4,13,Friday
583402,1,229.0,140.0,0.5,2017-04-06 13:00:23,2017-04-06 13:05:57,0.0,7.0,5,13,Thursday
696857,2,50.0,164.0,1.44,2017-04-06 13:05:30,2017-04-06 13:16:52,0.0,9.8,11,13,Thursday
871443,1,237.0,163.0,1.4,2017-04-04 13:37:10,2017-04-04 13:49:14,0.0,12.35,12,13,Tuesday
949266,2,50.0,158.0,2.3,2017-04-05 13:07:42,2017-04-05 13:19:10,0.0,16.07,11,13,Wednesday
193576,1,114.0,186.0,1.7,2017-04-03 13:16:09,2017-04-03 13:25:12,0.0,9.8,9,13,Monday
976827,2,161.0,164.0,0.91,2017-04-03 13:32:46,2017-04-03 13:39:48,0.0,8.3,7,13,Monday
644731,1,162.0,138.0,10.6,2017-04-05 13:26:34,2017-04-05 13:51:46,0.0,48.16,25,13,Wednesday
840750,1,161.0,237.0,1.0,2017-04-06 13:43:52,2017-04-06 13:48:20,0.0,7.55,4,13,Thursday
722909,2,236.0,138.0,8.81,2017-04-03 13:27:25,2017-04-03 13:49:18,0.0,39.67,21,13,Monday
479299,1,237.0,162.0,0.5,2017-04-06 13:08:09,2017-04-06 13:15:54,0.0,8.16,7,13,Thursday
864179,2,239.0,142.0,0.54,2017-04-05 13:08:34,2017-04-05 13:11:32,0.0,7.8,2,13,Wednesday
772690,2,230.0,161.0,0.31,2017-04-04 13:39:08,2017-04-04 13:46:38,0.0,8.5,7,13,Tuesday
950861,2,237.0,141.0,0.7,2017-04-07 13:41:24,2017-04-07 13:46:03,0.0,5.8,4,13,Friday
654550,2,100.0,237.0,1.81,2017-04-05 13:22:58,2017-04-05 13:38:16,0.0,11.8,15,13,Wednesday
775023,2,234.0,170.0,0.84,2017-04-04 13:13:31,2017-04-04 13:18:02,0.0,7.56,4,13,Tuesday
422465,2,236.0,229.0,2.22,2017-04-04 13:56:23,2017-04-04 14:13:59,0.0,15.3,17,13,Tuesday
269819,1,163.0,162.0,0.3,2017-04-06 13:26:51,2017-04-06 13:31:19,0.0,6.3,4,13,Thursday
752533,2,45.0,261.0,2.25,2017-04-03 13:40:51,2017-04-03 13:51:50,0.0,11.3,10,13,Monday
45255,2,79.0,231.0,1.71,2017-04-06 13:44:45,2017-04-06 14:03:10,0.0,15.96,18,13,Thursday
769859,2,107.0,88.0,4.44,2017-04-03 13:22:59,2017-04-03 13:38:08,0.0,20.76,15,13,Monday
956256,2,132.0,146.0,15.68,2017-04-04 13:23:43,2017-04-04 14:00:27,0.0,46.8,36,13,Tuesday
580162,2,161.0,114.0,2.82,2017-04-06 13:47:55,2017-04-06 14:23:22,0.0,26.76,35,13,Thursday
760360,2,143.0,143.0,0.61,2017-04-04 13:19:51,2017-04-04 13:25:45,0.0,6.3,5,13,Tuesday
259145,1,186.0,230.0,1.6,2017-04-05 13:48:03,2017-04-05 14:06:17,0.0,17.8,18,13,Wednesday
168242,2,237.0,236.0,1.56,2017-04-05 13:34:39,2017-04-05 13:43:48,0.0,11.16,9,13,Wednesday
87156,2,137.0,234.0,1.23,2017-04-03 13:07:01,2017-04-03 13:17:24,0.0,11.62,10,13,Monday
755805,1,142.0,161.0,1.0,2017-04-07 13:58:21,2017-04-07 14:09:31,0.0,10.56,11,13,Friday
77395,1,237.0,236.0,0.6,2017-04-05 13:01:40,2017-04-05 13:04:52,0.0,6.3,3,13,Wednesday
428702,2,140.0,263.0,0.84,2017-04-04 13:45:43,2017-04-04 13:52:23,0.0,6.8,6,13,Tuesday
879270,2,239.0,24.0,1.31,2017-04-04 13:57:12,2017-04-04 14:03:18,0.0,9.75,6,13,Tuesday
198148,2,43.0,239.0,1.46,2017-04-06 13:08:51,2017-04-06 13:18:13,0.0,8.8,9,13,Thursday
970603,2,113.0,100.0,1.39,2017-04-05 13:40:24,2017-04-05 13:59:10,0.0,13.8,18,13,Wednesday
113866,2,161.0,79.0,2.79,2017-04-06 13:59:52,2017-04-06 14:29:28,0.0,25.74,29,13,Thursday
828591,1,170.0,211.0,2.4,2017-04-05 13:31:59,2017-04-05 13:50:39,0.0,14.3,18,13,Wednesday
703200,2,68.0,231.0,2.25,2017-04-07 13:43:38,2017-04-07 13:56:28,0.0,10.8,12,13,Friday
531723,2,48.0,238.0,2.22,2017-04-07 13:32:29,2017-04-07 13:44:14,0.0,11.3,11,13,Friday
274926,1,170.0,236.0,2.2,2017-04-05 13:52:59,2017-04-05 14:11:29,0.0,15.8,18,13,Wednesday
277870,2,74.0,244.0,4.72,2017-04-05 13:32:23,2017-04-05 13:47:35,0.0,17.3,15,13,Wednesday
207993,1,107.0,132.0,16.7,2017-04-06 13:14:38,2017-04-06 14:06:30,0.0,58.56,51,13,Thursday
623013,1,237.0,137.0,2.9,2017-04-05 13:10:19,2017-04-05 13:24:13,0.0,13.8,13,13,Wednesday
937818,1,87.0,68.0,4.1,2017-04-04 13:10:45,2017-04-04 13:28:02,0.0,19.55,17,13,Tuesday
664494,2,144.0,68.0,1.93,2017-04-04 13:52:50,2017-04-04 14:03:31,0.0,12.96,10,13,Tuesday
99311,2,140.0,237.0,0.65,2017-04-06 13:20:48,2017-04-06 13:25:42,0.0,5.8,4,13,Thursday
126164,1,211.0,264.0,0.0,2017-04-07 13:50:49,2017-04-07 13:50:49,0.0,3.3,0,13,Friday
630742,1,146.0,114.0,4.5,2017-04-06 13:28:09,2017-04-06 14:01:35,0.0,23.3,33,13,Thursday
95789,1,87.0,138.0,13.4,2017-04-05 13:51:50,2017-04-05 14:24:41,0.0,54.66,32,13,Wednesday
356648,2,239.0,238.0,0.35,2017-04-03 13:49:25,2017-04-03 13:51:32,0.0,4.3,2,13,Monday
621409,2,132.0,164.0,18.01,2017-04-07 13:37:15,2017-04-07 14:47:02,0.0,58.56,69,13,Friday
828362,2,161.0,164.0,0.51,2017-04-04 13:22:32,2017-04-04 13:27:05,0.0,5.8,4,13,Tuesday
744115,2,48.0,237.0,2.2,2017-04-03 13:32:36,2017-04-03 13:48:33,0.0,15.36,15,13,Monday
473021,1,237.0,236.0,1.4,2017-04-03 13:04:25,2017-04-03 13:12:19,0.0,8.3,7,13,Monday
585830,2,4.0,144.0,0.86,2017-04-04 13:56:24,2017-04-04 14:03:04,0.0,8.76,6,13,Tuesday
245461,2,13.0,161.0,6.82,2017-04-03 13:30:48,2017-04-03 13:51:09,0.0,25.3,20,13,Monday
253579,1,234.0,50.0,2.0,2017-04-03 13:26:08,2017-04-03 13:46:49,0.0,17.3,20,13,Monday
596611,1,142.0,142.0,0.6,2017-04-06 13:30:21,2017-04-06 13:35:50,0.0,5.8,5,13,Thursday
805492,2,236.0,236.0,0.38,2017-04-06 13:37:26,2017-04-06 13:39:10,0.0,5.3,1,13,Thursday
162523,1,141.0,162.0,1.0,2017-04-06 13:47:29,2017-04-06 13:57:12,0.0,9.8,9,13,Thursday
69086,1,236.0,262.0,1.0,2017-04-06 13:11:45,2017-04-06 13:20:51,0.0,9.96,9,13,Thursday
462057,1,170.0,142.0,1.9,2017-04-04 13:48:24,2017-04-04 14:05:08,0.0,15.35,16,13,Tuesday
237035,2,261.0,234.0,2.62,2017-04-05 13:33:54,2017-04-05 13:49:28,0.0,14.8,15,13,Wednesday
682475,2,48.0,142.0,2.03,2017-04-07 13:05:51,2017-04-07 13:17:25,0.0,10.8,11,13,Friday
21413,1,164.0,234.0,0.7,2017-04-06 13:56:24,2017-04-06 14:02:29,0.0,7.55,6,13,Thursday
739698,2,50.0,132.0,17.82,2017-04-03 13:11:03,2017-04-03 13:58:03,0.0,70.27,47,13,Monday
1018482,1,170.0,162.0,1.0,2017-04-07 13:06:58,2017-04-07 13:18:35,0.0,11.16,11,13,Friday
419134,1,148.0,112.0,4.1,2017-04-07 13:46:04,2017-04-07 14:02:00,0.0,19.55,15,13,Friday
668984,1,141.0,141.0,0.4,2017-04-07 13:01:20,2017-04-07 13:05:10,0.0,5.3,3,13,Friday
708925,2,79.0,229.0,2.37,2017-04-04 13:23:45,2017-04-04 13:36:44,0.0,14.16,12,13,Tuesday
488344,1,234.0,100.0,1.5,2017-04-05 13:18:19,2017-04-05 13:52:34,0.0,25.35,34,13,Wednesday
718269,2,256.0,4.0,1.93,2017-04-05 13:28:04,2017-04-05 13:39:06,0.0,12.96,11,13,Wednesday
957713,2,237.0,43.0,1.4,2017-04-05 13:06:17,2017-04-05 13:14:44,0.0,9.3,8,13,Wednesday
966563,1,237.0,236.0,0.8,2017-04-05 13:38:02,2017-04-05 13:43:27,0.0,7.55,5,13,Wednesday
209486,2,231.0,100.0,4.24,2017-04-05 13:56:16,2017-04-05 14:38:40,0.0,27.3,42,13,Wednesday
1044779,1,142.0,75.0,3.0,2017-04-06 13:32:02,2017-04-06 13:53:24,0.0,19.55,21,13,Thursday
394174,2,239.0,142.0,1.29,2017-04-04 13:49:20,2017-04-04 13:55:08,0.0,7.3,5,13,Tuesday
548775,2,10.0,164.0,14.02,2017-04-06 13:32:39,2017-04-06 14:29:29,0.0,70.27,56,13,Thursday
874685,1,142.0,230.0,1.0,2017-04-05 13:30:34,2017-04-05 13:39:52,0.0,10.3,9,13,Wednesday
428633,2,234.0,161.0,1.84,2017-04-03 13:38:20,2017-04-03 13:51:19,0.0,10.3,12,13,Monday
98773,1,50.0,239.0,1.6,2017-04-03 13:08:28,2017-04-03 13:16:29,0.0,10.09,8,13,Monday
343172,2,262.0,141.0,0.66,2017-04-03 13:36:43,2017-04-03 13:40:44,0.0,5.8,4,13,Monday
1004658,2,170.0,113.0,1.4,2017-04-04 13:59:38,2017-04-04 14:11:58,0.0,11.3,12,13,Tuesday
236107,1,262.0,236.0,0.9,2017-04-04 13:59:02,2017-04-04 14:06:28,0.0,7.3,7,13,Tuesday
194033,2,233.0,230.0,1.59,2017-04-03 13:43:15,2017-04-03 14:00:49,0.0,15.36,17,13,Monday
199061,2,113.0,114.0,0.72,2017-04-07 13:42:12,2017-04-07 13:48:54,0.0,8.16,6,13,Friday
472421,2,229.0,238.0,3.07,2017-04-05 13:58:01,2017-04-05 14:23:28,0.0,18.3,25,13,Wednesday
964968,2,142.0,239.0,1.31,2017-04-05 13:01:46,2017-04-05 13:07:53,0.0,7.3,6,13,Wednesday
30368,1,125.0,79.0,1.5,2017-04-05 13:09:55,2017-04-05 13:21:37,0.0,9.8,11,13,Wednesday
760889,1,234.0,164.0,0.5,2017-04-03 13:46:39,2017-04-03 13:49:33,0.0,5.8,2,13,Monday
568005,2,236.0,237.0,1.44,2017-04-03 13:46:22,2017-04-03 13:56:59,0.0,11.16,10,13,Monday
483119,2,230.0,239.0,1.29,2017-04-04 13:38:40,2017-04-04 13:45:13,0.0,8.8,6,13,Tuesday
672644,2,164.0,100.0,0.84,2017-04-07 13:34:04,2017-04-07 13:41:30,0.0,8.76,7,13,Friday
651185,1,143.0,43.0,1.9,2017-04-04 13:51:30,2017-04-04 14:01:59,0.0,9.8,10,13,Tuesday
170806,2,143.0,140.0,2.46,2017-04-07 13:26:07,2017-04-07 13:43:26,0.0,17.25,17,13,Friday
299124,1,239.0,238.0,1.2,2017-04-06 13:35:27,2017-04-06 13:42:04,0.0,8.8,6,13,Thursday
146643,1,151.0,238.0,1.0,2017-04-07 13:56:51,2017-04-07 14:02:29,0.0,6.8,5,13,Friday
704937,1,162.0,186.0,1.9,2017-04-06 13:54:30,2017-04-06 14:23:44,0.0,19.3,29,13,Thursday
376222,2,79.0,113.0,0.78,2017-04-04 13:37:49,2017-04-04 13:43:08,0.0,7.56,5,13,Tuesday
157923,1,48.0,186.0,1.4,2017-04-05 13:48:21,2017-04-05 13:56:40,0.0,9.95,8,13,Wednesday
989458,1,161.0,170.0,0.6,2017-04-07 13:24:02,2017-04-07 13:28:50,0.0,7.0,4,13,Friday
951832,2,239.0,140.0,1.92,2017-04-05 13:33:02,2017-04-05 13:49:53,0.0,13.3,16,13,Wednesday
5269,2,234.0,125.0,2.2,2017-04-04 13:42:57,2017-04-04 13:59:19,0.0,15.36,16,13,Tuesday
133569,1,107.0,231.0,2.2,2017-04-07 13:01:38,2017-04-07 13:19:45,0.0,16.55,18,13,Friday
111886,1,142.0,43.0,1.9,2017-04-06 13:16:05,2017-04-06 13:27:00,0.0,10.3,10,13,Thursday
148737,1,107.0,229.0,1.5,2017-04-04 13:32:19,2017-04-04 13:45:13,0.0,10.8,12,13,Tuesday
503699,1,88.0,48.0,5.2,2017-04-07 13:30:37,2017-04-07 14:07:29,0.0,25.8,36,13,Friday
832131,2,48.0,41.0,5.69,2017-04-06 13:13:06,2017-04-06 13:28:14,0.0,19.3,15,13,Thursday
539662,2,90.0,231.0,1.56,2017-04-06 13:49:42,2017-04-06 14:07:35,0.0,15.36,17,13,Thursday
684672,2,100.0,246.0,1.65,2017-04-05 13:34:36,2017-04-05 13:52:39,0.0,15.96,18,13,Wednesday
732025,1,229.0,137.0,1.3,2017-04-07 13:26:56,2017-04-07 13:38:11,0.0,9.3,11,13,Friday
1022823,2,237.0,236.0,0.69,2017-04-07 13:52:46,2017-04-07 14:01:19,0.0,7.3,8,13,Friday
1006626,2,170.0,162.0,1.44,2017-04-06 13:28:43,2017-04-06 13:47:02,0.0,15.36,18,13,Thursday
874845,2,162.0,237.0,1.03,2017-04-05 13:12:10,2017-04-05 13:18:17,0.0,6.8,6,13,Wednesday
196364,2,164.0,161.0,0.57,2017-04-04 13:13:38,2017-04-04 13:20:37,0.0,8.5,6,13,Tuesday
385568,1,48.0,237.0,1.3,2017-04-05 13:54:44,2017-04-05 14:08:05,0.0,12.35,13,13,Wednesday
113120,1,107.0,164.0,1.9,2017-04-04 13:30:51,2017-04-04 13:43:58,0.0,13.55,13,13,Tuesday
641699,2,237.0,236.0,1.0,2017-04-04 13:44:26,2017-04-04 13:51:35,0.0,7.3,7,13,Tuesday
296595,2,163.0,238.0,2.3,2017-04-05 13:56:47,2017-04-05 14:10:45,0.0,12.3,13,13,Wednesday
1015018,1,74.0,75.0,1.6,2017-04-04 13:21:58,2017-04-04 13:27:48,0.0,8.8,5,13,Tuesday
877877,1,114.0,148.0,1.3,2017-04-04 13:14:10,2017-04-04 13:25:53,0.0,9.8,11,13,Tuesday
836421,1,132.0,17.0,17.6,2017-04-05 13:12:47,2017-04-05 14:00:21,0.0,52.8,47,13,Wednesday
622839,1,231.0,231.0,1.0,2017-04-04 13:21:42,2017-04-04 13:27:58,0.0,7.8,6,13,Tuesday
453937,1,236.0,236.0,0.9,2017-04-06 13:16:09,2017-04-06 13:20:51,0.0,6.3,4,13,Thursday
430084,1,236.0,230.0,3.1,2017-04-04 13:44:36,2017-04-04 14:06:27,0.0,16.3,21,13,Tuesday
75236,1,161.0,170.0,0.5,2017-04-03 13:29:55,2017-04-03 13:34:08,0.0,7.3,4,13,Monday
937409,1,142.0,142.0,0.2,2017-04-07 13:46:25,2017-04-07 13:47:13,0.0,3.8,0,13,Friday
790970,1,100.0,142.0,1.2,2017-04-05 13:11:56,2017-04-05 13:19:40,0.0,7.8,7,13,Wednesday
110100,2,236.0,263.0,0.96,2017-04-07 13:31:59,2017-04-07 13:38:27,0.0,9.8,6,13,Friday
179280,1,236.0,141.0,1.9,2017-04-06 13:17:34,2017-04-06 13:39:10,0.0,17.76,21,13,Thursday
452846,1,237.0,141.0,0.7,2017-04-03 13:27:24,2017-04-03 13:37:49,0.0,8.8,10,13,Monday
900577,1,186.0,114.0,2.4,2017-04-03 13:32:46,2017-04-03 13:52:53,0.0,16.8,20,13,Monday
607692,1,244.0,244.0,0.7,2017-04-07 13:58:01,2017-04-07 14:01:57,0.0,5.8,3,13,Friday
689708,2,164.0,161.0,1.49,2017-04-03 13:09:18,2017-04-03 13:27:27,0.0,15.36,18,13,Monday
73227,1,142.0,237.0,1.9,2017-04-03 13:49:25,2017-04-03 14:04:49,0.0,14.76,15,13,Monday
388908,2,161.0,114.0,2.53,2017-04-06 13:42:45,2017-04-06 14:02:23,0.0,17.88,19,13,Thursday
547146,2,7.0,193.0,0.77,2017-04-07 13:44:16,2017-04-07 13:47:57,0.0,5.8,3,13,Friday
416427,1,237.0,163.0,1.0,2017-04-03 13:51:07,2017-04-03 13:59:37,0.0,9.75,8,13,Monday
204782,2,161.0,186.0,0.86,2017-04-05 13:24:29,2017-04-05 13:35:51,0.0,9.3,11,13,Wednesday
373804,2,140.0,186.0,3.0,2017-04-07 13:10:10,2017-04-07 13:33:06,0.0,17.3,22,13,Friday
240274,1,142.0,161.0,1.3,2017-04-06 13:29:57,2017-04-06 13:46:58,0.0,14.75,17,13,Thursday
445487,2,141.0,263.0,0.92,2017-04-04 13:40:18,2017-04-04 13:44:50,0.0,7.56,4,13,Tuesday
158848,1,143.0,142.0,0.3,2017-04-05 13:39:35,2017-04-05 13:43:40,0.0,5.3,4,13,Wednesday
66285,2,229.0,229.0,0.28,2017-04-03 13:47:14,2017-04-03 13:49:35,0.0,4.3,2,13,Monday
282661,1,164.0,186.0,0.9,2017-04-06 13:22:33,2017-04-06 13:33:55,0.0,11.6,11,13,Thursday
912369,2,249.0,234.0,1.2,2017-04-05 13:40:54,2017-04-05 13:55:17,0.0,12.42,14,13,Wednesday
750993,1,141.0,237.0,0.8,2017-04-04 13:20:25,2017-04-04 13:27:59,0.0,8.76,7,13,Tuesday
406444,1,143.0,48.0,1.4,2017-04-07 13:17:04,2017-04-07 13:24:20,0.0,8.58,7,13,Friday
342095,2,246.0,100.0,1.41,2017-04-05 13:58:35,2017-04-05 14:18:26,0.0,16.56,19,13,Wednesday
455792,1,140.0,236.0,1.4,2017-04-06 13:45:58,2017-04-06 13:56:19,0.0,12.05,10,13,Thursday
601704,1,186.0,164.0,0.8,2017-04-07 13:13:42,2017-04-07 13:26:59,0.0,9.8,13,13,Friday
394711,2,170.0,113.0,1.43,2017-04-05 13:37:34,2017-04-05 13:50:52,0.0,10.3,13,13,Wednesday
166702,1,239.0,236.0,1.5,2017-04-03 13:18:34,2017-04-03 13:26:48,0.0,9.8,8,13,Monday
69997,2,161.0,50.0,1.59,2017-04-03 13:11:01,2017-04-03 13:21:23,0.0,10.51,10,13,Monday
94429,1,68.0,48.0,1.2,2017-04-03 13:35:53,2017-04-03 13:44:49,0.0,8.8,8,13,Monday
646769,2,233.0,79.0,1.38,2017-04-07 13:55:59,2017-04-07 14:02:03,0.0,8.76,6,13,Friday
467484,2,230.0,132.0,17.25,2017-04-03 13:08:37,2017-04-03 13:48:43,0.0,70.27,40,13,Monday
223936,2,161.0,137.0,1.68,2017-04-07 13:36:45,2017-04-07 13:50:02,0.0,11.8,13,13,Friday
916730,2,237.0,170.0,1.25,2017-04-03 13:48:33,2017-04-03 13:58:33,0.0,10.56,10,13,Monday
106495,2,140.0,43.0,1.67,2017-04-07 13:56:31,2017-04-07 14:05:48,0.5,9.8,9,13,Friday
464204,2,237.0,48.0,1.01,2017-04-07 13:15:47,2017-04-07 13:29:43,0.0,12.36,13,13,Friday
457630,1,239.0,230.0,1.6,2017-04-07 13:21:20,2017-04-07 13:30:01,0.0,8.8,8,13,Friday
75363,1,237.0,236.0,1.0,2017-04-07 13:04:00,2017-04-07 13:11:32,0.0,7.3,7,13,Friday
1045478,1,132.0,170.0,16.7,2017-04-04 13:33:08,2017-04-04 14:08:34,0.0,70.26,35,13,Tuesday
853280,1,234.0,263.0,3.5,2017-04-03 13:58:11,2017-04-03 14:20:21,0.0,20.75,22,13,Monday
446278,1,246.0,230.0,1.3,2017-04-07 13:50:26,2017-04-07 13:58:18,0.0,7.8,7,13,Friday
109742,1,236.0,261.0,7.6,2017-04-07 13:25:16,2017-04-07 13:50:15,0.0,26.8,24,13,Friday
79391,1,238.0,239.0,0.6,2017-04-04 13:18:11,2017-04-04 13:22:25,0.0,5.8,4,13,Tuesday
661560,1,236.0,163.0,1.7,2017-04-07 13:17:56,2017-04-07 13:29:18,0.0,10.3,11,13,Friday
120941,1,107.0,79.0,0.4,2017-04-05 13:19:43,2017-04-05 13:22:04,0.0,4.3,2,13,Wednesday
680089,1,164.0,100.0,0.5,2017-04-06 13:00:54,2017-04-06 13:12:36,0.0,8.8,11,13,Thursday
207264,2,162.0,186.0,1.9,2017-04-04 13:17:25,2017-04-04 13:42:07,0.0,16.3,24,13,Tuesday
180226,2,113.0,249.0,0.42,2017-04-03 13:56:59,2017-04-03 14:01:22,0.0,5.3,4,13,Monday
12336,2,162.0,140.0,1.84,2017-04-04 13:30:39,2017-04-04 13:46:14,0.0,15.38,15,13,Tuesday
444147,1,163.0,168.0,5.0,2017-04-06 13:38:50,2017-04-06 14:01:50,0.0,21.3,23,13,Thursday
904379,1,239.0,163.0,2.0,2017-04-03 13:39:35,2017-04-03 13:52:42,0.0,12.95,13,13,Monday
724211,1,231.0,161.0,5.7,2017-04-05 13:36:10,2017-04-05 14:08:44,0.0,30.96,32,13,Wednesday
93767,1,163.0,140.0,1.5,2017-04-05 13:40:37,2017-04-05 14:01:48,0.0,18.55,21,13,Wednesday
664978,1,239.0,230.0,1.9,2017-04-06 13:48:37,2017-04-06 14:07:26,0.0,15.95,18,13,Thursday
203980,1,161.0,237.0,1.4,2017-04-05 13:41:31,2017-04-05 13:56:19,0.0,13.5,14,13,Wednesday
710852,2,107.0,162.0,1.94,2017-04-06 13:05:47,2017-04-06 13:44:00,0.0,29.64,38,13,Thursday
618869,1,236.0,151.0,1.8,2017-04-07 13:48:25,2017-04-07 13:57:11,0.0,11.15,8,13,Friday
172236,1,48.0,162.0,1.1,2017-04-04 13:10:15,2017-04-04 13:17:46,0.0,9.35,7,13,Tuesday
285606,2,75.0,41.0,0.66,2017-04-07 13:06:07,2017-04-07 13:21:19,0.0,11.3,15,13,Friday
860420,2,181.0,231.0,3.31,2017-04-07 13:40:45,2017-04-07 14:02:21,0.0,17.3,21,13,Friday
304163,2,79.0,107.0,0.76,2017-04-03 13:47:41,2017-04-03 13:51:46,0.0,5.8,4,13,Monday
157353,2,162.0,162.0,0.59,2017-04-04 13:50:58,2017-04-04 13:56:22,0.0,7.56,5,13,Tuesday
935007,2,211.0,113.0,1.09,2017-04-07 13:16:28,2017-04-07 13:24:47,0.0,9.75,8,13,Friday
900285,1,170.0,263.0,4.4,2017-04-03 13:25:43,2017-04-03 13:44:35,0.0,21.35,18,13,Monday
110348,2,237.0,161.0,1.13,2017-04-03 13:01:47,2017-04-03 13:13:08,0.0,11.16,11,13,Monday
825600,2,143.0,230.0,1.85,2017-04-06 13:04:54,2017-04-06 13:17:20,0.0,13.5,12,13,Thursday
672989,2,232.0,68.0,4.03,2017-04-04 13:49:17,2017-04-04 14:09:51,0.0,17.8,20,13,Tuesday
954694,1,163.0,170.0,1.3,2017-04-06 13:26:26,2017-04-06 13:43:05,0.0,13.0,16,13,Thursday
303677,1,100.0,45.0,4.9,2017-04-05 13:34:55,2017-04-05 14:04:23,0.0,30.35,29,13,Wednesday
746528,1,140.0,170.0,1.6,2017-04-03 13:56:54,2017-04-03 14:13:57,0.0,15.8,17,13,Monday
35040,1,237.0,237.0,0.5,2017-04-05 13:50:06,2017-04-05 13:52:26,0.0,6.2,2,13,Wednesday
1047693,1,79.0,37.0,3.5,2017-04-06 13:22:50,2017-04-06 13:35:45,0.0,15.8,12,13,Thursday
34131,2,230.0,163.0,0.5,2017-04-06 13:06:44,2017-04-06 13:15:29,0.0,7.8,8,13,Thursday
89965,1,163.0,238.0,2.5,2017-04-04 13:16:12,2017-04-04 13:34:09,0.0,13.8,17,13,Tuesday
706744,1,33.0,45.0,2.5,2017-04-05 13:10:34,2017-04-05 13:16:16,0.0,9.8,5,13,Wednesday
844990,2,230.0,114.0,2.45,2017-04-07 13:07:57,2017-04-07 13:21:04,0.0,11.8,13,13,Friday
829688,2,107.0,161.0,2.34,2017-04-05 13:54:26,2017-04-05 14:17:43,0.0,19.88,23,13,Wednesday
503524,2,237.0,143.0,1.53,2017-04-03 13:07:39,2017-04-03 13:19:33,0.0,10.3,11,13,Monday
4212,2,161.0,230.0,0.54,2017-04-03 13:25:44,2017-04-03 13:30:32,0.0,5.8,4,13,Monday
291929,1,262.0,236.0,1.0,2017-04-07 13:28:30,2017-04-07 13:34:29,0.0,8.15,5,13,Friday
830467,2,48.0,143.0,1.09,2017-04-04 13:41:04,2017-04-04 13:46:53,0.0,6.8,5,13,Tuesday
19269,1,141.0,229.0,1.0,2017-04-05 13:09:40,2017-04-05 13:20:21,0.0,10.3,10,13,Wednesday
327749,1,230.0,231.0,4.3,2017-04-06 13:32:18,2017-04-06 13:56:41,0.0,22.56,24,13,Thursday
449673,1,264.0,264.0,17.5,2017-04-03 13:19:01,2017-04-03 14:29:52,0.0,68.56,70,13,Monday
875224,1,249.0,170.0,2.1,2017-04-03 13:50:25,2017-04-03 14:05:28,0.0,14.15,15,13,Monday
466275,2,234.0,114.0,0.98,2017-04-04 13:08:04,2017-04-04 13:17:30,0.0,10.79,9,13,Tuesday
975325,2,211.0,234.0,1.41,2017-04-06 13:24:15,2017-04-06 13:40:34,0.0,11.8,16,13,Thursday
750357,2,13.0,232.0,2.26,2017-04-07 13:54:20,2017-04-07 14:06:25,0.0,11.3,12,13,Friday
371223,1,239.0,100.0,2.7,2017-04-05 13:32:04,2017-04-05 13:50:59,0.0,16.2,18,13,Wednesday
373161,2,236.0,238.0,1.74,2017-04-07 13:48:15,2017-04-07 14:00:55,0.0,14.69,12,13,Friday
421110,2,237.0,236.0,0.49,2017-04-06 13:04:41,2017-04-06 13:10:04,0.0,7.25,5,13,Thursday
795092,1,237.0,246.0,3.4,2017-04-07 13:21:24,2017-04-07 13:50:33,0.0,25.3,29,13,Friday
194012,1,145.0,145.0,0.0,2017-04-03 13:20:45,2017-04-03 13:21:52,0.0,3.8,1,13,Monday
1015086,2,233.0,137.0,1.2,2017-04-06 13:49:23,2017-04-06 13:56:42,0.0,9.36,7,13,Thursday
363762,2,186.0,164.0,0.7,2017-04-05 13:18:10,2017-04-05 13:28:23,0.0,8.3,10,13,Wednesday
743831,1,246.0,100.0,1.2,2017-04-07 13:27:37,2017-04-07 13:43:56,0.0,11.8,16,13,Friday
700921,2,100.0,234.0,0.93,2017-04-06 13:05:36,2017-04-06 13:21:23,0.0,12.96,15,13,Thursday
104512,2,125.0,113.0,0.72,2017-04-04 13:56:17,2017-04-04 13:59:14,0.0,6.36,2,13,Tuesday
108914,2,249.0,234.0,0.52,2017-04-07 13:38:55,2017-04-07 13:41:38,0.0,4.8,2,13,Friday
145048,2,90.0,138.0,10.25,2017-04-05 13:23:07,2017-04-05 13:53:26,0.0,47.47,30,13,Wednesday
4348,2,13.0,186.0,3.56,2017-04-06 13:48:44,2017-04-06 14:15:01,0.0,23.76,26,13,Thursday
779460,1,237.0,263.0,1.0,2017-04-05 13:19:04,2017-04-05 13:28:15,0.0,10.75,9,13,Wednesday
175259,1,236.0,181.0,10.3,2017-04-04 13:15:24,2017-04-04 13:45:32,0.0,39.95,30,13,Tuesday
775474,1,239.0,239.0,0.3,2017-04-07 13:32:30,2017-04-07 13:34:12,0.0,5.15,1,13,Friday
27735,2,249.0,137.0,1.62,2017-04-06 13:21:26,2017-04-06 13:42:13,0.0,14.3,20,13,Thursday
651373,1,236.0,75.0,0.7,2017-04-06 13:49:02,2017-04-06 13:59:41,0.0,8.8,10,13,Thursday
24160,2,162.0,140.0,1.74,2017-04-03 13:10:55,2017-04-03 13:22:51,0.0,11.5,11,13,Monday
70557,2,236.0,140.0,1.34,2017-04-07 13:14:33,2017-04-07 13:24:51,0.0,9.3,10,13,Friday
735803,2,237.0,141.0,1.0,2017-04-07 13:20:10,2017-04-07 13:28:57,0.0,8.8,8,13,Friday
1013957,2,79.0,186.0,1.28,2017-04-04 13:13:48,2017-04-04 13:26:50,0.0,9.3,13,13,Tuesday
402164,2,162.0,263.0,1.6,2017-04-06 13:43:24,2017-04-06 13:53:13,0.0,9.3,9,13,Thursday
407090,1,107.0,113.0,0.3,2017-04-05 13:21:29,2017-04-05 13:28:17,0.0,7.55,6,13,Wednesday
187199,2,100.0,68.0,1.42,2017-04-04 13:31:43,2017-04-04 13:39:37,0.0,8.3,7,13,Tuesday
94272,2,246.0,161.0,2.86,2017-04-04 13:31:21,2017-04-04 13:52:24,0.0,18.96,21,13,Tuesday
815343,1,234.0,113.0,0.9,2017-04-03 13:35:42,2017-04-03 13:41:58,0.0,8.5,6,13,Monday
205035,2,164.0,100.0,0.65,2017-04-05 13:44:22,2017-04-05 13:49:23,0.0,5.8,5,13,Wednesday
773664,2,142.0,238.0,1.61,2017-04-07 13:00:42,2017-04-07 13:11:26,0.0,9.3,10,13,Friday
14773,1,162.0,141.0,1.1,2017-04-03 13:17:39,2017-04-03 13:27:58,0.0,10.8,10,13,Monday
887960,2,161.0,237.0,0.93,2017-04-03 13:06:54,2017-04-03 13:15:32,0.0,9.36,8,13,Monday
972716,1,48.0,138.0,10.9,2017-04-05 13:41:24,2017-04-05 14:27:42,0.0,57.56,46,13,Wednesday
457182,2,211.0,90.0,1.87,2017-04-07 13:49:15,2017-04-07 14:05:29,0.0,12.3,16,13,Friday
663713,2,264.0,264.0,1.04,2017-04-05 13:05:25,2017-04-05 13:18:10,0.0,11.76,12,13,Wednesday
343600,2,140.0,140.0,0.29,2017-04-06 13:34:55,2017-04-06 13:38:39,0.0,4.8,3,13,Thursday
385028,2,262.0,141.0,0.8,2017-04-07 13:29:29,2017-04-07 13:34:11,0.0,7.54,4,13,Friday
106441,2,132.0,230.0,16.49,2017-04-07 13:41:57,2017-04-07 14:37:47,0.0,52.8,55,13,Friday
745494,1,186.0,232.0,2.9,2017-04-05 13:15:47,2017-04-05 13:43:53,0.0,22.55,28,13,Wednesday
373734,2,161.0,88.0,5.83,2017-04-05 13:59:32,2017-04-05 14:23:12,0.0,29.12,23,13,Wednesday
1014378,2,236.0,68.0,4.25,2017-04-06 13:18:59,2017-04-06 13:52:58,0.0,22.8,33,13,Thursday
250889,1,170.0,229.0,0.6,2017-04-05 13:13:23,2017-04-05 13:21:52,0.0,7.8,8,13,Wednesday
31516,2,164.0,237.0,1.64,2017-04-03 13:10:37,2017-04-03 13:21:44,0.0,11.76,11,13,Monday
1000120,1,50.0,231.0,3.2,2017-04-07 13:22:05,2017-04-07 13:42:40,0.0,16.8,20,13,Friday
741132,1,230.0,239.0,1.7,2017-04-07 13:06:15,2017-04-07 13:17:49,0.0,10.3,11,13,Friday
1017262,2,211.0,249.0,1.57,2017-04-05 13:59:44,2017-04-05 14:08:06,0.0,9.3,8,13,Wednesday
22416,2,132.0,186.0,16.67,2017-04-07 13:57:42,2017-04-07 14:47:33,0.0,62.56,49,13,Friday
398179,2,68.0,158.0,2.52,2017-04-07 13:09:37,2017-04-07 13:29:04,0.0,17.16,19,13,Friday
664457,1,161.0,142.0,2.0,2017-04-07 13:33:46,2017-04-07 13:48:24,0.0,13.8,14,13,Friday
290073,1,142.0,163.0,1.4,2017-04-05 13:03:02,2017-04-05 13:14:28,0.0,10.8,11,13,Wednesday
642406,2,186.0,170.0,0.83,2017-04-07 13:27:08,2017-04-07 13:34:16,0.0,8.3,7,13,Friday
793663,1,138.0,90.0,9.4,2017-04-06 13:37:57,2017-04-06 14:12:52,0.0,48.54,34,13,Thursday
585675,1,158.0,170.0,2.5,2017-04-05 13:32:01,2017-04-05 13:57:33,0.0,20.75,25,13,Wednesday
641926,2,114.0,244.0,9.82,2017-04-04 13:27:44,2017-04-04 13:53:06,0.0,34.3,25,13,Tuesday
691796,2,186.0,68.0,1.15,2017-04-05 13:41:57,2017-04-05 13:51:48,0.0,11.0,9,13,Wednesday
79047,2,113.0,229.0,2.87,2017-04-03 13:53:15,2017-04-03 14:19:55,0.0,22.3,26,13,Monday
708340,1,164.0,113.0,1.4,2017-04-04 13:58:38,2017-04-04 14:05:39,0.0,8.75,7,13,Tuesday
867949,2,236.0,113.0,5.24,2017-04-04 13:08:24,2017-04-04 13:39:48,0.0,29.16,31,13,Tuesday
767560,1,143.0,239.0,0.8,2017-04-07 13:47:14,2017-04-07 13:53:15,0.0,8.5,6,13,Friday
111181,1,141.0,107.0,3.3,2017-04-06 13:08:20,2017-04-06 13:36:43,0.0,25.35,28,13,Thursday
1025887,2,107.0,79.0,1.12,2017-04-07 13:22:20,2017-04-07 13:28:16,0.0,7.8,5,13,Friday
177805,1,50.0,163.0,1.9,2017-04-03 13:31:31,2017-04-03 13:40:04,0.0,11.6,8,13,Monday
651906,2,107.0,234.0,0.45,2017-04-07 13:28:37,2017-04-07 13:32:25,0.0,5.3,3,13,Friday
116093,2,239.0,142.0,0.47,2017-04-03 13:08:18,2017-04-03 13:11:35,0.0,6.24,3,13,Monday
334612,1,186.0,48.0,0.7,2017-04-04 13:53:31,2017-04-04 13:58:14,0.0,6.8,4,13,Tuesday
336054,1,234.0,170.0,0.7,2017-04-07 13:32:36,2017-04-07 13:37:25,0.0,5.8,4,13,Friday
346829,2,234.0,249.0,1.6,2017-04-03 13:35:10,2017-04-03 13:45:17,0.0,11.62,10,13,Monday
287264,1,231.0,48.0,3.3,2017-04-07 13:20:24,2017-04-07 13:34:35,0.0,16.45,14,13,Friday
776154,1,48.0,140.0,2.7,2017-04-05 13:56:06,2017-04-05 14:17:49,0.0,15.8,21,13,Wednesday
845417,2,142.0,239.0,1.02,2017-04-03 13:23:15,2017-04-03 13:29:51,0.0,7.3,6,13,Monday
600298,1,137.0,161.0,1.2,2017-04-07 13:20:49,2017-04-07 13:28:06,0.0,9.3,7,13,Friday
641363,2,158.0,114.0,1.63,2017-04-05 13:19:53,2017-04-05 13:38:32,0.0,12.8,18,13,Wednesday
324869,2,162.0,43.0,1.54,2017-04-06 13:19:13,2017-04-06 13:39:24,0.0,16.56,20,13,Thursday
124712,2,238.0,143.0,1.82,2017-04-07 13:00:01,2017-04-07 13:10:12,0.0,11.76,10,13,Friday
360944,2,231.0,249.0,0.88,2017-04-05 13:18:28,2017-04-05 13:24:26,0.0,6.8,5,13,Wednesday
258933,2,162.0,170.0,0.86,2017-04-05 13:36:36,2017-04-05 13:47:06,0.0,8.8,10,13,Wednesday
477988,2,162.0,231.0,6.14,2017-04-05 13:41:02,2017-04-05 14:08:39,0.0,31.0,27,13,Wednesday
898028,1,246.0,162.0,2.8,2017-04-03 13:08:42,2017-04-03 13:35:52,0.0,21.05,27,13,Monday
429203,2,113.0,161.0,2.4,2017-04-03 13:29:05,2017-04-03 13:47:45,0.0,13.8,18,13,Monday
143094,1,144.0,125.0,0.9,2017-04-06 13:05:40,2017-04-06 13:13:29,0.0,9.35,7,13,Thursday
599780,1,13.0,162.0,6.6,2017-04-04 13:29:46,2017-04-04 13:48:21,0.0,21.8,18,13,Tuesday
433657,1,138.0,162.0,10.8,2017-04-06 13:18:13,2017-04-06 14:02:56,0.0,56.31,44,13,Thursday
173238,1,41.0,138.0,7.9,2017-04-05 13:55:58,2017-04-05 14:22:10,0.0,33.06,26,13,Wednesday
221370,2,151.0,238.0,0.39,2017-04-03 13:46:09,2017-04-03 13:49:11,0.0,7.8,3,13,Monday
795441,1,233.0,163.0,1.9,2017-04-04 13:05:53,2017-04-04 13:33:44,0.0,21.35,27,13,Tuesday
553358,2,186.0,233.0,1.52,2017-04-06 13:52:53,2017-04-06 14:26:42,0.0,25.38,33,13,Thursday
236824,2,151.0,43.0,1.72,2017-04-05 13:42:12,2017-04-05 13:51:05,0.0,10.8,8,13,Wednesday
779119,2,170.0,140.0,1.38,2017-04-03 13:24:28,2017-04-03 13:33:47,0.0,10.56,9,13,Monday
944184,1,211.0,161.0,3.1,2017-04-05 13:37:50,2017-04-05 14:10:57,0.0,25.55,33,13,Wednesday
808078,2,170.0,229.0,1.1,2017-04-03 13:37:08,2017-04-03 13:47:20,0.0,8.8,10,13,Monday
78820,1,87.0,45.0,0.7,2017-04-03 13:27:43,2017-04-03 13:32:34,0.0,7.55,4,13,Monday
859408,1,143.0,48.0,1.0,2017-04-05 13:03:41,2017-04-05 13:09:59,0.0,6.8,6,13,Wednesday
584913,1,186.0,1.0,17.3,2017-04-03 13:19:26,2017-04-03 13:50:07,0.0,90.95,30,13,Monday
694510,2,161.0,13.0,5.33,2017-04-04 13:44:16,2017-04-04 14:15:31,0.0,29.16,31,13,Tuesday
206848,1,141.0,140.0,0.5,2017-04-06 13:39:47,2017-04-06 13:43:48,0.0,14.3,4,13,Thursday
516382,1,237.0,141.0,0.4,2017-04-04 13:32:56,2017-04-04 13:36:05,0.0,4.8,3,13,Tuesday
158453,2,264.0,264.0,2.22,2017-04-07 13:20:32,2017-04-07 13:26:51,0.0,10.56,6,13,Friday
837719,2,161.0,164.0,0.82,2017-04-05 13:58:51,2017-04-05 14:04:23,0.0,6.3,5,13,Wednesday
51350,2,236.0,43.0,1.66,2017-04-04 13:18:26,2017-04-04 13:32:35,0.0,11.3,14,13,Tuesday
931461,1,166.0,239.0,2.4,2017-04-03 13:07:17,2017-04-03 13:18:32,0.0,13.3,11,13,Monday
893637,1,238.0,238.0,0.5,2017-04-07 13:23:34,2017-04-07 13:27:43,0.0,5.3,4,13,Friday
681171,2,161.0,144.0,2.76,2017-04-03 13:05:50,2017-04-03 13:25:19,0.0,17.16,19,13,Monday
853198,2,141.0,142.0,1.96,2017-04-07 13:52:32,2017-04-07 14:04:29,0.0,12.96,11,13,Friday
875961,2,263.0,107.0,4.33,2017-04-04 13:55:36,2017-04-04 14:11:42,0.0,19.8,16,13,Tuesday
903289,1,231.0,186.0,3.8,2017-04-04 13:47:03,2017-04-04 14:05:49,0.0,16.8,18,13,Tuesday
1011764,1,144.0,68.0,2.0,2017-04-05 13:23:12,2017-04-05 13:43:09,0.0,16.3,19,13,Wednesday
81873,2,239.0,263.0,2.3,2017-04-04 13:28:08,2017-04-04 13:41:52,0.0,14.16,13,13,Tuesday
480843,1,87.0,246.0,4.3,2017-04-06 13:17:26,2017-04-06 13:48:14,0.0,28.3,30,13,Thursday
909168,1,112.0,112.0,0.0,2017-04-06 13:48:47,2017-04-06 13:48:58,0.0,3.3,0,13,Thursday
8591,2,163.0,236.0,1.99,2017-04-06 13:57:16,2017-04-06 14:14:04,0.0,15.1,16,13,Thursday
728773,2,249.0,13.0,2.39,2017-04-06 13:59:54,2017-04-06 14:14:11,0.0,12.8,14,13,Thursday
4821,1,68.0,186.0,0.9,2017-04-04 13:20:46,2017-04-04 13:26:57,0.0,6.8,6,13,Tuesday
958997,2,100.0,161.0,1.12,2017-04-04 13:00:25,2017-04-04 13:15:42,0.0,11.3,15,13,Tuesday
62800,1,75.0,237.0,1.5,2017-04-05 13:26:49,2017-04-05 13:37:05,0.0,11.76,10,13,Wednesday
316428,2,43.0,239.0,1.45,2017-04-06 13:32:20,2017-04-06 13:41:16,0.0,11.62,8,13,Thursday
747698,1,141.0,143.0,2.1,2017-04-04 13:03:59,2017-04-04 13:19:49,0.0,15.05,15,13,Tuesday
152793,2,141.0,163.0,0.97,2017-04-05 13:28:15,2017-04-05 13:40:03,0.0,9.3,11,13,Wednesday
198354,1,236.0,237.0,0.8,2017-04-03 13:47:17,2017-04-03 13:54:30,0.0,7.8,7,13,Monday
604581,1,246.0,13.0,3.2,2017-04-05 13:17:03,2017-04-05 13:29:33,0.0,16.6,12,13,Wednesday
661180,2,239.0,163.0,2.05,2017-04-07 13:57:02,2017-04-07 14:07:11,0.0,9.8,10,13,Friday
617160,2,186.0,1.0,14.47,2017-04-04 13:30:25,2017-04-04 14:01:05,0.0,83.76,30,13,Tuesday
77615,1,142.0,142.0,0.7,2017-04-05 13:43:27,2017-04-05 13:48:54,0.0,7.55,5,13,Wednesday
853211,2,263.0,224.0,4.52,2017-04-05 13:53:43,2017-04-05 14:17:15,0.0,24.96,23,13,Wednesday
998460,1,125.0,140.0,5.5,2017-04-06 13:34:34,2017-04-06 14:01:17,0.0,27.35,26,13,Thursday
581841,1,170.0,170.0,0.6,2017-04-04 13:16:39,2017-04-04 13:23:08,0.0,6.3,6,13,Tuesday
30196,2,234.0,163.0,1.46,2017-04-05 13:46:35,2017-04-05 14:00:21,0.0,12.96,13,13,Wednesday
855627,2,161.0,164.0,0.81,2017-04-06 13:19:46,2017-04-06 13:27:47,0.0,9.12,8,13,Thursday
884782,2,90.0,113.0,0.99,2017-04-03 13:40:54,2017-04-03 13:48:24,0.0,7.3,7,13,Monday
493355,2,170.0,161.0,0.86,2017-04-05 13:42:41,2017-04-05 13:50:02,0.0,8.76,7,13,Wednesday
566109,2,186.0,141.0,2.9,2017-04-06 13:19:52,2017-04-06 13:47:50,0.0,25.09,27,13,Thursday
1000703,2,164.0,237.0,1.64,2017-04-05 13:10:17,2017-04-05 13:22:00,0.0,10.8,11,13,Wednesday
169399,1,170.0,141.0,1.9,2017-04-04 13:50:34,2017-04-04 13:58:26,0.0,10.0,7,13,Tuesday
842638,1,238.0,163.0,2.4,2017-04-05 13:42:14,2017-04-05 13:59:31,0.0,16.55,17,13,Wednesday
765219,1,164.0,161.0,0.6,2017-04-05 13:36:03,2017-04-05 13:41:20,0.0,7.5,5,13,Wednesday
294388,2,237.0,237.0,0.43,2017-04-05 13:26:30,2017-04-05 13:30:25,0.0,7.8,3,13,Wednesday
342129,2,100.0,100.0,0.59,2017-04-07 13:47:02,2017-04-07 13:50:46,0.0,6.36,3,13,Friday
246164,1,87.0,137.0,4.1,2017-04-07 13:59:14,2017-04-07 14:14:29,0.0,20.5,15,13,Friday
237061,2,68.0,144.0,2.88,2017-04-03 13:12:33,2017-04-03 13:34:14,0.0,16.3,21,13,Monday
573247,1,161.0,230.0,1.0,2017-04-03 13:36:15,2017-04-03 13:49:17,0.0,11.75,13,13,Monday
503422,1,68.0,170.0,1.0,2017-04-06 13:38:39,2017-04-06 13:56:13,0.0,14.3,17,13,Thursday
869094,1,164.0,161.0,0.8,2017-04-07 13:04:28,2017-04-07 13:12:24,0.0,7.8,7,13,Friday
827444,1,166.0,151.0,0.8,2017-04-06 13:52:24,2017-04-06 13:58:48,0.0,7.8,6,13,Thursday
26159,2,243.0,168.0,4.36,2017-04-03 13:45:20,2017-04-03 14:00:06,0.0,19.56,14,13,Monday
413935,2,263.0,233.0,2.19,2017-04-03 13:42:22,2017-04-03 13:53:13,0.0,12.96,10,13,Monday
308426,2,224.0,137.0,0.4,2017-04-03 13:52:39,2017-04-03 13:59:55,0.0,8.19,7,13,Monday
676181,2,144.0,161.0,3.33,2017-04-05 14:31:01,2017-04-05 14:56:13,0.0,21.36,25,14,Wednesday
576432,2,186.0,234.0,0.69,2017-04-07 14:34:05,2017-04-07 14:41:06,0.0,8.16,7,14,Friday
4510,1,237.0,162.0,0.8,2017-04-05 14:49:57,2017-04-05 14:57:47,0.0,7.8,7,14,Wednesday
827904,1,231.0,88.0,0.7,2017-04-04 14:12:28,2017-04-04 14:18:19,0.0,6.3,5,14,Tuesday
923988,2,43.0,237.0,0.56,2017-04-05 14:45:12,2017-04-05 14:47:00,0.0,4.8,1,14,Wednesday
956524,2,237.0,237.0,0.54,2017-04-03 14:33:26,2017-04-03 14:39:49,0.0,7.3,6,14,Monday
883080,1,48.0,48.0,0.8,2017-04-07 14:28:38,2017-04-07 14:34:24,0.0,7.85,5,14,Friday
853580,2,186.0,90.0,0.8,2017-04-05 14:01:54,2017-04-05 14:06:22,0.0,7.54,4,14,Wednesday
235512,2,162.0,141.0,0.92,2017-04-03 14:46:33,2017-04-03 14:51:20,0.0,6.3,4,14,Monday
921428,1,263.0,236.0,0.8,2017-04-07 14:43:43,2017-04-07 14:47:23,0.0,6.0,3,14,Friday
985797,2,50.0,164.0,1.52,2017-04-03 14:00:54,2017-04-03 14:13:40,0.0,10.3,12,14,Monday
598718,2,161.0,236.0,2.24,2017-04-04 14:27:01,2017-04-04 14:51:41,0.0,18.8,24,14,Tuesday
438517,1,162.0,161.0,1.1,2017-04-07 14:55:22,2017-04-07 15:08:48,0.0,12.85,13,14,Friday
986221,2,163.0,50.0,1.04,2017-04-07 14:48:05,2017-04-07 14:58:25,0.0,8.8,10,14,Friday
493649,1,164.0,132.0,16.7,2017-04-03 14:46:14,2017-04-03 15:42:20,0.0,68.56,56,14,Monday
808004,2,236.0,132.0,18.8,2017-04-05 14:23:48,2017-04-05 15:20:42,0.0,70.27,56,14,Wednesday
172839,1,236.0,236.0,0.6,2017-04-03 14:46:55,2017-04-03 14:51:37,0.0,5.8,4,14,Monday
468616,2,161.0,234.0,1.13,2017-04-03 14:26:18,2017-04-03 14:32:36,0.0,8.84,6,14,Monday
657184,2,234.0,100.0,1.64,2017-04-07 14:59:08,2017-04-07 15:27:22,0.0,17.3,28,14,Friday
959264,1,100.0,249.0,1.6,2017-04-07 14:51:21,2017-04-07 15:02:26,0.0,12.35,11,14,Friday
21491,2,237.0,236.0,1.59,2017-04-04 14:19:49,2017-04-04 14:32:21,0.0,12.36,12,14,Tuesday
130237,2,162.0,230.0,0.88,2017-04-06 14:31:44,2017-04-06 14:46:38,0.0,10.8,14,14,Thursday
715004,2,48.0,164.0,1.71,2017-04-05 14:26:32,2017-04-05 14:43:29,0.0,12.3,16,14,Wednesday
954870,2,186.0,79.0,1.54,2017-04-05 14:00:42,2017-04-05 14:13:27,0.0,10.3,12,14,Wednesday
130365,2,237.0,43.0,2.21,2017-04-04 14:49:50,2017-04-04 15:07:50,0.0,16.56,18,14,Tuesday
618007,2,75.0,48.0,3.94,2017-04-06 14:29:29,2017-04-06 14:59:54,0.0,21.3,30,14,Thursday
835117,2,230.0,75.0,2.97,2017-04-07 14:40:47,2017-04-07 14:59:04,0.0,15.8,18,14,Friday
484232,1,132.0,163.0,18.3,2017-04-03 14:21:01,2017-04-03 15:28:11,0.0,58.56,67,14,Monday
169021,1,161.0,140.0,1.8,2017-04-06 14:33:06,2017-04-06 14:42:14,0.0,11.15,9,14,Thursday
577951,1,237.0,164.0,1.6,2017-04-06 14:28:17,2017-04-06 14:44:54,0.0,14.75,16,14,Thursday
299610,1,236.0,229.0,2.2,2017-04-05 14:52:59,2017-04-05 15:10:33,0.0,14.8,17,14,Wednesday
147038,2,186.0,68.0,1.01,2017-04-04 14:16:16,2017-04-04 14:29:03,0.0,12.25,12,14,Tuesday
464246,2,162.0,137.0,1.22,2017-04-04 14:25:55,2017-04-04 14:37:53,0.0,11.0,11,14,Tuesday
401598,2,170.0,132.0,16.42,2017-04-07 14:14:28,2017-04-07 15:16:01,0.0,72.92,61,14,Friday
840306,1,137.0,170.0,1.1,2017-04-07 14:49:47,2017-04-07 14:58:52,0.0,8.3,9,14,Friday
415170,2,138.0,80.0,6.75,2017-04-06 14:13:44,2017-04-06 14:32:35,0.0,26.16,18,14,Thursday
4211,2,141.0,141.0,0.6,2017-04-03 14:12:06,2017-04-03 14:15:36,0.0,6.3,3,14,Monday
212010,2,234.0,234.0,0.3,2017-04-05 14:51:56,2017-04-05 14:53:11,0.0,4.56,1,14,Wednesday
67926,2,229.0,140.0,0.5,2017-04-04 14:52:13,2017-04-04 14:56:07,0.0,5.3,3,14,Tuesday
836928,1,142.0,239.0,1.0,2017-04-07 14:06:23,2017-04-07 14:15:43,0.0,8.3,9,14,Friday
287665,2,234.0,186.0,0.45,2017-04-05 14:34:15,2017-04-05 14:42:31,0.0,7.3,8,14,Wednesday
356103,1,237.0,113.0,3.2,2017-04-07 14:34:51,2017-04-07 15:00:13,0.0,20.6,25,14,Friday
46322,2,151.0,238.0,0.7,2017-04-04 14:59:51,2017-04-04 15:02:57,0.0,6.0,3,14,Tuesday
802163,2,132.0,24.0,20.02,2017-04-07 14:53:37,2017-04-07 15:58:12,0.0,65.56,64,14,Friday
331928,1,43.0,170.0,2.8,2017-04-04 14:13:55,2017-04-04 14:42:25,0.0,18.3,28,14,Tuesday
1047025,2,237.0,229.0,1.24,2017-04-06 14:41:22,2017-04-06 14:49:47,0.0,8.3,8,14,Thursday
946635,1,238.0,239.0,0.8,2017-04-05 14:22:16,2017-04-05 14:28:23,0.0,8.15,6,14,Wednesday
243497,1,100.0,170.0,0.5,2017-04-03 14:04:48,2017-04-03 14:11:22,0.0,7.55,6,14,Monday
851547,2,238.0,238.0,0.27,2017-04-05 14:26:22,2017-04-05 14:28:14,0.0,4.3,1,14,Wednesday
364162,2,88.0,209.0,0.85,2017-04-06 14:21:27,2017-04-06 14:30:39,0.0,7.8,9,14,Thursday
847057,1,186.0,100.0,0.8,2017-04-05 14:54:11,2017-04-05 15:06:10,0.0,10.8,11,14,Wednesday
532879,1,90.0,234.0,0.6,2017-04-06 14:19:45,2017-04-06 14:28:17,0.0,8.8,8,14,Thursday
551558,1,161.0,237.0,1.1,2017-04-05 14:54:53,2017-04-05 15:07:03,0.0,10.78,12,14,Wednesday
641599,1,230.0,162.0,0.9,2017-04-03 14:25:13,2017-04-03 14:35:06,0.0,8.3,9,14,Monday
754455,1,163.0,140.0,2.0,2017-04-07 14:56:18,2017-04-07 15:13:42,0.0,14.8,17,14,Friday
587369,1,236.0,161.0,1.1,2017-04-03 14:48:49,2017-04-03 14:59:11,0.0,9.3,10,14,Monday
643376,2,142.0,239.0,0.65,2017-04-07 14:13:56,2017-04-07 14:18:10,0.0,6.96,4,14,Friday
780736,2,75.0,239.0,2.01,2017-04-04 14:41:37,2017-04-04 14:51:36,0.0,11.84,9,14,Tuesday
155912,1,138.0,50.0,11.4,2017-04-07 14:06:48,2017-04-07 14:59:41,0.0,51.06,52,14,Friday
987566,1,140.0,263.0,1.0,2017-04-05 14:46:50,2017-04-05 14:56:42,0.0,9.8,9,14,Wednesday
645082,2,143.0,238.0,1.06,2017-04-03 14:09:53,2017-04-03 14:14:52,0.0,8.19,4,14,Monday
799541,1,100.0,68.0,1.3,2017-04-04 14:13:31,2017-04-04 14:24:17,0.0,9.5,10,14,Tuesday
472285,1,234.0,87.0,3.3,2017-04-04 14:20:23,2017-04-04 14:48:48,0.0,22.55,28,14,Tuesday
968150,1,43.0,239.0,1.1,2017-04-07 14:17:35,2017-04-07 14:22:54,0.0,6.8,5,14,Friday
718798,1,138.0,179.0,4.0,2017-04-07 14:15:35,2017-04-07 14:41:34,0.0,23.8,25,14,Friday
705445,2,79.0,161.0,2.4,2017-04-04 14:40:48,2017-04-04 14:59:01,0.0,16.56,18,14,Tuesday
899404,1,239.0,68.0,2.5,2017-04-04 14:09:33,2017-04-04 14:24:20,0.0,15.35,14,14,Tuesday
287043,2,163.0,162.0,1.36,2017-04-03 14:00:34,2017-04-03 14:11:14,0.0,8.8,10,14,Monday
504487,2,140.0,87.0,6.98,2017-04-03 14:22:31,2017-04-03 14:36:30,0.0,26.16,13,14,Monday
1009009,2,100.0,161.0,0.61,2017-04-03 14:04:50,2017-04-03 14:14:32,0.0,7.8,9,14,Monday
226028,1,234.0,144.0,1.0,2017-04-07 14:46:28,2017-04-07 14:55:50,0.0,9.35,9,14,Friday
236925,2,229.0,138.0,9.0,2017-04-07 14:06:27,2017-04-07 14:34:42,0.0,42.58,28,14,Friday
730699,2,237.0,161.0,0.72,2017-04-03 14:32:25,2017-04-03 14:45:53,0.0,13.39,13,14,Monday
266633,1,141.0,238.0,2.7,2017-04-06 14:42:22,2017-04-06 15:05:03,0.0,17.8,22,14,Thursday
943507,1,234.0,17.0,3.9,2017-04-03 14:27:24,2017-04-03 15:05:01,0.0,25.8,37,14,Monday
331692,1,43.0,90.0,2.5,2017-04-03 14:30:22,2017-04-03 14:52:00,0.0,15.8,21,14,Monday
249097,2,234.0,68.0,0.98,2017-04-07 14:37:00,2017-04-07 14:44:07,0.0,8.76,7,14,Friday
229743,1,158.0,231.0,1.0,2017-04-03 14:27:35,2017-04-03 14:32:49,0.0,7.3,5,14,Monday
955675,2,170.0,13.0,5.83,2017-04-05 14:16:26,2017-04-05 14:37:24,0.0,27.88,20,14,Wednesday
444634,2,138.0,230.0,11.17,2017-04-06 14:43:19,2017-04-06 15:30:54,0.0,60.53,47,14,Thursday
980202,2,48.0,237.0,1.73,2017-04-03 14:26:17,2017-04-03 14:37:08,0.0,11.76,10,14,Monday
262709,2,50.0,48.0,0.63,2017-04-05 14:20:01,2017-04-05 14:27:08,0.0,7.3,7,14,Wednesday
658270,1,170.0,138.0,9.5,2017-04-05 14:58:20,2017-04-05 15:38:39,0.0,46.56,40,14,Wednesday
147066,1,138.0,90.0,9.3,2017-04-06 14:13:24,2017-04-06 14:55:42,0.0,51.06,42,14,Thursday
157912,1,236.0,237.0,0.9,2017-04-06 14:53:24,2017-04-06 14:59:45,0.0,8.15,6,14,Thursday
949537,1,140.0,141.0,0.4,2017-04-06 14:07:31,2017-04-06 14:12:30,0.0,5.8,4,14,Thursday
439825,1,50.0,48.0,0.4,2017-04-05 14:08:09,2017-04-05 14:15:40,0.0,7.8,7,14,Wednesday
113030,1,246.0,186.0,0.5,2017-04-07 14:59:11,2017-04-07 15:04:05,0.0,5.8,4,14,Friday
109541,1,230.0,186.0,0.4,2017-04-06 14:00:40,2017-04-06 14:05:56,0.0,6.95,5,14,Thursday
544263,2,236.0,138.0,9.02,2017-04-03 14:36:31,2017-04-03 14:59:58,0.0,34.06,23,14,Monday
865819,2,234.0,234.0,0.62,2017-04-06 14:37:18,2017-04-06 14:47:14,0.0,8.3,9,14,Thursday
354380,2,170.0,161.0,0.42,2017-04-06 14:40:01,2017-04-06 14:47:08,0.0,8.5,7,14,Thursday
142276,1,238.0,239.0,1.0,2017-04-05 14:41:36,2017-04-05 14:50:34,0.0,10.0,8,14,Wednesday
268656,1,151.0,166.0,0.4,2017-04-03 14:03:20,2017-04-03 14:05:17,0.0,4.3,1,14,Monday
622014,1,238.0,261.0,7.0,2017-04-06 14:37:41,2017-04-06 15:07:05,0.0,31.55,29,14,Thursday
472259,1,48.0,138.0,10.6,2017-04-04 14:17:13,2017-04-04 14:52:05,0.0,49.26,34,14,Tuesday
919346,1,236.0,262.0,0.9,2017-04-05 14:14:32,2017-04-05 14:23:56,0.0,10.35,9,14,Wednesday
618941,1,239.0,239.0,0.3,2017-04-04 14:03:34,2017-04-04 14:05:52,0.0,5.15,2,14,Tuesday
361525,2,141.0,141.0,0.96,2017-04-04 14:55:58,2017-04-04 15:02:32,0.0,8.16,6,14,Tuesday
1045759,2,162.0,186.0,1.09,2017-04-04 14:00:00,2017-04-04 14:11:21,0.0,9.3,11,14,Tuesday
886243,2,114.0,231.0,1.93,2017-04-04 14:38:43,2017-04-04 14:49:53,0.0,10.8,11,14,Tuesday
680712,1,161.0,48.0,1.7,2017-04-03 14:17:53,2017-04-03 14:33:10,0.0,14.15,15,14,Monday
889644,2,236.0,238.0,0.9,2017-04-04 14:23:40,2017-04-04 14:29:19,0.0,8.16,5,14,Tuesday
550380,1,162.0,170.0,0.2,2017-04-04 14:59:36,2017-04-04 15:02:06,0.0,9.3,2,14,Tuesday
361920,2,50.0,68.0,1.58,2017-04-06 14:41:14,2017-04-06 14:50:27,0.0,9.3,9,14,Thursday
145226,1,140.0,262.0,0.5,2017-04-04 14:04:56,2017-04-04 14:09:04,0.0,5.3,4,14,Tuesday
19232,1,163.0,138.0,10.1,2017-04-05 14:53:32,2017-04-05 15:43:07,0.0,45.95,49,14,Wednesday
592931,2,170.0,249.0,2.05,2017-04-05 14:25:00,2017-04-05 14:44:28,0.0,17.25,19,14,Wednesday
809174,2,236.0,113.0,4.39,2017-04-03 14:35:12,2017-04-03 15:08:46,0.0,22.3,33,14,Monday
632346,1,158.0,249.0,0.2,2017-04-07 14:27:27,2017-04-07 14:30:32,0.0,5.8,3,14,Friday
417501,1,158.0,68.0,1.1,2017-04-03 14:58:36,2017-04-03 15:03:33,0.0,6.8,4,14,Monday
998440,1,107.0,107.0,0.3,2017-04-06 14:51:35,2017-04-06 14:54:03,0.0,5.15,2,14,Thursday
937336,1,230.0,163.0,0.8,2017-04-04 14:35:24,2017-04-04 14:41:45,0.0,8.8,6,14,Tuesday
636857,1,234.0,163.0,2.0,2017-04-07 14:20:07,2017-04-07 14:37:29,0.0,15.35,17,14,Friday
985951,1,140.0,141.0,0.6,2017-04-05 14:31:38,2017-04-05 14:35:29,0.0,5.3,3,14,Wednesday
52681,1,79.0,50.0,4.1,2017-04-07 14:24:53,2017-04-07 15:03:21,0.0,24.8,38,14,Friday
1021702,1,145.0,260.0,2.1,2017-04-04 14:48:54,2017-04-04 14:56:02,0.0,9.3,7,14,Tuesday
960205,2,43.0,74.0,2.32,2017-04-06 14:36:22,2017-04-06 14:50:00,0.0,11.8,13,14,Thursday
464251,2,141.0,236.0,1.18,2017-04-05 14:38:04,2017-04-05 14:46:13,0.0,9.3,8,14,Wednesday
462983,1,234.0,170.0,1.2,2017-04-06 14:04:07,2017-04-06 14:19:15,0.0,11.8,15,14,Thursday
278069,2,162.0,162.0,0.54,2017-04-06 14:03:28,2017-04-06 14:08:40,0.0,6.96,5,14,Thursday
314816,2,45.0,170.0,3.0,2017-04-05 14:59:16,2017-04-05 15:18:41,0.0,15.3,19,14,Wednesday
925931,2,162.0,140.0,1.7,2017-04-05 14:05:07,2017-04-05 14:16:43,0.0,10.3,11,14,Wednesday
784225,2,162.0,234.0,1.66,2017-04-06 14:47:12,2017-04-06 14:57:55,0.0,11.16,10,14,Thursday
802655,2,237.0,236.0,0.93,2017-04-07 14:55:48,2017-04-07 15:03:36,0.0,7.3,7,14,Friday
259529,1,161.0,234.0,1.3,2017-04-03 14:47:47,2017-04-03 14:58:20,0.0,11.6,10,14,Monday
106537,2,236.0,43.0,1.27,2017-04-07 14:15:24,2017-04-07 14:28:45,0.0,12.36,13,14,Friday
85821,2,163.0,75.0,2.93,2017-04-07 14:41:40,2017-04-07 15:03:52,0.0,16.3,22,14,Friday
630468,2,166.0,238.0,1.72,2017-04-07 14:56:24,2017-04-07 15:05:42,0.0,9.3,9,14,Friday
985440,1,163.0,68.0,2.4,2017-04-07 14:43:37,2017-04-07 15:04:25,0.0,18.35,20,14,Friday
556287,2,145.0,145.0,0.65,2017-04-06 14:21:40,2017-04-06 14:26:27,0.0,5.8,4,14,Thursday
271746,1,166.0,41.0,0.5,2017-04-03 14:44:45,2017-04-03 14:50:03,0.0,5.8,5,14,Monday
694944,1,230.0,186.0,0.6,2017-04-03 14:34:02,2017-04-03 14:37:52,0.0,6.6,3,14,Monday
365942,2,162.0,234.0,1.97,2017-04-03 14:27:56,2017-04-03 14:40:56,0.0,11.3,13,14,Monday
191575,1,229.0,163.0,0.9,2017-04-03 14:16:02,2017-04-03 14:24:02,0.0,9.8,8,14,Monday
1039703,2,142.0,239.0,0.89,2017-04-04 14:48:17,2017-04-04 14:55:10,0.0,8.16,6,14,Tuesday
751611,2,114.0,209.0,1.58,2017-04-04 14:11:51,2017-04-04 14:26:34,0.0,13.56,14,14,Tuesday
4388,2,161.0,48.0,0.6,2017-04-05 14:55:22,2017-04-05 15:00:54,0.0,5.8,5,14,Wednesday
686107,1,87.0,233.0,5.1,2017-04-05 14:45:11,2017-04-05 15:05:37,0.0,23.75,20,14,Wednesday
37073,2,161.0,230.0,0.74,2017-04-04 14:44:14,2017-04-04 14:51:06,0.0,6.8,6,14,Tuesday
675491,2,13.0,230.0,7.27,2017-04-07 14:12:35,2017-04-07 14:51:57,0.0,37.05,39,14,Friday
460005,2,162.0,113.0,2.62,2017-04-04 14:38:37,2017-04-04 14:56:56,0.0,17.16,18,14,Tuesday
200679,2,138.0,137.0,11.18,2017-04-07 14:09:22,2017-04-07 14:37:43,0.0,49.45,28,14,Friday
14036,2,162.0,87.0,5.53,2017-04-05 14:53:59,2017-04-05 15:20:24,0.0,27.96,26,14,Wednesday
473981,2,164.0,170.0,1.14,2017-04-07 14:20:30,2017-04-07 14:35:49,0.0,13.56,15,14,Friday
439080,1,17.0,97.0,2.0,2017-04-05 14:46:20,2017-04-05 15:01:13,0.0,11.8,14,14,Wednesday
369552,1,263.0,236.0,0.4,2017-04-06 14:02:31,2017-04-06 14:05:46,0.0,6.8,3,14,Thursday
592995,2,50.0,142.0,1.2,2017-04-04 14:30:44,2017-04-04 14:39:47,0.0,8.3,9,14,Tuesday
900638,2,236.0,237.0,1.25,2017-04-07 14:42:14,2017-04-07 14:58:40,0.0,14.76,16,14,Friday
355189,2,231.0,79.0,4.57,2017-04-05 14:46:33,2017-04-05 15:05:08,0.0,20.76,18,14,Wednesday
39106,2,132.0,230.0,18.52,2017-04-03 14:58:44,2017-04-03 15:58:55,0.0,58.56,60,14,Monday
277450,2,142.0,170.0,2.34,2017-04-03 14:22:05,2017-04-03 14:39:47,0.0,13.95,17,14,Monday
973063,1,249.0,211.0,1.1,2017-04-07 14:41:26,2017-04-07 14:56:04,0.0,11.3,14,14,Friday
15569,1,264.0,264.0,1.5,2017-04-06 14:42:02,2017-04-06 14:55:29,0.0,12.95,13,14,Thursday
979384,1,141.0,237.0,0.6,2017-04-07 14:23:07,2017-04-07 14:28:13,0.0,5.8,5,14,Friday
808794,1,231.0,142.0,4.6,2017-04-05 14:07:33,2017-04-05 14:31:59,0.0,24.95,24,14,Wednesday
857778,1,143.0,1.0,17.0,2017-04-03 14:34:04,2017-04-03 15:02:46,0.0,80.8,28,14,Monday
692550,2,211.0,237.0,4.0,2017-04-03 14:08:09,2017-04-03 14:34:54,0.0,19.3,26,14,Monday
556954,1,163.0,138.0,11.2,2017-04-06 14:52:33,2017-04-06 15:36:14,0.0,53.46,43,14,Thursday
548468,1,68.0,163.0,2.5,2017-04-03 14:34:48,2017-04-03 14:50:19,0.0,14.3,15,14,Monday
947573,2,170.0,230.0,0.56,2017-04-06 14:30:51,2017-04-06 14:42:56,0.0,9.3,12,14,Thursday
877661,2,249.0,239.0,4.36,2017-04-03 14:58:17,2017-04-03 15:19:44,0.0,22.56,21,14,Monday
549357,1,144.0,100.0,2.9,2017-04-06 14:22:04,2017-04-06 14:51:15,0.0,18.8,29,14,Thursday
107661,2,238.0,238.0,0.26,2017-04-05 14:34:31,2017-04-05 14:35:21,0.0,4.75,0,14,Wednesday
811220,2,163.0,237.0,0.55,2017-04-04 14:46:44,2017-04-04 14:52:19,0.0,6.3,5,14,Tuesday
119610,2,107.0,236.0,3.91,2017-04-05 14:22:28,2017-04-05 14:45:50,0.0,22.56,23,14,Wednesday
916514,2,138.0,160.0,7.17,2017-04-07 14:29:09,2017-04-07 15:02:03,0.0,27.3,32,14,Friday
436298,2,141.0,140.0,1.21,2017-04-07 14:18:07,2017-04-07 14:26:16,0.0,7.8,8,14,Friday
205381,2,90.0,230.0,1.49,2017-04-07 14:11:50,2017-04-07 14:25:58,0.0,13.56,14,14,Friday
1026397,2,125.0,265.0,3.14,2017-04-04 14:26:43,2017-04-04 14:39:21,0.0,45.3,12,14,Tuesday
77810,1,263.0,237.0,1.4,2017-04-03 14:53:03,2017-04-03 15:01:12,0.0,9.95,8,14,Monday
630885,2,161.0,138.0,9.39,2017-04-06 14:55:27,2017-04-06 15:29:19,0.0,46.32,33,14,Thursday
398075,2,151.0,166.0,0.89,2017-04-07 14:23:07,2017-04-07 14:27:29,0.0,6.8,4,14,Friday
870162,1,233.0,237.0,1.5,2017-04-04 14:27:14,2017-04-04 14:38:45,0.0,12.85,11,14,Tuesday
963645,1,141.0,236.0,0.5,2017-04-06 14:35:08,2017-04-06 14:38:11,0.0,6.2,3,14,Thursday
322176,1,239.0,163.0,1.1,2017-04-05 14:29:29,2017-04-05 14:39:08,0.0,9.95,9,14,Wednesday
4124,2,141.0,229.0,1.36,2017-04-07 14:03:48,2017-04-07 14:14:35,0.0,11.16,10,14,Friday
993866,2,158.0,68.0,1.55,2017-04-07 14:38:35,2017-04-07 14:56:01,0.0,12.8,17,14,Friday
397446,1,236.0,239.0,1.7,2017-04-06 14:49:11,2017-04-06 15:02:14,0.0,12.95,13,14,Thursday
304878,1,170.0,140.0,1.7,2017-04-06 14:42:35,2017-04-06 15:04:07,0.0,17.75,21,14,Thursday
627103,2,161.0,237.0,0.98,2017-04-04 14:50:59,2017-04-04 15:01:45,0.0,10.56,10,14,Tuesday
534208,2,138.0,237.0,10.48,2017-04-03 14:46:24,2017-04-03 15:22:34,0.0,49.87,36,14,Monday
960176,2,234.0,107.0,0.84,2017-04-05 14:22:49,2017-04-05 14:33:44,0.0,10.56,10,14,Wednesday
884780,1,211.0,249.0,1.2,2017-04-05 14:32:37,2017-04-05 14:38:28,0.0,8.15,5,14,Wednesday
935089,2,239.0,143.0,0.82,2017-04-07 14:50:39,2017-04-07 14:59:29,0.0,7.8,8,14,Friday
815894,1,161.0,100.0,0.8,2017-04-04 14:59:07,2017-04-04 15:07:12,0.0,8.75,8,14,Tuesday
871206,2,162.0,230.0,0.6,2017-04-05 14:39:06,2017-04-05 14:47:20,0.0,7.3,8,14,Wednesday
498391,1,237.0,263.0,1.0,2017-04-04 14:50:58,2017-04-04 14:57:11,0.0,6.8,6,14,Tuesday
458370,2,238.0,151.0,0.44,2017-04-07 14:13:18,2017-04-07 14:14:56,0.0,5.16,1,14,Friday
22260,2,125.0,164.0,1.88,2017-04-07 14:39:49,2017-04-07 14:50:03,0.0,12.25,10,14,Friday
805959,2,132.0,148.0,19.52,2017-04-03 14:56:34,2017-04-03 15:56:23,0.0,58.56,59,14,Monday
130273,1,74.0,132.0,17.4,2017-04-05 14:30:05,2017-04-05 15:19:44,0.0,70.26,49,14,Wednesday
459832,2,68.0,236.0,3.49,2017-04-04 14:35:32,2017-04-04 15:06:38,0.0,20.8,31,14,Tuesday
906671,2,162.0,237.0,1.14,2017-04-06 14:31:27,2017-04-06 14:56:02,0.0,18.96,24,14,Thursday
493421,1,161.0,161.0,0.2,2017-04-06 14:21:21,2017-04-06 14:27:22,0.0,7.55,6,14,Thursday
425996,2,244.0,200.0,5.61,2017-04-05 14:34:24,2017-04-05 14:45:43,0.0,18.3,11,14,Wednesday
410084,1,79.0,224.0,0.9,2017-04-06 14:57:54,2017-04-06 15:07:22,0.0,9.95,9,14,Thursday
15509,2,236.0,43.0,1.02,2017-04-04 14:17:09,2017-04-04 14:25:16,0.0,9.36,8,14,Tuesday
520925,1,142.0,142.0,0.6,2017-04-05 14:07:07,2017-04-05 14:11:12,0.0,5.8,4,14,Wednesday
697244,2,226.0,129.0,2.16,2017-04-07 14:16:56,2017-04-07 14:27:18,0.0,10.8,10,14,Friday
424119,2,246.0,143.0,2.1,2017-04-05 14:30:16,2017-04-05 14:47:02,0.0,13.3,16,14,Wednesday
439037,1,186.0,161.0,1.5,2017-04-07 14:25:08,2017-04-07 14:40:25,0.0,11.8,15,14,Friday
186886,2,125.0,138.0,12.12,2017-04-06 14:17:54,2017-04-06 15:02:19,0.0,54.07,44,14,Thursday
171549,1,137.0,186.0,1.1,2017-04-05 14:09:40,2017-04-05 14:21:39,0.0,9.8,11,14,Wednesday
731987,2,230.0,142.0,1.17,2017-04-03 14:43:26,2017-04-03 14:55:27,0.0,12.25,12,14,Monday
750214,2,13.0,211.0,1.59,2017-04-03 14:31:30,2017-04-03 14:43:25,0.0,12.3,11,14,Monday
847336,2,132.0,161.0,18.2,2017-04-04 14:54:22,2017-04-04 15:48:22,0.0,70.27,54,14,Tuesday
83360,1,141.0,74.0,3.2,2017-04-06 14:19:37,2017-04-06 14:33:55,0.0,16.6,14,14,Thursday
164633,1,263.0,239.0,1.8,2017-04-05 14:55:25,2017-04-05 15:14:39,0.0,16.55,19,14,Wednesday
1041340,2,249.0,186.0,0.96,2017-04-07 14:47:07,2017-04-07 14:56:29,0.0,10.38,9,14,Friday
546770,1,161.0,237.0,0.4,2017-04-05 14:47:30,2017-04-05 14:54:10,0.0,6.3,6,14,Wednesday
690262,1,161.0,236.0,1.8,2017-04-05 14:01:06,2017-04-05 14:17:52,0.0,15.35,16,14,Wednesday
209016,2,230.0,229.0,1.1,2017-04-03 14:12:44,2017-04-03 14:25:53,0.0,10.3,13,14,Monday
441218,2,263.0,75.0,1.3,2017-04-05 14:37:47,2017-04-05 14:53:35,0.0,11.3,15,14,Wednesday
851869,2,48.0,236.0,3.11,2017-04-03 14:18:30,2017-04-03 14:32:45,0.0,17.25,14,14,Monday
720003,2,125.0,25.0,3.89,2017-04-03 14:01:33,2017-04-03 14:23:41,0.0,21.96,22,14,Monday
605699,1,79.0,37.0,4.4,2017-04-03 14:20:43,2017-04-03 14:55:38,0.0,32.2,34,14,Monday
932632,1,114.0,161.0,2.7,2017-04-04 14:36:21,2017-04-04 15:13:15,0.0,27.35,36,14,Tuesday
38268,1,237.0,236.0,1.5,2017-04-03 14:32:53,2017-04-03 14:43:34,0.0,11.6,10,14,Monday
4467,2,162.0,237.0,1.07,2017-04-07 14:17:40,2017-04-07 14:25:27,0.0,8.97,7,14,Friday
842735,2,261.0,48.0,5.09,2017-04-04 14:45:53,2017-04-04 15:06:46,0.0,23.16,20,14,Tuesday
690407,2,141.0,263.0,1.07,2017-04-06 14:54:15,2017-04-06 14:59:22,0.0,8.19,5,14,Thursday
1034280,1,234.0,100.0,1.5,2017-04-03 14:49:44,2017-04-03 15:08:52,0.0,15.95,19,14,Monday
497140,2,163.0,161.0,1.56,2017-04-04 14:06:18,2017-04-04 14:22:21,0.0,12.8,16,14,Tuesday
359436,2,90.0,161.0,2.11,2017-04-03 14:59:02,2017-04-03 15:16:21,0.0,15.36,17,14,Monday
355118,1,43.0,152.0,3.4,2017-04-06 14:50:14,2017-04-06 15:13:41,0.0,17.3,23,14,Thursday
23642,2,238.0,75.0,1.52,2017-04-04 14:31:09,2017-04-04 14:42:31,0.0,11.76,11,14,Tuesday
471882,1,164.0,233.0,1.0,2017-04-03 14:11:07,2017-04-03 14:17:28,0.0,6.8,6,14,Monday
190653,1,43.0,142.0,0.7,2017-04-03 14:06:45,2017-04-03 14:10:19,0.0,5.8,3,14,Monday
14085,2,161.0,186.0,1.52,2017-04-04 14:26:28,2017-04-04 14:48:45,0.0,17.76,22,14,Tuesday
927463,1,239.0,75.0,2.0,2017-04-07 14:13:00,2017-04-07 14:31:59,0.0,16.55,18,14,Friday
228374,2,151.0,238.0,0.7,2017-04-06 14:16:30,2017-04-06 14:20:10,0.0,5.8,3,14,Thursday
245821,1,186.0,68.0,0.6,2017-04-05 14:57:28,2017-04-05 15:06:24,0.0,7.81,8,14,Wednesday
501307,1,140.0,224.0,3.4,2017-04-07 14:45:27,2017-04-07 14:53:58,0.0,12.8,8,14,Friday
398607,2,140.0,45.0,6.17,2017-04-04 14:59:04,2017-04-04 15:12:20,0.0,19.3,13,14,Tuesday
244355,2,166.0,151.0,1.04,2017-04-06 14:03:33,2017-04-06 14:08:52,0.0,8.5,5,14,Thursday
158113,1,113.0,164.0,1.0,2017-04-04 14:44:26,2017-04-04 14:52:33,0.0,9.35,8,14,Tuesday
551002,2,75.0,164.0,3.12,2017-04-07 14:40:00,2017-04-07 15:15:07,0.0,22.8,35,14,Friday
234131,2,68.0,239.0,3.08,2017-04-03 14:54:50,2017-04-03 15:11:19,0.0,15.55,16,14,Monday
897541,1,261.0,181.0,5.7,2017-04-06 14:21:51,2017-04-06 14:52:28,0.0,22.8,30,14,Thursday
451686,1,90.0,125.0,1.2,2017-04-07 14:54:17,2017-04-07 15:00:56,0.0,9.1,6,14,Friday
320933,2,230.0,142.0,1.33,2017-04-05 14:40:07,2017-04-05 14:50:11,0.0,8.8,10,14,Wednesday
900527,2,238.0,239.0,1.01,2017-04-05 14:26:10,2017-04-05 14:33:26,0.0,7.3,7,14,Wednesday
526519,2,50.0,142.0,1.57,2017-04-04 14:00:19,2017-04-04 14:08:26,0.0,9.0,8,14,Tuesday
705248,2,142.0,43.0,1.71,2017-04-04 14:42:42,2017-04-04 14:57:21,0.0,13.56,14,14,Tuesday
731921,1,48.0,50.0,0.8,2017-04-07 14:43:54,2017-04-07 14:50:05,0.0,8.8,6,14,Friday
957813,1,233.0,142.0,2.3,2017-04-05 14:19:14,2017-04-05 14:46:49,0.0,21.35,27,14,Wednesday
777187,2,113.0,186.0,1.8,2017-04-07 14:49:05,2017-04-07 15:09:12,0.0,17.88,20,14,Friday
361906,1,88.0,162.0,5.5,2017-04-07 14:47:35,2017-04-07 15:04:43,0.0,23.15,17,14,Friday
710993,1,164.0,161.0,1.4,2017-04-03 14:16:39,2017-04-03 14:29:31,0.0,10.3,12,14,Monday
293864,2,186.0,161.0,0.82,2017-04-06 14:05:22,2017-04-06 14:16:57,0.0,8.8,11,14,Thursday
63690,1,238.0,239.0,1.0,2017-04-07 14:44:12,2017-04-07 14:50:13,0.0,8.15,6,14,Friday
474678,2,143.0,68.0,1.75,2017-04-04 14:46:04,2017-04-04 14:54:31,0.0,8.8,8,14,Tuesday
511884,2,164.0,137.0,1.39,2017-04-04 14:57:27,2017-04-04 15:12:12,0.0,13.56,14,14,Tuesday
855775,1,236.0,237.0,1.1,2017-04-03 14:58:41,2017-04-03 15:06:58,0.0,8.3,8,14,Monday
379759,2,148.0,233.0,3.09,2017-04-06 14:04:58,2017-04-06 14:15:50,0.0,15.36,10,14,Thursday
632948,1,230.0,186.0,0.5,2017-04-07 14:43:02,2017-04-07 14:45:23,0.0,6.2,2,14,Friday
992656,2,262.0,236.0,1.05,2017-04-04 14:50:14,2017-04-04 14:58:10,0.0,7.8,7,14,Tuesday
1019555,2,144.0,161.0,2.67,2017-04-07 14:13:16,2017-04-07 14:30:48,0.0,16.05,17,14,Friday
852083,1,107.0,162.0,1.1,2017-04-05 14:30:05,2017-04-05 14:38:25,0.0,10.3,8,14,Wednesday
184051,1,237.0,229.0,1.2,2017-04-05 14:42:32,2017-04-05 14:51:33,0.0,9.96,9,14,Wednesday
41696,2,151.0,166.0,0.35,2017-04-06 14:12:35,2017-04-06 14:14:06,0.0,5.16,1,14,Thursday
143906,1,142.0,163.0,0.5,2017-04-06 14:17:58,2017-04-06 14:21:54,0.0,6.3,3,14,Thursday
148463,2,142.0,239.0,0.58,2017-04-05 14:25:55,2017-04-05 14:30:10,0.0,6.96,4,14,Wednesday
793294,2,161.0,236.0,1.87,2017-04-07 14:27:47,2017-04-07 14:46:42,0.0,13.8,18,14,Friday
817615,1,146.0,146.0,0.8,2017-04-06 14:52:42,2017-04-06 14:58:09,0.0,6.3,5,14,Thursday
655495,2,140.0,237.0,0.58,2017-04-05 14:56:25,2017-04-05 15:04:39,0.0,9.49,8,14,Wednesday
110761,2,142.0,162.0,0.9,2017-04-06 14:39:31,2017-04-06 14:54:21,0.0,12.42,14,14,Thursday
976208,1,239.0,151.0,1.0,2017-04-06 14:48:06,2017-04-06 14:56:26,0.0,7.8,8,14,Thursday
564221,1,162.0,236.0,2.5,2017-04-07 14:25:54,2017-04-07 14:43:41,0.0,13.3,17,14,Friday
52487,2,114.0,170.0,2.16,2017-04-05 14:44:43,2017-04-05 15:06:12,0.0,18.36,21,14,Wednesday
858115,2,142.0,48.0,0.68,2017-04-07 14:48:51,2017-04-07 14:52:35,0.0,6.96,3,14,Friday
787869,1,170.0,161.0,0.5,2017-04-06 14:19:00,2017-04-06 14:29:16,0.0,10.75,10,14,Thursday
261976,2,234.0,158.0,1.94,2017-04-07 14:49:29,2017-04-07 15:01:59,0.0,11.3,12,14,Friday
662954,2,234.0,161.0,1.59,2017-04-03 14:35:23,2017-04-03 14:46:27,0.0,11.76,11,14,Monday
511144,2,13.0,209.0,2.24,2017-04-04 14:49:41,2017-04-04 14:59:53,0.0,10.8,10,14,Tuesday
904668,1,90.0,68.0,0.7,2017-04-05 14:06:50,2017-04-05 14:13:26,0.0,6.8,6,14,Wednesday
889335,2,87.0,229.0,6.15,2017-04-05 14:46:26,2017-04-05 15:07:16,0.0,26.16,20,14,Wednesday
938705,1,142.0,140.0,1.9,2017-04-06 14:32:10,2017-04-06 14:48:59,0.0,15.35,16,14,Thursday
916933,2,50.0,107.0,4.31,2017-04-05 14:47:47,2017-04-05 15:23:32,0.0,29.16,35,14,Wednesday
516302,2,186.0,90.0,0.8,2017-04-05 14:06:38,2017-04-05 14:14:17,0.0,7.3,7,14,Wednesday
213200,1,142.0,237.0,1.7,2017-04-04 14:41:07,2017-04-04 14:55:02,0.0,12.43,13,14,Tuesday
60002,1,68.0,90.0,0.4,2017-04-03 14:19:55,2017-04-03 14:23:36,0.0,5.3,3,14,Monday
330094,2,138.0,125.0,11.23,2017-04-07 14:29:33,2017-04-07 15:39:05,0.0,49.8,69,14,Friday
821954,2,13.0,181.0,4.46,2017-04-05 14:03:27,2017-04-05 14:28:18,0.0,29.56,24,14,Wednesday
391279,1,233.0,249.0,2.2,2017-04-07 14:42:33,2017-04-07 14:58:04,0.0,14.75,15,14,Friday
655252,2,239.0,244.0,6.27,2017-04-05 14:31:56,2017-04-05 14:48:14,0.0,21.8,16,14,Wednesday
803285,1,79.0,113.0,0.5,2017-04-07 14:19:41,2017-04-07 14:25:40,0.0,7.55,5,14,Friday
19449,2,209.0,45.0,0.52,2017-04-03 14:02:34,2017-04-03 14:05:57,0.0,5.3,3,14,Monday
849647,2,138.0,70.0,1.75,2017-04-06 14:40:40,2017-04-06 14:48:17,0.0,10.79,7,14,Thursday
1015749,2,237.0,237.0,0.49,2017-04-03 14:23:50,2017-04-03 14:25:59,0.0,4.8,2,14,Monday
232080,2,233.0,164.0,0.75,2017-04-07 14:19:33,2017-04-07 14:37:38,0.0,14.76,18,14,Friday
294993,1,232.0,231.0,1.2,2017-04-04 14:58:10,2017-04-04 15:12:47,0.0,12.8,14,14,Tuesday
260148,1,238.0,42.0,3.6,2017-04-06 14:58:40,2017-04-06 15:23:42,0.0,18.3,25,14,Thursday
973329,2,161.0,163.0,1.08,2017-04-03 14:07:18,2017-04-03 14:15:04,0.0,9.75,7,14,Monday
143956,1,170.0,113.0,1.1,2017-04-05 14:24:31,2017-04-05 14:31:55,0.0,8.75,7,14,Wednesday
448310,1,142.0,140.0,2.0,2017-04-03 14:01:54,2017-04-03 14:15:57,0.0,13.55,14,14,Monday
614838,1,236.0,142.0,1.6,2017-04-07 14:19:49,2017-04-07 14:28:44,0.0,11.15,8,14,Friday
716377,2,138.0,161.0,9.39,2017-04-04 14:50:40,2017-04-04 15:23:38,0.0,49.45,32,14,Tuesday
246410,2,262.0,236.0,0.57,2017-04-06 14:49:04,2017-04-06 14:52:09,0.0,5.3,3,14,Thursday
883210,2,75.0,42.0,1.25,2017-04-07 14:23:26,2017-04-07 14:28:02,0.0,8.16,4,14,Friday
448701,2,75.0,75.0,0.49,2017-04-06 14:28:23,2017-04-06 14:30:43,0.0,4.8,2,14,Thursday
458042,1,237.0,262.0,1.0,2017-04-04 14:32:26,2017-04-04 14:40:14,0.0,8.75,7,14,Tuesday
378253,1,90.0,163.0,2.2,2017-04-07 14:43:27,2017-04-07 15:02:38,0.0,14.3,19,14,Friday
703277,1,140.0,263.0,1.1,2017-04-04 14:20:46,2017-04-04 14:26:28,0.0,6.8,5,14,Tuesday
254886,1,43.0,161.0,2.7,2017-04-04 14:03:57,2017-04-04 14:25:44,0.0,19.55,21,14,Tuesday
435761,2,262.0,239.0,1.55,2017-04-05 14:32:26,2017-04-05 14:47:01,0.0,11.8,14,14,Wednesday
347410,1,143.0,143.0,0.7,2017-04-04 14:54:42,2017-04-04 15:07:06,0.0,12.7,12,14,Tuesday
561968,1,261.0,87.0,0.8,2017-04-07 14:36:47,2017-04-07 14:42:40,0.0,6.8,5,14,Friday
685821,1,162.0,236.0,1.6,2017-04-07 14:35:33,2017-04-07 14:47:52,0.0,12.85,12,14,Friday
696760,2,230.0,231.0,3.31,2017-04-03 14:21:30,2017-04-03 14:48:01,0.0,21.96,26,14,Monday
222419,1,163.0,88.0,6.9,2017-04-05 14:27:25,2017-04-05 15:00:28,0.0,36.75,33,14,Wednesday
799270,1,75.0,68.0,4.3,2017-04-04 14:09:48,2017-04-04 14:38:25,0.0,21.3,28,14,Tuesday
268606,1,249.0,186.0,1.4,2017-04-05 14:07:02,2017-04-05 14:26:19,0.0,13.3,19,14,Wednesday
555039,1,48.0,164.0,0.9,2017-04-03 14:51:48,2017-04-03 15:03:52,0.0,9.8,12,14,Monday
628899,1,237.0,237.0,0.8,2017-04-06 14:34:59,2017-04-06 14:43:16,0.0,9.35,8,14,Thursday
825413,2,170.0,87.0,5.08,2017-04-04 14:40:59,2017-04-04 15:02:18,0.0,25.56,21,14,Tuesday
606646,1,163.0,239.0,1.5,2017-04-04 14:33:31,2017-04-04 14:41:37,0.0,8.3,8,14,Tuesday
63008,2,161.0,237.0,1.53,2017-04-04 14:33:31,2017-04-04 14:47:12,0.0,12.8,13,14,Tuesday
189512,2,229.0,170.0,1.3,2017-04-04 14:11:43,2017-04-04 14:21:58,0.0,8.8,10,14,Tuesday
753493,1,231.0,234.0,2.0,2017-04-05 14:38:01,2017-04-05 14:51:35,0.0,14.15,13,14,Wednesday
1033933,1,237.0,163.0,0.9,2017-04-06 14:20:16,2017-04-06 14:28:45,0.0,7.8,8,14,Thursday
653007,2,249.0,100.0,1.49,2017-04-05 14:56:01,2017-04-05 15:08:31,0.0,11.3,12,14,Wednesday
652529,2,234.0,107.0,1.27,2017-04-07 14:28:27,2017-04-07 14:36:58,0.0,8.3,8,14,Friday
373148,2,237.0,236.0,1.09,2017-04-04 14:52:54,2017-04-04 15:08:21,0.0,11.3,15,14,Tuesday
109525,1,161.0,237.0,0.4,2017-04-05 14:09:26,2017-04-05 14:13:54,0.0,5.3,4,14,Wednesday
149139,2,164.0,137.0,0.82,2017-04-07 14:54:56,2017-04-07 15:02:42,0.0,8.76,7,14,Friday
956236,1,142.0,239.0,0.9,2017-04-07 14:21:27,2017-04-07 14:28:35,0.0,9.36,7,14,Friday
940325,1,249.0,138.0,10.6,2017-04-04 14:33:54,2017-04-04 15:05:12,0.0,48.66,31,14,Tuesday
262708,1,100.0,161.0,0.9,2017-04-07 14:11:35,2017-04-07 14:20:46,0.0,9.95,9,14,Friday
286911,1,164.0,163.0,1.5,2017-04-03 14:47:39,2017-04-03 14:57:16,0.0,8.8,9,14,Monday
286675,1,141.0,161.0,2.2,2017-04-04 14:58:46,2017-04-04 15:16:08,0.0,13.3,17,14,Tuesday
145267,2,249.0,249.0,0.39,2017-04-05 14:02:42,2017-04-05 14:05:32,0.0,5.8,2,14,Wednesday
292165,1,142.0,237.0,1.0,2017-04-07 14:06:50,2017-04-07 14:13:09,0.0,6.8,6,14,Friday
496146,1,237.0,162.0,1.6,2017-04-04 14:03:15,2017-04-04 14:16:57,0.0,12.95,13,14,Tuesday
778516,1,164.0,164.0,0.6,2017-04-04 14:27:03,2017-04-04 14:33:39,0.0,8.8,6,14,Tuesday
366582,1,186.0,230.0,1.4,2017-04-04 14:03:41,2017-04-04 14:23:03,0.0,13.3,19,14,Tuesday
773439,1,161.0,141.0,2.0,2017-04-06 14:21:37,2017-04-06 14:45:23,0.0,18.95,23,14,Thursday
870467,2,162.0,90.0,2.08,2017-04-04 14:37:34,2017-04-04 14:51:44,0.0,14.16,14,14,Tuesday
286057,1,236.0,236.0,0.7,2017-04-03 14:16:38,2017-04-03 14:22:00,0.0,7.56,5,14,Monday
755518,1,264.0,264.0,0.6,2017-04-06 14:31:04,2017-04-06 14:35:45,0.0,6.95,4,14,Thursday
889400,2,164.0,43.0,2.79,2017-04-06 14:24:44,2017-04-06 15:03:23,0.0,22.8,38,14,Thursday
830415,1,163.0,186.0,2.0,2017-04-05 14:50:40,2017-04-05 15:10:38,0.0,14.3,19,14,Wednesday
312666,2,230.0,90.0,1.58,2017-04-06 14:35:38,2017-04-06 14:49:19,0.0,13.5,13,14,Thursday
945027,1,170.0,263.0,2.4,2017-04-07 14:48:04,2017-04-07 15:05:43,0.0,16.56,17,14,Friday
853413,2,132.0,170.0,17.58,2017-04-07 14:37:52,2017-04-07 15:47:49,0.0,63.56,69,14,Friday
782519,1,256.0,113.0,3.2,2017-04-05 14:17:08,2017-04-05 14:37:53,0.0,18.8,20,14,Wednesday
922612,2,238.0,236.0,1.63,2017-04-04 14:34:56,2017-04-04 14:44:51,0.0,10.23,9,14,Tuesday
525192,2,132.0,208.0,15.46,2017-04-06 14:54:25,2017-04-06 15:34:46,0.0,44.8,40,14,Thursday
844837,2,161.0,113.0,2.87,2017-04-07 14:41:58,2017-04-07 15:05:44,0.0,16.8,23,14,Friday
117751,2,79.0,114.0,0.47,2017-04-06 14:17:48,2017-04-06 14:22:47,0.0,5.8,4,14,Thursday
82526,1,163.0,100.0,1.0,2017-04-05 14:16:08,2017-04-05 14:23:36,0.0,9.1,7,14,Wednesday
258039,1,236.0,236.0,0.4,2017-04-03 14:47:49,2017-04-03 14:49:53,0.0,4.94,2,14,Monday
501039,1,238.0,239.0,0.5,2017-04-07 14:25:35,2017-04-07 14:28:25,0.0,6.0,2,14,Friday
405691,1,100.0,233.0,1.5,2017-04-07 14:02:02,2017-04-07 14:17:35,0.0,11.3,15,14,Friday
309805,2,237.0,43.0,1.22,2017-04-05 14:49:12,2017-04-05 14:59:17,0.0,8.3,10,14,Wednesday
902695,2,100.0,90.0,1.09,2017-04-05 14:04:32,2017-04-05 14:11:52,0.0,9.3,7,14,Wednesday
739883,2,170.0,230.0,1.28,2017-04-04 14:32:16,2017-04-04 14:45:08,0.0,10.3,12,14,Tuesday
581690,2,234.0,161.0,0.94,2017-04-04 14:08:41,2017-04-04 14:24:35,0.0,13.56,15,14,Tuesday
452808,2,113.0,100.0,1.97,2017-04-05 14:29:05,2017-04-05 14:40:37,0.0,10.3,11,14,Wednesday
484772,1,166.0,238.0,1.6,2017-04-06 14:40:15,2017-04-06 14:44:56,0.0,8.75,4,14,Thursday
740178,2,237.0,262.0,1.4,2017-04-07 14:26:49,2017-04-07 14:37:07,0.0,12.09,10,14,Friday
366714,1,161.0,141.0,1.1,2017-04-06 14:38:30,2017-04-06 14:44:44,0.0,8.75,6,14,Thursday
901810,1,236.0,142.0,1.8,2017-04-03 14:57:59,2017-04-03 15:07:52,0.0,12.35,9,14,Monday
30126,1,142.0,163.0,0.7,2017-04-04 14:56:00,2017-04-04 14:59:31,0.0,6.95,3,14,Tuesday
1017089,2,186.0,163.0,1.99,2017-04-05 14:06:49,2017-04-05 14:27:10,0.0,16.56,20,14,Wednesday
93516,1,237.0,75.0,2.3,2017-04-06 14:27:14,2017-04-06 14:41:14,0.0,11.8,14,14,Thursday
1024350,2,186.0,79.0,1.84,2017-04-04 14:52:49,2017-04-04 15:13:12,0.0,17.16,20,14,Tuesday
1048484,2,24.0,238.0,0.74,2017-04-07 14:57:23,2017-04-07 15:01:17,0.0,5.8,3,14,Friday
462984,1,230.0,163.0,0.8,2017-04-06 14:41:30,2017-04-06 14:52:44,0.0,9.8,11,14,Thursday
394270,2,237.0,140.0,1.0,2017-04-07 14:40:51,2017-04-07 14:47:29,0.0,8.76,6,14,Friday
977330,2,138.0,263.0,8.86,2017-04-04 14:06:20,2017-04-04 14:29:32,0.0,40.87,23,14,Tuesday
445007,1,148.0,68.0,2.4,2017-04-05 14:32:40,2017-04-05 14:50:24,0.0,16.55,17,14,Wednesday
984186,1,113.0,114.0,0.5,2017-04-04 14:02:39,2017-04-04 14:08:56,0.0,6.3,6,14,Tuesday
996755,1,140.0,143.0,1.7,2017-04-06 14:07:49,2017-04-06 14:29:55,0.0,14.8,22,14,Thursday
646631,2,263.0,100.0,3.05,2017-04-04 14:02:13,2017-04-04 14:27:14,0.0,21.36,25,14,Tuesday
596286,2,132.0,100.0,17.41,2017-04-04 14:12:42,2017-04-04 14:59:44,0.0,58.56,47,14,Tuesday
20245,1,161.0,161.0,0.5,2017-04-04 14:05:19,2017-04-04 14:13:26,0.0,7.3,8,14,Tuesday
966033,1,144.0,79.0,1.1,2017-04-06 14:41:58,2017-04-06 14:49:12,0.0,9.1,7,14,Thursday
377192,1,90.0,249.0,0.9,2017-04-07 14:05:57,2017-04-07 14:10:46,0.0,8.15,4,14,Friday
924708,1,236.0,140.0,1.7,2017-04-04 14:33:41,2017-04-04 14:47:08,0.0,13.5,13,14,Tuesday
549471,2,114.0,234.0,1.09,2017-04-04 14:37:42,2017-04-04 14:50:25,0.0,12.25,12,14,Tuesday
786593,2,237.0,161.0,1.27,2017-04-07 14:09:26,2017-04-07 14:18:44,0.0,9.8,9,14,Friday
834417,1,170.0,107.0,0.7,2017-04-03 14:49:33,2017-04-03 14:53:14,0.0,6.35,3,14,Monday
745242,2,170.0,234.0,0.84,2017-04-06 14:35:05,2017-04-06 14:40:10,0.0,7.56,5,14,Thursday
238089,1,237.0,236.0,1.4,2017-04-05 14:22:05,2017-04-05 14:33:02,0.0,9.3,10,14,Wednesday
162027,1,211.0,113.0,1.0,2017-04-06 14:57:48,2017-04-06 15:06:12,0.0,7.8,8,14,Thursday
603342,1,141.0,246.0,2.7,2017-04-07 14:26:57,2017-04-07 15:02:26,0.0,27.85,35,14,Friday
53085,2,236.0,262.0,1.05,2017-04-06 14:50:39,2017-04-06 14:58:52,0.0,8.8,8,14,Thursday
618842,2,161.0,246.0,2.43,2017-04-05 14:53:21,2017-04-05 15:13:48,0.0,14.8,20,14,Wednesday
525877,2,249.0,100.0,1.97,2017-04-04 14:31:04,2017-04-04 14:44:21,0.0,13.56,13,14,Tuesday
657062,1,186.0,163.0,2.1,2017-04-07 14:41:54,2017-04-07 14:59:15,0.0,15.95,17,14,Friday
799024,1,114.0,13.0,1.8,2017-04-03 14:34:22,2017-04-03 14:46:16,0.0,13.5,11,14,Monday
156248,1,230.0,132.0,17.0,2017-04-05 14:01:47,2017-04-05 15:12:43,0.0,52.8,70,14,Wednesday
699700,2,262.0,237.0,1.47,2017-04-06 14:03:33,2017-04-06 14:17:30,0.0,11.3,13,14,Thursday
936544,2,236.0,237.0,1.08,2017-04-06 14:47:14,2017-04-06 14:56:47,0.0,8.3,9,14,Thursday
686716,2,107.0,231.0,1.81,2017-04-05 14:34:28,2017-04-05 14:47:58,0.0,12.96,13,14,Wednesday
142694,2,87.0,209.0,2.2,2017-04-06 14:35:25,2017-04-06 14:43:04,0.0,10.3,7,14,Thursday
590089,1,264.0,163.0,0.7,2017-04-04 14:55:08,2017-04-04 15:02:02,0.0,6.8,6,14,Tuesday
465239,2,170.0,163.0,1.46,2017-04-05 14:15:41,2017-04-05 14:37:16,0.0,17.16,21,14,Wednesday
966975,2,90.0,158.0,0.63,2017-04-07 14:00:14,2017-04-07 14:05:24,0.0,5.8,5,14,Friday
865359,2,230.0,234.0,1.63,2017-04-05 14:17:15,2017-04-05 14:33:00,0.0,11.8,15,14,Wednesday
396427,1,161.0,162.0,0.8,2017-04-06 14:53:52,2017-04-06 15:10:11,0.0,14.65,16,14,Thursday
106507,1,230.0,48.0,0.6,2017-04-03 14:13:23,2017-04-03 14:17:56,0.0,5.8,4,14,Monday
126941,1,48.0,68.0,0.6,2017-04-04 14:45:37,2017-04-04 14:48:40,0.0,6.6,3,14,Tuesday
180392,2,170.0,234.0,1.44,2017-04-04 14:53:36,2017-04-04 15:01:39,0.0,9.54,8,14,Tuesday
278338,1,138.0,223.0,1.4,2017-04-05 14:29:53,2017-04-05 14:36:17,0.0,7.8,6,14,Wednesday
1045742,2,229.0,233.0,0.94,2017-04-06 14:20:37,2017-04-06 14:27:17,0.0,8.03,6,14,Thursday
809648,2,100.0,90.0,1.18,2017-04-03 14:05:15,2017-04-03 14:15:35,0.0,8.8,10,14,Monday
622089,1,237.0,141.0,0.6,2017-04-07 14:01:10,2017-04-07 14:09:22,0.0,7.3,8,14,Friday
456236,2,100.0,48.0,0.96,2017-04-07 14:06:16,2017-04-07 14:18:58,0.0,10.8,12,14,Friday
881231,1,50.0,68.0,1.6,2017-04-07 14:06:23,2017-04-07 14:14:56,0.0,11.15,8,14,Friday
470926,2,246.0,68.0,0.75,2017-04-05 14:27:42,2017-04-05 14:32:41,0.0,6.3,4,14,Wednesday
639785,2,186.0,234.0,1.08,2017-04-04 14:57:56,2017-04-04 15:07:06,0.0,9.96,9,14,Tuesday
140067,1,50.0,79.0,4.1,2017-04-07 14:51:40,2017-04-07 15:21:22,0.0,26.15,29,14,Friday
277135,2,151.0,41.0,1.58,2017-04-07 14:23:19,2017-04-07 14:33:39,0.0,12.25,10,14,Friday
240030,2,107.0,79.0,0.62,2017-04-03 14:03:44,2017-04-03 14:07:05,0.0,6.3,3,14,Monday
113564,1,90.0,231.0,1.5,2017-04-07 14:47:51,2017-04-07 14:56:53,0.0,9.8,9,14,Friday
154123,2,230.0,161.0,0.61,2017-04-04 14:47:36,2017-04-04 14:58:30,0.0,10.56,10,14,Tuesday
721660,1,137.0,170.0,0.4,2017-04-06 14:39:57,2017-04-06 14:48:25,0.0,7.3,8,14,Thursday
121358,1,229.0,141.0,0.6,2017-04-04 14:46:32,2017-04-04 14:50:00,0.0,5.3,3,14,Tuesday
471190,2,90.0,211.0,1.5,2017-04-04 14:09:36,2017-04-04 14:19:42,0.0,11.16,10,14,Tuesday
357998,1,144.0,249.0,1.2,2017-04-04 14:49:39,2017-04-04 14:58:41,0.0,11.0,9,14,Tuesday
51008,1,43.0,151.0,3.1,2017-04-07 14:00:13,2017-04-07 14:27:01,0.0,20.8,26,14,Friday
256604,1,224.0,107.0,0.5,2017-04-03 14:54:10,2017-04-03 15:00:03,0.0,6.3,5,14,Monday
858792,1,141.0,140.0,0.5,2017-04-05 14:39:52,2017-04-05 14:42:32,0.0,5.75,2,14,Wednesday
573781,2,261.0,48.0,3.96,2017-04-07 14:46:25,2017-04-07 15:12:46,0.0,20.3,26,14,Friday
830595,2,230.0,1.0,17.41,2017-04-06 14:58:13,2017-04-06 15:54:29,0.0,101.76,56,14,Thursday
931278,1,144.0,230.0,3.4,2017-04-04 14:23:42,2017-04-04 15:02:07,0.0,23.8,38,14,Tuesday
438532,1,262.0,141.0,1.2,2017-04-05 14:29:49,2017-04-05 14:38:27,0.0,8.3,8,14,Wednesday
746658,1,164.0,48.0,1.3,2017-04-03 14:18:39,2017-04-03 14:30:50,0.0,11.75,12,14,Monday
912852,2,43.0,90.0,2.62,2017-04-05 14:46:29,2017-04-05 15:03:44,0.0,13.8,17,14,Wednesday
512463,2,237.0,170.0,1.26,2017-04-07 14:32:07,2017-04-07 14:41:15,0.0,10.3,9,14,Friday
48487,2,238.0,236.0,1.4,2017-04-07 14:36:31,2017-04-07 14:43:32,0.0,8.97,7,14,Friday
289247,2,151.0,244.0,4.5,2017-04-05 14:03:35,2017-04-05 14:17:01,0.0,18.3,13,14,Wednesday
42387,2,164.0,163.0,1.6,2017-04-05 14:45:19,2017-04-05 15:00:30,0.0,13.56,15,14,Wednesday
237012,2,239.0,48.0,2.12,2017-04-06 14:43:57,2017-04-06 14:57:26,0.0,11.3,13,14,Thursday
659250,2,48.0,74.0,4.97,2017-04-07 14:29:22,2017-04-07 14:55:29,0.0,20.8,26,14,Friday
7651,1,238.0,239.0,0.7,2017-04-05 14:56:05,2017-04-05 15:00:43,0.0,6.95,4,14,Wednesday
280724,1,143.0,142.0,0.5,2017-04-05 14:57:58,2017-04-05 15:01:04,0.0,4.8,3,14,Wednesday
815275,2,142.0,238.0,1.42,2017-04-05 14:02:49,2017-04-05 14:09:42,0.0,9.3,6,14,Wednesday
654856,1,13.0,170.0,6.0,2017-04-06 14:11:28,2017-04-06 14:33:29,0.0,24.95,22,14,Thursday
724675,2,116.0,238.0,3.53,2017-04-07 14:56:12,2017-04-07 15:18:55,0.0,20.13,22,14,Friday
572367,1,230.0,100.0,0.5,2017-04-03 14:31:30,2017-04-03 14:36:06,0.0,5.3,4,14,Monday
733927,1,142.0,75.0,2.0,2017-04-05 14:26:07,2017-04-05 14:37:02,0.0,10.8,10,14,Wednesday
1034746,1,238.0,239.0,1.1,2017-04-07 14:22:40,2017-04-07 14:28:23,0.0,8.5,5,14,Friday
144796,2,231.0,68.0,2.74,2017-04-03 14:19:43,2017-04-03 14:29:34,0.0,11.3,9,14,Monday
980534,1,186.0,90.0,1.0,2017-04-04 14:41:55,2017-04-04 14:47:16,0.0,6.8,5,14,Tuesday
426551,2,113.0,211.0,1.02,2017-04-07 14:47:24,2017-04-07 14:55:55,0.0,9.75,8,14,Friday
593593,1,229.0,170.0,1.2,2017-04-07 14:13:27,2017-04-07 14:27:27,0.0,12.95,14,14,Friday
885790,1,238.0,262.0,2.0,2017-04-07 14:02:26,2017-04-07 14:15:46,0.0,13.55,13,14,Friday
495700,2,170.0,164.0,1.12,2017-04-06 14:58:25,2017-04-06 15:16:37,0.0,12.3,18,14,Thursday
1035102,2,234.0,163.0,1.98,2017-04-04 14:42:20,2017-04-04 14:59:35,0.0,15.36,17,14,Tuesday
75870,1,142.0,75.0,2.9,2017-04-03 14:25:01,2017-04-03 14:38:44,0.0,12.8,13,14,Monday
592316,1,236.0,161.0,2.1,2017-04-06 14:11:26,2017-04-06 14:40:48,0.0,22.55,29,14,Thursday
913579,1,161.0,211.0,3.0,2017-04-07 14:06:45,2017-04-07 14:24:27,0.0,17.15,17,14,Friday
594608,1,4.0,114.0,1.4,2017-04-04 14:52:58,2017-04-04 15:01:25,0.0,8.8,8,14,Tuesday
1012438,1,238.0,263.0,1.3,2017-04-03 14:49:54,2017-04-03 15:00:18,0.0,11.15,10,14,Monday
327925,1,234.0,113.0,0.8,2017-04-06 14:47:38,2017-04-06 14:51:58,0.0,7.25,4,14,Thursday
419948,2,161.0,114.0,2.51,2017-04-07 14:26:39,2017-04-07 14:44:38,0.0,13.8,17,14,Friday
984809,2,186.0,249.0,1.79,2017-04-04 14:44:22,2017-04-04 15:01:21,0.0,12.3,16,14,Tuesday
702646,1,79.0,232.0,2.3,2017-04-04 14:12:33,2017-04-04 14:33:07,0.0,18.35,20,14,Tuesday
285415,2,132.0,132.0,0.0,2017-04-03 14:04:21,2017-04-03 14:07:44,0.0,52.85,3,14,Monday
370096,1,141.0,237.0,1.1,2017-04-07 14:05:49,2017-04-07 14:14:17,0.0,9.96,8,14,Friday
532758,1,170.0,141.0,1.5,2017-04-04 14:03:22,2017-04-04 14:12:38,0.0,10.8,9,14,Tuesday
413379,2,236.0,237.0,0.96,2017-04-04 14:53:45,2017-04-04 15:00:46,0.0,9.3,7,14,Tuesday
994729,2,142.0,141.0,1.71,2017-04-07 14:41:57,2017-04-07 14:54:36,0.0,10.8,12,14,Friday
225641,2,113.0,79.0,0.68,2017-04-04 14:25:26,2017-04-04 14:30:25,0.0,6.3,4,14,Tuesday
372317,2,140.0,75.0,2.58,2017-04-05 14:02:39,2017-04-05 14:23:58,0.0,12.8,21,14,Wednesday
551978,1,158.0,113.0,3.4,2017-04-05 14:17:39,2017-04-05 14:42:51,0.0,22.55,25,14,Wednesday
94279,2,100.0,113.0,1.85,2017-04-04 14:35:43,2017-04-04 14:45:41,0.0,11.16,9,14,Tuesday
702017,2,100.0,90.0,0.64,2017-04-06 14:20:34,2017-04-06 14:27:29,0.0,8.16,6,14,Thursday
816870,2,140.0,236.0,1.04,2017-04-03 14:35:54,2017-04-03 14:43:55,0.0,9.49,8,14,Monday
821057,1,239.0,163.0,1.2,2017-04-03 14:44:09,2017-04-03 14:52:39,0.0,9.95,8,14,Monday
922370,2,132.0,65.0,13.41,2017-04-06 14:48:41,2017-04-06 15:49:27,0.0,60.96,60,14,Thursday
131155,2,100.0,161.0,0.73,2017-04-05 14:47:56,2017-04-05 14:56:47,0.0,7.8,8,14,Wednesday
525783,1,186.0,237.0,3.4,2017-04-06 14:14:51,2017-04-06 14:46:46,0.0,24.3,31,14,Thursday
93355,2,163.0,229.0,0.51,2017-04-03 14:47:48,2017-04-03 14:56:03,0.0,9.12,8,14,Monday
396993,2,263.0,140.0,1.12,2017-04-05 14:13:53,2017-04-05 14:22:25,0.0,8.3,8,14,Wednesday
564047,1,170.0,230.0,1.0,2017-04-06 14:24:45,2017-04-06 14:35:53,0.0,10.55,11,14,Thursday
594199,2,50.0,163.0,1.11,2017-04-03 14:20:51,2017-04-03 14:30:11,0.0,10.56,9,14,Monday
939140,1,234.0,186.0,0.9,2017-04-07 14:43:50,2017-04-07 14:55:28,0.0,11.15,11,14,Friday
425305,2,246.0,186.0,1.35,2017-04-07 14:36:28,2017-04-07 14:47:24,0.0,11.16,10,14,Friday
228025,1,236.0,161.0,1.7,2017-04-06 14:50:25,2017-04-06 15:03:47,0.0,11.8,13,14,Thursday
47600,2,113.0,211.0,0.88,2017-04-05 14:32:04,2017-04-05 14:40:45,0.0,7.8,8,14,Wednesday
423507,1,138.0,162.0,8.9,2017-04-05 14:13:23,2017-04-05 14:51:38,0.0,43.06,38,14,Wednesday
371032,2,237.0,236.0,1.37,2017-04-05 14:33:54,2017-04-05 14:45:40,0.0,9.8,11,14,Wednesday
506587,1,13.0,13.0,1.9,2017-04-03 14:46:25,2017-04-03 14:56:10,0.0,10.3,9,14,Monday
791484,2,234.0,249.0,0.8,2017-04-03 14:35:55,2017-04-03 14:39:22,0.0,6.36,3,14,Monday
172514,1,239.0,244.0,5.4,2017-04-03 14:33:55,2017-04-03 14:45:23,0.0,21.35,11,14,Monday
850898,1,233.0,75.0,3.5,2017-04-03 14:10:54,2017-04-03 14:39:40,0.0,24.35,28,14,Monday
606041,1,100.0,138.0,9.3,2017-04-07 14:14:32,2017-04-07 14:59:08,0.0,48.66,44,14,Friday
701974,1,164.0,230.0,0.8,2017-04-07 14:53:20,2017-04-07 15:09:05,0.0,11.3,15,14,Friday
90752,2,230.0,186.0,2.04,2017-04-05 14:48:29,2017-04-05 15:15:17,0.0,17.3,26,14,Wednesday
11259,2,162.0,162.0,0.66,2017-04-07 14:44:33,2017-04-07 14:48:56,0.0,5.8,4,14,Friday
319004,1,141.0,233.0,1.8,2017-04-06 14:17:54,2017-04-06 14:31:36,0.0,10.8,13,14,Thursday
1020726,2,24.0,24.0,0.24,2017-04-07 14:58:42,2017-04-07 14:59:41,0.0,3.8,0,14,Friday
41539,2,48.0,236.0,2.38,2017-04-05 14:18:27,2017-04-05 14:39:32,0.0,18.36,21,14,Wednesday
185543,2,24.0,238.0,1.37,2017-04-06 14:26:32,2017-04-06 14:34:30,0.0,9.55,7,14,Thursday
179398,1,237.0,48.0,1.9,2017-04-04 14:05:12,2017-04-04 14:22:50,0.0,12.8,17,14,Tuesday
947491,1,140.0,141.0,0.5,2017-04-03 14:29:31,2017-04-03 14:34:58,0.0,5.8,5,14,Monday
344829,2,50.0,48.0,0.45,2017-04-03 14:00:49,2017-04-03 14:02:45,0.0,4.3,1,14,Monday
923954,2,137.0,170.0,0.74,2017-04-05 14:03:57,2017-04-05 14:14:11,0.0,9.96,10,14,Wednesday
981246,2,144.0,211.0,0.45,2017-04-06 14:49:14,2017-04-06 14:56:33,0.0,8.8,7,14,Thursday
782072,2,163.0,132.0,16.85,2017-04-06 14:40:07,2017-04-06 15:57:16,0.0,63.36,77,14,Thursday
441653,1,239.0,186.0,2.5,2017-04-03 14:44:17,2017-04-03 14:57:11,0.0,11.8,12,14,Monday
490953,2,161.0,237.0,0.95,2017-04-07 14:41:25,2017-04-07 14:46:58,0.0,8.16,5,14,Friday
785979,1,97.0,49.0,1.5,2017-04-07 14:57:52,2017-04-07 15:07:00,0.0,8.3,9,14,Friday
239811,2,264.0,264.0,1.1,2017-04-05 14:51:44,2017-04-05 15:03:32,0.0,9.8,11,14,Wednesday
414197,1,237.0,236.0,1.0,2017-04-05 14:43:48,2017-04-05 14:51:06,0.0,9.1,7,14,Wednesday
664291,2,236.0,233.0,2.92,2017-04-04 14:52:10,2017-04-04 15:07:48,0.0,17.94,15,14,Tuesday
568962,2,100.0,246.0,0.81,2017-04-06 14:35:26,2017-04-06 14:48:12,0.0,12.25,12,14,Thursday
646416,1,138.0,223.0,2.3,2017-04-04 14:08:13,2017-04-04 14:15:54,0.0,9.8,7,14,Tuesday
430413,2,238.0,236.0,1.33,2017-04-03 14:17:17,2017-04-03 14:28:16,0.0,12.25,10,14,Monday
1036992,2,236.0,236.0,0.28,2017-04-04 14:12:44,2017-04-04 14:15:22,0.0,4.3,2,14,Tuesday
709404,2,238.0,75.0,1.94,2017-04-06 14:52:28,2017-04-06 15:04:14,0.0,10.3,11,14,Thursday
632900,1,186.0,50.0,2.1,2017-04-07 14:21:12,2017-04-07 14:44:32,0.0,18.95,23,14,Friday
1030200,2,138.0,164.0,11.89,2017-04-06 14:10:23,2017-04-06 15:00:17,0.0,55.56,49,14,Thursday
914059,2,137.0,233.0,0.77,2017-04-05 14:31:19,2017-04-05 14:37:05,0.0,8.16,5,14,Wednesday
429291,2,138.0,164.0,9.21,2017-04-03 14:14:54,2017-04-03 15:03:11,0.0,52.87,48,14,Monday
132244,1,113.0,211.0,1.3,2017-04-03 14:09:39,2017-04-03 14:18:16,0.0,8.3,8,14,Monday
117915,1,237.0,161.0,0.9,2017-04-05 14:37:26,2017-04-05 14:43:44,0.0,6.8,6,14,Wednesday
126775,1,158.0,234.0,1.6,2017-04-06 14:36:20,2017-04-06 14:49:43,0.0,12.95,13,14,Thursday
722410,1,138.0,262.0,8.8,2017-04-05 14:28:37,2017-04-05 15:04:23,0.0,37.56,35,14,Wednesday
61144,2,140.0,161.0,2.1,2017-04-05 14:36:21,2017-04-05 14:58:44,0.0,15.3,22,14,Wednesday
840020,1,100.0,234.0,1.4,2017-04-04 14:28:00,2017-04-04 14:39:07,0.0,12.05,11,14,Tuesday
403974,2,142.0,162.0,0.87,2017-04-05 14:58:23,2017-04-05 15:09:00,0.0,10.56,10,14,Wednesday
697510,2,237.0,236.0,1.25,2017-04-07 14:13:47,2017-04-07 14:26:09,0.0,11.3,12,14,Friday
165365,2,113.0,114.0,0.73,2017-04-05 14:23:07,2017-04-05 14:30:41,0.0,8.3,7,14,Wednesday
547190,2,43.0,161.0,1.94,2017-04-03 14:21:48,2017-04-03 14:43:08,0.0,15.3,21,14,Monday
69670,1,239.0,140.0,1.8,2017-04-05 14:56:41,2017-04-05 15:12:52,0.0,14.15,16,14,Wednesday
639647,2,237.0,164.0,1.84,2017-04-03 14:38:13,2017-04-03 14:53:34,0.0,14.16,15,14,Monday
877230,1,158.0,90.0,1.4,2017-04-07 14:19:42,2017-04-07 14:31:31,0.0,9.8,11,14,Friday
715333,1,161.0,163.0,0.5,2017-04-03 14:14:24,2017-04-03 14:23:36,0.0,9.35,9,14,Monday
207335,1,163.0,100.0,1.2,2017-04-05 14:20:14,2017-04-05 14:27:42,0.0,9.35,7,14,Wednesday
150896,1,170.0,162.0,0.2,2017-04-05 14:12:55,2017-04-05 14:18:01,0.0,7.25,5,14,Wednesday
325869,2,162.0,163.0,1.11,2017-04-04 14:46:04,2017-04-04 14:56:35,0.0,10.56,10,14,Tuesday
202312,1,100.0,239.0,2.4,2017-04-03 14:50:10,2017-04-03 15:02:59,0.0,11.8,12,14,Monday
932878,1,132.0,132.0,0.0,2017-04-06 14:29:31,2017-04-06 14:29:37,0.0,3.3,0,14,Thursday
236720,2,263.0,163.0,2.01,2017-04-04 14:22:32,2017-04-04 14:44:43,0.0,17.3,22,14,Tuesday
427639,2,234.0,107.0,0.48,2017-04-07 14:11:22,2017-04-07 14:15:20,0.0,6.36,3,14,Friday
214141,1,164.0,161.0,1.0,2017-04-07 14:58:36,2017-04-07 15:08:04,0.0,10.75,9,14,Friday
510107,1,48.0,162.0,1.5,2017-04-04 14:48:58,2017-04-04 15:06:15,0.0,15.35,17,14,Tuesday
968122,1,132.0,249.0,19.1,2017-04-04 14:30:44,2017-04-04 15:21:13,0.0,70.26,50,14,Tuesday
476748,2,237.0,141.0,0.5,2017-04-06 14:12:39,2017-04-06 14:15:44,0.0,4.8,3,14,Thursday
748503,1,237.0,161.0,1.1,2017-04-05 14:01:59,2017-04-05 14:16:43,0.0,12.0,14,14,Wednesday
201503,1,132.0,265.0,25.1,2017-04-07 14:35:50,2017-04-07 15:35:53,0.0,103.3,60,14,Friday
24831,2,236.0,43.0,1.59,2017-04-04 14:52:09,2017-04-04 15:08:04,0.0,14.8,15,14,Tuesday
663031,1,68.0,97.0,7.8,2017-04-04 14:03:11,2017-04-04 14:35:46,0.0,29.3,32,14,Tuesday
124928,2,236.0,230.0,2.12,2017-04-04 14:29:04,2017-04-04 14:46:18,0.0,13.3,17,14,Tuesday
846418,2,162.0,138.0,10.66,2017-04-06 14:45:43,2017-04-06 15:25:45,0.0,49.27,40,14,Thursday
587051,1,237.0,141.0,0.9,2017-04-07 14:22:06,2017-04-07 14:27:34,0.0,7.55,5,14,Friday
132247,1,170.0,211.0,3.0,2017-04-06 14:04:05,2017-04-06 14:32:25,0.0,19.3,28,14,Thursday
422767,1,262.0,140.0,1.1,2017-04-04 14:56:24,2017-04-04 15:02:57,0.0,8.8,6,14,Tuesday
632954,1,231.0,231.0,0.2,2017-04-04 14:27:38,2017-04-04 14:29:06,0.0,4.8,1,14,Tuesday
637087,2,239.0,237.0,2.27,2017-04-04 14:44:18,2017-04-04 15:02:48,0.0,16.56,18,14,Tuesday
497654,1,262.0,170.0,2.8,2017-04-06 14:16:18,2017-04-06 14:37:19,0.0,20.3,21,14,Thursday
6890,2,137.0,141.0,2.28,2017-04-03 14:19:01,2017-04-03 14:28:37,0.0,12.36,9,14,Monday
120503,2,228.0,228.0,0.63,2017-04-05 14:22:29,2017-04-05 14:24:51,0.0,6.24,2,14,Wednesday
280806,1,163.0,100.0,1.0,2017-04-06 14:54:00,2017-04-06 15:00:27,0.0,8.15,6,14,Thursday
570595,1,229.0,107.0,1.8,2017-04-06 14:01:56,2017-04-06 14:16:29,0.0,14.0,14,14,Thursday
990614,1,230.0,68.0,2.1,2017-04-05 14:01:51,2017-04-05 14:15:49,0.0,14.15,13,14,Wednesday
506319,1,151.0,75.0,1.6,2017-04-06 14:17:47,2017-04-06 14:29:31,0.0,12.85,11,14,Thursday
618487,2,13.0,231.0,1.27,2017-04-05 14:45:20,2017-04-05 14:55:40,0.0,11.16,10,14,Wednesday
709509,2,41.0,229.0,4.78,2017-04-04 14:15:29,2017-04-04 14:31:37,0.0,18.3,16,14,Tuesday
273502,1,186.0,246.0,0.9,2017-04-03 14:00:05,2017-04-03 14:14:12,0.0,10.3,14,14,Monday
336131,2,230.0,230.0,0.64,2017-04-03 14:59:52,2017-04-03 15:06:37,0.0,6.8,6,14,Monday
764683,1,237.0,142.0,0.6,2017-04-04 14:45:15,2017-04-04 14:48:21,0.0,6.3,3,14,Tuesday
803659,1,48.0,142.0,1.5,2017-04-06 14:04:28,2017-04-06 14:18:47,0.0,13.55,14,14,Thursday
92058,2,226.0,226.0,0.83,2017-04-06 14:43:35,2017-04-06 14:46:19,0.0,5.3,2,14,Thursday
379817,2,125.0,211.0,0.47,2017-04-06 14:43:51,2017-04-06 14:46:58,0.0,5.8,3,14,Thursday
63513,2,241.0,200.0,1.16,2017-04-03 14:30:27,2017-04-03 14:35:54,0.0,8.16,5,14,Monday
655349,2,239.0,238.0,0.63,2017-04-07 14:37:02,2017-04-07 14:42:09,0.0,5.8,5,14,Friday
51723,2,138.0,164.0,8.45,2017-04-07 14:07:04,2017-04-07 14:43:59,0.0,43.06,36,14,Friday
440872,1,263.0,79.0,5.3,2017-04-05 14:03:45,2017-04-05 14:18:57,0.0,23.5,15,14,Wednesday
176394,1,161.0,107.0,1.7,2017-04-06 14:53:56,2017-04-06 15:11:14,0.0,14.75,17,14,Thursday
169183,1,170.0,170.0,0.1,2017-04-06 14:42:15,2017-04-06 14:46:22,0.0,5.3,4,14,Thursday
19374,1,145.0,145.0,0.0,2017-04-05 14:34:29,2017-04-05 14:36:01,0.0,3.8,1,14,Wednesday
413555,1,148.0,79.0,1.2,2017-04-03 14:11:57,2017-04-03 14:24:24,0.0,9.8,12,14,Monday
618190,1,236.0,161.0,1.5,2017-04-03 14:02:15,2017-04-03 14:17:00,0.0,13.0,14,14,Monday
1017428,2,113.0,246.0,2.02,2017-04-05 14:13:06,2017-04-05 14:24:24,0.0,10.8,11,14,Wednesday
795533,1,230.0,33.0,7.3,2017-04-07 14:03:24,2017-04-07 14:36:57,0.0,35.35,33,14,Friday
96596,1,140.0,142.0,2.2,2017-04-05 14:44:30,2017-04-05 15:01:13,0.0,13.3,16,14,Wednesday
196432,2,236.0,100.0,3.19,2017-04-04 14:33:30,2017-04-04 14:56:38,0.0,16.8,23,14,Tuesday
619872,2,164.0,186.0,0.5,2017-04-04 14:33:42,2017-04-04 14:52:22,0.0,15.99,18,14,Tuesday
320062,1,161.0,231.0,7.2,2017-04-03 14:50:10,2017-04-03 15:13:20,0.0,30.35,23,14,Monday
264055,2,43.0,238.0,0.92,2017-04-03 15:54:36,2017-04-03 15:59:57,0.0,7.56,5,15,Monday
725647,2,24.0,238.0,0.87,2017-04-07 15:11:12,2017-04-07 15:19:11,0.0,7.8,7,15,Friday
361193,2,162.0,161.0,0.53,2017-04-04 15:57:07,2017-04-04 16:01:37,0.0,5.3,4,15,Tuesday
609889,1,161.0,100.0,1.4,2017-04-04 15:30:56,2017-04-04 15:44:27,0.0,10.8,13,15,Tuesday
98507,2,43.0,43.0,0.6,2017-04-04 15:59:03,2017-04-04 16:05:18,1.0,8.76,6,15,Tuesday
747524,2,140.0,74.0,2.69,2017-04-07 15:04:22,2017-04-07 15:18:24,0.0,14.76,14,15,Friday
150436,2,170.0,237.0,1.21,2017-04-05 15:00:31,2017-04-05 15:11:17,0.0,11.16,10,15,Wednesday
823299,1,230.0,161.0,0.5,2017-04-04 15:39:00,2017-04-04 15:42:58,0.0,7.0,3,15,Tuesday
799720,2,162.0,138.0,9.22,2017-04-04 15:34:02,2017-04-04 15:58:35,0.0,40.27,24,15,Tuesday
907093,1,237.0,90.0,2.4,2017-04-06 15:30:57,2017-04-06 15:50:46,0.0,17.15,19,15,Thursday
217923,1,142.0,236.0,2.1,2017-04-06 15:57:21,2017-04-06 16:14:46,1.0,24.84,17,15,Thursday
218980,2,237.0,262.0,1.49,2017-04-03 15:12:43,2017-04-03 15:26:36,0.0,12.96,13,15,Monday
326311,2,233.0,141.0,0.96,2017-04-06 15:43:42,2017-04-06 15:55:38,0.0,11.16,11,15,Thursday
408437,2,231.0,114.0,1.04,2017-04-07 15:15:14,2017-04-07 15:28:54,0.0,12.96,13,15,Friday
169666,1,249.0,231.0,1.1,2017-04-03 15:50:38,2017-04-03 15:55:22,0.0,7.3,4,15,Monday
863149,1,237.0,140.0,1.1,2017-04-04 15:26:08,2017-04-04 15:38:20,0.0,11.75,12,15,Tuesday
747656,1,186.0,125.0,1.7,2017-04-04 15:13:21,2017-04-04 15:25:24,0.0,12.85,12,15,Tuesday
324029,2,161.0,48.0,1.07,2017-04-03 15:30:24,2017-04-03 15:37:50,0.0,7.3,7,15,Monday
219650,2,140.0,142.0,2.18,2017-04-06 15:21:55,2017-04-06 15:39:19,0.0,13.8,17,15,Thursday
815305,2,234.0,162.0,1.46,2017-04-06 15:01:17,2017-04-06 15:31:36,0.0,20.8,30,15,Thursday
312108,1,142.0,163.0,0.9,2017-04-05 15:17:26,2017-04-05 15:25:13,0.0,8.75,7,15,Wednesday
103607,2,88.0,137.0,4.8,2017-04-04 15:41:14,2017-04-04 16:00:49,0.0,18.3,19,15,Tuesday
928361,2,163.0,132.0,15.78,2017-04-04 15:11:03,2017-04-04 16:03:37,0.0,58.56,52,15,Tuesday
740773,2,264.0,264.0,0.8,2017-04-04 15:45:32,2017-04-04 15:49:20,0.0,6.96,3,15,Tuesday
640668,1,237.0,162.0,0.6,2017-04-07 15:18:15,2017-04-07 15:23:29,0.0,7.3,5,15,Friday
324856,1,236.0,141.0,0.3,2017-04-06 15:49:18,2017-04-06 15:53:18,0.0,6.3,4,15,Thursday
820986,2,140.0,164.0,2.42,2017-04-06 15:55:22,2017-04-06 16:12:58,0.0,13.8,17,15,Thursday
691522,1,140.0,229.0,1.6,2017-04-03 15:13:47,2017-04-03 15:23:19,0.0,11.15,9,15,Monday
607417,2,48.0,170.0,1.68,2017-04-04 15:29:11,2017-04-04 15:41:45,0.0,12.36,12,15,Tuesday
378276,1,162.0,163.0,1.1,2017-04-04 15:51:22,2017-04-04 16:01:16,1.0,10.8,9,15,Tuesday
767249,2,170.0,237.0,1.76,2017-04-05 15:49:16,2017-04-05 16:07:08,0.0,16.62,17,15,Wednesday
97389,1,230.0,88.0,6.2,2017-04-05 15:33:26,2017-04-05 16:05:08,0.0,25.3,31,15,Wednesday
236288,1,158.0,48.0,1.7,2017-04-03 15:26:46,2017-04-03 15:36:24,0.0,10.9,9,15,Monday
273203,2,125.0,161.0,2.81,2017-04-05 15:52:23,2017-04-05 16:08:00,0.0,17.29,15,15,Wednesday
392442,2,170.0,209.0,4.92,2017-04-05 15:07:00,2017-04-05 15:24:33,0.0,21.96,17,15,Wednesday
382424,2,43.0,74.0,1.5,2017-04-03 15:58:17,2017-04-03 16:06:42,0.0,8.8,8,15,Monday
961311,1,170.0,66.0,6.3,2017-04-04 15:53:53,2017-04-04 16:26:44,0.0,30.96,32,15,Tuesday
660787,1,161.0,132.0,15.0,2017-04-07 15:00:24,2017-04-07 16:08:50,0.0,63.35,68,15,Friday
38670,2,148.0,144.0,1.27,2017-04-06 15:55:56,2017-04-06 16:05:53,0.0,10.56,9,15,Thursday
745243,1,114.0,211.0,0.5,2017-04-04 15:04:09,2017-04-04 15:09:11,0.0,6.95,5,15,Tuesday
165263,2,90.0,170.0,1.33,2017-04-04 15:13:39,2017-04-04 15:27:39,0.0,13.5,14,15,Tuesday
1038907,2,234.0,186.0,0.62,2017-04-06 15:21:08,2017-04-06 15:33:54,0.0,11.16,12,15,Thursday
712109,2,262.0,236.0,0.83,2017-04-05 15:00:51,2017-04-05 15:09:06,0.0,9.0,8,15,Wednesday
52940,2,236.0,140.0,1.18,2017-04-04 15:26:05,2017-04-04 15:34:24,0.0,12.8,8,15,Tuesday
563909,2,68.0,48.0,1.29,2017-04-03 15:32:17,2017-04-03 15:45:18,0.0,10.8,13,15,Monday
587360,2,162.0,237.0,0.39,2017-04-04 15:27:23,2017-04-04 15:30:18,0.0,6.0,2,15,Tuesday
469041,1,158.0,170.0,2.3,2017-04-03 15:58:48,2017-04-03 16:14:40,1.0,13.8,15,15,Monday
1027678,2,170.0,48.0,0.81,2017-04-04 15:20:32,2017-04-04 15:25:47,0.0,8.3,5,15,Tuesday
125044,1,239.0,265.0,11.4,2017-04-04 15:09:17,2017-04-04 15:34:18,0.0,39.44,25,15,Tuesday
654583,2,142.0,164.0,1.6,2017-04-03 15:11:41,2017-04-03 15:24:25,0.0,12.36,12,15,Monday
538605,2,162.0,233.0,0.85,2017-04-04 15:04:40,2017-04-04 15:10:40,0.0,6.8,6,15,Tuesday
237419,1,141.0,141.0,0.5,2017-04-03 15:43:52,2017-04-03 15:47:11,0.0,5.3,3,15,Monday
313048,1,170.0,68.0,2.0,2017-04-06 15:46:41,2017-04-06 16:08:53,0.0,15.3,22,15,Thursday
318167,1,114.0,144.0,0.7,2017-04-04 15:19:37,2017-04-04 15:23:43,0.0,6.95,4,15,Tuesday
297320,2,161.0,163.0,0.65,2017-04-05 15:07:17,2017-04-05 15:10:32,0.0,5.3,3,15,Wednesday
127351,2,186.0,161.0,1.64,2017-04-06 15:40:36,2017-04-06 16:09:17,0.0,20.8,28,15,Thursday
651225,2,236.0,143.0,2.53,2017-04-05 15:34:19,2017-04-05 15:56:48,0.0,15.8,22,15,Wednesday
520877,1,161.0,107.0,1.8,2017-04-05 15:22:41,2017-04-05 15:36:43,0.0,13.55,14,15,Wednesday
70720,2,161.0,100.0,1.12,2017-04-03 15:08:23,2017-04-03 15:17:49,0.0,8.8,9,15,Monday
675009,2,161.0,229.0,0.61,2017-04-05 15:40:04,2017-04-05 15:43:24,0.0,5.3,3,15,Wednesday
107369,2,113.0,161.0,2.22,2017-04-07 15:16:56,2017-04-07 15:35:38,0.0,13.8,18,15,Friday
528341,1,137.0,186.0,1.2,2017-04-04 15:08:19,2017-04-04 15:29:17,0.0,15.18,20,15,Tuesday
121953,2,233.0,237.0,1.65,2017-04-06 15:21:15,2017-04-06 15:41:12,0.0,14.8,19,15,Thursday
658569,1,100.0,48.0,1.2,2017-04-05 15:12:55,2017-04-05 15:24:32,0.0,9.8,11,15,Wednesday
449556,2,142.0,151.0,1.96,2017-04-05 15:52:51,2017-04-05 16:05:15,0.0,10.8,12,15,Wednesday
907145,2,263.0,236.0,0.59,2017-04-03 15:49:50,2017-04-03 15:55:29,0.0,6.3,5,15,Monday
683530,2,236.0,236.0,0.51,2017-04-05 15:37:29,2017-04-05 15:41:29,0.0,6.89,4,15,Wednesday
780530,1,234.0,112.0,5.8,2017-04-03 15:36:26,2017-04-03 16:15:32,0.0,34.75,39,15,Monday
725001,2,239.0,142.0,0.93,2017-04-03 15:19:38,2017-04-03 15:29:56,0.0,8.8,10,15,Monday
326400,2,170.0,151.0,4.74,2017-04-06 15:30:44,2017-04-06 16:12:57,0.0,27.3,42,15,Thursday
932488,1,170.0,170.0,0.4,2017-04-05 15:42:45,2017-04-05 15:47:07,0.0,6.35,4,15,Wednesday
865026,1,170.0,229.0,1.2,2017-04-04 15:18:21,2017-04-04 15:24:26,0.0,8.75,6,15,Tuesday
403291,2,237.0,162.0,0.96,2017-04-06 15:40:45,2017-04-06 15:47:38,0.0,8.55,6,15,Thursday
394820,2,236.0,237.0,0.52,2017-04-05 15:59:22,2017-04-05 16:07:42,1.0,8.3,8,15,Wednesday
734542,1,143.0,142.0,0.8,2017-04-04 15:21:49,2017-04-04 15:29:38,0.0,8.03,7,15,Tuesday
630183,1,162.0,164.0,1.5,2017-04-04 15:40:39,2017-04-04 15:51:32,0.0,9.3,10,15,Tuesday
370993,2,239.0,151.0,1.24,2017-04-04 15:20:44,2017-04-04 15:26:49,0.0,6.8,6,15,Tuesday
719960,2,237.0,141.0,0.67,2017-04-05 15:22:52,2017-04-05 15:26:04,0.0,5.3,3,15,Wednesday
427020,1,236.0,263.0,1.3,2017-04-03 15:36:29,2017-04-03 15:49:08,0.0,9.8,12,15,Monday
820760,2,65.0,60.0,13.77,2017-04-03 15:44:15,2017-04-03 16:43:00,0.0,48.8,58,15,Monday
430868,1,236.0,236.0,0.6,2017-04-07 15:22:48,2017-04-07 15:35:30,0.0,11.15,12,15,Friday
67041,1,236.0,237.0,3.9,2017-04-04 15:30:52,2017-04-04 16:09:04,0.0,29.75,38,15,Tuesday
360846,2,262.0,237.0,1.14,2017-04-04 15:38:29,2017-04-04 15:51:45,0.0,10.3,13,15,Tuesday
563600,2,162.0,13.0,6.66,2017-04-07 15:14:20,2017-04-07 15:40:11,0.0,29.16,25,15,Friday
831651,1,238.0,163.0,2.1,2017-04-04 15:36:55,2017-04-04 15:56:35,0.0,18.55,19,15,Tuesday
509183,2,231.0,231.0,0.34,2017-04-04 15:28:55,2017-04-04 15:31:01,0.0,4.3,2,15,Tuesday
990101,1,230.0,100.0,0.6,2017-04-05 15:50:06,2017-04-05 15:54:11,0.0,5.3,4,15,Wednesday
715449,2,158.0,140.0,4.33,2017-04-05 15:23:00,2017-04-05 16:06:34,0.0,32.16,43,15,Wednesday
930092,2,129.0,173.0,1.75,2017-04-04 15:24:12,2017-04-04 15:41:21,0.0,12.82,17,15,Tuesday
15854,1,48.0,151.0,3.1,2017-04-06 15:49:07,2017-04-06 16:09:12,1.0,20.35,20,15,Thursday
547105,1,238.0,142.0,1.4,2017-04-07 15:00:26,2017-04-07 15:08:56,0.0,10.55,8,15,Friday
51912,2,237.0,239.0,1.68,2017-04-05 15:37:32,2017-04-05 15:52:35,0.0,14.16,15,15,Wednesday
347597,2,238.0,262.0,2.16,2017-04-03 15:48:46,2017-04-03 16:03:23,0.0,14.76,14,15,Monday
58392,2,148.0,223.0,9.57,2017-04-04 15:00:52,2017-04-04 15:26:15,0.0,29.3,25,15,Tuesday
730957,2,234.0,48.0,1.39,2017-04-04 15:04:41,2017-04-04 15:17:34,0.0,12.36,12,15,Tuesday
123291,1,239.0,238.0,1.1,2017-04-04 15:54:10,2017-04-04 16:00:12,0.0,7.8,6,15,Tuesday
437271,1,231.0,142.0,5.2,2017-04-04 15:06:55,2017-04-04 15:33:39,0.0,23.4,26,15,Tuesday
880724,2,233.0,170.0,0.62,2017-04-03 15:51:36,2017-04-03 15:54:16,0.0,5.5,2,15,Monday
591677,1,144.0,158.0,1.8,2017-04-03 15:22:59,2017-04-03 15:37:32,0.0,14.1,14,15,Monday
276329,1,249.0,249.0,0.4,2017-04-04 15:14:11,2017-04-04 15:16:47,0.0,5.8,2,15,Tuesday
121960,2,209.0,161.0,5.53,2017-04-05 15:31:34,2017-04-05 16:06:38,0.0,25.8,35,15,Wednesday
768484,1,237.0,236.0,1.5,2017-04-05 15:51:29,2017-04-05 16:02:51,0.0,9.8,11,15,Wednesday
756483,2,68.0,170.0,1.86,2017-04-03 15:20:32,2017-04-03 15:34:20,0.0,11.3,13,15,Monday
992849,1,161.0,236.0,2.2,2017-04-03 15:15:16,2017-04-03 15:32:19,0.0,13.3,17,15,Monday
166171,2,151.0,42.0,1.86,2017-04-04 15:35:27,2017-04-04 15:50:29,0.0,14.16,15,15,Tuesday
339524,2,186.0,216.0,14.48,2017-04-04 15:27:29,2017-04-04 16:37:24,0.0,73.2,69,15,Tuesday
899420,2,161.0,164.0,0.54,2017-04-05 15:24:58,2017-04-05 15:29:12,0.0,6.36,4,15,Wednesday
606730,1,170.0,262.0,3.2,2017-04-06 15:38:34,2017-04-06 16:10:28,0.0,24.35,31,15,Thursday
469820,1,162.0,170.0,0.6,2017-04-04 15:28:19,2017-04-04 15:31:39,0.0,5.3,3,15,Tuesday
948005,2,236.0,238.0,1.71,2017-04-05 15:03:00,2017-04-05 15:17:28,0.0,10.8,14,15,Wednesday
330150,2,236.0,236.0,0.59,2017-04-04 15:19:56,2017-04-04 15:26:52,0.0,8.5,6,15,Tuesday
661431,2,146.0,233.0,2.31,2017-04-06 15:37:06,2017-04-06 15:46:14,0.0,12.25,9,15,Thursday
870795,2,163.0,132.0,17.28,2017-04-04 15:00:32,2017-04-04 16:12:27,0.0,60.3,71,15,Tuesday
910658,2,158.0,211.0,1.3,2017-04-04 15:37:10,2017-04-04 15:47:51,0.0,9.3,10,15,Tuesday
291077,2,137.0,170.0,1.21,2017-04-05 15:54:43,2017-04-05 16:05:57,0.0,11.16,11,15,Wednesday
536833,2,229.0,161.0,0.95,2017-04-05 15:30:14,2017-04-05 15:35:09,0.0,6.3,4,15,Wednesday
254513,1,68.0,249.0,0.2,2017-04-06 15:01:46,2017-04-06 15:04:38,0.0,4.8,2,15,Thursday
393947,2,170.0,39.0,10.55,2017-04-04 15:40:23,2017-04-04 16:55:30,0.0,49.8,75,15,Tuesday
615655,2,100.0,226.0,5.98,2017-04-03 15:33:00,2017-04-03 16:18:12,0.0,30.3,45,15,Monday
274668,2,237.0,263.0,1.62,2017-04-04 15:02:46,2017-04-04 15:16:32,0.0,14.04,13,15,Tuesday
680205,2,161.0,138.0,10.3,2017-04-03 15:03:46,2017-04-03 15:39:35,0.0,49.87,35,15,Monday
113913,2,236.0,43.0,1.02,2017-04-06 15:32:31,2017-04-06 15:42:45,0.0,8.8,10,15,Thursday
652597,2,261.0,231.0,1.26,2017-04-03 15:59:17,2017-04-03 16:05:52,1.0,10.12,6,15,Monday
839649,1,75.0,236.0,1.0,2017-04-05 15:08:07,2017-04-05 15:20:21,0.0,9.3,12,15,Wednesday
81371,1,263.0,75.0,1.2,2017-04-03 15:12:27,2017-04-03 15:19:07,0.0,8.7,6,15,Monday
952923,2,246.0,231.0,3.21,2017-04-07 15:13:49,2017-04-07 15:29:43,0.0,17.88,15,15,Friday
189660,1,132.0,79.0,18.3,2017-04-04 15:11:33,2017-04-04 15:50:59,0.0,70.56,39,15,Tuesday
681352,1,138.0,48.0,11.2,2017-04-04 15:56:59,2017-04-04 16:41:19,0.0,47.56,44,15,Tuesday
496712,1,164.0,234.0,1.0,2017-04-05 15:04:17,2017-04-05 15:10:09,0.0,6.8,5,15,Wednesday
496953,2,234.0,237.0,2.23,2017-04-05 15:52:46,2017-04-05 16:15:50,0.0,18.3,23,15,Wednesday
289731,2,230.0,164.0,1.04,2017-04-06 15:45:06,2017-04-06 15:55:16,0.0,8.8,10,15,Thursday
949071,2,233.0,100.0,1.45,2017-04-07 15:00:41,2017-04-07 15:21:04,0.0,13.3,20,15,Friday
345681,2,237.0,137.0,2.08,2017-04-07 15:12:34,2017-04-07 15:21:41,0.0,9.8,9,15,Friday
559591,2,236.0,236.0,0.45,2017-04-05 15:28:31,2017-04-05 15:31:29,0.0,4.8,2,15,Wednesday
619665,1,263.0,238.0,1.7,2017-04-03 15:06:30,2017-04-03 15:21:36,0.0,13.3,15,15,Monday
13409,1,140.0,236.0,1.0,2017-04-03 15:25:20,2017-04-03 15:30:42,0.0,6.3,5,15,Monday
673691,2,151.0,41.0,1.07,2017-04-04 15:50:40,2017-04-04 15:58:22,0.0,7.8,7,15,Tuesday
360817,1,170.0,161.0,0.9,2017-04-04 15:25:02,2017-04-04 15:33:07,0.0,8.75,8,15,Tuesday
83397,2,163.0,234.0,2.53,2017-04-06 15:20:13,2017-04-06 15:36:29,0.0,15.36,16,15,Thursday
836331,2,141.0,263.0,0.91,2017-04-04 15:34:56,2017-04-04 15:40:46,0.0,7.3,5,15,Tuesday
13662,1,132.0,209.0,20.6,2017-04-06 15:38:41,2017-04-06 17:07:05,0.0,58.56,88,15,Thursday
486808,2,100.0,162.0,1.57,2017-04-04 15:16:04,2017-04-04 15:33:51,0.0,15.36,17,15,Tuesday
71481,1,164.0,48.0,1.3,2017-04-05 15:23:14,2017-04-05 15:37:41,0.0,10.8,14,15,Wednesday
328782,2,48.0,142.0,0.82,2017-04-06 15:41:18,2017-04-06 15:45:45,0.0,7.56,4,15,Thursday
980943,1,163.0,143.0,1.5,2017-04-04 15:29:30,2017-04-04 15:38:00,0.0,11.4,8,15,Tuesday
643802,2,100.0,162.0,1.06,2017-04-04 15:06:05,2017-04-04 15:19:40,0.0,13.39,13,15,Tuesday
393259,1,142.0,163.0,0.7,2017-04-04 15:15:56,2017-04-04 15:19:52,0.0,6.35,3,15,Tuesday
232673,1,264.0,264.0,14.2,2017-04-05 15:25:32,2017-04-05 16:29:13,0.0,62.75,63,15,Wednesday
436402,1,142.0,238.0,1.2,2017-04-03 15:06:09,2017-04-03 15:12:30,0.0,8.03,6,15,Monday
705461,2,237.0,141.0,0.8,2017-04-04 15:52:47,2017-04-04 15:56:34,0.0,6.96,3,15,Tuesday
307923,1,211.0,158.0,1.5,2017-04-07 15:10:25,2017-04-07 15:22:42,0.0,9.8,12,15,Friday
820396,1,237.0,236.0,1.2,2017-04-03 15:08:20,2017-04-03 15:15:20,0.0,7.3,7,15,Monday
745911,2,141.0,238.0,1.86,2017-04-03 15:10:52,2017-04-03 15:25:01,0.0,11.3,14,15,Monday
93691,2,234.0,230.0,1.8,2017-04-07 15:15:51,2017-04-07 15:35:20,0.0,14.8,19,15,Friday
213769,2,132.0,124.0,6.19,2017-04-07 15:07:54,2017-04-07 15:21:07,0.0,23.16,13,15,Friday
25360,2,141.0,142.0,1.75,2017-04-04 15:04:18,2017-04-04 15:26:00,0.0,14.3,21,15,Tuesday
671835,1,158.0,231.0,1.6,2017-04-07 15:02:10,2017-04-07 15:10:35,0.0,10.55,8,15,Friday
709779,2,107.0,186.0,1.71,2017-04-06 15:23:23,2017-04-06 15:56:28,0.0,23.76,33,15,Thursday
124922,2,114.0,231.0,1.8,2017-04-04 15:12:55,2017-04-04 15:24:24,0.0,12.36,11,15,Tuesday
360482,1,140.0,263.0,1.2,2017-04-04 15:28:36,2017-04-04 15:37:00,0.0,8.3,8,15,Tuesday
585808,1,142.0,48.0,0.6,2017-04-04 15:12:47,2017-04-04 15:18:32,0.0,6.3,5,15,Tuesday
501976,2,48.0,246.0,1.38,2017-04-06 15:10:08,2017-04-06 15:16:47,0.0,9.36,6,15,Thursday
426410,2,238.0,151.0,1.08,2017-04-04 15:50:06,2017-04-04 15:55:18,0.0,8.16,5,15,Tuesday
686995,2,161.0,234.0,2.34,2017-04-05 15:43:53,2017-04-05 16:02:35,0.0,16.56,18,15,Wednesday
896635,1,162.0,141.0,0.7,2017-04-04 15:48:39,2017-04-04 15:55:50,0.0,7.3,7,15,Tuesday
219242,1,161.0,161.0,0.0,2017-04-06 15:34:00,2017-04-06 15:35:08,0.0,3.8,1,15,Thursday
219544,1,140.0,249.0,4.8,2017-04-05 15:24:16,2017-04-05 15:53:30,0.0,26.8,29,15,Wednesday
1033077,2,138.0,138.0,1.46,2017-04-07 15:12:41,2017-04-07 15:25:08,0.0,10.3,12,15,Friday
461796,2,234.0,107.0,0.56,2017-04-06 15:29:09,2017-04-06 15:37:12,0.0,8.3,8,15,Thursday
797000,1,166.0,163.0,4.3,2017-04-03 15:07:09,2017-04-03 15:25:06,0.0,20.8,17,15,Monday
872887,1,132.0,123.0,15.2,2017-04-05 15:04:58,2017-04-05 15:48:33,0.0,53.75,43,15,Wednesday
660692,1,239.0,239.0,0.3,2017-04-03 15:11:03,2017-04-03 15:13:58,0.0,5.8,2,15,Monday
689809,1,161.0,43.0,1.2,2017-04-05 15:45:14,2017-04-05 15:56:57,0.0,9.8,11,15,Wednesday
901100,2,237.0,237.0,0.66,2017-04-03 15:31:33,2017-04-03 15:35:25,0.0,6.3,3,15,Monday
366411,2,141.0,186.0,2.64,2017-04-07 15:08:58,2017-04-07 15:34:22,0.0,21.62,25,15,Friday
747792,1,13.0,211.0,1.8,2017-04-04 15:39:44,2017-04-04 15:51:37,0.0,13.3,11,15,Tuesday
970665,1,142.0,237.0,1.3,2017-04-06 15:58:49,2017-04-06 16:12:38,0.0,12.35,13,15,Thursday
1014747,2,164.0,50.0,2.15,2017-04-04 15:15:57,2017-04-04 15:38:45,0.0,16.3,22,15,Tuesday
391247,2,236.0,263.0,0.97,2017-04-04 15:36:00,2017-04-04 15:42:07,0.0,6.8,6,15,Tuesday
787192,2,186.0,138.0,9.53,2017-04-04 15:12:57,2017-04-04 15:45:22,0.0,46.27,32,15,Tuesday
913301,2,100.0,1.0,16.85,2017-04-07 15:11:11,2017-04-07 16:08:58,0.0,132.88,57,15,Friday
126235,1,138.0,68.0,9.7,2017-04-03 15:50:29,2017-04-03 16:45:19,1.0,55.26,54,15,Monday
990054,2,186.0,170.0,1.09,2017-04-07 15:08:54,2017-04-07 15:23:07,0.0,10.3,14,15,Friday
634741,2,113.0,4.0,0.99,2017-04-07 15:19:45,2017-04-07 15:28:39,0.0,11.3,8,15,Friday
242405,1,90.0,249.0,0.7,2017-04-03 15:12:19,2017-04-03 15:15:01,0.0,6.8,2,15,Monday
807673,1,125.0,234.0,1.7,2017-04-03 15:26:33,2017-04-03 15:36:56,0.0,10.8,10,15,Monday
960476,1,113.0,158.0,1.7,2017-04-06 15:04:22,2017-04-06 15:21:38,0.0,12.3,17,15,Thursday
774137,2,50.0,48.0,0.92,2017-04-03 15:44:38,2017-04-03 15:53:47,0.0,8.3,9,15,Monday
616030,1,263.0,263.0,0.6,2017-04-04 15:38:04,2017-04-04 15:42:44,0.0,6.95,4,15,Tuesday
155378,1,141.0,141.0,0.5,2017-04-03 15:25:49,2017-04-03 15:28:27,0.0,5.76,2,15,Monday
613169,1,142.0,68.0,3.0,2017-04-03 15:13:17,2017-04-03 15:26:17,0.0,12.3,13,15,Monday
910039,2,236.0,41.0,2.34,2017-04-07 15:25:03,2017-04-07 15:40:18,0.0,14.76,15,15,Friday
31774,1,164.0,237.0,1.4,2017-04-04 15:47:15,2017-04-04 15:57:46,0.0,9.3,10,15,Tuesday
508533,2,140.0,132.0,20.08,2017-04-07 15:08:48,2017-04-07 16:07:06,0.0,68.56,58,15,Friday
976345,2,229.0,233.0,0.86,2017-04-04 15:04:21,2017-04-04 15:08:40,0.0,6.8,4,15,Tuesday
754869,1,170.0,170.0,0.6,2017-04-05 15:59:37,2017-04-05 16:06:32,1.0,7.8,6,15,Wednesday
243713,1,143.0,238.0,1.4,2017-04-03 15:38:33,2017-04-03 15:45:52,0.0,7.8,7,15,Monday
663287,2,161.0,170.0,0.74,2017-04-03 15:02:06,2017-04-03 15:08:57,0.0,6.8,6,15,Monday
198776,2,138.0,138.0,2.28,2017-04-07 15:04:16,2017-04-07 15:13:48,0.0,11.8,9,15,Friday
352514,1,170.0,186.0,1.0,2017-04-03 15:47:51,2017-04-03 15:59:21,0.0,11.16,11,15,Monday
908470,1,237.0,162.0,0.7,2017-04-06 15:40:55,2017-04-06 15:45:38,0.0,6.96,4,15,Thursday
625147,1,236.0,141.0,1.6,2017-04-04 15:45:20,2017-04-04 16:00:19,1.0,14.75,14,15,Tuesday
432231,1,264.0,264.0,0.8,2017-04-03 15:57:18,2017-04-03 16:04:26,1.0,11.0,7,15,Monday
179069,1,48.0,186.0,1.6,2017-04-03 15:29:57,2017-04-03 15:43:24,0.0,12.3,13,15,Monday
34745,1,230.0,239.0,2.2,2017-04-03 15:09:22,2017-04-03 15:22:50,0.0,14.15,13,15,Monday
245898,1,239.0,151.0,1.6,2017-04-06 15:43:56,2017-04-06 15:53:32,1.0,10.3,9,15,Thursday
720642,2,230.0,170.0,1.39,2017-04-06 15:30:06,2017-04-06 15:56:37,0.0,16.8,26,15,Thursday
917137,2,239.0,238.0,0.71,2017-04-05 15:19:39,2017-04-05 15:23:47,0.0,6.36,4,15,Wednesday
757737,2,162.0,138.0,8.67,2017-04-05 15:49:17,2017-04-05 16:29:20,0.0,43.87,40,15,Wednesday
321102,1,239.0,230.0,1.8,2017-04-06 15:20:43,2017-04-06 15:34:46,0.0,11.3,14,15,Thursday
27058,1,170.0,68.0,2.1,2017-04-05 15:41:20,2017-04-05 15:58:10,0.0,15.35,16,15,Wednesday
554903,2,43.0,262.0,1.43,2017-04-04 15:16:43,2017-04-04 15:30:13,0.0,12.36,13,15,Tuesday
281309,1,236.0,230.0,2.6,2017-04-07 15:07:05,2017-04-07 15:33:38,0.0,21.35,26,15,Friday
694810,2,90.0,164.0,0.97,2017-04-06 15:54:57,2017-04-06 16:17:22,0.0,14.3,22,15,Thursday
334481,1,163.0,132.0,18.0,2017-04-06 15:13:30,2017-04-06 16:34:32,0.0,68.56,81,15,Thursday
199897,1,13.0,231.0,1.1,2017-04-06 15:29:44,2017-04-06 15:39:56,0.0,11.0,10,15,Thursday
367544,1,148.0,97.0,2.6,2017-04-05 15:46:09,2017-04-05 15:55:52,0.0,12.95,9,15,Wednesday
381378,1,16.0,16.0,0.0,2017-04-03 15:48:24,2017-04-03 15:49:11,0.0,65.3,0,15,Monday
660338,2,238.0,262.0,1.86,2017-04-05 15:00:34,2017-04-05 15:22:22,0.0,16.8,21,15,Wednesday
748267,2,234.0,68.0,2.01,2017-04-06 15:40:13,2017-04-06 15:58:03,0.0,15.96,17,15,Thursday
644055,2,236.0,237.0,1.19,2017-04-05 15:50:53,2017-04-05 16:01:02,0.0,10.56,10,15,Wednesday
877378,2,229.0,263.0,2.16,2017-04-05 15:02:37,2017-04-05 15:15:16,0.0,14.69,12,15,Wednesday
30302,1,141.0,186.0,2.5,2017-04-03 15:03:04,2017-04-03 15:34:52,0.0,21.35,31,15,Monday
207618,1,236.0,236.0,0.7,2017-04-06 15:51:10,2017-04-06 16:23:27,0.0,4.8,32,15,Thursday
894431,2,48.0,162.0,1.6,2017-04-05 15:27:41,2017-04-05 15:43:54,0.0,15.8,16,15,Wednesday
33208,1,236.0,142.0,1.9,2017-04-05 15:24:02,2017-04-05 15:39:06,0.0,11.8,15,15,Wednesday
888795,2,138.0,162.0,8.82,2017-04-04 15:05:09,2017-04-04 15:26:29,0.0,39.67,21,15,Tuesday
571186,1,239.0,238.0,0.7,2017-04-05 15:50:19,2017-04-05 15:54:09,0.0,7.8,3,15,Wednesday
408702,2,237.0,236.0,1.62,2017-04-04 15:49:58,2017-04-04 15:59:10,0.0,10.55,9,15,Tuesday
1029617,1,186.0,233.0,1.5,2017-04-05 15:11:39,2017-04-05 15:26:57,0.0,14.1,15,15,Wednesday
944754,1,237.0,239.0,2.6,2017-04-06 15:26:10,2017-04-06 15:50:50,0.0,20.15,24,15,Thursday
58256,2,166.0,236.0,2.78,2017-04-05 15:57:38,2017-04-05 16:15:27,0.0,16.5,17,15,Wednesday
808636,2,236.0,162.0,1.49,2017-04-05 15:08:42,2017-04-05 15:23:26,0.0,13.3,14,15,Wednesday
359037,1,233.0,162.0,1.0,2017-04-06 15:55:21,2017-04-06 16:12:59,1.0,16.6,17,15,Thursday
114679,1,90.0,234.0,1.1,2017-04-04 15:14:46,2017-04-04 15:21:12,0.0,7.3,6,15,Tuesday
589927,1,138.0,263.0,7.9,2017-04-06 15:19:05,2017-04-06 16:12:29,0.0,51.66,53,15,Thursday
591110,1,140.0,237.0,0.6,2017-04-06 15:54:56,2017-04-06 15:59:30,0.0,6.95,4,15,Thursday
891838,1,249.0,132.0,18.9,2017-04-04 15:18:29,2017-04-04 16:30:19,0.0,68.54,71,15,Tuesday
374703,1,249.0,237.0,3.4,2017-04-03 15:01:40,2017-04-03 15:34:05,0.0,22.8,32,15,Monday
281149,1,137.0,137.0,0.5,2017-04-06 15:05:49,2017-04-06 15:11:46,0.0,6.3,5,15,Thursday
754544,2,230.0,48.0,1.31,2017-04-03 15:57:44,2017-04-03 16:10:26,0.0,9.8,12,15,Monday
58406,2,229.0,263.0,1.42,2017-04-05 15:10:58,2017-04-05 15:20:03,0.0,8.8,9,15,Wednesday
432852,1,161.0,138.0,10.0,2017-04-05 15:45:43,2017-04-05 16:27:46,0.0,50.06,42,15,Wednesday
676429,2,137.0,163.0,2.28,2017-04-03 15:57:27,2017-04-03 16:12:03,0.0,12.8,14,15,Monday
487799,2,137.0,229.0,1.24,2017-04-03 15:00:45,2017-04-03 15:08:21,0.0,7.8,7,15,Monday
962750,1,230.0,170.0,1.0,2017-04-03 15:49:44,2017-04-03 15:59:36,0.0,8.3,9,15,Monday
23497,2,246.0,186.0,1.05,2017-04-03 15:24:16,2017-04-03 15:29:48,0.0,8.16,5,15,Monday
296185,1,158.0,231.0,1.4,2017-04-06 15:34:05,2017-04-06 15:44:44,0.0,10.56,10,15,Thursday
497798,2,161.0,100.0,1.24,2017-04-04 15:18:08,2017-04-04 15:27:56,0.0,8.8,9,15,Tuesday
445489,2,236.0,237.0,0.88,2017-04-03 15:58:39,2017-04-03 16:04:02,0.0,6.8,5,15,Monday
383384,1,236.0,142.0,1.4,2017-04-05 15:21:50,2017-04-05 15:31:45,0.0,11.15,9,15,Wednesday
690732,1,43.0,239.0,1.1,2017-04-07 15:00:37,2017-04-07 15:09:14,0.0,8.3,8,15,Friday
810012,1,236.0,236.0,0.2,2017-04-07 15:13:06,2017-04-07 15:14:36,0.0,3.8,1,15,Friday
962867,2,68.0,230.0,1.92,2017-04-05 15:05:39,2017-04-05 15:19:06,0.0,13.0,13,15,Wednesday
22913,2,234.0,170.0,0.84,2017-04-04 15:08:20,2017-04-04 15:16:04,0.0,7.3,7,15,Tuesday
896391,2,262.0,236.0,0.79,2017-04-06 15:42:29,2017-04-06 15:48:03,0.0,6.3,5,15,Thursday
512864,2,43.0,239.0,0.75,2017-04-03 15:39:21,2017-04-03 15:43:52,0.0,6.96,4,15,Monday
31544,2,234.0,113.0,1.31,2017-04-07 15:09:34,2017-04-07 15:18:40,0.0,9.96,9,15,Friday
445872,1,137.0,79.0,1.2,2017-04-07 15:08:59,2017-04-07 15:17:07,0.0,9.0,8,15,Friday
45565,1,68.0,125.0,3.0,2017-04-04 15:36:25,2017-04-04 16:00:38,0.0,21.35,24,15,Tuesday
858153,2,79.0,79.0,0.47,2017-04-04 15:01:07,2017-04-04 15:04:37,0.0,5.8,3,15,Tuesday
283118,2,163.0,161.0,1.2,2017-04-07 15:19:40,2017-04-07 15:36:40,0.0,12.3,17,15,Friday
1009193,2,48.0,230.0,0.74,2017-04-06 15:57:21,2017-04-06 16:02:24,1.0,7.88,5,15,Thursday
262931,1,236.0,262.0,0.7,2017-04-06 15:25:50,2017-04-06 15:36:12,0.0,8.3,10,15,Thursday
816234,1,107.0,132.0,16.4,2017-04-03 15:24:10,2017-04-03 16:17:46,0.0,58.56,53,15,Monday
834781,1,68.0,13.0,2.4,2017-04-06 15:28:16,2017-04-06 15:44:03,0.0,12.8,15,15,Thursday
529078,2,230.0,239.0,1.57,2017-04-03 15:38:13,2017-04-03 15:44:41,0.5,8.3,6,15,Monday
520660,2,161.0,138.0,9.21,2017-04-05 15:35:28,2017-04-05 16:22:44,0.0,49.27,47,15,Wednesday
712039,1,236.0,164.0,3.2,2017-04-06 15:58:40,2017-04-06 16:21:28,1.0,17.8,22,15,Thursday
810665,1,237.0,263.0,0.9,2017-04-04 15:08:48,2017-04-04 15:17:27,0.0,10.0,8,15,Tuesday
211952,2,132.0,48.0,17.96,2017-04-03 15:03:38,2017-04-03 15:57:47,0.0,70.27,54,15,Monday
928148,2,170.0,186.0,0.71,2017-04-06 15:46:35,2017-04-06 16:00:51,0.0,10.3,14,15,Thursday
755693,1,237.0,141.0,0.6,2017-04-03 15:13:43,2017-04-03 15:18:57,0.0,6.3,5,15,Monday
302141,1,43.0,161.0,1.4,2017-04-06 15:06:22,2017-04-06 15:22:03,0.0,11.3,15,15,Thursday
648915,1,163.0,161.0,0.8,2017-04-05 15:31:11,2017-04-05 15:38:12,0.0,8.8,7,15,Wednesday
138447,2,125.0,249.0,0.67,2017-04-04 15:30:16,2017-04-04 15:33:10,0.0,7.3,2,15,Tuesday
909647,1,229.0,140.0,1.1,2017-04-04 15:49:35,2017-04-04 15:59:59,0.0,8.8,10,15,Tuesday
295866,2,140.0,239.0,1.55,2017-04-04 15:42:10,2017-04-04 15:55:56,0.0,10.8,13,15,Tuesday
581091,2,230.0,249.0,1.78,2017-04-06 15:22:11,2017-04-06 15:33:20,0.0,11.76,11,15,Thursday
707151,2,186.0,229.0,2.36,2017-04-06 15:54:29,2017-04-06 16:33:10,0.0,26.3,38,15,Thursday
111532,1,100.0,144.0,3.2,2017-04-05 15:23:09,2017-04-05 15:47:47,0.0,17.3,24,15,Wednesday
299521,2,90.0,90.0,0.54,2017-04-06 15:13:27,2017-04-06 15:18:24,0.0,6.96,4,15,Thursday
478425,1,246.0,1.0,13.8,2017-04-05 15:10:26,2017-04-05 15:56:46,0.0,89.15,46,15,Wednesday
223481,2,161.0,234.0,1.14,2017-04-05 15:34:09,2017-04-05 15:42:31,0.0,9.36,8,15,Wednesday
301233,2,140.0,87.0,6.64,2017-04-05 15:11:04,2017-04-05 15:36:37,0.0,29.76,25,15,Wednesday
312325,2,79.0,234.0,0.95,2017-04-05 15:05:12,2017-04-05 15:13:16,0.0,10.14,8,15,Wednesday
192030,2,237.0,236.0,1.36,2017-04-04 15:18:57,2017-04-04 15:31:41,0.0,12.88,12,15,Tuesday
938017,1,237.0,236.0,0.6,2017-04-03 15:28:46,2017-04-03 15:34:45,0.0,6.3,5,15,Monday
608992,1,161.0,141.0,1.9,2017-04-03 15:17:39,2017-04-03 15:37:02,0.0,17.25,19,15,Monday
902532,1,148.0,107.0,1.4,2017-04-04 15:06:32,2017-04-04 15:13:11,0.0,9.35,6,15,Tuesday
887840,1,238.0,143.0,1.9,2017-04-07 15:02:54,2017-04-07 15:15:20,0.0,12.42,12,15,Friday
290329,1,237.0,236.0,1.3,2017-04-05 15:22:13,2017-04-05 15:34:34,0.0,10.8,12,15,Wednesday
1034695,1,48.0,163.0,0.4,2017-04-05 15:03:15,2017-04-05 15:08:54,0.0,7.55,5,15,Wednesday
559239,1,163.0,186.0,1.9,2017-04-03 15:41:01,2017-04-03 15:52:39,0.0,13.5,11,15,Monday
308012,2,89.0,222.0,6.2,2017-04-05 15:37:52,2017-04-05 16:42:24,0.0,51.29,64,15,Wednesday
57955,1,186.0,138.0,9.2,2017-04-06 15:05:05,2017-04-06 15:57:39,0.0,52.26,52,15,Thursday
113258,2,249.0,211.0,1.17,2017-04-04 15:44:15,2017-04-04 15:52:47,0.0,8.3,8,15,Tuesday
195138,1,161.0,48.0,1.2,2017-04-04 15:18:17,2017-04-04 15:35:00,0.0,11.8,16,15,Tuesday
251025,1,239.0,236.0,1.5,2017-04-06 15:33:23,2017-04-06 15:48:52,0.0,11.8,15,15,Thursday
48467,1,140.0,43.0,1.0,2017-04-07 15:24:59,2017-04-07 15:35:04,0.0,8.3,10,15,Friday
497075,1,262.0,261.0,7.2,2017-04-04 15:04:40,2017-04-04 15:34:14,0.0,28.8,29,15,Tuesday
684932,1,144.0,231.0,1.0,2017-04-04 15:28:43,2017-04-04 15:38:28,0.0,9.3,9,15,Tuesday
393624,2,164.0,107.0,0.98,2017-04-03 15:51:25,2017-04-03 15:57:11,0.0,8.16,5,15,Monday
636496,2,161.0,236.0,1.68,2017-04-03 15:16:31,2017-04-03 15:34:30,0.0,14.8,17,15,Monday
420908,1,236.0,148.0,5.9,2017-04-05 15:21:13,2017-04-05 15:47:34,0.0,29.1,26,15,Wednesday
82479,1,166.0,239.0,1.5,2017-04-05 15:26:00,2017-04-05 15:32:02,0.0,10.1,6,15,Wednesday
167217,2,163.0,231.0,4.83,2017-04-05 15:33:23,2017-04-05 16:06:57,0.0,29.16,33,15,Wednesday
532094,2,107.0,170.0,1.06,2017-04-04 15:24:06,2017-04-04 15:31:38,0.0,7.3,7,15,Tuesday
844873,1,87.0,231.0,0.6,2017-04-05 15:47:02,2017-04-05 15:52:09,0.0,6.8,5,15,Wednesday
840676,1,143.0,239.0,0.9,2017-04-03 15:52:45,2017-04-03 15:59:43,0.0,8.4,6,15,Monday
884772,2,100.0,186.0,1.32,2017-04-04 15:23:09,2017-04-04 15:35:46,0.0,11.76,12,15,Tuesday
860077,2,138.0,48.0,9.63,2017-04-03 15:36:31,2017-04-03 16:37:27,0.0,56.47,60,15,Monday
148201,2,75.0,263.0,0.97,2017-04-04 15:14:34,2017-04-04 15:19:35,0.0,6.3,5,15,Tuesday
966926,1,186.0,48.0,0.6,2017-04-05 15:18:44,2017-04-05 15:23:21,1.0,7.8,4,15,Wednesday
170425,2,249.0,113.0,0.89,2017-04-06 15:49:06,2017-04-06 15:54:18,0.0,7.88,5,15,Thursday
379486,1,231.0,13.0,0.6,2017-04-07 15:14:25,2017-04-07 15:17:38,0.0,6.35,3,15,Friday
1002453,2,138.0,163.0,9.95,2017-04-05 15:45:21,2017-04-05 16:32:23,0.0,49.27,47,15,Wednesday
782415,2,163.0,151.0,2.63,2017-04-07 15:10:31,2017-04-07 15:29:09,0.0,17.16,18,15,Friday
986454,1,48.0,236.0,2.2,2017-04-03 15:08:08,2017-04-03 15:24:36,0.0,13.3,16,15,Monday
810525,1,113.0,79.0,0.7,2017-04-04 15:08:59,2017-04-04 15:22:29,0.0,11.75,13,15,Tuesday
76716,1,230.0,236.0,1.9,2017-04-04 15:22:13,2017-04-04 15:35:10,0.0,12.95,12,15,Tuesday
459762,1,239.0,68.0,2.8,2017-04-06 15:14:41,2017-04-06 15:35:18,0.0,15.8,20,15,Thursday
541025,1,48.0,158.0,1.6,2017-04-06 15:54:57,2017-04-06 16:02:49,1.0,9.3,7,15,Thursday
1022393,1,143.0,239.0,0.6,2017-04-05 15:18:35,2017-04-05 15:22:22,0.0,5.3,3,15,Wednesday
257585,2,238.0,141.0,1.65,2017-04-06 15:00:50,2017-04-06 15:15:36,0.0,11.8,14,15,Thursday
984656,2,231.0,162.0,3.33,2017-04-04 15:59:53,2017-04-04 16:18:47,0.0,19.89,18,15,Tuesday
190353,1,161.0,75.0,2.5,2017-04-05 15:41:10,2017-04-05 16:10:30,0.0,23.3,29,15,Wednesday
126920,2,238.0,262.0,1.69,2017-04-03 15:26:28,2017-04-03 15:42:39,0.0,14.76,16,15,Monday
615922,1,48.0,163.0,0.6,2017-04-06 15:10:26,2017-04-06 15:14:36,0.0,6.35,4,15,Thursday
200615,1,239.0,238.0,0.6,2017-04-07 15:02:24,2017-04-07 15:06:36,0.0,6.38,4,15,Friday
551433,1,237.0,145.0,3.2,2017-04-06 15:54:53,2017-04-06 16:12:57,0.0,17.75,18,15,Thursday
200916,2,132.0,75.0,18.56,2017-04-03 15:28:21,2017-04-03 16:13:35,0.0,70.27,45,15,Monday
1031452,2,141.0,93.0,20.11,2017-04-07 15:12:25,2017-04-07 16:40:19,0.0,64.42,87,15,Friday
463238,1,237.0,236.0,1.2,2017-04-04 15:23:01,2017-04-04 15:29:00,0.0,8.8,5,15,Tuesday
67917,1,234.0,234.0,0.3,2017-04-07 15:11:07,2017-04-07 15:13:34,0.0,4.3,2,15,Friday
813804,1,144.0,256.0,2.7,2017-04-04 15:35:30,2017-04-04 15:54:59,0.0,18.95,19,15,Tuesday
922948,2,236.0,75.0,1.14,2017-04-06 15:20:18,2017-04-06 15:28:35,0.0,8.3,8,15,Thursday
802403,2,236.0,162.0,2.49,2017-04-04 15:48:45,2017-04-04 16:12:03,0.0,16.3,23,15,Tuesday
823753,1,170.0,234.0,0.8,2017-04-05 15:08:38,2017-04-05 15:13:19,0.0,6.3,4,15,Wednesday
752161,2,90.0,132.0,15.49,2017-04-07 15:04:31,2017-04-07 16:28:30,0.0,73.2,83,15,Friday
781895,2,68.0,138.0,9.82,2017-04-06 15:27:03,2017-04-06 16:21:32,0.0,56.32,54,15,Thursday
1012295,2,236.0,236.0,1.3,2017-04-06 15:30:26,2017-04-06 15:46:42,0.0,14.16,16,15,Thursday
683253,2,125.0,158.0,0.98,2017-04-03 15:48:47,2017-04-03 15:54:53,0.0,8.84,6,15,Monday
379459,2,143.0,162.0,1.82,2017-04-06 15:15:07,2017-04-06 15:30:19,0.0,14.16,15,15,Thursday
620149,1,114.0,158.0,1.3,2017-04-06 15:25:59,2017-04-06 15:35:19,0.0,8.3,9,15,Thursday
645342,1,164.0,142.0,1.7,2017-04-05 15:41:41,2017-04-05 15:58:34,0.0,14.75,16,15,Wednesday
604488,1,264.0,264.0,0.5,2017-04-03 15:53:16,2017-04-03 15:55:30,0.0,4.8,2,15,Monday
848107,1,237.0,237.0,0.7,2017-04-05 15:15:09,2017-04-05 15:22:04,0.0,6.8,6,15,Wednesday
337376,1,97.0,133.0,4.5,2017-04-05 15:56:40,2017-04-05 16:28:28,0.0,22.8,31,15,Wednesday
328238,1,132.0,139.0,5.1,2017-04-03 15:51:40,2017-04-03 16:08:03,0.0,17.8,16,15,Monday
28628,1,229.0,162.0,0.4,2017-04-05 15:23:02,2017-04-05 15:32:37,0.0,9.35,9,15,Wednesday
761292,2,229.0,137.0,1.23,2017-04-04 15:05:03,2017-04-04 15:11:53,0.0,8.76,6,15,Tuesday
1004576,2,239.0,142.0,0.44,2017-04-07 15:02:46,2017-04-07 15:04:26,0.0,4.3,1,15,Friday
169354,1,231.0,79.0,5.1,2017-04-04 15:21:47,2017-04-04 15:40:42,0.0,19.8,18,15,Tuesday
377592,1,161.0,231.0,3.5,2017-04-05 15:57:37,2017-04-05 16:16:26,0.0,18.95,18,15,Wednesday
1010129,2,43.0,43.0,0.63,2017-04-05 15:30:09,2017-04-05 15:33:53,0.0,5.3,3,15,Wednesday
663586,1,231.0,162.0,3.6,2017-04-06 15:59:08,2017-04-06 16:40:33,1.0,31.8,41,15,Thursday
425876,1,239.0,236.0,1.5,2017-04-03 15:12:32,2017-04-03 15:30:09,0.0,15.35,17,15,Monday
359374,2,161.0,237.0,0.43,2017-04-07 15:05:12,2017-04-07 15:08:01,0.0,5.55,2,15,Friday
566912,1,236.0,236.0,0.6,2017-04-04 15:01:02,2017-04-04 15:05:29,0.0,6.95,4,15,Tuesday
409121,1,43.0,237.0,0.4,2017-04-05 15:19:04,2017-04-05 15:25:14,0.0,7.3,6,15,Wednesday
932030,1,237.0,161.0,0.6,2017-04-05 15:42:23,2017-04-05 15:51:41,0.0,9.35,9,15,Wednesday
483180,1,68.0,163.0,2.7,2017-04-06 15:11:06,2017-04-06 15:44:25,0.0,26.0,33,15,Thursday
740443,2,234.0,170.0,1.15,2017-04-06 15:05:38,2017-04-06 15:20:56,0.0,13.56,15,15,Thursday
571070,2,246.0,236.0,3.21,2017-04-03 15:26:41,2017-04-03 15:49:37,0.0,20.76,22,15,Monday
1006053,2,162.0,138.0,9.81,2017-04-05 15:04:24,2017-04-05 15:50:59,0.0,48.06,46,15,Wednesday
683851,2,162.0,230.0,0.97,2017-04-04 15:39:44,2017-04-04 16:02:30,0.0,18.5,22,15,Tuesday
817176,2,162.0,255.0,6.05,2017-04-05 15:09:01,2017-04-05 15:29:52,0.0,25.56,20,15,Wednesday
125974,1,138.0,65.0,9.7,2017-04-04 15:45:22,2017-04-04 16:24:54,0.0,38.3,39,15,Tuesday
16720,1,141.0,90.0,3.4,2017-04-06 15:52:58,2017-04-06 16:20:09,1.0,24.75,27,15,Thursday
284385,2,231.0,229.0,6.52,2017-04-05 15:21:52,2017-04-05 15:54:04,0.0,32.89,32,15,Wednesday
1033095,1,164.0,261.0,5.2,2017-04-03 15:56:19,2017-04-03 16:26:56,0.0,23.8,30,15,Monday
903218,2,170.0,211.0,2.45,2017-04-03 15:02:57,2017-04-03 15:20:30,0.0,15.96,17,15,Monday
983004,1,148.0,100.0,3.1,2017-04-04 15:28:20,2017-04-04 15:53:16,0.0,17.8,24,15,Tuesday
1020078,1,236.0,141.0,1.1,2017-04-03 15:41:25,2017-04-03 15:49:40,0.0,9.95,8,15,Monday
93331,1,132.0,138.0,11.4,2017-04-05 15:42:04,2017-04-05 16:03:45,0.0,39.95,21,15,Wednesday
20998,1,234.0,43.0,3.4,2017-04-06 15:55:07,2017-04-06 16:26:47,1.0,21.8,31,15,Thursday
996042,2,87.0,13.0,1.75,2017-04-06 15:15:51,2017-04-06 15:30:24,0.0,14.69,14,15,Thursday
519330,2,236.0,43.0,0.45,2017-04-03 15:00:31,2017-04-03 15:03:26,0.0,5.76,2,15,Monday
275325,1,236.0,43.0,1.4,2017-04-05 15:30:22,2017-04-05 15:44:03,0.0,11.3,13,15,Wednesday
176539,2,186.0,233.0,1.43,2017-04-05 15:42:16,2017-04-05 15:58:26,0.0,12.8,16,15,Wednesday
912041,2,249.0,161.0,2.46,2017-04-05 15:22:27,2017-04-05 15:35:21,0.0,11.8,12,15,Wednesday
683642,2,90.0,211.0,1.43,2017-04-07 15:22:03,2017-04-07 15:30:37,0.0,11.0,8,15,Friday
609064,2,161.0,138.0,10.7,2017-04-05 15:57:28,2017-04-05 16:41:47,0.0,42.56,44,15,Wednesday
748238,2,68.0,48.0,0.78,2017-04-05 15:49:23,2017-04-05 15:53:40,0.0,7.25,4,15,Wednesday
911661,2,113.0,125.0,1.01,2017-04-03 15:51:58,2017-04-03 15:58:56,0.0,9.12,6,15,Monday
478442,1,164.0,234.0,0.9,2017-04-04 15:23:02,2017-04-04 15:27:17,0.0,5.8,4,15,Tuesday
580684,2,90.0,186.0,0.73,2017-04-07 15:17:48,2017-04-07 15:23:35,0.0,6.3,5,15,Friday
61308,2,231.0,163.0,5.85,2017-04-06 15:01:20,2017-04-06 15:49:18,0.0,33.96,47,15,Thursday
100157,2,237.0,262.0,0.98,2017-04-03 15:12:19,2017-04-03 15:24:27,0.0,10.3,12,15,Monday
204807,1,170.0,161.0,0.8,2017-04-03 15:50:47,2017-04-03 16:01:54,0.0,10.55,11,15,Monday
605364,2,43.0,236.0,1.37,2017-04-03 15:06:48,2017-04-03 15:15:26,0.0,10.56,8,15,Monday
166767,1,141.0,75.0,1.6,2017-04-05 15:25:22,2017-04-05 15:41:35,0.0,12.3,16,15,Wednesday
695559,1,161.0,100.0,1.3,2017-04-03 15:41:21,2017-04-03 15:52:05,0.0,9.3,10,15,Monday
124086,1,140.0,113.0,4.0,2017-04-05 15:39:39,2017-04-05 16:06:29,0.0,26.0,26,15,Wednesday
255231,2,68.0,164.0,0.98,2017-04-07 15:00:55,2017-04-07 15:11:40,0.0,8.8,10,15,Friday
908778,2,234.0,246.0,2.3,2017-04-03 15:01:36,2017-04-03 15:15:47,0.0,11.8,14,15,Monday
187324,2,161.0,142.0,1.74,2017-04-06 15:21:34,2017-04-06 15:32:54,0.0,12.36,11,15,Thursday
870635,1,265.0,265.0,6.0,2017-04-07 15:10:30,2017-04-07 15:11:45,0.0,3.3,1,15,Friday
438782,1,264.0,264.0,0.6,2017-04-03 15:16:57,2017-04-03 15:22:13,0.0,7.3,5,15,Monday
757003,2,239.0,162.0,2.25,2017-04-05 15:02:41,2017-04-05 15:26:51,0.0,18.74,24,15,Wednesday
590251,1,132.0,138.0,11.5,2017-04-03 15:56:39,2017-04-03 16:26:40,1.0,34.8,30,15,Monday
423094,1,161.0,100.0,1.1,2017-04-06 15:17:39,2017-04-06 15:27:23,0.0,8.8,9,15,Thursday
163899,2,236.0,262.0,0.64,2017-04-04 15:36:06,2017-04-04 15:40:49,0.0,5.8,4,15,Tuesday
552772,2,238.0,262.0,1.93,2017-04-07 15:04:30,2017-04-07 15:27:12,0.0,17.0,22,15,Friday
360542,2,132.0,132.0,0.03,2017-04-05 15:14:19,2017-04-05 15:14:37,0.0,3.3,0,15,Wednesday
936664,2,170.0,236.0,2.43,2017-04-05 15:00:35,2017-04-05 15:25:22,0.0,18.8,24,15,Wednesday
447846,1,50.0,142.0,0.8,2017-04-04 15:15:10,2017-04-04 15:23:25,0.0,7.8,8,15,Tuesday
1047446,2,230.0,138.0,11.96,2017-04-05 15:07:24,2017-04-05 15:58:35,0.0,61.32,51,15,Wednesday
1000067,2,132.0,163.0,18.2,2017-04-03 15:58:12,2017-04-03 17:04:26,0.0,66.0,66,15,Monday
26860,1,138.0,162.0,11.2,2017-04-03 15:10:12,2017-04-03 15:45:28,0.0,49.26,35,15,Monday
637689,2,138.0,230.0,10.52,2017-04-05 15:03:24,2017-04-05 15:47:15,0.0,51.67,43,15,Wednesday
820766,2,164.0,236.0,2.51,2017-04-06 15:08:12,2017-04-06 15:43:33,0.0,26.16,35,15,Thursday
694413,1,163.0,162.0,1.2,2017-04-03 15:17:36,2017-04-03 15:29:57,0.0,9.8,12,15,Monday
664452,2,170.0,170.0,0.53,2017-04-05 15:30:11,2017-04-05 15:36:12,0.0,6.3,6,15,Wednesday
7943,2,239.0,166.0,2.03,2017-04-03 15:31:25,2017-04-03 15:40:39,0.0,12.36,9,15,Monday
871823,2,151.0,239.0,1.44,2017-04-04 15:02:43,2017-04-04 15:14:40,0.0,11.76,11,15,Tuesday
612345,1,263.0,137.0,3.2,2017-04-05 15:22:15,2017-04-05 15:39:40,0.0,18.35,17,15,Wednesday
654509,1,263.0,141.0,0.9,2017-04-03 15:06:11,2017-04-03 15:11:53,0.0,8.8,5,15,Monday
627754,2,233.0,230.0,1.33,2017-04-07 15:15:30,2017-04-07 15:30:41,0.0,13.56,15,15,Friday
433273,2,113.0,170.0,1.72,2017-04-04 15:18:02,2017-04-04 15:38:13,0.0,14.3,20,15,Tuesday
1011873,2,234.0,249.0,1.2,2017-04-03 15:58:09,2017-04-03 16:05:05,0.0,7.3,6,15,Monday
369308,2,161.0,142.0,2.43,2017-04-06 15:12:00,2017-04-06 15:37:37,0.0,20.76,25,15,Thursday
87440,2,264.0,264.0,0.08,2017-04-05 15:23:52,2017-04-05 15:25:24,0.0,3.8,1,15,Wednesday
173474,1,262.0,237.0,1.5,2017-04-03 15:33:36,2017-04-03 15:47:22,0.0,10.8,13,15,Monday
931254,1,237.0,141.0,0.5,2017-04-03 15:40:45,2017-04-03 15:44:48,0.0,5.3,4,15,Monday
959800,2,151.0,166.0,1.15,2017-04-03 15:16:05,2017-04-03 15:22:00,0.0,7.3,5,15,Monday
1033689,1,236.0,162.0,1.9,2017-04-06 15:19:22,2017-04-06 15:34:49,0.0,14.15,15,15,Thursday
344746,2,140.0,13.0,7.69,2017-04-05 15:00:46,2017-04-05 15:22:27,0.0,25.8,21,15,Wednesday
301418,2,239.0,229.0,2.89,2017-04-07 15:23:16,2017-04-07 15:49:34,0.0,17.8,26,15,Friday
912278,2,186.0,164.0,0.32,2017-04-06 15:05:18,2017-04-06 15:09:16,0.0,6.36,3,15,Thursday
521528,2,162.0,132.0,19.72,2017-04-06 15:18:39,2017-04-06 16:33:30,0.0,58.56,74,15,Thursday
478369,1,75.0,41.0,2.1,2017-04-05 15:37:26,2017-04-05 15:52:29,0.0,14.15,15,15,Wednesday
464352,1,163.0,68.0,1.7,2017-04-05 15:55:28,2017-04-05 16:08:11,0.0,10.8,12,15,Wednesday
439597,1,143.0,237.0,1.4,2017-04-05 15:47:56,2017-04-05 16:00:45,1.0,11.3,12,15,Wednesday
962347,2,132.0,161.0,18.0,2017-04-03 15:38:34,2017-04-03 16:37:13,0.0,68.56,58,15,Monday
997175,2,68.0,163.0,1.93,2017-04-05 15:29:51,2017-04-05 15:44:49,0.0,14.16,14,15,Wednesday
114443,1,161.0,164.0,0.7,2017-04-04 15:47:17,2017-04-04 15:53:09,0.0,7.85,5,15,Tuesday
356727,2,262.0,262.0,0.34,2017-04-04 15:22:12,2017-04-04 15:24:58,0.0,4.8,2,15,Tuesday
112611,2,170.0,107.0,0.64,2017-04-03 15:34:18,2017-04-03 15:37:50,0.0,10.3,3,15,Monday
659246,1,151.0,238.0,0.2,2017-04-03 15:43:22,2017-04-03 15:47:01,0.0,4.8,3,15,Monday
702668,1,170.0,236.0,2.3,2017-04-06 15:32:22,2017-04-06 16:05:06,0.0,23.8,32,15,Thursday
231883,2,162.0,141.0,0.63,2017-04-06 15:19:54,2017-04-06 15:22:55,0.0,6.36,3,15,Thursday
400787,2,239.0,43.0,0.7,2017-04-06 15:54:04,2017-04-06 15:59:25,0.0,6.3,5,15,Thursday
50225,2,239.0,142.0,0.97,2017-04-03 15:07:08,2017-04-03 15:11:30,0.0,6.3,4,15,Monday
598447,1,141.0,140.0,1.0,2017-04-03 15:08:14,2017-04-03 15:18:39,0.0,9.8,10,15,Monday
1005747,2,161.0,87.0,6.39,2017-04-04 15:48:15,2017-04-04 16:14:24,0.0,29.76,26,15,Tuesday
528769,1,234.0,158.0,1.0,2017-04-06 15:11:23,2017-04-06 15:20:50,0.0,9.95,9,15,Thursday
863239,1,68.0,161.0,1.2,2017-04-05 15:25:29,2017-04-05 15:35:10,0.0,11.0,9,15,Wednesday
487334,1,229.0,263.0,1.6,2017-04-04 15:00:25,2017-04-04 15:09:47,0.0,9.3,9,15,Tuesday
689741,1,236.0,143.0,2.8,2017-04-06 15:50:54,2017-04-06 16:11:47,0.0,18.5,20,15,Thursday
822196,1,211.0,87.0,1.7,2017-04-06 15:37:05,2017-04-06 15:50:49,0.0,11.8,13,15,Thursday
413610,2,13.0,12.0,0.48,2017-04-03 15:09:05,2017-04-03 15:12:34,0.0,5.3,3,15,Monday
730264,2,4.0,79.0,0.86,2017-04-04 15:31:21,2017-04-04 15:37:20,0.0,7.8,5,15,Tuesday
175763,1,234.0,113.0,1.0,2017-04-07 15:01:21,2017-04-07 15:07:56,0.0,8.3,6,15,Friday
94414,2,233.0,170.0,1.11,2017-04-07 15:06:35,2017-04-07 15:14:30,0.0,8.8,7,15,Friday
745465,1,164.0,234.0,0.5,2017-04-04 15:24:03,2017-04-04 15:29:45,0.0,5.8,5,15,Tuesday
340770,2,162.0,234.0,2.21,2017-04-04 15:44:34,2017-04-04 15:57:44,0.0,13.56,13,15,Tuesday
1031687,2,132.0,234.0,20.09,2017-04-07 15:04:10,2017-04-07 16:05:33,0.0,70.27,61,15,Friday
735720,2,211.0,249.0,0.99,2017-04-04 15:19:37,2017-04-04 15:25:25,0.0,6.3,5,15,Tuesday
944595,2,43.0,161.0,0.6,2017-04-06 15:05:30,2017-04-06 15:08:15,0.0,4.8,2,15,Thursday
137244,2,226.0,129.0,2.24,2017-04-07 15:08:56,2017-04-07 15:29:43,0.0,14.8,20,15,Friday
1020996,1,237.0,141.0,1.0,2017-04-05 15:05:02,2017-04-05 15:12:00,0.0,7.3,6,15,Wednesday
28527,1,114.0,113.0,0.4,2017-04-04 15:08:47,2017-04-04 15:10:41,0.0,6.0,1,15,Tuesday
695793,1,75.0,50.0,4.5,2017-04-04 15:31:04,2017-04-04 15:58:27,0.0,23.3,27,15,Tuesday
210105,2,230.0,239.0,1.87,2017-04-03 15:12:46,2017-04-03 15:28:58,0.0,14.76,16,15,Monday
822661,2,161.0,142.0,1.35,2017-04-03 15:26:29,2017-04-03 15:35:16,0.0,9.96,8,15,Monday
189926,1,262.0,140.0,0.9,2017-04-07 15:19:11,2017-04-07 15:25:23,0.0,7.82,6,15,Friday
528307,1,234.0,144.0,1.8,2017-04-04 15:18:13,2017-04-04 15:39:48,0.0,14.3,21,15,Tuesday
744972,1,164.0,43.0,1.6,2017-04-07 15:15:15,2017-04-07 15:29:19,0.0,10.8,14,15,Friday
593551,2,43.0,239.0,1.39,2017-04-06 15:02:43,2017-04-06 15:11:21,0.0,11.8,8,15,Thursday
89326,1,74.0,147.0,3.1,2017-04-04 15:34:15,2017-04-04 15:52:44,0.0,15.8,18,15,Tuesday
536540,2,163.0,234.0,2.07,2017-04-06 15:24:58,2017-04-06 15:46:06,0.0,17.76,21,15,Thursday
331002,1,229.0,230.0,1.6,2017-04-03 15:06:26,2017-04-03 15:22:28,0.0,11.8,16,15,Monday
584408,2,163.0,162.0,0.16,2017-04-04 15:48:27,2017-04-04 15:54:38,0.0,6.3,6,15,Tuesday
811711,1,186.0,246.0,0.6,2017-04-03 15:55:19,2017-04-03 15:58:02,1.0,6.8,2,15,Monday
661564,2,236.0,43.0,0.7,2017-04-06 15:42:01,2017-04-06 15:47:29,0.0,7.56,5,15,Thursday
572202,1,262.0,237.0,1.1,2017-04-05 15:53:17,2017-04-05 16:04:34,0.0,10.3,11,15,Wednesday
611421,2,132.0,226.0,14.73,2017-04-07 15:08:21,2017-04-07 16:04:58,0.0,48.8,56,15,Friday
146167,1,125.0,87.0,1.9,2017-04-06 15:26:24,2017-04-06 15:42:27,0.0,14.75,16,15,Thursday
638988,2,229.0,236.0,2.21,2017-04-04 15:44:15,2017-04-04 15:58:47,0.0,11.8,14,15,Tuesday
314631,1,13.0,48.0,4.3,2017-04-03 15:17:33,2017-04-03 15:39:42,0.0,19.3,22,15,Monday
468555,2,141.0,141.0,0.87,2017-04-05 15:26:24,2017-04-05 15:30:03,0.0,6.96,3,15,Wednesday
638166,2,68.0,234.0,1.54,2017-04-04 15:40:25,2017-04-04 15:52:18,0.0,12.36,11,15,Tuesday
34713,1,170.0,238.0,3.5,2017-04-06 15:38:01,2017-04-06 16:10:26,0.0,25.3,32,15,Thursday
37786,2,186.0,230.0,1.36,2017-04-05 15:52:54,2017-04-05 16:02:37,0.0,10.56,9,15,Wednesday
986655,1,237.0,170.0,1.8,2017-04-05 15:58:41,2017-04-05 16:17:03,1.0,14.3,18,15,Wednesday
619416,1,211.0,231.0,1.1,2017-04-04 15:44:16,2017-04-04 15:54:43,0.0,10.56,10,15,Tuesday
399317,2,142.0,68.0,2.77,2017-04-05 15:33:11,2017-04-05 15:50:10,0.0,17.16,16,15,Wednesday
5381,1,164.0,163.0,1.5,2017-04-05 15:38:38,2017-04-05 15:55:19,0.0,14.75,16,15,Wednesday
196321,2,107.0,186.0,0.62,2017-04-06 15:33:50,2017-04-06 15:45:30,0.0,9.3,11,15,Thursday
299176,2,140.0,141.0,0.46,2017-04-07 15:13:44,2017-04-07 15:16:16,0.0,4.3,2,15,Friday
484798,1,237.0,229.0,1.5,2017-04-06 15:45:42,2017-04-06 16:00:28,0.0,13.55,14,15,Thursday
231623,2,142.0,211.0,3.61,2017-04-03 15:12:05,2017-04-03 15:34:06,0.0,16.8,22,15,Monday
697027,2,164.0,90.0,0.73,2017-04-04 15:51:21,2017-04-04 15:54:49,0.0,6.3,3,15,Tuesday
561594,2,68.0,90.0,0.43,2017-04-06 15:18:47,2017-04-06 15:25:45,0.0,8.16,6,15,Thursday
1033456,2,100.0,107.0,1.5,2017-04-04 15:55:58,2017-04-04 16:07:08,0.0,9.8,11,15,Tuesday
771047,2,141.0,140.0,0.53,2017-04-03 15:21:49,2017-04-03 15:27:03,0.0,6.96,5,15,Monday
879833,2,116.0,166.0,1.31,2017-04-07 15:18:31,2017-04-07 15:26:25,0.0,9.96,7,15,Friday
428295,1,43.0,161.0,1.0,2017-04-04 15:27:30,2017-04-04 15:37:49,0.0,8.3,10,15,Tuesday
927815,2,125.0,211.0,0.69,2017-04-03 15:39:29,2017-04-03 15:46:01,0.0,7.56,6,15,Monday
178063,2,170.0,74.0,5.05,2017-04-03 15:28:04,2017-04-03 15:48:57,0.0,23.16,20,15,Monday
758211,2,211.0,249.0,0.96,2017-04-06 15:49:22,2017-04-06 15:56:02,0.0,8.84,6,15,Thursday
461724,2,170.0,234.0,1.08,2017-04-06 15:12:49,2017-04-06 15:20:04,0.0,9.12,7,15,Thursday
381073,2,162.0,142.0,1.71,2017-04-03 15:20:14,2017-04-03 15:35:51,0.0,13.3,15,15,Monday
975529,1,137.0,87.0,4.3,2017-04-04 15:36:37,2017-04-04 15:52:49,0.0,20.15,16,15,Tuesday
561222,2,113.0,145.0,5.3,2017-04-06 15:36:02,2017-04-06 16:34:06,0.0,42.36,58,15,Thursday
320990,2,233.0,79.0,2.32,2017-04-05 15:22:22,2017-04-05 15:33:16,0.0,12.96,10,15,Wednesday
341459,2,230.0,263.0,2.84,2017-04-06 15:10:35,2017-04-06 15:29:51,0.0,14.8,19,15,Thursday
11001,1,151.0,163.0,2.6,2017-04-05 15:37:36,2017-04-05 15:56:50,0.0,13.8,19,15,Wednesday
827203,2,237.0,137.0,2.19,2017-04-03 15:20:56,2017-04-03 15:32:17,0.0,13.5,11,15,Monday
416545,1,41.0,75.0,1.0,2017-04-04 15:49:48,2017-04-04 15:55:39,0.0,6.8,5,15,Tuesday
637124,1,237.0,162.0,0.4,2017-04-03 15:03:55,2017-04-03 15:06:43,0.0,4.8,2,15,Monday
158292,1,230.0,142.0,0.7,2017-04-06 15:51:21,2017-04-06 15:55:23,0.0,5.8,4,15,Thursday
651891,2,140.0,162.0,1.2,2017-04-06 15:13:28,2017-04-06 15:22:10,0.0,9.75,8,15,Thursday
407907,1,237.0,263.0,0.9,2017-04-07 15:22:01,2017-04-07 15:30:31,0.0,9.75,8,15,Friday
937871,2,230.0,164.0,1.61,2017-04-04 15:41:50,2017-04-04 15:59:31,0.0,12.8,17,15,Tuesday
376129,2,262.0,238.0,2.21,2017-04-03 15:21:32,2017-04-03 15:39:56,0.0,16.56,18,15,Monday
881798,1,264.0,264.0,0.7,2017-04-03 15:10:09,2017-04-03 15:15:38,0.0,7.3,5,15,Monday
344340,2,164.0,161.0,0.93,2017-04-04 15:22:57,2017-04-04 15:33:03,0.0,10.38,10,15,Tuesday
24783,2,138.0,239.0,9.94,2017-04-07 15:22:23,2017-04-07 16:14:31,0.0,49.06,52,15,Friday
462400,1,114.0,249.0,0.6,2017-04-05 16:48:57,2017-04-05 16:52:43,1.0,7.55,3,16,Wednesday
861704,1,137.0,79.0,1.3,2017-04-05 16:17:44,2017-04-05 16:25:45,1.0,10.55,8,16,Wednesday
91969,2,137.0,113.0,1.76,2017-04-04 16:28:53,2017-04-04 16:39:58,1.0,11.3,11,16,Tuesday
491494,2,100.0,164.0,0.16,2017-04-06 16:52:57,2017-04-06 16:54:53,4.5,73.06,1,16,Thursday
550295,1,141.0,43.0,0.7,2017-04-06 16:47:09,2017-04-06 16:52:49,1.0,8.75,5,16,Thursday
141969,2,186.0,107.0,1.73,2017-04-06 16:32:10,2017-04-06 16:53:06,1.0,17.3,20,16,Thursday
183927,2,237.0,237.0,0.2,2017-04-06 16:21:22,2017-04-06 16:22:51,1.0,4.8,1,16,Thursday
732745,1,142.0,239.0,1.2,2017-04-04 16:01:22,2017-04-04 16:06:37,0.0,8.15,5,16,Tuesday
176541,1,161.0,230.0,0.3,2017-04-04 16:03:25,2017-04-04 16:08:26,1.0,8.15,5,16,Tuesday
243294,1,162.0,170.0,0.3,2017-04-03 16:28:09,2017-04-03 16:31:33,1.0,5.8,3,16,Monday
1009744,1,43.0,75.0,1.0,2017-04-05 16:04:04,2017-04-05 16:11:22,1.0,8.8,7,16,Wednesday
209476,2,231.0,148.0,1.41,2017-04-03 16:21:22,2017-04-03 16:42:56,1.0,16.83,21,16,Monday
721336,2,68.0,113.0,0.9,2017-04-05 16:21:35,2017-04-05 16:27:13,1.0,7.3,5,16,Wednesday
376891,2,45.0,186.0,3.16,2017-04-06 16:34:07,2017-04-06 17:03:43,1.0,20.3,29,16,Thursday
996255,1,48.0,48.0,0.3,2017-04-06 16:57:07,2017-04-06 16:59:39,1.0,5.8,2,16,Thursday
790913,2,132.0,100.0,17.43,2017-04-03 16:52:48,2017-04-03 18:10:09,4.5,75.67,77,16,Monday
628031,2,48.0,68.0,1.85,2017-04-05 16:39:32,2017-04-05 16:50:36,1.0,12.96,11,16,Wednesday
607324,2,186.0,234.0,0.79,2017-04-05 16:38:43,2017-04-05 16:43:31,1.0,7.55,4,16,Wednesday
178902,2,142.0,230.0,1.21,2017-04-03 16:06:41,2017-04-03 16:13:52,1.0,8.8,7,16,Monday
461784,2,216.0,238.0,16.95,2017-04-03 16:03:21,2017-04-03 16:55:25,4.5,73.06,52,16,Monday
419099,1,140.0,262.0,1.0,2017-04-04 16:41:36,2017-04-04 16:48:50,1.0,10.55,7,16,Tuesday
311942,2,142.0,170.0,1.85,2017-04-05 16:02:34,2017-04-05 16:16:22,1.0,11.8,13,16,Wednesday
764985,2,170.0,229.0,1.07,2017-04-06 16:05:40,2017-04-06 16:29:27,1.0,16.3,23,16,Thursday
835192,1,237.0,43.0,1.9,2017-04-06 16:05:23,2017-04-06 16:21:07,1.0,15.3,15,16,Thursday
776202,2,229.0,41.0,5.08,2017-04-03 16:10:37,2017-04-03 16:40:22,1.0,27.36,29,16,Monday
734902,2,43.0,142.0,2.63,2017-04-04 16:20:26,2017-04-04 16:41:22,1.0,21.19,20,16,Tuesday
284444,1,231.0,211.0,0.4,2017-04-03 16:36:49,2017-04-03 16:42:28,1.0,7.8,5,16,Monday
361871,2,170.0,68.0,1.04,2017-04-05 16:41:31,2017-04-05 17:02:24,1.0,15.8,20,16,Wednesday
381445,2,249.0,140.0,4.28,2017-04-06 16:32:49,2017-04-06 17:20:36,1.0,35.3,47,16,Thursday
770847,2,236.0,236.0,0.88,2017-04-06 16:11:09,2017-04-06 16:16:19,1.0,8.76,5,16,Thursday
1034144,1,148.0,79.0,0.6,2017-04-03 16:32:50,2017-04-03 16:34:58,1.0,6.8,2,16,Monday
408156,1,100.0,132.0,16.3,2017-04-03 16:33:37,2017-04-03 17:34:52,4.5,57.3,61,16,Monday
41992,1,158.0,231.0,1.3,2017-04-03 16:13:54,2017-04-03 16:20:47,1.0,8.8,6,16,Monday
1042873,2,234.0,107.0,0.71,2017-04-05 16:54:48,2017-04-05 16:59:39,1.0,7.3,4,16,Wednesday
982955,1,263.0,141.0,0.9,2017-04-03 16:48:00,2017-04-03 16:55:07,1.0,9.95,7,16,Monday
376286,2,161.0,48.0,1.22,2017-04-05 16:33:13,2017-04-05 16:48:56,1.0,14.76,15,16,Wednesday
166650,2,158.0,48.0,3.58,2017-04-06 16:30:24,2017-04-06 17:01:23,1.0,22.3,30,16,Thursday
179948,1,236.0,263.0,1.0,2017-04-03 16:38:25,2017-04-03 16:44:26,1.0,8.8,6,16,Monday
696090,1,43.0,161.0,0.9,2017-04-03 16:49:36,2017-04-03 16:57:52,1.0,8.8,8,16,Monday
838868,2,246.0,229.0,3.07,2017-04-05 16:31:12,2017-04-05 16:53:00,1.0,17.3,21,16,Wednesday
87574,1,263.0,236.0,0.9,2017-04-03 16:08:20,2017-04-03 16:13:37,1.0,8.5,5,16,Monday
167235,2,90.0,158.0,0.85,2017-04-06 16:45:32,2017-04-06 16:51:08,1.0,7.3,5,16,Thursday
1002828,1,161.0,162.0,0.8,2017-04-06 16:01:53,2017-04-06 16:10:24,1.0,11.0,8,16,Thursday
494506,2,90.0,100.0,0.64,2017-04-06 16:41:36,2017-04-06 16:51:05,1.0,10.56,9,16,Thursday
847041,1,48.0,87.0,6.0,2017-04-06 16:13:01,2017-04-06 16:44:07,1.0,30.95,31,16,Thursday
876552,2,144.0,90.0,2.7,2017-04-06 16:35:58,2017-04-06 17:01:59,1.0,18.8,26,16,Thursday
1018005,2,107.0,234.0,0.79,2017-04-06 16:41:54,2017-04-06 16:49:54,1.0,9.3,8,16,Thursday
495960,2,100.0,230.0,0.68,2017-04-04 16:13:35,2017-04-04 16:17:02,1.0,7.56,3,16,Tuesday
950970,1,161.0,161.0,0.5,2017-04-06 16:37:24,2017-04-06 16:51:10,1.0,10.8,13,16,Thursday
858526,1,68.0,237.0,2.5,2017-04-05 16:35:12,2017-04-05 16:49:58,1.0,13.3,14,16,Wednesday
546600,2,186.0,224.0,2.57,2017-04-03 16:47:01,2017-04-03 17:05:53,1.0,18.36,18,16,Monday
369355,2,263.0,74.0,0.93,2017-04-05 16:09:06,2017-04-05 16:11:21,1.0,6.3,2,16,Wednesday
276494,1,264.0,264.0,2.4,2017-04-03 16:44:08,2017-04-03 17:04:15,1.0,18.3,20,16,Monday
508739,2,161.0,162.0,0.59,2017-04-04 16:21:00,2017-04-04 16:28:35,1.0,7.8,7,16,Tuesday
1039837,1,264.0,264.0,1.3,2017-04-04 16:51:31,2017-04-04 17:03:03,1.0,10.3,11,16,Tuesday
151309,2,263.0,236.0,0.55,2017-04-06 16:20:29,2017-04-06 16:25:15,1.0,8.16,4,16,Thursday
718187,2,142.0,142.0,0.45,2017-04-05 16:10:46,2017-04-05 16:13:12,1.0,5.8,2,16,Wednesday
211457,2,161.0,237.0,0.47,2017-04-05 16:43:15,2017-04-05 16:47:09,1.0,6.3,3,16,Wednesday
518970,1,114.0,79.0,0.8,2017-04-05 16:51:46,2017-04-05 17:01:25,1.0,11.6,9,16,Wednesday
306582,2,263.0,163.0,2.56,2017-04-04 16:50:33,2017-04-04 17:18:30,1.0,19.3,27,16,Tuesday
1041698,2,87.0,232.0,1.09,2017-04-06 16:35:05,2017-04-06 16:42:04,1.0,8.3,6,16,Thursday
19024,2,114.0,79.0,0.42,2017-04-06 16:50:23,2017-04-06 16:53:01,1.0,5.8,2,16,Thursday
674173,2,234.0,113.0,0.81,2017-04-03 16:40:08,2017-04-03 16:46:31,1.0,7.8,6,16,Monday
300037,2,142.0,234.0,3.12,2017-04-03 16:27:38,2017-04-03 16:45:03,1.0,15.8,17,16,Monday
966398,2,43.0,234.0,3.51,2017-04-06 16:03:06,2017-04-06 16:28:05,1.0,19.3,24,16,Thursday
226847,2,170.0,186.0,1.01,2017-04-03 16:49:04,2017-04-03 16:57:57,1.0,8.8,8,16,Monday
544019,2,138.0,237.0,9.57,2017-04-05 16:49:10,2017-04-05 17:20:31,1.0,41.06,31,16,Wednesday
197629,1,68.0,132.0,17.0,2017-04-05 16:47:44,2017-04-05 18:24:26,4.5,68.56,96,16,Wednesday
307225,1,161.0,170.0,0.9,2017-04-06 16:05:28,2017-04-06 16:13:54,1.0,10.55,8,16,Thursday
457284,1,142.0,238.0,1.0,2017-04-03 16:12:07,2017-04-03 16:17:09,1.0,9.45,5,16,Monday
306751,1,231.0,231.0,0.7,2017-04-03 16:09:05,2017-04-03 16:16:07,1.0,9.75,7,16,Monday
76837,1,170.0,107.0,1.1,2017-04-06 16:10:59,2017-04-06 16:17:27,1.0,9.96,6,16,Thursday
869998,2,161.0,161.0,0.83,2017-04-05 16:53:24,2017-04-05 16:59:30,1.0,8.8,6,16,Wednesday
651894,1,140.0,236.0,2.1,2017-04-04 16:25:20,2017-04-04 16:38:56,1.0,13.82,13,16,Tuesday
870776,2,161.0,237.0,1.01,2017-04-03 16:35:39,2017-04-03 16:44:48,1.0,10.56,9,16,Monday
577127,2,100.0,239.0,2.06,2017-04-04 16:02:19,2017-04-04 16:12:12,1.0,14.04,9,16,Tuesday
382916,1,68.0,239.0,3.1,2017-04-06 16:03:01,2017-04-06 16:39:16,1.0,26.18,36,16,Thursday
775041,2,114.0,234.0,1.13,2017-04-04 16:03:08,2017-04-04 16:10:17,1.0,9.5,7,16,Tuesday
484516,2,236.0,238.0,2.81,2017-04-06 16:30:58,2017-04-06 16:54:42,1.0,21.3,23,16,Thursday
546463,2,107.0,170.0,0.63,2017-04-06 16:45:40,2017-04-06 16:52:04,1.0,8.76,6,16,Thursday
949940,2,236.0,41.0,2.1,2017-04-05 16:49:46,2017-04-05 17:01:01,1.0,14.16,11,16,Wednesday
232938,2,236.0,142.0,2.81,2017-04-04 16:33:05,2017-04-04 16:50:05,1.0,15.8,17,16,Tuesday
954285,1,90.0,230.0,1.8,2017-04-04 16:11:38,2017-04-04 16:27:17,0.0,11.8,15,16,Tuesday
198016,1,230.0,100.0,0.9,2017-04-06 16:45:29,2017-04-06 16:59:37,1.0,13.55,14,16,Thursday
780980,1,186.0,249.0,1.5,2017-04-04 16:57:53,2017-04-04 17:06:04,1.0,9.3,8,16,Tuesday
966057,1,162.0,263.0,1.7,2017-04-04 16:42:35,2017-04-04 16:49:26,1.0,11.15,6,16,Tuesday
675634,1,261.0,87.0,0.2,2017-04-06 16:28:51,2017-04-06 16:31:24,1.0,6.3,2,16,Thursday
24599,2,140.0,162.0,1.84,2017-04-04 16:28:37,2017-04-04 16:40:20,1.0,11.3,11,16,Tuesday
36309,1,170.0,249.0,1.8,2017-04-04 16:15:06,2017-04-04 16:26:18,1.0,13.5,11,16,Tuesday
457539,1,87.0,25.0,2.9,2017-04-06 16:36:34,2017-04-06 17:03:34,1.0,22.85,27,16,Thursday
122185,1,132.0,48.0,19.3,2017-04-05 16:01:12,2017-04-05 17:26:19,4.5,63.06,85,16,Wednesday
409706,2,186.0,107.0,0.9,2017-04-06 16:24:31,2017-04-06 16:35:43,1.0,11.76,11,16,Thursday
611252,1,239.0,239.0,0.9,2017-04-06 16:37:59,2017-04-06 16:43:10,1.0,9.45,5,16,Thursday
38734,1,90.0,231.0,1.7,2017-04-04 16:20:13,2017-04-04 16:30:01,1.0,12.85,9,16,Tuesday
227672,2,107.0,79.0,0.74,2017-04-03 16:09:00,2017-04-03 16:15:40,1.0,7.8,6,16,Monday
533502,2,161.0,186.0,1.44,2017-04-05 16:24:04,2017-04-05 16:33:16,1.0,11.1,9,16,Wednesday
338006,1,239.0,239.0,0.4,2017-04-04 16:00:26,2017-04-04 16:03:01,1.0,5.8,2,16,Tuesday
433221,1,264.0,264.0,4.6,2017-04-03 16:56:41,2017-04-03 17:19:12,1.0,19.8,22,16,Monday
16349,1,24.0,238.0,0.9,2017-04-06 16:09:17,2017-04-06 16:14:31,1.0,9.35,5,16,Thursday
416481,2,143.0,140.0,2.46,2017-04-04 16:53:13,2017-04-04 17:11:51,1.0,14.8,18,16,Tuesday
42765,1,107.0,237.0,1.9,2017-04-05 16:57:42,2017-04-05 17:10:28,1.0,11.8,12,16,Wednesday
37068,1,100.0,132.0,16.3,2017-04-06 16:10:31,2017-04-06 17:41:59,4.5,81.96,91,16,Thursday
861274,1,140.0,48.0,3.1,2017-04-06 16:18:03,2017-04-06 16:48:16,1.0,25.55,30,16,Thursday
42401,2,239.0,143.0,0.47,2017-04-05 16:54:30,2017-04-05 16:56:59,1.0,7.8,2,16,Wednesday
426900,2,138.0,161.0,9.79,2017-04-04 16:56:33,2017-04-04 17:41:03,1.0,52.27,44,16,Tuesday
443357,2,158.0,143.0,3.3,2017-04-03 16:22:33,2017-04-03 16:36:19,1.0,14.8,13,16,Monday
60840,1,138.0,162.0,10.6,2017-04-05 16:11:39,2017-04-05 17:01:14,1.0,49.06,49,16,Wednesday
378220,2,262.0,236.0,1.0,2017-04-05 16:28:16,2017-04-05 16:38:36,1.0,9.8,10,16,Wednesday
159712,1,236.0,236.0,0.6,2017-04-06 16:34:54,2017-04-06 16:40:44,1.0,9.1,5,16,Thursday
699002,2,161.0,48.0,1.25,2017-04-06 16:55:49,2017-04-06 17:20:27,1.0,21.84,24,16,Thursday
437567,1,186.0,79.0,2.9,2017-04-06 16:10:47,2017-04-06 16:41:00,1.0,20.8,30,16,Thursday
57995,2,237.0,249.0,3.38,2017-04-06 16:57:52,2017-04-06 17:19:11,1.0,20.76,21,16,Thursday
704967,2,107.0,234.0,0.23,2017-04-06 16:34:52,2017-04-06 16:36:52,1.0,6.89,2,16,Thursday
527935,1,68.0,234.0,1.0,2017-04-06 16:17:22,2017-04-06 16:35:13,1.0,15.95,17,16,Thursday
776092,2,143.0,50.0,1.28,2017-04-03 16:27:03,2017-04-03 16:33:43,1.0,10.56,6,16,Monday
205600,2,230.0,234.0,1.95,2017-04-03 16:03:51,2017-04-03 16:18:31,1.0,15.36,14,16,Monday
104995,2,170.0,162.0,0.7,2017-04-04 16:20:52,2017-04-04 16:25:24,1.0,8.16,4,16,Tuesday
746095,2,230.0,161.0,0.8,2017-04-03 16:59:57,2017-04-03 17:07:10,1.0,7.8,7,16,Monday
376162,1,229.0,141.0,0.8,2017-04-06 16:05:15,2017-04-06 16:11:57,1.0,9.75,6,16,Thursday
504777,2,246.0,230.0,1.36,2017-04-03 16:20:54,2017-04-03 16:30:30,1.0,9.8,9,16,Monday
453218,2,163.0,237.0,1.03,2017-04-04 16:26:19,2017-04-04 16:43:10,1.0,16.64,16,16,Tuesday
346131,2,264.0,264.0,0.0,2017-04-03 16:11:32,2017-04-03 16:16:32,0.0,2.7,5,16,Monday
882462,1,233.0,161.0,0.7,2017-04-06 16:55:43,2017-04-06 17:08:35,1.0,10.8,12,16,Thursday
800026,1,239.0,166.0,1.6,2017-04-04 16:14:56,2017-04-04 16:21:46,1.0,11.15,6,16,Tuesday
176496,1,231.0,231.0,0.5,2017-04-06 16:25:56,2017-04-06 16:31:56,1.0,7.3,6,16,Thursday
13733,2,43.0,234.0,2.42,2017-04-03 16:53:27,2017-04-03 17:08:51,1.0,15.3,15,16,Monday
116639,1,162.0,142.0,1.9,2017-04-06 16:33:01,2017-04-06 16:47:32,1.0,15.35,14,16,Thursday
364809,1,142.0,170.0,2.6,2017-04-06 16:11:00,2017-04-06 16:47:38,1.0,33.3,36,16,Thursday
274825,1,249.0,107.0,1.1,2017-04-04 16:48:33,2017-04-04 16:56:42,1.0,8.8,8,16,Tuesday
49932,1,162.0,237.0,0.6,2017-04-06 16:50:40,2017-04-06 16:55:24,1.0,6.8,4,16,Thursday
353108,1,237.0,239.0,1.6,2017-04-05 16:07:25,2017-04-05 16:20:02,1.0,14.75,12,16,Wednesday
761318,2,100.0,161.0,1.46,2017-04-05 16:48:42,2017-04-05 16:59:36,1.0,12.36,10,16,Wednesday
830906,2,138.0,230.0,10.0,2017-04-06 16:44:23,2017-04-06 18:07:50,1.0,61.06,83,16,Thursday
950316,1,230.0,170.0,1.1,2017-04-05 16:16:07,2017-04-05 16:36:49,1.0,16.8,20,16,Wednesday
1041710,2,233.0,140.0,1.77,2017-04-05 16:32:50,2017-04-05 16:43:03,1.0,10.8,10,16,Wednesday
365400,2,50.0,195.0,7.7,2017-04-04 16:11:36,2017-04-04 16:39:49,1.0,41.95,28,16,Tuesday
1027307,1,233.0,100.0,1.5,2017-04-03 16:39:54,2017-04-03 16:54:02,1.0,14.75,14,16,Monday
320182,1,263.0,141.0,0.8,2017-04-06 16:46:49,2017-04-06 16:55:08,1.0,8.3,8,16,Thursday
464964,2,246.0,237.0,2.41,2017-04-06 16:27:27,2017-04-06 16:52:54,1.0,21.96,25,16,Thursday
783907,1,170.0,229.0,0.8,2017-04-05 16:57:17,2017-04-05 17:03:58,1.0,7.8,6,16,Wednesday
830367,1,100.0,132.0,16.2,2017-04-06 16:24:13,2017-04-06 17:40:37,4.5,63.06,76,16,Thursday
1023921,1,138.0,162.0,8.1,2017-04-05 16:15:20,2017-04-05 16:47:46,1.0,35.06,32,16,Wednesday
681847,1,161.0,132.0,20.2,2017-04-05 16:16:58,2017-04-05 17:45:15,4.5,75.66,88,16,Wednesday
533839,1,233.0,229.0,0.5,2017-04-04 16:06:28,2017-04-04 16:10:25,1.0,6.3,3,16,Tuesday
271330,1,141.0,263.0,0.7,2017-04-05 16:59:43,2017-04-05 17:02:05,1.0,6.3,2,16,Wednesday
796517,1,170.0,170.0,0.4,2017-04-05 16:53:21,2017-04-05 16:57:34,1.0,6.3,4,16,Wednesday
256651,2,162.0,163.0,0.69,2017-04-04 16:08:42,2017-04-04 16:16:31,1.0,9.96,7,16,Tuesday
628954,1,233.0,164.0,1.2,2017-04-04 16:37:57,2017-04-04 16:51:22,1.0,14.1,13,16,Tuesday
1033472,2,161.0,231.0,3.4,2017-04-03 16:10:07,2017-04-03 16:32:31,1.0,17.8,22,16,Monday
844889,2,41.0,41.0,0.78,2017-04-03 16:49:39,2017-04-03 16:55:36,1.0,7.3,5,16,Monday
864071,1,43.0,113.0,3.6,2017-04-03 16:16:14,2017-04-03 16:37:54,1.0,18.3,21,16,Monday
117662,1,145.0,226.0,1.2,2017-04-05 16:37:15,2017-04-05 16:43:38,1.0,8.3,6,16,Wednesday
311878,1,237.0,43.0,2.7,2017-04-03 16:34:22,2017-04-03 16:50:30,1.0,19.1,16,16,Monday
888400,2,87.0,224.0,3.28,2017-04-04 16:09:50,2017-04-04 16:19:22,1.0,14.3,9,16,Tuesday
597984,1,236.0,239.0,1.8,2017-04-05 16:58:54,2017-04-05 17:12:47,1.0,12.3,13,16,Wednesday
1045561,2,186.0,1.0,16.31,2017-04-03 16:43:06,2017-04-03 17:28:19,1.0,97.56,45,16,Monday
840587,1,236.0,236.0,0.3,2017-04-03 16:47:00,2017-04-03 16:48:58,1.0,6.3,1,16,Monday
11751,2,262.0,236.0,1.02,2017-04-05 16:48:12,2017-04-05 16:52:32,1.0,8.76,4,16,Wednesday
119952,1,161.0,233.0,0.9,2017-04-03 16:38:25,2017-04-03 16:45:58,1.0,9.95,7,16,Monday
989573,2,236.0,237.0,0.47,2017-04-03 16:19:26,2017-04-03 16:21:17,1.0,6.36,1,16,Monday
178056,2,237.0,237.0,0.72,2017-04-05 16:13:10,2017-04-05 16:17:24,1.0,6.8,4,16,Wednesday
700603,2,170.0,237.0,1.74,2017-04-04 16:16:09,2017-04-04 16:27:07,1.0,12.96,10,16,Tuesday
647241,1,264.0,264.0,6.7,2017-04-03 16:06:18,2017-04-03 16:23:47,1.0,27.95,17,16,Monday
518807,2,224.0,113.0,1.66,2017-04-06 16:23:45,2017-04-06 16:46:23,1.0,16.3,22,16,Thursday
5030,2,100.0,107.0,1.5,2017-04-06 16:51:57,2017-04-06 17:13:18,1.0,18.36,21,16,Thursday
877140,2,137.0,48.0,1.78,2017-04-04 16:00:05,2017-04-04 16:16:11,0.0,12.3,16,16,Tuesday
443466,1,236.0,43.0,0.7,2017-04-05 16:15:09,2017-04-05 16:20:21,1.0,9.1,5,16,Wednesday
492168,2,170.0,113.0,1.68,2017-04-04 16:21:36,2017-04-04 16:31:24,1.0,12.88,9,16,Tuesday
83875,2,107.0,114.0,1.65,2017-04-03 16:12:03,2017-04-03 16:23:10,1.0,10.8,11,16,Monday
503655,1,237.0,41.0,2.7,2017-04-05 16:18:26,2017-04-05 16:36:24,1.0,14.8,17,16,Wednesday
778557,2,239.0,163.0,1.91,2017-04-06 16:01:25,2017-04-06 16:20:46,1.0,14.8,19,16,Thursday
696683,2,161.0,236.0,1.24,2017-04-05 16:26:26,2017-04-05 16:33:33,1.0,8.3,7,16,Wednesday
116461,1,237.0,236.0,1.2,2017-04-05 16:14:24,2017-04-05 16:23:19,1.0,9.8,8,16,Wednesday
725678,1,87.0,209.0,0.7,2017-04-06 16:25:53,2017-04-06 16:32:40,1.0,9.35,6,16,Thursday
104887,2,170.0,231.0,2.69,2017-04-04 16:36:16,2017-04-04 16:55:27,1.0,15.3,19,16,Tuesday
74660,2,263.0,141.0,0.92,2017-04-06 16:29:06,2017-04-06 16:35:38,1.0,7.8,6,16,Thursday
686608,1,90.0,234.0,0.5,2017-04-05 16:33:16,2017-04-05 16:36:09,1.0,7.5,2,16,Wednesday
748449,2,229.0,161.0,0.81,2017-04-03 16:24:46,2017-04-03 16:33:33,1.0,9.8,8,16,Monday
791952,2,234.0,79.0,1.12,2017-04-03 16:59:00,2017-04-03 17:11:57,1.0,11.3,12,16,Monday
572847,1,229.0,231.0,4.1,2017-04-03 16:24:29,2017-04-03 16:49:18,1.0,19.8,24,16,Monday
49674,1,138.0,230.0,10.8,2017-04-04 16:21:25,2017-04-04 16:59:50,1.0,50.06,38,16,Tuesday
385633,1,162.0,138.0,9.5,2017-04-03 16:45:39,2017-04-03 17:35:40,1.0,42.56,50,16,Monday
839876,1,87.0,144.0,2.0,2017-04-03 16:44:44,2017-04-03 16:58:54,1.0,12.8,14,16,Monday
238645,2,164.0,237.0,2.15,2017-04-04 16:34:46,2017-04-04 16:47:52,1.0,13.55,13,16,Tuesday
932938,1,138.0,209.0,19.2,2017-04-05 16:44:42,2017-04-05 17:48:48,1.0,76.26,64,16,Wednesday
465186,2,143.0,226.0,5.75,2017-04-04 16:43:48,2017-04-04 17:24:20,1.0,35.16,40,16,Tuesday
1047116,2,61.0,225.0,0.81,2017-04-05 16:06:21,2017-04-05 16:10:28,1.0,6.8,4,16,Wednesday
720573,2,236.0,224.0,5.18,2017-04-05 16:33:06,2017-04-05 17:00:06,1.0,27.3,27,16,Wednesday
150193,2,24.0,152.0,1.73,2017-04-05 16:47:54,2017-04-05 16:56:50,1.0,12.88,8,16,Wednesday
975351,1,138.0,48.0,10.3,2017-04-04 16:53:01,2017-04-04 17:30:02,1.0,49.86,37,16,Tuesday
186498,1,79.0,79.0,0.5,2017-04-04 16:41:06,2017-04-04 16:44:08,1.0,5.8,3,16,Tuesday
714017,1,43.0,230.0,2.1,2017-04-05 16:37:29,2017-04-05 16:56:45,1.0,14.8,19,16,Wednesday
51699,1,246.0,90.0,0.8,2017-04-04 16:13:17,2017-04-04 16:19:48,1.0,9.75,6,16,Tuesday
835303,2,132.0,203.0,7.49,2017-04-04 16:34:01,2017-04-04 16:54:06,1.0,24.8,20,16,Tuesday
489261,1,137.0,186.0,1.2,2017-04-05 16:19:37,2017-04-05 16:33:41,1.0,11.8,14,16,Wednesday
739893,2,162.0,186.0,1.55,2017-04-06 16:01:09,2017-04-06 16:36:11,1.0,26.16,35,16,Thursday
694202,1,233.0,170.0,1.0,2017-04-05 16:17:30,2017-04-05 16:23:38,1.0,7.8,6,16,Wednesday
103981,1,162.0,161.0,0.9,2017-04-05 16:42:33,2017-04-05 16:51:59,1.0,9.3,9,16,Wednesday
540035,1,234.0,234.0,0.6,2017-04-04 16:59:27,2017-04-04 17:05:04,1.0,8.05,5,16,Tuesday
490213,1,50.0,166.0,4.0,2017-04-06 16:46:46,2017-04-06 17:20:15,1.0,27.8,33,16,Thursday
924522,1,239.0,230.0,2.3,2017-04-04 16:09:37,2017-04-04 16:23:57,1.0,14.8,14,16,Tuesday
268813,1,48.0,230.0,0.5,2017-04-05 16:38:16,2017-04-05 16:45:12,1.0,10.1,6,16,Wednesday
920870,2,170.0,138.0,8.82,2017-04-06 16:04:11,2017-04-06 16:44:20,1.0,46.27,40,16,Thursday
688011,1,43.0,137.0,4.0,2017-04-03 16:04:33,2017-04-03 16:20:22,1.0,15.8,15,16,Monday
974254,2,142.0,164.0,2.17,2017-04-04 16:01:03,2017-04-04 16:20:32,1.0,16.3,19,16,Tuesday
278963,1,234.0,162.0,1.8,2017-04-05 16:05:49,2017-04-05 16:23:12,1.0,13.8,17,16,Wednesday
310932,1,142.0,239.0,0.6,2017-04-05 16:53:07,2017-04-05 16:58:11,1.0,6.8,5,16,Wednesday
550844,1,211.0,170.0,2.5,2017-04-03 16:54:09,2017-04-03 17:08:59,1.0,16.3,14,16,Monday
923219,1,68.0,90.0,1.3,2017-04-05 16:58:08,2017-04-05 17:07:21,1.0,11.15,9,16,Wednesday
76015,2,170.0,229.0,1.35,2017-04-06 16:27:59,2017-04-06 16:44:21,1.0,14.8,16,16,Thursday
857696,2,237.0,74.0,3.63,2017-04-06 16:51:44,2017-04-06 17:15:06,1.0,20.8,23,16,Thursday
636352,2,238.0,238.0,0.84,2017-04-05 16:25:21,2017-04-05 16:31:38,1.0,7.8,6,16,Wednesday
337620,2,249.0,90.0,0.24,2017-04-05 16:38:07,2017-04-05 16:39:58,1.0,5.3,1,16,Wednesday
861598,2,186.0,230.0,0.81,2017-04-03 16:23:12,2017-04-03 16:27:25,1.0,8.16,4,16,Monday
952370,2,237.0,229.0,0.92,2017-04-04 16:46:57,2017-04-04 16:59:00,1.0,12.0,12,16,Tuesday
107972,1,262.0,262.0,0.0,2017-04-05 16:02:35,2017-04-05 16:03:06,0.0,15.1,0,16,Wednesday
969181,1,142.0,239.0,0.6,2017-04-05 16:05:02,2017-04-05 16:09:28,1.0,8.8,4,16,Wednesday
664563,1,170.0,164.0,0.9,2017-04-06 16:21:17,2017-04-06 16:39:19,1.0,13.3,18,16,Thursday
302834,1,264.0,24.0,3.7,2017-04-03 16:48:05,2017-04-03 17:03:46,1.0,16.3,15,16,Monday
359072,2,161.0,262.0,2.28,2017-04-04 16:01:17,2017-04-04 16:16:04,1.0,12.8,14,16,Tuesday
597786,1,186.0,230.0,1.0,2017-04-04 16:30:27,2017-04-04 16:40:25,1.0,9.8,9,16,Tuesday
754199,2,239.0,230.0,2.5,2017-04-03 16:48:18,2017-04-03 17:05:13,1.0,17.16,16,16,Monday
671077,2,113.0,246.0,1.27,2017-04-06 16:48:14,2017-04-06 17:01:39,1.0,14.16,13,16,Thursday
131608,2,43.0,43.0,0.66,2017-04-06 16:59:46,2017-04-06 17:03:36,1.0,6.3,3,16,Thursday
821697,2,107.0,232.0,2.16,2017-04-03 16:46:29,2017-04-03 17:03:20,1.0,17.94,16,16,Monday
730573,2,113.0,144.0,1.17,2017-04-03 16:08:30,2017-04-03 16:19:29,1.0,12.25,10,16,Monday
610524,2,162.0,236.0,1.78,2017-04-05 16:17:33,2017-04-05 16:30:00,1.0,11.8,12,16,Wednesday
228971,1,246.0,48.0,1.1,2017-04-04 16:28:10,2017-04-04 16:36:09,1.0,8.8,7,16,Tuesday
22434,1,161.0,161.0,0.0,2017-04-05 16:41:26,2017-04-05 16:41:33,1.0,4.3,0,16,Wednesday
632901,1,4.0,137.0,2.4,2017-04-03 16:55:52,2017-04-03 17:14:28,1.0,15.0,18,16,Monday
956389,2,141.0,236.0,0.79,2017-04-05 16:29:22,2017-04-05 16:31:45,1.0,7.56,2,16,Wednesday
405160,1,138.0,162.0,9.2,2017-04-05 16:31:48,2017-04-05 17:23:13,1.0,44.56,51,16,Wednesday
765822,1,238.0,143.0,0.9,2017-04-03 16:10:09,2017-04-03 16:14:19,1.0,8.75,4,16,Monday
656670,1,238.0,237.0,1.6,2017-04-04 16:06:35,2017-04-04 16:20:35,1.0,14.75,14,16,Tuesday
864070,2,246.0,68.0,1.08,2017-04-06 16:23:47,2017-04-06 16:28:15,1.0,8.3,4,16,Thursday
195777,2,249.0,234.0,1.69,2017-04-06 16:00:16,2017-04-06 16:19:50,0.0,15.8,19,16,Thursday
575323,1,230.0,161.0,0.3,2017-04-06 16:59:27,2017-04-06 17:03:27,1.0,6.3,4,16,Thursday
848809,2,186.0,229.0,2.03,2017-04-03 16:38:52,2017-04-03 16:54:27,1.0,15.96,15,16,Monday
160684,2,75.0,237.0,2.12,2017-04-04 16:11:12,2017-04-04 16:31:32,1.0,19.12,20,16,Tuesday
501282,2,230.0,50.0,1.28,2017-04-06 16:55:26,2017-04-06 17:07:54,1.0,10.8,12,16,Thursday
171965,2,68.0,113.0,0.64,2017-04-06 16:09:26,2017-04-06 16:13:01,1.0,7.3,3,16,Thursday
776473,2,237.0,162.0,1.45,2017-04-03 16:24:27,2017-04-03 16:37:39,1.0,11.3,13,16,Monday
761245,1,50.0,186.0,1.7,2017-04-03 16:23:00,2017-04-03 16:34:43,1.0,11.3,11,16,Monday
856062,2,238.0,239.0,0.81,2017-04-06 16:17:12,2017-04-06 16:21:26,1.0,9.12,4,16,Thursday
586985,2,263.0,236.0,0.78,2017-04-05 16:30:44,2017-04-05 16:37:26,1.0,8.97,6,16,Wednesday
165395,2,132.0,107.0,19.11,2017-04-05 16:09:43,2017-04-05 17:11:40,4.5,68.76,61,16,Wednesday
632705,1,100.0,100.0,0.0,2017-04-05 16:59:58,2017-04-05 17:01:32,1.0,5.8,1,16,Wednesday
941869,2,164.0,90.0,1.26,2017-04-03 16:17:40,2017-04-03 16:27:04,1.0,9.8,9,16,Monday
892307,1,162.0,237.0,1.4,2017-04-05 16:56:43,2017-04-05 17:06:01,1.0,12.35,9,16,Wednesday
695202,2,166.0,263.0,3.23,2017-04-03 16:10:44,2017-04-03 16:28:20,1.0,16.3,17,16,Monday
657391,2,230.0,13.0,4.37,2017-04-05 16:44:57,2017-04-05 17:17:12,1.0,18.8,32,16,Wednesday
105246,2,138.0,26.0,15.0,2017-04-05 16:38:03,2017-04-05 18:05:36,1.0,71.76,87,16,Wednesday
163798,2,100.0,138.0,9.58,2017-04-04 16:13:08,2017-04-04 16:50:42,1.0,54.68,37,16,Tuesday
740033,2,138.0,256.0,7.51,2017-04-05 16:44:09,2017-04-05 17:20:44,1.0,29.8,36,16,Wednesday
782421,1,264.0,264.0,0.7,2017-04-05 16:36:33,2017-04-05 16:39:45,1.0,7.8,3,16,Wednesday
331276,2,236.0,237.0,0.26,2017-04-04 16:54:36,2017-04-04 16:55:31,1.0,4.8,0,16,Tuesday
34956,1,4.0,107.0,0.9,2017-04-04 16:09:05,2017-04-04 16:15:26,1.0,9.35,6,16,Tuesday
492609,1,262.0,229.0,1.7,2017-04-03 16:55:47,2017-04-03 17:03:04,1.0,9.8,7,16,Monday
478216,2,138.0,148.0,10.68,2017-04-04 16:41:15,2017-04-04 17:16:30,1.0,50.47,35,16,Tuesday
661848,2,229.0,162.0,0.58,2017-04-05 16:16:52,2017-04-05 16:19:42,1.0,5.8,2,16,Wednesday
431983,2,234.0,256.0,3.84,2017-04-03 16:31:48,2017-04-03 17:03:31,1.0,23.3,31,16,Monday
736724,2,100.0,158.0,1.52,2017-04-06 16:58:12,2017-04-06 17:07:40,1.0,9.8,9,16,Thursday
962256,2,239.0,100.0,3.49,2017-04-04 16:51:46,2017-04-04 17:17:07,1.0,20.3,25,16,Tuesday
835640,1,186.0,68.0,0.4,2017-04-05 16:40:13,2017-04-05 16:44:13,1.0,7.56,4,16,Wednesday
700570,1,79.0,237.0,3.0,2017-04-05 16:13:29,2017-04-05 16:35:20,1.0,17.3,21,16,Wednesday
422270,2,164.0,113.0,2.73,2017-04-06 16:27:22,2017-04-06 16:46:33,1.0,20.91,19,16,Thursday
1042180,2,161.0,141.0,2.23,2017-04-04 16:46:23,2017-04-05 15:58:59,1.0,14.76,1392,16,Tuesday
541115,1,125.0,107.0,1.7,2017-04-04 16:47:55,2017-04-04 17:03:36,1.0,15.35,15,16,Tuesday
491816,1,138.0,142.0,10.3,2017-04-06 16:35:26,2017-04-06 17:27:11,1.0,52.86,51,16,Thursday
474803,2,236.0,141.0,0.67,2017-04-04 16:04:00,2017-04-04 16:11:53,1.0,9.96,7,16,Tuesday
598022,2,236.0,75.0,0.82,2017-04-04 16:30:49,2017-04-04 16:36:17,1.0,7.3,5,16,Tuesday
872515,2,229.0,141.0,0.71,2017-04-03 16:28:24,2017-04-03 16:32:33,1.0,7.8,4,16,Monday
1007377,2,224.0,148.0,2.21,2017-04-04 16:12:27,2017-04-04 16:21:01,1.0,12.96,8,16,Tuesday
823781,1,142.0,239.0,0.6,2017-04-06 16:37:24,2017-04-06 16:44:29,1.0,9.75,7,16,Thursday
391875,1,162.0,166.0,4.1,2017-04-04 16:22:41,2017-04-04 16:47:02,1.0,22.77,24,16,Tuesday
304299,2,238.0,236.0,0.94,2017-04-05 16:04:54,2017-04-05 16:13:37,1.0,12.09,8,16,Wednesday
688095,1,237.0,236.0,1.3,2017-04-05 16:31:35,2017-04-05 16:39:02,1.0,8.8,7,16,Wednesday
376587,2,151.0,151.0,0.77,2017-04-03 16:31:11,2017-04-03 16:35:58,1.0,8.3,4,16,Monday
959954,1,234.0,79.0,1.0,2017-04-06 16:02:32,2017-04-06 16:13:18,1.0,10.3,10,16,Thursday
43975,1,237.0,236.0,0.7,2017-04-05 16:08:22,2017-04-05 16:13:59,1.0,7.3,5,16,Wednesday
892929,2,129.0,56.0,3.02,2017-04-03 16:56:28,2017-04-03 17:32:05,1.0,25.3,35,16,Monday
451180,1,68.0,137.0,1.2,2017-04-06 16:01:14,2017-04-06 16:18:30,1.0,14.3,17,16,Thursday
195152,1,87.0,4.0,3.0,2017-04-06 16:02:03,2017-04-06 16:21:20,1.0,15.8,19,16,Thursday
654115,1,237.0,236.0,0.9,2017-04-04 16:37:53,2017-04-04 16:43:44,1.0,9.35,5,16,Tuesday
266402,2,229.0,186.0,2.25,2017-04-03 16:07:19,2017-04-03 16:26:54,1.0,17.3,19,16,Monday
983340,2,162.0,132.0,20.05,2017-04-03 16:03:46,2017-04-03 17:18:54,4.5,63.06,75,16,Monday
995769,1,233.0,186.0,1.4,2017-04-05 16:15:27,2017-04-05 16:33:24,1.0,13.8,17,16,Wednesday
621742,1,164.0,170.0,1.0,2017-04-05 16:54:16,2017-04-05 17:03:51,1.0,10.55,9,16,Wednesday
21028,2,170.0,234.0,1.04,2017-04-05 16:48:40,2017-04-05 16:54:27,1.0,9.36,5,16,Wednesday
786780,1,239.0,143.0,1.4,2017-04-05 16:37:48,2017-04-05 16:47:38,1.0,10.3,9,16,Wednesday
729902,1,166.0,239.0,2.1,2017-04-05 16:47:09,2017-04-05 16:58:33,1.0,14.0,11,16,Wednesday
848228,1,230.0,162.0,1.1,2017-04-05 16:47:17,2017-04-05 16:57:54,1.0,9.8,10,16,Wednesday
293123,1,230.0,236.0,1.9,2017-04-05 16:43:47,2017-04-05 17:01:19,1.0,13.8,17,16,Wednesday
368674,1,142.0,161.0,1.5,2017-04-03 16:44:15,2017-04-03 16:52:47,1.0,9.3,8,16,Monday
1042127,1,151.0,41.0,1.0,2017-04-05 16:32:28,2017-04-05 16:40:14,1.0,8.8,7,16,Wednesday
957290,2,90.0,246.0,0.82,2017-04-04 16:17:42,2017-04-04 16:22:19,1.0,8.3,4,16,Tuesday
82576,2,211.0,246.0,2.81,2017-04-04 16:33:40,2017-04-04 16:50:13,1.0,14.8,16,16,Tuesday
909952,1,138.0,265.0,18.6,2017-04-06 16:03:30,2017-04-06 17:03:34,0.0,97.85,60,16,Thursday
466587,2,163.0,113.0,2.97,2017-04-05 16:05:52,2017-04-05 16:30:09,1.0,22.88,24,16,Wednesday
696832,2,230.0,113.0,2.89,2017-04-05 16:08:04,2017-04-05 16:32:19,1.0,21.36,24,16,Wednesday
858227,1,238.0,239.0,0.7,2017-04-04 16:45:35,2017-04-04 16:51:54,1.0,7.8,6,16,Tuesday
871648,2,162.0,137.0,1.2,2017-04-05 16:41:46,2017-04-05 16:46:50,1.0,8.8,5,16,Wednesday
517354,2,161.0,138.0,11.27,2017-04-05 16:19:45,2017-04-05 17:06:55,1.0,44.06,47,16,Wednesday
800941,1,229.0,236.0,2.0,2017-04-03 16:19:28,2017-04-03 16:26:52,1.0,11.4,7,16,Monday
17211,1,137.0,186.0,1.1,2017-04-05 16:51:34,2017-04-05 17:06:54,1.0,14.75,15,16,Wednesday
667249,2,249.0,107.0,1.72,2017-04-04 16:59:54,2017-04-04 17:10:28,1.0,12.96,10,16,Tuesday
444240,1,162.0,161.0,0.6,2017-04-06 16:12:35,2017-04-06 16:19:22,1.0,7.8,6,16,Thursday
790980,1,143.0,142.0,0.3,2017-04-05 16:09:22,2017-04-05 16:12:14,1.0,6.95,2,16,Wednesday
354853,2,162.0,237.0,0.88,2017-04-03 16:48:45,2017-04-03 16:54:41,1.0,9.36,5,16,Monday
558265,1,186.0,4.0,2.8,2017-04-04 16:30:46,2017-04-04 16:50:57,1.0,20.35,20,16,Tuesday
859844,1,264.0,264.0,1.3,2017-04-04 16:31:44,2017-04-04 16:40:35,1.0,11.3,8,16,Tuesday
752002,2,170.0,48.0,0.9,2017-04-05 16:45:12,2017-04-05 17:07:28,1.0,18.36,22,16,Wednesday
561370,1,238.0,238.0,0.7,2017-04-06 16:02:19,2017-04-06 16:07:43,1.0,7.8,5,16,Thursday
196298,1,144.0,87.0,1.1,2017-04-06 16:44:06,2017-04-06 16:57:38,1.0,11.3,13,16,Thursday
321273,1,237.0,237.0,1.1,2017-04-03 16:40:21,2017-04-03 16:53:09,1.0,10.8,12,16,Monday
839057,1,246.0,13.0,3.3,2017-04-05 16:00:14,2017-04-05 16:25:38,0.0,17.8,25,16,Wednesday
370438,1,229.0,262.0,1.9,2017-04-05 16:21:43,2017-04-05 16:30:27,1.0,12.35,8,16,Wednesday
41612,1,142.0,163.0,0.8,2017-04-04 16:02:18,2017-04-04 16:09:30,1.0,9.3,7,16,Tuesday
262355,1,148.0,107.0,0.9,2017-04-06 16:56:59,2017-04-06 17:01:53,1.0,9.3,4,16,Thursday
392168,1,141.0,142.0,2.2,2017-04-06 16:54:51,2017-04-06 17:08:59,1.0,15.95,14,16,Thursday
1023952,1,234.0,186.0,1.0,2017-04-05 16:46:39,2017-04-05 16:56:19,1.0,9.3,9,16,Wednesday
276944,1,158.0,246.0,2.0,2017-04-03 16:14:44,2017-04-03 16:24:47,1.0,11.8,10,16,Monday
659604,2,229.0,163.0,0.88,2017-04-06 16:30:46,2017-04-06 16:46:36,1.0,12.3,15,16,Thursday
750006,1,238.0,239.0,0.6,2017-04-05 16:54:42,2017-04-05 16:59:59,1.0,8.3,5,16,Wednesday
85706,1,249.0,164.0,1.3,2017-04-05 16:35:48,2017-04-05 16:42:08,1.0,10.55,6,16,Wednesday
982831,2,13.0,231.0,1.18,2017-04-04 16:01:15,2017-04-04 16:11:50,1.0,12.36,10,16,Tuesday
304579,2,170.0,170.0,0.55,2017-04-06 16:07:44,2017-04-06 16:18:19,1.0,9.3,10,16,Thursday
696158,2,114.0,25.0,3.65,2017-04-03 16:05:04,2017-04-03 16:27:15,1.0,21.36,22,16,Monday
413646,2,239.0,163.0,2.13,2017-04-06 16:36:21,2017-04-06 16:55:00,1.0,17.76,18,16,Thursday
60494,2,239.0,263.0,1.87,2017-04-04 16:53:14,2017-04-04 17:05:45,1.0,11.8,12,16,Tuesday
568645,1,162.0,161.0,0.7,2017-04-03 16:25:23,2017-04-03 16:30:14,1.0,7.3,4,16,Monday
968801,1,33.0,40.0,1.4,2017-04-06 16:20:48,2017-04-06 16:28:35,1.0,10.55,7,16,Thursday
819142,1,125.0,238.0,5.0,2017-04-05 16:59:39,2017-04-05 17:29:15,1.0,29.76,29,16,Wednesday
110988,1,144.0,25.0,3.5,2017-04-05 16:30:10,2017-04-05 16:55:30,1.0,24.1,25,16,Wednesday
143167,2,234.0,261.0,3.84,2017-04-04 16:37:09,2017-04-04 16:54:55,1.0,17.3,17,16,Tuesday
867007,2,142.0,75.0,2.5,2017-04-04 16:13:08,2017-04-04 16:28:34,1.0,15.0,15,16,Tuesday
324589,1,87.0,107.0,4.3,2017-04-06 16:33:37,2017-04-06 16:55:21,1.0,17.3,21,16,Thursday
356258,1,138.0,249.0,9.2,2017-04-05 16:28:01,2017-04-05 17:19:30,1.0,47.56,51,16,Wednesday
216942,1,237.0,229.0,1.3,2017-04-03 16:31:29,2017-04-03 16:42:26,1.0,10.3,10,16,Monday
1000046,1,170.0,107.0,0.7,2017-04-04 16:37:51,2017-04-04 16:42:14,1.0,8.15,4,16,Tuesday
248298,2,236.0,238.0,0.96,2017-04-06 16:07:35,2017-04-06 16:14:03,1.0,9.36,6,16,Thursday
635225,1,90.0,229.0,2.0,2017-04-03 16:54:06,2017-04-03 17:06:23,1.0,11.8,12,16,Monday
755367,1,170.0,162.0,0.7,2017-04-05 16:13:56,2017-04-05 16:20:47,1.0,7.8,6,16,Wednesday
703558,1,239.0,236.0,2.0,2017-04-06 16:13:54,2017-04-06 16:30:01,1.0,15.0,16,16,Thursday
792892,2,148.0,232.0,0.74,2017-04-03 16:39:13,2017-04-03 16:42:39,1.0,8.16,3,16,Monday
867509,1,107.0,107.0,0.4,2017-04-04 16:32:20,2017-04-04 16:35:05,1.0,5.8,2,16,Tuesday
162540,1,152.0,42.0,1.2,2017-04-04 16:35:36,2017-04-04 16:45:14,1.0,9.8,9,16,Tuesday
26514,2,100.0,170.0,1.01,2017-04-06 16:19:24,2017-04-06 16:32:27,1.0,14.04,13,16,Thursday
749984,1,48.0,161.0,1.6,2017-04-03 16:06:37,2017-04-03 16:18:15,1.0,10.8,11,16,Monday
566693,2,113.0,87.0,2.28,2017-04-04 16:02:39,2017-04-04 16:21:33,1.0,14.3,18,16,Tuesday
869420,2,236.0,238.0,1.91,2017-04-05 16:23:21,2017-04-05 16:37:51,1.0,15.36,14,16,Wednesday
196369,2,142.0,163.0,0.81,2017-04-06 16:44:35,2017-04-06 16:53:58,1.0,12.09,9,16,Thursday
182123,2,163.0,239.0,1.06,2017-04-06 16:34:49,2017-04-06 16:40:25,1.0,7.8,5,16,Thursday
574955,2,141.0,140.0,1.31,2017-04-06 16:11:14,2017-04-06 16:19:33,1.0,8.8,8,16,Thursday
597201,1,113.0,100.0,2.2,2017-04-05 16:08:22,2017-04-05 16:24:41,1.0,13.3,16,16,Wednesday
296525,2,43.0,239.0,1.67,2017-04-06 16:09:07,2017-04-06 16:22:55,1.0,14.16,13,16,Thursday
239355,2,239.0,142.0,0.59,2017-04-05 16:07:43,2017-04-05 16:11:49,1.0,8.16,4,16,Wednesday
261613,2,231.0,261.0,0.98,2017-04-03 16:53:01,2017-04-03 17:01:29,1.0,10.56,8,16,Monday
1023582,2,114.0,164.0,2.28,2017-04-03 16:26:08,2017-04-03 16:40:14,1.0,15.3,14,16,Monday
399873,1,264.0,264.0,2.6,2017-04-05 16:32:02,2017-04-05 16:53:27,1.0,17.8,21,16,Wednesday
108395,2,234.0,186.0,0.57,2017-04-05 16:45:48,2017-04-05 16:50:39,1.0,8.16,4,16,Wednesday
572840,2,230.0,161.0,0.67,2017-04-06 16:08:54,2017-04-06 16:14:09,1.0,7.3,5,16,Thursday
786076,1,233.0,262.0,2.4,2017-04-06 16:58:40,2017-04-06 17:18:06,1.0,18.35,19,16,Thursday
1012820,2,141.0,143.0,2.12,2017-04-04 16:50:31,2017-04-04 17:03:36,1.0,12.8,13,16,Tuesday
406029,1,234.0,1.0,14.3,2017-04-06 16:02:03,2017-04-06 17:21:50,0.0,107.75,79,16,Thursday
276609,2,112.0,145.0,1.69,2017-04-03 16:25:11,2017-04-03 16:34:15,1.0,12.3,9,16,Monday
890435,1,186.0,261.0,3.1,2017-04-03 16:36:01,2017-04-03 16:54:09,1.0,19.75,18,16,Monday
775120,2,170.0,140.0,2.37,2017-04-06 16:11:27,2017-04-06 16:32:14,1.0,19.12,20,16,Thursday
339377,2,238.0,166.0,1.2,2017-04-04 16:30:33,2017-04-04 16:35:10,1.0,7.3,4,16,Tuesday
672827,2,161.0,138.0,9.33,2017-04-04 16:42:09,2017-04-04 17:09:32,1.0,44.47,27,16,Tuesday
624930,2,138.0,223.0,1.87,2017-04-03 16:57:48,2017-04-03 17:08:07,1.0,14.12,10,16,Monday
1038306,1,79.0,90.0,1.5,2017-04-05 16:00:23,2017-04-05 16:09:34,1.0,9.3,9,16,Wednesday
98616,2,75.0,75.0,0.84,2017-04-06 16:03:58,2017-04-06 16:08:03,1.0,6.8,4,16,Thursday
762921,1,238.0,166.0,1.4,2017-04-06 16:57:10,2017-04-06 17:03:54,1.0,11.0,6,16,Thursday
583861,1,239.0,75.0,2.3,2017-04-05 16:15:32,2017-04-05 16:29:55,1.0,12.8,14,16,Wednesday
975445,2,263.0,236.0,0.81,2017-04-04 16:58:02,2017-04-04 17:04:18,1.0,7.8,6,16,Tuesday
598561,2,79.0,4.0,1.02,2017-04-04 16:33:22,2017-04-04 16:38:49,1.0,7.8,5,16,Tuesday
712740,1,234.0,246.0,1.0,2017-04-03 16:13:19,2017-04-03 16:19:48,1.0,9.35,6,16,Monday
373453,2,87.0,186.0,3.32,2017-04-06 16:49:08,2017-04-06 17:22:22,1.0,24.8,33,16,Thursday
238180,1,186.0,87.0,2.9,2017-04-06 16:32:08,2017-04-06 16:51:23,1.0,26.3,19,16,Thursday
228485,2,68.0,249.0,1.29,2017-04-05 16:21:45,2017-04-05 16:29:06,1.0,11.0,7,16,Wednesday
940127,1,50.0,164.0,1.7,2017-04-03 16:12:58,2017-04-03 16:27:46,1.0,13.8,14,16,Monday
1002957,2,239.0,162.0,2.57,2017-04-03 16:31:04,2017-04-03 16:49:48,1.0,15.3,18,16,Monday
804825,2,163.0,239.0,1.03,2017-04-06 16:24:36,2017-04-06 16:33:37,1.0,10.8,9,16,Thursday
464944,2,170.0,75.0,3.58,2017-04-04 16:46:53,2017-04-04 17:15:11,1.0,26.0,28,16,Tuesday
863920,1,100.0,230.0,0.9,2017-04-05 16:16:33,2017-04-05 16:24:04,1.0,10.35,7,16,Wednesday
1032525,1,170.0,140.0,1.8,2017-04-05 16:01:32,2017-04-05 16:16:16,1.0,13.8,14,16,Wednesday
84333,1,107.0,170.0,1.3,2017-04-06 16:45:30,2017-04-06 17:01:22,1.0,12.3,15,16,Thursday
743305,1,138.0,162.0,11.2,2017-04-05 16:06:42,2017-04-05 16:47:02,1.0,52.86,40,16,Wednesday
43798,2,140.0,238.0,3.8,2017-04-03 16:21:24,2017-04-03 16:42:41,1.0,18.8,21,16,Monday
718487,2,162.0,246.0,2.99,2017-04-05 16:06:27,2017-04-05 16:29:01,1.0,21.36,22,16,Wednesday
838605,2,237.0,164.0,2.47,2017-04-05 16:51:48,2017-04-05 17:15:51,1.0,20.76,24,16,Wednesday
977791,1,163.0,90.0,2.1,2017-04-06 16:03:10,2017-04-06 16:23:53,1.0,16.3,20,16,Thursday
17242,2,161.0,237.0,1.1,2017-04-05 16:05:29,2017-04-05 16:21:21,1.0,14.76,15,16,Wednesday
527192,1,186.0,132.0,16.7,2017-04-03 16:37:59,2017-04-03 17:53:39,4.5,75.66,75,16,Monday
468498,1,151.0,246.0,4.2,2017-04-04 16:33:21,2017-04-04 16:47:02,1.0,18.8,13,16,Tuesday
19073,1,9.0,9.0,0.0,2017-04-03 16:37:07,2017-04-03 16:37:35,1.0,4.3,0,16,Monday
432104,2,186.0,239.0,3.07,2017-04-03 16:27:02,2017-04-03 16:46:20,1.0,16.8,19,16,Monday
763843,2,45.0,234.0,3.44,2017-04-04 16:15:47,2017-04-04 16:29:38,1.0,18.36,13,16,Tuesday
301840,1,75.0,226.0,7.3,2017-04-03 17:49:39,2017-04-03 18:33:16,1.0,39.06,43,17,Monday
518091,1,141.0,237.0,0.6,2017-04-03 17:36:27,2017-04-03 17:40:49,1.0,6.82,4,17,Monday
546817,2,142.0,75.0,3.92,2017-04-05 17:07:27,2017-04-05 17:33:18,1.0,26.0,25,17,Wednesday
40744,2,236.0,236.0,0.74,2017-04-05 17:20:46,2017-04-05 17:24:32,1.0,8.16,3,17,Wednesday
1009409,2,13.0,68.0,2.5,2017-04-03 17:09:23,2017-04-03 17:22:49,1.0,28.8,13,17,Monday
872045,1,262.0,237.0,1.0,2017-04-05 17:20:13,2017-04-05 17:28:13,1.0,10.55,8,17,Wednesday
906603,2,79.0,232.0,1.75,2017-04-06 17:05:39,2017-04-06 17:16:46,1.0,13.56,11,17,Thursday
341109,2,107.0,90.0,0.79,2017-04-05 17:04:11,2017-04-05 17:12:36,1.0,10.56,8,17,Wednesday
411306,1,162.0,236.0,1.6,2017-04-06 17:44:37,2017-04-06 17:57:19,1.0,12.8,12,17,Thursday
832001,2,170.0,113.0,1.5,2017-04-04 17:48:11,2017-04-04 17:57:33,1.0,11.76,9,17,Tuesday
292815,2,113.0,186.0,1.86,2017-04-04 17:24:12,2017-04-04 17:38:08,1.0,14.16,13,17,Tuesday
522633,2,138.0,163.0,9.25,2017-04-05 17:32:46,2017-04-05 18:21:14,1.0,46.56,48,17,Wednesday
988218,1,132.0,228.0,24.8,2017-04-05 17:58:02,2017-04-05 19:06:40,1.0,87.95,68,17,Wednesday
407051,1,68.0,246.0,0.4,2017-04-05 17:16:50,2017-04-05 17:18:57,1.0,5.3,2,17,Wednesday
302572,1,168.0,69.0,1.9,2017-04-04 17:12:01,2017-04-04 17:33:29,1.0,19.55,21,17,Tuesday
1015604,1,261.0,90.0,2.8,2017-04-06 17:29:01,2017-04-06 18:15:38,1.0,31.8,46,17,Thursday
489559,1,138.0,161.0,9.3,2017-04-03 17:51:21,2017-04-03 18:38:12,1.0,53.81,46,17,Monday
398708,2,90.0,107.0,1.29,2017-04-04 17:57:16,2017-04-04 18:10:11,1.0,12.96,12,17,Tuesday
936881,2,234.0,79.0,0.86,2017-04-06 17:43:45,2017-04-06 17:50:56,1.0,9.96,7,17,Thursday
516306,2,164.0,249.0,1.25,2017-04-03 17:06:34,2017-04-03 17:13:00,1.0,11.44,6,17,Monday
488960,2,137.0,13.0,4.96,2017-04-06 17:36:48,2017-04-06 18:02:20,1.0,25.56,25,17,Thursday
1001601,2,164.0,262.0,3.74,2017-04-06 17:09:22,2017-04-07 17:08:18,1.0,28.56,1438,17,Thursday
732619,2,144.0,68.0,2.38,2017-04-03 17:58:40,2017-04-03 18:12:20,1.0,12.8,13,17,Monday
876773,2,45.0,230.0,3.24,2017-04-04 17:49:02,2017-04-04 18:11:55,1.0,17.8,22,17,Tuesday
936080,1,237.0,237.0,0.3,2017-04-05 17:52:57,2017-04-05 17:56:01,1.0,6.95,3,17,Wednesday
102089,2,132.0,145.0,18.23,2017-04-03 17:32:44,2017-04-03 18:40:54,4.5,75.67,68,17,Monday
402702,1,170.0,107.0,0.6,2017-04-03 17:31:03,2017-04-03 17:34:41,1.0,7.55,3,17,Monday
111059,1,262.0,141.0,1.0,2017-04-06 17:32:28,2017-04-06 17:37:50,1.0,9.35,5,17,Thursday
518718,1,236.0,263.0,1.0,2017-04-06 17:19:46,2017-04-06 17:30:30,1.0,11.75,10,17,Thursday
850773,1,262.0,237.0,1.5,2017-04-06 17:55:34,2017-04-06 18:06:52,1.0,12.3,11,17,Thursday
547285,1,231.0,249.0,1.1,2017-04-06 17:57:14,2017-04-06 18:33:19,1.0,27.35,36,17,Thursday
740238,1,230.0,237.0,1.4,2017-04-03 17:38:19,2017-04-03 17:52:39,1.0,11.8,14,17,Monday
561340,2,224.0,232.0,1.4,2017-04-03 17:56:44,2017-04-03 18:01:37,1.0,9.8,4,17,Monday
624589,1,246.0,25.0,7.6,2017-04-05 17:21:28,2017-04-05 17:50:37,1.0,40.26,29,17,Wednesday
303373,2,114.0,164.0,1.9,2017-04-05 17:38:50,2017-04-05 17:52:37,1.0,11.8,13,17,Wednesday
927565,2,43.0,113.0,3.19,2017-04-03 17:34:27,2017-04-03 17:57:54,1.0,17.8,23,17,Monday
955024,1,141.0,263.0,1.3,2017-04-06 17:53:44,2017-04-06 18:00:48,1.0,10.55,7,17,Thursday
103613,2,162.0,236.0,1.3,2017-04-04 17:45:59,2017-04-04 17:55:46,1.0,11.76,9,17,Tuesday
736388,1,230.0,237.0,1.9,2017-04-05 17:20:41,2017-04-05 17:34:23,1.0,14.75,13,17,Wednesday
733579,2,13.0,246.0,4.01,2017-04-06 17:17:50,2017-04-06 17:45:55,1.0,21.3,28,17,Thursday
424145,1,68.0,233.0,2.7,2017-04-05 17:17:05,2017-04-05 17:41:16,1.0,17.8,24,17,Wednesday
99503,1,186.0,230.0,0.6,2017-04-06 17:39:37,2017-04-06 17:48:20,1.0,10.3,8,17,Thursday
240578,1,233.0,233.0,0.0,2017-04-04 17:23:12,2017-04-04 17:23:29,1.0,4.3,0,17,Tuesday
981245,1,234.0,79.0,1.1,2017-04-06 17:20:59,2017-04-06 17:30:56,1.0,11.15,9,17,Thursday
946330,2,162.0,48.0,0.75,2017-04-06 17:39:29,2017-04-06 17:48:19,1.0,8.8,8,17,Thursday
644298,1,90.0,164.0,1.1,2017-04-04 17:02:32,2017-04-04 17:10:28,1.0,10.55,7,17,Tuesday
544492,1,230.0,162.0,0.6,2017-04-06 17:38:11,2017-04-06 17:54:56,1.0,15.35,16,17,Thursday
681969,1,123.0,48.0,13.0,2017-04-05 17:56:05,2017-04-05 18:45:48,1.0,51.06,49,17,Wednesday
567022,2,114.0,114.0,0.55,2017-04-04 17:04:45,2017-04-04 17:10:29,1.0,7.3,5,17,Tuesday
153930,1,161.0,148.0,4.1,2017-04-03 17:56:38,2017-04-03 18:28:15,1.0,22.3,31,17,Monday
905659,2,74.0,262.0,1.84,2017-04-05 17:15:03,2017-04-05 17:26:17,1.0,10.8,11,17,Wednesday
309480,1,107.0,79.0,1.0,2017-04-04 17:16:29,2017-04-04 17:24:41,1.0,10.55,8,17,Tuesday
464400,1,234.0,237.0,2.1,2017-04-03 17:59:57,2017-04-03 18:16:18,1.0,13.8,16,17,Monday
277160,1,161.0,138.0,10.1,2017-04-04 17:15:55,2017-04-04 17:44:57,1.0,45.66,29,17,Tuesday
992647,2,230.0,236.0,2.9,2017-04-06 17:28:24,2017-04-06 17:48:01,1.0,15.8,19,17,Thursday
846746,1,74.0,75.0,0.5,2017-04-06 17:34:31,2017-04-06 17:38:17,1.0,6.3,3,17,Thursday
2963,2,239.0,142.0,0.33,2017-04-04 17:04:53,2017-04-04 17:06:28,1.0,5.8,1,17,Tuesday
1010793,1,230.0,13.0,4.1,2017-04-04 17:09:30,2017-04-04 17:29:07,1.0,22.55,19,17,Tuesday
706483,2,230.0,90.0,1.86,2017-04-03 17:50:25,2017-04-03 18:01:10,1.0,12.96,10,17,Monday
975546,1,138.0,79.0,10.5,2017-04-03 17:46:17,2017-04-03 18:48:15,1.0,57.85,61,17,Monday
387491,2,239.0,237.0,1.31,2017-04-04 17:16:08,2017-04-04 17:22:28,1.0,8.3,6,17,Tuesday
944656,2,41.0,43.0,0.39,2017-04-04 17:34:19,2017-04-04 17:36:22,1.0,6.36,2,17,Tuesday
477507,2,236.0,170.0,3.08,2017-04-03 17:30:13,2017-04-03 17:48:54,1.0,18.96,18,17,Monday
689780,1,163.0,141.0,1.0,2017-04-04 17:49:51,2017-04-04 17:57:02,1.0,9.3,7,17,Tuesday
1032558,2,132.0,230.0,17.86,2017-04-03 17:53:56,2017-04-03 19:02:04,4.5,63.06,68,17,Monday
101478,2,68.0,68.0,2.33,2017-04-05 17:54:18,2017-04-05 18:13:59,1.0,15.3,19,17,Wednesday
505862,1,132.0,39.0,9.1,2017-04-04 17:17:57,2017-04-04 17:38:11,1.0,28.8,20,17,Tuesday
719674,1,158.0,48.0,2.2,2017-04-06 17:02:03,2017-04-06 17:20:12,1.0,17.76,18,17,Thursday
374682,2,164.0,186.0,0.32,2017-04-03 17:25:18,2017-04-03 17:29:45,1.0,6.3,4,17,Monday
449662,2,164.0,231.0,2.43,2017-04-03 17:13:10,2017-04-03 17:28:51,1.0,16.56,15,17,Monday
955977,2,233.0,48.0,1.43,2017-04-06 17:35:51,2017-04-06 18:01:32,1.0,17.3,25,17,Thursday
658053,2,41.0,239.0,1.8,2017-04-06 17:37:55,2017-04-06 17:46:39,1.0,11.84,8,17,Thursday
986773,2,138.0,162.0,10.03,2017-04-05 17:52:41,2017-04-05 18:30:41,1.0,50.08,38,17,Wednesday
86340,2,137.0,211.0,1.94,2017-04-05 17:14:52,2017-04-05 17:28:38,1.0,14.14,13,17,Wednesday
913138,2,226.0,7.0,1.97,2017-04-03 17:12:14,2017-04-03 17:24:59,1.0,12.3,12,17,Monday
855479,1,142.0,238.0,1.0,2017-04-03 17:33:45,2017-04-03 17:38:03,1.0,7.3,4,17,Monday
1030952,1,200.0,200.0,0.0,2017-04-03 17:04:22,2017-04-03 17:04:49,0.0,95.3,0,17,Monday
471252,2,48.0,50.0,0.57,2017-04-05 17:18:45,2017-04-05 17:30:35,1.0,12.36,11,17,Wednesday
586107,2,163.0,238.0,2.26,2017-04-04 17:38:55,2017-04-04 17:52:26,1.0,15.96,13,17,Tuesday
203157,2,161.0,246.0,2.63,2017-04-05 17:07:43,2017-04-05 17:28:13,1.0,17.8,20,17,Wednesday
809004,1,50.0,113.0,3.8,2017-04-06 17:29:48,2017-04-06 18:15:59,1.0,36.35,46,17,Thursday
727910,2,158.0,163.0,2.98,2017-04-03 17:26:19,2017-04-03 17:47:55,1.0,23.14,21,17,Monday
80641,1,231.0,79.0,1.9,2017-04-06 17:00:47,2017-04-06 17:22:03,1.0,15.8,21,17,Thursday
491262,1,138.0,161.0,11.0,2017-04-03 17:28:51,2017-04-03 18:10:20,1.0,50.56,41,17,Monday
403163,1,162.0,158.0,3.1,2017-04-06 17:22:36,2017-04-06 17:47:57,1.0,22.55,25,17,Thursday
760745,2,234.0,161.0,1.49,2017-04-04 17:47:53,2017-04-04 17:58:21,1.0,12.36,10,17,Tuesday
399331,2,42.0,42.0,0.71,2017-04-05 17:34:42,2017-04-05 17:37:55,1.0,6.3,3,17,Wednesday
640067,1,49.0,113.0,4.6,2017-04-05 17:53:46,2017-04-05 18:23:08,1.0,28.55,29,17,Wednesday
1024289,1,151.0,239.0,0.9,2017-04-05 17:36:55,2017-04-05 17:42:36,1.0,7.8,5,17,Wednesday
355387,1,43.0,237.0,1.1,2017-04-05 17:21:28,2017-04-05 17:32:20,1.0,11.8,10,17,Wednesday
536652,2,140.0,238.0,3.14,2017-04-05 17:24:49,2017-04-05 17:44:23,1.0,19.56,19,17,Wednesday
496600,2,230.0,161.0,0.46,2017-04-04 17:15:59,2017-04-04 17:20:36,1.0,8.5,4,17,Tuesday
311885,2,238.0,24.0,1.05,2017-04-03 17:53:40,2017-04-03 17:59:11,1.0,10.14,5,17,Monday
855047,2,68.0,230.0,1.58,2017-04-04 17:57:56,2017-04-04 18:06:08,1.0,11.16,8,17,Tuesday
464672,2,100.0,48.0,1.2,2017-04-04 17:57:43,2017-04-04 18:05:30,1.0,10.56,7,17,Tuesday
437623,1,87.0,230.0,6.8,2017-04-04 17:07:05,2017-04-04 17:40:52,1.0,33.8,33,17,Tuesday
676368,1,236.0,142.0,1.9,2017-04-03 17:36:12,2017-04-03 17:51:31,1.0,15.95,15,17,Monday
870765,2,239.0,141.0,2.08,2017-04-04 17:27:58,2017-04-04 17:40:48,1.0,12.3,12,17,Tuesday
902012,1,162.0,229.0,0.9,2017-04-05 17:55:51,2017-04-05 18:05:51,1.0,9.3,10,17,Wednesday
242707,2,230.0,236.0,1.94,2017-04-04 17:57:18,2017-04-04 18:09:46,1.0,11.8,12,17,Tuesday
177191,2,148.0,161.0,2.85,2017-04-05 17:08:52,2017-04-05 17:23:39,1.0,17.94,14,17,Wednesday
57465,2,138.0,262.0,7.75,2017-04-05 17:40:10,2017-04-05 18:05:12,1.0,37.87,25,17,Wednesday
827736,2,246.0,186.0,1.07,2017-04-04 17:48:28,2017-04-04 17:55:31,1.0,10.79,7,17,Tuesday
260067,2,237.0,230.0,1.2,2017-04-06 17:43:59,2017-04-06 17:59:46,1.0,14.76,15,17,Thursday
815521,2,162.0,262.0,1.7,2017-04-05 17:37:00,2017-04-05 17:47:12,1.0,11.8,10,17,Wednesday
973797,2,229.0,209.0,5.04,2017-04-03 17:41:18,2017-04-03 18:01:14,1.0,22.8,19,17,Monday
111822,1,87.0,170.0,5.3,2017-04-03 17:24:30,2017-04-03 17:42:32,1.0,25.55,18,17,Monday
924737,2,132.0,233.0,17.31,2017-04-06 17:45:00,2017-04-06 18:32:22,4.5,75.67,47,17,Thursday
162156,2,48.0,170.0,1.35,2017-04-03 17:35:32,2017-04-03 17:53:00,1.0,15.96,17,17,Monday
109322,2,113.0,163.0,3.21,2017-04-03 17:22:47,2017-04-03 17:40:16,1.0,15.8,17,17,Monday
385044,1,100.0,229.0,1.5,2017-04-03 17:40:00,2017-04-03 17:49:35,1.0,11.75,9,17,Monday
558600,1,79.0,137.0,1.2,2017-04-06 17:05:02,2017-04-06 17:16:27,1.0,13.5,11,17,Thursday
480377,2,79.0,107.0,0.74,2017-04-03 17:41:33,2017-04-03 17:44:58,1.0,7.56,3,17,Monday
486011,2,186.0,163.0,1.9,2017-04-06 17:49:57,2017-04-06 18:12:28,1.0,16.3,22,17,Thursday
267106,2,161.0,236.0,1.47,2017-04-03 17:46:37,2017-04-03 17:55:08,1.0,9.3,8,17,Monday
1029601,2,113.0,158.0,1.38,2017-04-03 17:14:10,2017-04-03 17:29:19,1.0,12.3,15,17,Monday
129530,2,238.0,43.0,0.78,2017-04-05 17:03:49,2017-04-05 17:09:37,1.0,9.36,5,17,Wednesday
243267,1,163.0,161.0,0.4,2017-04-05 17:24:16,2017-04-05 17:27:14,1.0,5.8,2,17,Wednesday
935687,1,138.0,162.0,10.2,2017-04-04 17:27:10,2017-04-04 18:01:21,1.0,48.06,34,17,Tuesday
733547,2,231.0,87.0,0.97,2017-04-04 17:30:52,2017-04-04 17:42:11,1.0,12.36,11,17,Tuesday
44375,2,249.0,234.0,1.66,2017-04-06 17:45:27,2017-04-06 17:59:36,1.0,14.76,14,17,Thursday
928207,1,239.0,246.0,2.4,2017-04-04 17:37:58,2017-04-04 17:50:04,1.0,12.8,12,17,Tuesday
567097,2,237.0,236.0,1.82,2017-04-03 17:32:37,2017-04-03 17:38:40,1.0,10.8,6,17,Monday
132774,2,162.0,141.0,0.54,2017-04-03 17:03:12,2017-04-03 17:07:39,1.0,6.8,4,17,Monday
740470,2,161.0,75.0,3.79,2017-04-04 17:35:48,2017-04-04 17:52:13,1.0,18.96,16,17,Tuesday
429286,2,141.0,237.0,0.62,2017-04-05 17:48:20,2017-04-05 17:53:16,1.0,7.8,4,17,Wednesday
61558,1,263.0,33.0,8.9,2017-04-05 17:20:01,2017-04-05 17:58:35,1.0,39.35,38,17,Wednesday
359452,1,224.0,224.0,0.5,2017-04-04 17:40:10,2017-04-04 17:43:17,1.0,6.3,3,17,Tuesday
970682,2,79.0,33.0,4.66,2017-04-05 17:36:51,2017-04-05 18:02:57,1.0,26.0,26,17,Wednesday
221220,2,140.0,236.0,1.24,2017-04-05 17:44:08,2017-04-05 17:54:08,1.0,9.8,10,17,Wednesday
330390,2,107.0,79.0,0.57,2017-04-04 17:52:53,2017-04-04 17:57:12,1.0,6.3,4,17,Tuesday
381595,1,132.0,162.0,14.7,2017-04-03 17:21:03,2017-04-03 18:28:43,4.5,70.06,67,17,Monday
88168,2,234.0,237.0,1.97,2017-04-06 17:38:44,2017-04-06 18:15:01,1.0,27.96,36,17,Thursday
358200,1,114.0,158.0,0.9,2017-04-04 17:17:22,2017-04-04 17:24:01,1.0,7.8,6,17,Tuesday
107066,2,237.0,75.0,2.31,2017-04-03 17:58:31,2017-04-03 18:10:00,1.0,14.16,11,17,Monday
1047611,2,236.0,236.0,0.34,2017-04-05 17:33:10,2017-04-05 17:35:13,1.0,6.36,2,17,Wednesday
1017346,1,231.0,186.0,3.2,2017-04-03 17:17:13,2017-04-03 17:31:16,1.0,18.35,14,17,Monday
471098,1,230.0,249.0,2.2,2017-04-06 17:51:46,2017-04-06 18:07:47,1.0,17.15,16,17,Thursday
373982,1,142.0,50.0,1.5,2017-04-05 17:34:07,2017-04-05 17:45:08,1.0,10.8,11,17,Wednesday
179528,1,163.0,230.0,0.9,2017-04-05 17:54:39,2017-04-05 18:04:01,1.0,12.05,9,17,Wednesday
191415,2,246.0,143.0,1.38,2017-04-04 17:09:01,2017-04-04 17:13:33,1.0,8.8,4,17,Tuesday
274732,1,239.0,238.0,1.2,2017-04-06 17:07:48,2017-04-06 17:14:16,1.0,9.95,6,17,Thursday
26452,2,209.0,211.0,1.47,2017-04-03 17:01:11,2017-04-03 17:14:23,1.0,10.8,13,17,Monday
46265,1,113.0,161.0,2.3,2017-04-06 17:00:12,2017-04-06 17:29:23,1.0,23.16,29,17,Thursday
92461,2,76.0,216.0,2.33,2017-04-06 17:48:09,2017-04-06 18:13:20,1.0,19.3,25,17,Thursday
682294,1,238.0,74.0,2.1,2017-04-05 17:52:41,2017-04-05 18:11:43,1.0,16.5,19,17,Wednesday
732090,2,100.0,113.0,2.04,2017-04-03 17:47:02,2017-04-03 18:02:28,1.0,15.96,15,17,Monday
620292,1,236.0,161.0,1.4,2017-04-06 17:57:11,2017-04-06 18:13:32,1.0,12.8,16,17,Thursday
880624,2,142.0,48.0,0.89,2017-04-06 17:47:18,2017-04-06 18:04:10,1.0,15.36,16,17,Thursday
565547,2,163.0,132.0,18.49,2017-04-06 17:21:38,2017-04-06 19:01:59,4.5,57.3,100,17,Thursday
634123,1,107.0,113.0,0.6,2017-04-03 17:28:48,2017-04-03 17:35:52,1.0,8.8,7,17,Monday
882360,2,236.0,74.0,1.7,2017-04-05 17:07:07,2017-04-05 17:21:09,1.0,15.36,14,17,Wednesday
741532,1,48.0,48.0,0.8,2017-04-04 17:48:21,2017-04-04 17:52:56,1.0,8.8,4,17,Tuesday
897533,2,164.0,231.0,2.4,2017-04-03 17:21:03,2017-04-03 17:39:16,1.0,14.3,18,17,Monday
870880,1,230.0,143.0,1.8,2017-04-04 17:25:27,2017-04-04 17:41:47,1.0,15.95,16,17,Tuesday
347415,1,138.0,107.0,8.6,2017-04-06 17:40:29,2017-04-06 18:35:45,1.0,45.06,55,17,Thursday
519961,1,239.0,163.0,1.3,2017-04-06 17:20:29,2017-04-06 17:29:21,1.0,11.15,8,17,Thursday
312486,2,75.0,152.0,3.23,2017-04-06 17:35:12,2017-04-06 17:58:26,1.0,20.3,23,17,Thursday
992429,2,234.0,140.0,2.96,2017-04-04 17:10:42,2017-04-04 17:29:15,1.0,18.96,18,17,Tuesday
207465,2,161.0,137.0,1.12,2017-04-06 17:32:30,2017-04-06 17:41:38,1.0,9.3,9,17,Thursday
709940,2,132.0,142.0,19.14,2017-04-03 17:19:04,2017-04-03 18:55:40,4.5,63.06,96,17,Monday
432348,2,263.0,262.0,0.48,2017-04-06 17:15:18,2017-04-06 17:18:24,1.0,6.96,3,17,Thursday
349516,1,138.0,100.0,11.9,2017-04-06 17:59:41,2017-04-06 18:51:59,1.0,61.31,52,17,Thursday
174648,2,132.0,141.0,17.31,2017-04-03 17:52:49,2017-04-03 18:47:47,4.5,68.76,54,17,Monday
987537,2,162.0,151.0,4.06,2017-04-05 17:45:58,2017-04-05 18:14:33,1.0,27.69,28,17,Wednesday
774072,1,83.0,264.0,0.0,2017-04-03 17:02:35,2017-04-03 17:02:35,0.0,80.3,0,17,Monday
407002,2,231.0,88.0,1.18,2017-04-06 17:15:27,2017-04-06 17:27:40,1.0,11.8,12,17,Thursday
915947,1,236.0,263.0,0.8,2017-04-03 17:57:52,2017-04-03 18:03:25,1.0,9.35,5,17,Monday
172763,2,151.0,41.0,1.68,2017-04-06 17:16:30,2017-04-06 17:35:19,1.0,17.16,18,17,Thursday
253733,2,140.0,202.0,3.98,2017-04-06 17:38:53,2017-04-06 17:59:39,1.0,17.8,20,17,Thursday
948553,2,170.0,43.0,3.79,2017-04-05 17:23:44,2017-04-05 17:48:24,1.0,23.0,24,17,Wednesday
444775,2,231.0,233.0,6.4,2017-04-05 17:56:18,2017-04-05 18:20:18,1.0,26.3,24,17,Wednesday
4160,2,142.0,143.0,0.87,2017-04-04 17:21:14,2017-04-04 17:27:19,1.0,8.97,6,17,Tuesday
992083,1,162.0,230.0,1.3,2017-04-03 17:31:17,2017-04-03 17:47:18,1.0,15.35,16,17,Monday
147096,1,79.0,79.0,0.2,2017-04-05 17:17:03,2017-04-05 17:19:10,1.0,5.3,2,17,Wednesday
673098,1,263.0,75.0,1.1,2017-04-04 17:41:39,2017-04-04 17:53:49,1.0,11.88,12,17,Tuesday
1047351,2,233.0,263.0,2.19,2017-04-06 17:29:05,2017-04-06 17:43:08,1.0,15.36,14,17,Thursday
249717,1,132.0,170.0,17.2,2017-04-04 17:56:41,2017-04-04 18:33:53,4.5,75.66,37,17,Tuesday
894348,2,234.0,100.0,0.93,2017-04-04 17:07:59,2017-04-04 17:15:52,1.0,7.8,7,17,Tuesday
965179,1,144.0,264.0,0.0,2017-04-05 17:22:53,2017-04-05 17:22:53,1.0,8.8,0,17,Wednesday
223558,1,138.0,163.0,10.5,2017-04-06 17:47:02,2017-04-06 18:42:01,1.0,54.66,54,17,Thursday
967726,2,48.0,90.0,1.31,2017-04-05 17:29:22,2017-04-05 17:38:14,1.0,11.16,8,17,Wednesday
418986,2,236.0,74.0,1.43,2017-04-03 17:35:49,2017-04-03 17:41:18,1.0,10.38,5,17,Monday
505193,2,143.0,143.0,0.59,2017-04-04 17:30:08,2017-04-04 17:33:52,1.0,8.3,3,17,Tuesday
5474,1,142.0,238.0,1.3,2017-04-04 17:45:28,2017-04-04 17:51:07,1.0,9.3,5,17,Tuesday
204513,2,163.0,142.0,1.68,2017-04-05 17:43:55,2017-04-05 17:59:52,1.0,13.8,15,17,Wednesday
712971,1,264.0,264.0,1.2,2017-04-05 17:24:48,2017-04-05 17:34:48,1.0,12.3,10,17,Wednesday
890150,1,186.0,48.0,0.7,2017-04-04 17:33:19,2017-04-04 17:44:52,1.0,9.8,11,17,Tuesday
271527,1,230.0,246.0,0.9,2017-04-04 17:40:17,2017-04-04 17:48:41,1.0,10.55,8,17,Tuesday
712677,2,140.0,224.0,3.55,2017-04-04 17:40:34,2017-04-04 17:55:02,1.0,15.8,14,17,Tuesday
15921,2,262.0,229.0,2.06,2017-04-04 17:33:25,2017-04-04 17:41:47,1.0,12.36,8,17,Tuesday
564439,1,239.0,238.0,0.9,2017-04-03 17:14:45,2017-04-03 17:18:44,1.0,8.15,3,17,Monday
151786,1,163.0,236.0,2.1,2017-04-04 17:45:18,2017-04-04 17:57:02,1.0,11.3,11,17,Tuesday
410927,2,163.0,255.0,7.0,2017-04-06 17:18:00,2017-04-06 18:11:46,1.0,44.16,53,17,Thursday
931955,2,137.0,79.0,1.54,2017-04-03 17:58:10,2017-04-03 18:06:10,1.0,10.8,8,17,Monday
459029,2,238.0,263.0,1.74,2017-04-03 17:23:19,2017-04-03 17:36:09,1.0,14.16,12,17,Monday
377153,1,164.0,144.0,2.2,2017-04-05 17:50:30,2017-04-05 18:06:00,1.0,15.35,15,17,Wednesday
462554,2,90.0,125.0,1.19,2017-04-03 17:52:02,2017-04-03 17:57:00,1.0,7.8,4,17,Monday
514774,2,162.0,164.0,1.18,2017-04-04 17:18:49,2017-04-04 17:29:29,1.0,11.76,10,17,Tuesday
232638,2,162.0,148.0,3.85,2017-04-04 17:30:33,2017-04-04 17:50:35,1.0,21.36,20,17,Tuesday
944406,2,237.0,233.0,1.62,2017-04-04 17:31:49,2017-04-04 17:49:48,1.0,14.8,17,17,Tuesday
401909,1,166.0,238.0,1.8,2017-04-04 17:41:41,2017-04-04 17:50:13,1.0,12.35,8,17,Tuesday
576749,2,236.0,239.0,1.26,2017-04-03 17:58:51,2017-04-03 18:04:18,1.0,9.36,5,17,Monday
109157,1,237.0,236.0,1.0,2017-04-05 17:45:06,2017-04-05 17:51:19,1.0,10.35,6,17,Wednesday
998136,1,236.0,140.0,1.3,2017-04-04 17:21:18,2017-04-04 17:29:47,1.0,11.15,8,17,Tuesday
678298,2,170.0,161.0,0.93,2017-04-05 17:00:36,2017-04-05 17:12:53,1.0,10.8,12,17,Wednesday
844486,1,137.0,246.0,1.9,2017-04-04 17:28:18,2017-04-04 17:44:39,1.0,15.0,16,17,Tuesday
111092,2,74.0,141.0,1.89,2017-04-06 17:05:43,2017-04-06 17:17:30,1.0,13.56,11,17,Thursday
576289,2,186.0,114.0,2.05,2017-04-03 17:58:37,2017-04-03 18:16:01,1.0,14.3,17,17,Monday
376807,2,236.0,239.0,1.02,2017-04-06 17:03:35,2017-04-06 17:11:14,1.0,10.56,7,17,Thursday
188170,2,141.0,237.0,1.28,2017-04-05 17:01:44,2017-04-05 17:10:00,1.0,11.62,8,17,Wednesday
603815,2,237.0,256.0,6.89,2017-04-03 17:03:31,2017-04-03 17:53:38,1.0,38.3,50,17,Monday
336509,2,100.0,90.0,0.95,2017-04-06 17:13:07,2017-04-06 17:18:23,1.0,9.36,5,17,Thursday
936894,1,231.0,158.0,1.2,2017-04-03 17:17:58,2017-04-03 17:31:49,1.0,12.8,13,17,Monday
815047,2,166.0,162.0,4.32,2017-04-05 17:47:45,2017-04-05 18:12:39,1.0,23.8,24,17,Wednesday
811860,2,43.0,239.0,1.32,2017-04-05 17:54:28,2017-04-05 18:00:00,1.0,9.96,5,17,Wednesday
189274,2,236.0,262.0,0.77,2017-04-05 17:38:10,2017-04-05 17:44:02,1.0,9.49,5,17,Wednesday
356725,1,74.0,74.0,0.6,2017-04-05 17:55:24,2017-04-05 18:00:43,1.0,7.3,5,17,Wednesday
659900,1,170.0,79.0,1.6,2017-04-05 17:42:21,2017-04-05 17:52:32,1.0,12.35,10,17,Wednesday
307916,2,140.0,237.0,1.0,2017-04-03 17:07:48,2017-04-03 17:14:42,1.0,10.38,6,17,Monday
945900,2,162.0,158.0,4.01,2017-04-03 17:51:26,2017-04-03 18:13:28,1.0,18.8,22,17,Monday
417695,1,137.0,224.0,0.9,2017-04-03 17:38:00,2017-04-03 17:43:07,1.0,7.3,5,17,Monday
394400,2,231.0,233.0,3.38,2017-04-03 17:00:09,2017-04-03 17:17:01,1.0,17.8,16,17,Monday
82036,2,140.0,237.0,1.09,2017-04-03 17:11:55,2017-04-03 17:23:37,1.0,12.36,11,17,Monday
929159,1,132.0,196.0,9.8,2017-04-06 17:12:49,2017-04-06 17:42:13,1.0,30.8,29,17,Thursday
255356,2,75.0,74.0,1.73,2017-04-04 17:19:20,2017-04-04 17:29:16,1.0,12.88,9,17,Tuesday
1040159,1,68.0,163.0,2.3,2017-04-05 17:18:03,2017-04-05 17:36:13,1.0,15.3,18,17,Wednesday
725841,1,237.0,239.0,1.5,2017-04-03 17:37:24,2017-04-03 17:46:53,1.0,12.35,9,17,Monday
6176,1,237.0,239.0,1.4,2017-04-06 17:32:03,2017-04-06 17:41:02,1.0,9.8,8,17,Thursday
430157,1,43.0,48.0,2.3,2017-04-04 17:07:16,2017-04-04 17:20:59,1.0,12.8,13,17,Tuesday
842611,1,13.0,163.0,5.4,2017-04-03 17:11:21,2017-04-03 17:37:50,1.0,28.55,26,17,Monday
373108,1,140.0,107.0,3.3,2017-04-04 17:40:29,2017-04-04 17:55:22,1.0,18.8,14,17,Tuesday
1035591,1,132.0,10.0,2.4,2017-04-03 17:21:22,2017-04-03 17:31:36,1.0,12.3,10,17,Monday
449017,2,246.0,79.0,2.15,2017-04-03 17:06:25,2017-04-03 17:21:33,1.0,14.3,15,17,Monday
285717,2,236.0,237.0,0.73,2017-04-05 17:06:54,2017-04-05 17:10:35,1.0,7.8,3,17,Wednesday
1047997,1,246.0,249.0,1.6,2017-04-04 17:37:33,2017-04-04 17:49:15,1.0,12.95,11,17,Tuesday
923861,2,163.0,164.0,1.58,2017-04-05 17:19:26,2017-04-05 17:32:32,1.0,13.56,13,17,Wednesday
666866,2,247.0,119.0,0.48,2017-04-05 17:55:18,2017-04-05 17:58:51,1.0,6.3,3,17,Wednesday
90354,2,113.0,234.0,0.33,2017-04-05 17:52:17,2017-04-05 17:54:17,1.0,5.3,2,17,Wednesday
259984,1,163.0,237.0,1.3,2017-04-03 17:02:37,2017-04-03 17:09:56,1.0,9.8,7,17,Monday
951999,1,164.0,90.0,1.3,2017-04-06 17:24:42,2017-04-06 17:37:05,1.0,11.3,12,17,Thursday
536160,1,161.0,236.0,2.3,2017-04-05 17:31:21,2017-04-05 17:51:55,1.0,18.95,20,17,Wednesday
61118,2,90.0,43.0,3.78,2017-04-06 17:53:40,2017-04-06 18:28:18,1.0,29.75,34,17,Thursday
583662,1,68.0,161.0,1.7,2017-04-05 17:12:12,2017-04-05 17:29:57,1.0,17.9,17,17,Wednesday
690884,1,163.0,170.0,0.9,2017-04-05 17:17:45,2017-04-05 17:28:33,1.0,11.75,10,17,Wednesday
382526,2,48.0,90.0,1.59,2017-04-05 17:40:02,2017-04-05 17:49:58,1.0,10.3,9,17,Wednesday
980472,2,164.0,90.0,1.57,2017-04-04 17:49:27,2017-04-04 17:58:27,1.0,11.76,9,17,Tuesday
228615,2,237.0,229.0,1.02,2017-04-04 17:47:34,2017-04-04 17:52:31,1.0,7.3,4,17,Tuesday
674985,2,68.0,246.0,0.96,2017-04-04 17:20:17,2017-04-04 17:27:29,1.0,11.0,7,17,Tuesday
203136,1,142.0,24.0,2.5,2017-04-05 17:36:45,2017-04-05 17:51:56,1.0,15.3,15,17,Wednesday
1026533,1,90.0,186.0,0.4,2017-04-05 17:07:15,2017-04-05 17:09:11,1.0,5.3,1,17,Wednesday
613291,1,162.0,113.0,2.2,2017-04-03 17:38:55,2017-04-03 17:53:06,1.0,14.8,14,17,Monday
911212,1,170.0,246.0,2.4,2017-04-05 17:49:25,2017-04-05 18:26:45,1.0,29.15,37,17,Wednesday
188136,2,88.0,144.0,1.87,2017-04-05 17:15:27,2017-04-05 17:27:16,1.0,11.8,11,17,Wednesday
138079,2,237.0,141.0,0.7,2017-04-06 17:54:01,2017-04-06 17:57:57,1.0,6.8,3,17,Thursday
284299,1,231.0,211.0,0.7,2017-04-06 17:21:52,2017-04-06 17:40:21,1.0,17.25,18,17,Thursday
857301,2,162.0,246.0,1.18,2017-04-04 17:43:05,2017-04-05 17:40:27,1.0,13.3,1437,17,Tuesday
384576,2,262.0,141.0,1.33,2017-04-04 17:58:46,2017-04-04 18:06:06,1.0,8.8,7,17,Tuesday
140395,2,234.0,90.0,0.63,2017-04-03 17:48:12,2017-04-03 17:53:33,1.0,7.3,5,17,Monday
1032831,2,236.0,236.0,0.42,2017-04-06 17:02:53,2017-04-06 17:04:12,1.0,6.36,1,17,Thursday
604824,1,162.0,141.0,1.7,2017-04-05 17:31:50,2017-04-05 17:45:01,1.0,11.8,13,17,Wednesday
852067,2,249.0,237.0,3.94,2017-04-03 17:05:20,2017-04-03 17:24:34,1.0,17.3,19,17,Monday
506212,2,166.0,263.0,2.89,2017-04-03 17:30:09,2017-04-03 17:52:11,1.0,21.36,22,17,Monday
299080,1,75.0,161.0,3.0,2017-04-03 17:07:52,2017-04-03 17:28:41,1.0,16.8,20,17,Monday
587511,2,48.0,68.0,2.05,2017-04-03 17:22:55,2017-04-03 17:31:16,1.0,10.3,8,17,Monday
310178,2,238.0,238.0,0.52,2017-04-05 17:33:45,2017-04-05 17:38:10,1.0,8.16,4,17,Wednesday
81510,1,137.0,112.0,3.5,2017-04-06 17:22:00,2017-04-06 17:42:16,1.0,23.06,20,17,Thursday
456365,2,230.0,100.0,0.8,2017-04-06 17:33:52,2017-04-06 17:44:43,1.0,11.8,10,17,Thursday
824848,1,68.0,234.0,1.2,2017-04-03 17:15:27,2017-04-03 17:22:11,1.0,8.8,6,17,Monday
105451,1,237.0,236.0,0.7,2017-04-05 17:08:06,2017-04-05 17:13:38,1.0,8.75,5,17,Wednesday
892184,2,141.0,263.0,0.79,2017-04-06 17:23:27,2017-04-06 17:26:03,1.0,7.56,2,17,Thursday
286003,1,48.0,239.0,1.5,2017-04-06 17:11:27,2017-04-06 17:19:57,1.0,11.5,8,17,Thursday
954359,2,234.0,229.0,2.19,2017-04-06 17:21:56,2017-04-06 17:45:34,1.0,20.16,23,17,Thursday
401256,2,237.0,140.0,0.56,2017-04-05 17:37:34,2017-04-05 17:41:38,1.0,6.8,4,17,Wednesday
21821,2,234.0,186.0,0.53,2017-04-05 17:14:27,2017-04-05 17:19:34,1.0,6.8,5,17,Wednesday
811609,1,136.0,127.0,1.1,2017-04-05 17:55:15,2017-04-05 18:04:34,1.0,9.3,9,17,Wednesday
678590,1,140.0,13.0,7.2,2017-04-06 17:34:34,2017-04-06 18:08:06,1.0,33.35,33,17,Thursday
185794,1,132.0,264.0,0.0,2017-04-05 17:49:24,2017-04-05 17:49:24,1.0,6.8,0,17,Wednesday
521549,1,162.0,249.0,3.3,2017-04-04 17:51:35,2017-04-04 18:16:02,1.0,20.3,24,17,Tuesday
950047,2,68.0,68.0,0.61,2017-04-06 17:59:17,2017-04-06 18:01:07,1.0,7.25,1,17,Thursday
964885,2,13.0,13.0,0.56,2017-04-04 17:46:23,2017-04-04 17:49:31,1.0,6.3,3,17,Tuesday
652526,1,13.0,132.0,20.9,2017-04-06 17:27:40,2017-04-06 19:10:19,4.5,73.06,102,17,Thursday
322192,1,231.0,249.0,2.1,2017-04-06 17:29:03,2017-04-06 17:45:04,1.0,15.0,16,17,Thursday
986323,1,230.0,48.0,0.4,2017-04-06 17:04:23,2017-04-06 17:07:04,1.0,5.3,2,17,Thursday
883568,2,100.0,234.0,1.56,2017-04-06 17:37:03,2017-04-06 17:49:07,1.0,12.96,12,17,Thursday
1000853,2,163.0,234.0,2.21,2017-04-06 17:02:56,2017-04-06 17:23:44,1.0,18.96,20,17,Thursday
549333,2,234.0,233.0,0.91,2017-04-05 17:27:54,2017-04-05 17:35:44,1.0,8.8,7,17,Wednesday
671309,1,186.0,41.0,4.6,2017-04-05 17:00:46,2017-04-05 17:34:21,1.0,24.3,33,17,Wednesday
485713,1,230.0,239.0,2.2,2017-04-03 17:45:33,2017-04-03 17:58:42,1.0,12.8,13,17,Monday
277439,1,236.0,142.0,2.5,2017-04-05 17:33:02,2017-04-05 17:55:39,1.0,20.15,22,17,Wednesday
675736,2,132.0,138.0,11.86,2017-04-03 17:54:28,2017-04-03 18:19:25,1.0,34.8,24,17,Monday
285730,2,236.0,43.0,1.3,2017-04-05 17:32:06,2017-04-05 17:44:33,1.0,12.4,12,17,Wednesday
244261,1,107.0,234.0,0.8,2017-04-04 17:38:30,2017-04-04 17:50:16,1.0,10.3,11,17,Tuesday
529342,2,48.0,83.0,5.84,2017-04-04 17:52:55,2017-04-04 18:26:47,1.0,29.8,33,17,Tuesday
1010046,2,162.0,236.0,1.77,2017-04-05 17:32:32,2017-04-05 17:44:50,1.0,13.0,12,17,Wednesday
557493,2,125.0,90.0,1.53,2017-04-05 17:32:37,2017-04-05 17:39:19,1.0,10.56,6,17,Wednesday
528659,1,229.0,161.0,0.9,2017-04-05 17:24:56,2017-04-05 17:39:10,1.0,11.3,14,17,Wednesday
726045,2,237.0,237.0,0.65,2017-04-03 17:17:46,2017-04-03 17:23:11,1.0,8.3,5,17,Monday
934659,2,186.0,234.0,0.56,2017-04-05 17:17:40,2017-04-05 17:21:10,1.0,6.3,3,17,Wednesday
210923,1,79.0,90.0,1.6,2017-04-05 17:05:24,2017-04-05 17:18:19,1.0,11.3,12,17,Wednesday
202196,2,48.0,142.0,0.99,2017-04-05 17:09:55,2017-04-05 17:18:08,1.0,10.56,8,17,Wednesday
11164,2,140.0,142.0,1.58,2017-04-05 17:25:09,2017-04-05 17:44:34,1.0,17.16,19,17,Wednesday
948968,1,249.0,90.0,0.9,2017-04-05 17:33:56,2017-04-05 17:39:53,1.0,9.75,5,17,Wednesday
284906,1,48.0,43.0,1.9,2017-04-05 17:28:41,2017-04-05 17:40:38,1.0,11.8,11,17,Wednesday
503769,1,239.0,143.0,1.2,2017-04-05 17:37:22,2017-04-05 17:44:49,1.0,10.55,7,17,Wednesday
1003827,2,50.0,75.0,4.26,2017-04-05 17:21:38,2017-04-05 17:42:40,1.0,18.8,21,17,Wednesday
608886,2,90.0,239.0,3.6,2017-04-03 17:51:10,2017-04-03 18:11:47,1.0,20.75,20,17,Monday
577818,1,141.0,236.0,1.6,2017-04-05 17:24:01,2017-04-05 17:32:28,1.0,9.8,8,17,Wednesday
236341,2,229.0,229.0,0.75,2017-04-03 17:37:00,2017-04-03 17:44:07,1.0,7.8,7,17,Monday
837633,2,234.0,186.0,0.99,2017-04-06 17:14:24,2017-04-06 17:27:50,1.0,13.56,13,17,Thursday
740016,1,230.0,234.0,2.3,2017-04-03 17:27:25,2017-04-03 17:41:24,1.0,12.8,13,17,Monday
754333,1,237.0,162.0,1.3,2017-04-05 17:22:27,2017-04-05 17:37:26,1.0,15.35,14,17,Wednesday
460336,1,164.0,239.0,3.3,2017-04-03 17:41:55,2017-04-03 17:59:07,1.0,18.35,17,17,Monday
840135,2,237.0,140.0,1.05,2017-04-03 17:02:34,2017-04-03 17:12:26,1.0,9.82,9,17,Monday
878922,2,234.0,186.0,0.48,2017-04-05 17:25:14,2017-04-05 17:27:54,1.0,5.8,2,17,Wednesday
561007,2,151.0,230.0,2.89,2017-04-05 17:50:28,2017-04-05 18:10:01,1.0,19.56,19,17,Wednesday
384853,1,140.0,236.0,0.9,2017-04-06 17:33:53,2017-04-06 17:38:52,1.0,9.0,4,17,Thursday
151501,2,264.0,264.0,0.0,2017-04-06 17:26:51,2017-04-06 17:26:55,1.0,9.89,0,17,Thursday
604289,1,230.0,236.0,2.7,2017-04-06 17:13:22,2017-04-06 17:28:49,1.0,17.15,15,17,Thursday
416885,2,142.0,229.0,2.22,2017-04-03 17:22:33,2017-04-03 17:38:31,1.0,13.8,15,17,Monday
413402,2,43.0,233.0,1.27,2017-04-06 17:22:11,2017-04-06 17:29:17,1.0,10.56,7,17,Thursday
734598,2,114.0,79.0,0.56,2017-04-04 17:19:30,2017-04-04 17:25:27,1.0,9.12,5,17,Tuesday
201640,1,170.0,246.0,1.0,2017-04-05 17:32:10,2017-04-05 17:44:10,1.0,11.3,12,17,Wednesday
1002817,1,68.0,186.0,0.9,2017-04-04 17:41:10,2017-04-04 17:45:07,1.0,8.75,3,17,Tuesday
78,2,263.0,237.0,1.36,2017-04-06 17:19:17,2017-04-06 17:27:03,1.0,9.3,7,17,Thursday
852002,1,68.0,79.0,2.5,2017-04-04 17:57:35,2017-04-04 18:15:41,1.0,17.75,18,17,Tuesday
86210,2,237.0,229.0,1.16,2017-04-03 17:41:49,2017-04-03 17:51:02,1.0,10.3,9,17,Monday
556934,2,233.0,228.0,9.66,2017-04-05 17:58:48,2017-04-05 18:40:55,1.0,43.56,42,17,Wednesday
341749,2,138.0,151.0,10.03,2017-04-03 17:49:58,2017-04-03 18:37:09,1.0,51.67,47,17,Monday
287394,2,237.0,229.0,1.32,2017-04-05 17:56:38,2017-04-05 18:08:15,1.0,10.8,11,17,Wednesday
939931,1,107.0,113.0,0.9,2017-04-06 17:45:32,2017-04-06 17:54:57,1.0,13.3,9,17,Thursday
730694,2,230.0,140.0,1.5,2017-04-05 17:26:22,2017-04-05 17:41:05,1.0,14.76,14,17,Wednesday
1001855,1,113.0,249.0,0.4,2017-04-04 17:58:02,2017-04-04 18:00:58,1.0,5.8,2,17,Tuesday
523165,2,127.0,230.0,9.26,2017-04-06 17:25:33,2017-04-06 18:02:23,1.0,38.16,36,17,Thursday
532312,2,231.0,163.0,5.26,2017-04-05 17:46:29,2017-04-05 18:19:17,1.0,25.8,32,17,Wednesday
240376,1,238.0,143.0,1.9,2017-04-03 17:38:59,2017-04-03 17:49:16,1.0,12.6,10,17,Monday
1002790,2,162.0,211.0,4.07,2017-04-03 17:42:52,2017-04-03 18:04:38,1.0,23.76,21,17,Monday
893973,2,137.0,142.0,3.24,2017-04-03 17:15:25,2017-04-03 17:34:05,1.0,18.3,18,17,Monday
572518,2,141.0,229.0,0.45,2017-04-04 17:11:56,2017-04-04 17:14:52,1.0,5.8,2,17,Tuesday
621048,1,162.0,162.0,0.0,2017-04-04 17:02:33,2017-04-04 17:02:53,4.5,75.66,0,17,Tuesday
79676,1,43.0,43.0,0.6,2017-04-03 17:16:04,2017-04-03 17:18:50,1.0,6.95,2,17,Monday
840849,1,263.0,237.0,0.9,2017-04-04 17:23:46,2017-04-04 17:30:33,1.0,8.58,6,17,Tuesday
837639,1,151.0,239.0,0.8,2017-04-05 17:14:37,2017-04-05 17:17:00,1.0,6.3,2,17,Wednesday
754307,1,152.0,166.0,1.0,2017-04-06 17:06:03,2017-04-06 17:13:11,1.0,9.95,7,17,Thursday
294338,2,141.0,239.0,1.21,2017-04-03 17:23:19,2017-04-03 17:27:59,1.0,9.36,4,17,Monday
719512,2,161.0,234.0,2.31,2017-04-05 17:01:25,2017-04-05 17:24:18,1.0,16.8,22,17,Wednesday
961518,1,50.0,249.0,2.2,2017-04-03 17:08:02,2017-04-03 17:18:07,1.0,14.65,10,17,Monday
746808,2,132.0,233.0,16.86,2017-04-05 17:55:00,2017-04-05 18:40:04,4.5,63.06,45,17,Wednesday
282784,2,237.0,236.0,1.69,2017-04-03 17:53:43,2017-04-03 18:02:53,1.0,12.96,9,17,Monday
232557,1,234.0,13.0,3.8,2017-04-04 17:10:39,2017-04-04 17:25:39,1.0,19.55,15,17,Tuesday
563651,1,163.0,246.0,2.8,2017-04-03 17:09:46,2017-04-03 17:26:49,1.0,15.3,17,17,Monday
834008,1,90.0,68.0,0.4,2017-04-05 17:43:59,2017-04-05 17:46:57,1.0,7.3,2,17,Wednesday
121978,2,237.0,113.0,2.61,2017-04-05 17:26:10,2017-04-05 17:45:26,1.0,19.12,19,17,Wednesday
353588,2,239.0,246.0,3.52,2017-04-05 17:14:06,2017-04-05 17:31:48,1.0,16.8,17,17,Wednesday
91724,2,230.0,13.0,3.75,2017-04-04 17:50:53,2017-04-04 18:15:10,1.0,19.3,24,17,Tuesday
394666,2,170.0,45.0,2.83,2017-04-03 17:20:34,2017-04-03 17:40:38,1.0,19.56,20,17,Monday
776443,1,142.0,230.0,1.1,2017-04-04 17:01:02,2017-04-04 17:09:23,1.0,11.0,8,17,Tuesday
632405,1,234.0,158.0,1.2,2017-04-05 17:54:40,2017-04-05 18:07:18,1.0,14.1,12,17,Wednesday
556088,2,48.0,161.0,1.33,2017-04-06 17:15:48,2017-04-06 17:40:32,1.0,20.16,24,17,Thursday
457681,1,161.0,141.0,1.5,2017-04-06 17:52:19,2017-04-06 18:01:25,1.0,11.75,9,17,Thursday
138694,2,234.0,140.0,3.29,2017-04-04 17:40:59,2017-04-04 17:58:59,1.0,15.8,18,17,Tuesday
785816,2,237.0,246.0,2.58,2017-04-04 17:49:40,2017-04-04 18:09:38,1.0,18.96,19,17,Tuesday
13999,2,24.0,143.0,2.03,2017-04-05 17:36:31,2017-04-05 17:49:13,1.0,12.3,12,17,Wednesday
743145,2,43.0,249.0,4.19,2017-04-03 17:15:57,2017-04-03 17:37:03,1.0,22.56,21,17,Monday
187525,1,141.0,262.0,0.8,2017-04-03 17:05:19,2017-04-03 17:07:25,1.0,7.25,2,17,Monday
791035,2,237.0,43.0,1.07,2017-04-03 17:32:14,2017-04-03 17:42:15,1.0,11.62,10,17,Monday
880233,1,246.0,161.0,1.6,2017-04-06 17:23:56,2017-04-06 17:49:45,1.0,21.35,25,17,Thursday
708031,2,237.0,243.0,7.22,2017-04-05 17:25:52,2017-04-05 18:09:35,1.0,39.36,43,17,Wednesday
536663,1,41.0,74.0,0.4,2017-04-03 17:57:27,2017-04-03 18:00:33,1.0,6.95,3,17,Monday
498322,2,132.0,257.0,12.84,2017-04-03 17:03:24,2017-04-03 17:59:30,1.0,57.96,56,17,Monday
376466,1,229.0,138.0,11.2,2017-04-03 17:00:07,2017-04-03 17:48:53,1.0,55.66,48,17,Monday
970818,2,142.0,142.0,0.57,2017-04-03 17:09:30,2017-04-03 17:14:29,1.0,7.88,4,17,Monday
34026,2,231.0,75.0,8.16,2017-04-04 17:05:38,2017-04-04 17:37:33,1.0,35.76,31,17,Tuesday
250066,1,48.0,163.0,0.8,2017-04-06 17:28:57,2017-04-06 17:32:54,1.0,6.8,3,17,Thursday
521795,2,237.0,151.0,3.23,2017-04-05 17:26:38,2017-04-05 17:48:25,1.0,20.76,21,17,Wednesday
900548,1,236.0,163.0,1.4,2017-04-04 17:19:45,2017-04-04 17:30:04,1.0,12.35,10,17,Tuesday
681640,1,107.0,170.0,0.8,2017-04-03 17:21:04,2017-04-03 17:25:27,1.0,8.75,4,17,Monday
513707,1,166.0,166.0,0.4,2017-04-06 17:56:23,2017-04-06 17:59:59,1.0,6.3,3,17,Thursday
66804,1,234.0,79.0,1.2,2017-04-05 17:33:28,2017-04-05 17:41:42,1.0,10.55,8,17,Wednesday
405273,1,234.0,68.0,0.9,2017-04-04 17:15:04,2017-04-04 17:21:34,1.0,9.75,6,17,Tuesday
32600,1,75.0,262.0,1.5,2017-04-05 17:53:57,2017-04-05 18:03:52,1.0,9.8,9,17,Wednesday
823092,1,239.0,43.0,1.2,2017-04-05 17:42:49,2017-04-05 17:52:24,1.0,12.25,9,17,Wednesday
638921,2,229.0,137.0,1.17,2017-04-06 17:19:24,2017-04-06 17:24:09,1.0,8.76,4,17,Thursday
72224,2,264.0,148.0,0.0,2017-04-04 17:06:06,2017-04-04 17:06:10,0.0,12.36,0,17,Tuesday
711751,2,163.0,140.0,1.44,2017-04-05 17:14:04,2017-04-05 17:30:40,1.0,12.8,16,17,Wednesday
533823,2,113.0,144.0,1.42,2017-04-05 17:55:25,2017-04-05 18:07:07,1.0,13.39,11,17,Wednesday
192816,2,141.0,237.0,0.65,2017-04-05 17:37:43,2017-04-05 17:40:18,1.0,7.25,2,17,Wednesday
391413,1,233.0,107.0,1.3,2017-04-03 17:41:42,2017-04-03 17:49:06,1.0,11.15,7,17,Monday
536815,2,238.0,238.0,0.32,2017-04-04 17:54:38,2017-04-04 17:58:01,1.0,6.96,3,17,Tuesday
664255,1,236.0,236.0,0.8,2017-04-04 17:17:06,2017-04-04 17:20:41,1.0,7.55,3,17,Tuesday
961593,1,234.0,48.0,2.4,2017-04-05 17:57:59,2017-04-05 18:20:08,1.0,20.15,22,17,Wednesday
999422,1,132.0,73.0,11.3,2017-04-03 17:20:01,2017-04-03 17:57:48,1.0,44.15,37,17,Monday
141521,2,43.0,263.0,0.89,2017-04-04 17:14:24,2017-04-04 17:21:05,1.0,7.8,6,17,Tuesday
412003,1,140.0,141.0,0.9,2017-04-03 17:03:45,2017-04-03 17:14:46,1.0,9.8,11,17,Monday
417041,1,237.0,161.0,1.6,2017-04-04 17:46:30,2017-04-04 18:01:28,1.0,12.8,14,17,Tuesday
918099,2,239.0,238.0,0.94,2017-04-05 17:04:40,2017-04-05 17:11:22,1.0,8.3,6,17,Wednesday
205106,1,186.0,125.0,1.7,2017-04-03 17:21:05,2017-04-03 17:27:12,1.0,11.15,6,17,Monday
784387,1,249.0,88.0,3.0,2017-04-03 17:15:59,2017-04-03 17:35:14,1.0,20.15,19,17,Monday
668594,2,230.0,143.0,1.52,2017-04-03 17:22:05,2017-04-03 17:31:06,1.0,11.76,9,17,Monday
503903,2,237.0,262.0,2.26,2017-04-05 17:17:44,2017-04-05 17:31:49,1.0,15.38,14,17,Wednesday
766585,2,142.0,239.0,1.59,2017-04-06 17:21:50,2017-04-06 17:34:24,1.0,11.3,12,17,Thursday
54930,1,161.0,229.0,0.9,2017-04-03 17:35:50,2017-04-03 17:43:15,1.0,8.3,7,17,Monday
810655,2,163.0,163.0,0.43,2017-04-04 17:45:05,2017-04-04 17:47:31,1.0,6.38,2,17,Tuesday
339764,2,164.0,186.0,2.0,2017-04-05 17:06:38,2017-04-05 17:36:16,1.0,19.8,29,17,Wednesday
616664,2,239.0,234.0,3.38,2017-04-05 17:06:43,2017-04-05 17:36:26,1.0,21.3,29,17,Wednesday
995945,1,132.0,48.0,17.5,2017-04-05 17:03:12,2017-04-05 18:18:31,4.5,63.06,75,17,Wednesday
518981,1,143.0,239.0,0.9,2017-04-04 17:23:23,2017-04-04 17:27:30,1.0,8.15,4,17,Tuesday
334517,2,231.0,79.0,1.54,2017-04-06 17:26:35,2017-04-06 17:46:19,1.0,14.3,19,17,Thursday
208095,2,163.0,132.0,17.35,2017-04-03 17:37:09,2017-04-03 18:38:13,4.5,63.06,61,17,Monday
715123,2,263.0,262.0,0.62,2017-04-06 17:31:27,2017-04-06 17:35:33,1.0,6.8,4,17,Thursday
426627,2,162.0,246.0,1.92,2017-04-04 17:07:07,2017-04-04 17:31:06,1.0,20.16,23,17,Tuesday
1014328,1,246.0,230.0,1.7,2017-04-06 17:06:25,2017-04-06 17:20:09,1.0,14.3,13,17,Thursday
164050,1,231.0,132.0,19.5,2017-04-06 17:17:10,2017-04-06 19:07:00,4.5,72.52,109,17,Thursday
131881,1,239.0,229.0,2.1,2017-04-03 17:49:11,2017-04-03 18:04:56,1.0,13.8,15,17,Monday
580635,2,161.0,230.0,0.24,2017-04-05 17:51:18,2017-04-05 17:54:02,1.0,5.8,2,17,Wednesday
574990,2,90.0,234.0,0.56,2017-04-04 17:02:39,2017-04-04 17:08:38,1.0,7.3,5,17,Tuesday
722475,1,226.0,226.0,0.0,2017-04-03 17:38:05,2017-04-03 17:38:38,0.0,499.3,0,17,Monday
320845,2,236.0,236.0,2.28,2017-04-05 17:02:10,2017-04-05 17:15:37,1.0,17.8,13,17,Wednesday
905541,1,125.0,229.0,3.6,2017-04-04 17:50:16,2017-04-04 18:21:53,1.0,22.8,31,17,Tuesday
140999,1,237.0,239.0,2.0,2017-04-03 17:46:51,2017-04-03 17:57:25,1.0,12.8,10,17,Monday
583840,1,161.0,13.0,6.2,2017-04-03 17:34:02,2017-04-03 17:58:10,1.0,25.63,24,17,Monday
327709,1,231.0,161.0,5.0,2017-04-04 17:35:26,2017-04-04 18:08:54,1.0,25.8,33,17,Tuesday
71362,2,244.0,244.0,3.24,2017-04-04 17:58:03,2017-04-04 18:17:04,1.0,19.56,19,17,Tuesday
35251,1,236.0,142.0,1.9,2017-04-06 17:40:24,2017-04-06 17:57:31,1.0,17.16,17,17,Thursday
544204,2,170.0,186.0,1.2,2017-04-03 17:57:23,2017-04-03 18:06:26,1.0,11.16,9,17,Monday
154482,2,74.0,42.0,1.82,2017-04-06 17:42:47,2017-04-06 17:54:12,1.0,11.8,11,17,Thursday
504508,1,166.0,239.0,1.4,2017-04-03 17:48:35,2017-04-03 17:57:05,1.0,12.7,8,17,Monday
602078,1,239.0,239.0,2.9,2017-04-03 17:09:37,2017-04-03 17:30:29,1.0,20.75,20,17,Monday
945061,1,140.0,170.0,2.2,2017-04-06 17:52:21,2017-04-06 18:08:30,1.0,16.55,16,17,Thursday
46198,1,229.0,74.0,3.7,2017-04-06 17:42:55,2017-04-06 18:00:11,1.0,15.8,17,17,Thursday
554927,2,162.0,107.0,1.26,2017-04-04 17:14:12,2017-04-04 17:20:48,1.0,8.3,6,17,Tuesday
141732,1,246.0,100.0,1.6,2017-04-03 17:54:16,2017-04-03 18:05:26,1.0,10.8,11,17,Monday
271155,2,161.0,138.0,10.55,2017-04-03 17:27:06,2017-04-03 18:22:25,1.0,47.3,55,17,Monday
970388,1,142.0,166.0,2.6,2017-04-06 17:10:25,2017-04-06 17:26:25,1.0,14.8,16,17,Thursday
646842,2,161.0,13.0,6.65,2017-04-05 17:32:05,2017-04-05 17:58:52,1.0,26.3,26,17,Wednesday
519461,1,166.0,246.0,4.4,2017-04-04 17:40:56,2017-04-04 17:57:27,1.0,19.8,16,17,Tuesday
663213,2,166.0,166.0,0.68,2017-04-05 17:38:51,2017-04-05 17:43:08,1.0,6.8,4,17,Wednesday
757427,2,100.0,107.0,1.1,2017-04-06 17:34:44,2017-04-06 17:47:19,1.0,11.8,12,17,Thursday
277529,1,237.0,236.0,1.7,2017-04-03 17:32:11,2017-04-03 17:40:05,1.0,9.8,7,17,Monday
79618,2,231.0,13.0,0.88,2017-04-03 17:17:21,2017-04-03 17:24:43,1.0,12.3,7,17,Monday
407528,2,230.0,239.0,1.79,2017-04-05 17:04:35,2017-04-05 17:19:03,1.0,15.38,14,17,Wednesday
1009979,2,125.0,125.0,0.34,2017-04-05 17:56:19,2017-04-05 17:58:54,1.0,6.36,2,17,Wednesday
869050,1,163.0,237.0,0.7,2017-04-03 17:51:48,2017-04-03 17:55:15,1.0,7.3,3,17,Monday
120058,1,163.0,237.0,0.9,2017-04-03 17:13:27,2017-04-03 17:21:48,1.0,8.8,8,17,Monday
452755,2,143.0,48.0,1.18,2017-04-06 17:51:15,2017-04-06 18:00:22,1.0,10.3,9,17,Thursday
417331,1,163.0,262.0,2.5,2017-04-05 17:20:21,2017-04-05 17:36:13,1.0,13.8,15,17,Wednesday
961150,1,236.0,237.0,1.1,2017-04-05 17:00:30,2017-04-05 17:06:47,1.0,8.3,6,17,Wednesday
885650,1,233.0,186.0,1.7,2017-04-04 17:41:18,2017-04-04 17:59:57,1.0,17.15,18,17,Tuesday
969927,2,141.0,226.0,3.17,2017-04-04 17:44:58,2017-04-04 17:56:01,1.0,15.87,11,17,Tuesday
939327,2,186.0,141.0,3.01,2017-04-05 17:53:03,2017-04-05 18:18:02,1.0,21.96,24,17,Wednesday
142401,2,238.0,166.0,1.23,2017-04-04 17:44:46,2017-04-04 17:51:40,1.0,9.96,6,17,Tuesday
549942,2,264.0,264.0,0.92,2017-04-06 17:03:03,2017-04-06 17:08:53,1.0,9.8,5,17,Thursday
909246,2,161.0,168.0,5.11,2017-04-06 17:26:21,2017-04-06 18:04:40,1.0,26.3,38,17,Thursday
951170,2,43.0,140.0,1.3,2017-04-04 17:44:57,2017-04-04 17:56:08,1.0,12.96,11,17,Tuesday
949197,2,114.0,249.0,0.47,2017-04-06 17:44:13,2017-04-06 17:48:12,1.0,7.56,3,17,Thursday
93382,2,170.0,262.0,2.61,2017-04-03 17:02:45,2017-04-03 17:14:13,1.0,12.5,11,17,Monday
816045,2,229.0,230.0,1.68,2017-04-06 17:56:12,2017-04-06 18:15:04,1.0,22.11,18,17,Thursday
484843,1,113.0,238.0,6.2,2017-04-06 17:47:36,2017-04-06 18:28:01,1.0,35.76,40,17,Thursday
962502,1,25.0,52.0,0.2,2017-04-03 17:38:55,2017-04-03 17:40:51,1.0,5.3,1,17,Monday
297574,2,238.0,237.0,1.45,2017-04-03 17:10:27,2017-04-03 17:22:28,1.0,13.56,12,17,Monday
598633,2,262.0,224.0,4.18,2017-04-06 17:57:29,2017-04-06 18:11:37,1.0,19.8,14,17,Thursday
53906,1,264.0,264.0,1.1,2017-04-04 17:18:33,2017-04-04 17:27:37,1.0,10.8,9,17,Tuesday
783444,2,163.0,170.0,1.37,2017-04-04 17:13:22,2017-04-04 17:26:08,1.0,14.12,12,17,Tuesday
711087,2,141.0,237.0,0.96,2017-04-04 17:45:18,2017-04-04 17:49:12,1.0,9.12,3,17,Tuesday
366724,1,234.0,186.0,1.0,2017-04-06 17:03:50,2017-04-06 17:22:41,1.0,17.25,18,17,Thursday
562428,1,143.0,239.0,1.0,2017-04-06 17:52:28,2017-04-06 18:01:11,1.0,10.55,8,17,Thursday
615016,1,107.0,170.0,0.7,2017-04-04 17:58:12,2017-04-04 18:04:10,1.0,7.8,5,17,Tuesday
395411,1,107.0,263.0,3.8,2017-04-06 17:50:24,2017-04-06 18:23:43,1.0,23.3,33,17,Thursday
743263,2,162.0,162.0,0.58,2017-04-04 17:38:42,2017-04-04 17:47:27,1.0,10.79,8,17,Tuesday
1042033,2,230.0,151.0,2.98,2017-04-05 17:49:47,2017-04-05 18:08:59,1.0,18.3,19,17,Wednesday
407365,1,113.0,238.0,5.0,2017-04-06 17:39:05,2017-04-06 18:18:18,1.0,32.15,39,17,Thursday
425853,1,43.0,230.0,2.0,2017-04-04 17:03:50,2017-04-04 17:23:27,1.0,15.3,19,17,Tuesday
166108,2,249.0,114.0,0.44,2017-04-04 17:41:42,2017-04-04 17:47:36,1.0,7.3,5,17,Tuesday
328843,1,170.0,263.0,3.1,2017-04-03 18:39:24,2017-04-03 18:54:57,1.0,17.75,15,18,Monday
137114,2,137.0,162.0,1.88,2017-04-04 18:02:55,2017-04-04 18:13:10,1.0,10.8,10,18,Tuesday
709948,2,132.0,225.0,10.1,2017-04-30 18:51:18,2017-04-30 19:25:09,0.0,33.8,33,18,Sunday
178709,1,163.0,238.0,2.4,2017-04-06 18:18:18,2017-04-06 18:32:59,1.0,13.3,14,18,Thursday
645813,1,237.0,140.0,1.4,2017-04-03 18:15:10,2017-04-03 18:22:23,1.0,8.8,7,18,Monday
749781,2,140.0,237.0,1.37,2017-04-05 18:32:13,2017-04-05 18:46:36,1.0,11.8,14,18,Wednesday
721946,2,186.0,13.0,3.53,2017-04-05 18:35:58,2017-04-05 18:52:01,1.0,16.3,16,18,Wednesday
375765,2,246.0,211.0,2.2,2017-04-04 18:42:23,2017-04-04 18:56:10,1.0,15.99,13,18,Tuesday
597256,2,34.0,65.0,1.13,2017-04-04 18:21:15,2017-04-04 18:28:17,1.0,8.3,7,18,Tuesday
215493,2,186.0,68.0,0.83,2017-04-04 18:49:29,2017-04-04 18:54:50,1.0,8.76,5,18,Tuesday
86475,2,68.0,244.0,7.87,2017-04-03 18:29:32,2017-04-03 18:58:24,1.0,29.3,28,18,Monday
157604,2,148.0,158.0,1.94,2017-04-30 18:45:42,2017-04-30 19:00:59,0.0,14.76,15,18,Sunday
840913,1,229.0,262.0,2.0,2017-04-04 18:13:46,2017-04-04 18:23:08,1.0,10.3,9,18,Tuesday
1026441,2,161.0,234.0,1.77,2017-04-04 18:20:12,2017-04-04 18:35:46,1.0,12.8,15,18,Tuesday
231320,2,164.0,48.0,1.86,2017-04-05 18:41:07,2017-04-05 19:13:21,1.0,24.96,32,18,Wednesday
990076,2,234.0,162.0,1.01,2017-04-03 18:08:17,2017-04-03 18:15:43,1.0,10.56,7,18,Monday
117014,1,141.0,263.0,0.4,2017-04-05 18:23:13,2017-04-05 18:26:16,1.0,6.8,3,18,Wednesday
454485,1,237.0,162.0,0.8,2017-04-06 18:00:51,2017-04-06 18:07:22,1.0,7.8,6,18,Thursday
103151,1,144.0,90.0,1.7,2017-04-30 18:53:05,2017-04-30 19:05:50,0.0,10.3,12,18,Sunday
739842,2,170.0,142.0,1.99,2017-04-05 18:34:12,2017-04-05 18:54:06,1.0,18.5,19,18,Wednesday
13806,1,233.0,262.0,2.6,2017-04-05 18:09:41,2017-04-05 18:25:26,1.0,17.75,15,18,Wednesday
306201,2,163.0,141.0,1.51,2017-04-06 18:53:29,2017-04-06 19:01:34,1.0,11.16,8,18,Thursday
35506,1,162.0,68.0,2.6,2017-04-03 18:21:10,2017-04-03 18:45:22,1.0,21.95,24,18,Monday
26943,1,186.0,100.0,0.4,2017-04-06 18:10:39,2017-04-06 18:19:30,1.0,11.0,8,18,Thursday
676028,1,264.0,264.0,2.4,2017-04-04 18:12:35,2017-04-04 18:25:46,1.0,14.8,13,18,Tuesday
915841,2,229.0,170.0,1.55,2017-04-05 18:28:28,2017-04-05 18:37:32,1.0,11.55,9,18,Wednesday
641986,2,48.0,211.0,2.66,2017-04-03 18:22:09,2017-04-03 18:36:44,1.0,13.8,14,18,Monday
516961,2,166.0,166.0,0.36,2017-04-06 18:05:53,2017-04-06 18:07:19,1.0,6.36,1,18,Thursday
226148,1,87.0,233.0,5.0,2017-04-04 18:59:18,2017-04-04 19:14:11,1.0,18.8,14,18,Tuesday
259655,1,257.0,189.0,2.4,2017-04-06 18:03:22,2017-04-06 18:16:21,1.0,13.3,12,18,Thursday
977189,2,140.0,162.0,2.18,2017-04-05 18:18:18,2017-04-05 18:27:24,1.0,14.04,9,18,Wednesday
470262,2,162.0,234.0,2.03,2017-04-04 18:00:02,2017-04-04 18:18:46,1.0,14.8,18,18,Tuesday
369485,2,162.0,100.0,1.12,2017-04-03 18:32:43,2017-04-03 18:47:29,1.0,14.16,14,18,Monday
791393,2,90.0,144.0,1.98,2017-04-04 18:57:33,2017-04-04 19:17:16,1.0,17.76,19,18,Tuesday
525982,2,186.0,233.0,1.28,2017-04-30 18:50:03,2017-04-30 18:57:37,0.0,7.8,7,18,Sunday
275456,1,48.0,234.0,2.4,2017-04-03 18:44:31,2017-04-03 18:57:26,1.0,14.3,12,18,Monday
939822,1,230.0,161.0,0.7,2017-04-03 18:49:25,2017-04-03 18:53:54,1.0,8.15,4,18,Monday
764634,2,140.0,229.0,0.85,2017-04-06 18:53:09,2017-04-06 18:59:12,1.0,8.8,6,18,Thursday
997780,2,162.0,229.0,0.51,2017-04-04 18:08:51,2017-04-04 18:14:07,1.0,6.8,5,18,Tuesday
99167,2,138.0,230.0,11.39,2017-04-04 18:29:25,2017-04-04 19:00:18,1.0,53.2,30,18,Tuesday
948854,1,113.0,161.0,2.4,2017-04-03 18:12:14,2017-04-03 18:27:33,1.0,15.95,15,18,Monday
866893,1,179.0,7.0,0.5,2017-04-04 18:36:38,2017-04-04 18:41:27,1.0,8.8,4,18,Tuesday
265133,2,166.0,42.0,1.76,2017-04-03 18:55:56,2017-04-03 19:04:38,1.0,10.3,8,18,Monday
209440,1,79.0,237.0,3.1,2017-04-03 18:52:38,2017-04-03 19:16:13,1.0,18.8,23,18,Monday
49539,2,90.0,246.0,0.99,2017-04-06 18:51:22,2017-04-06 19:00:51,1.0,10.7,9,18,Thursday
587590,1,68.0,48.0,1.2,2017-04-05 18:04:38,2017-04-05 18:14:21,1.0,9.8,9,18,Wednesday
309598,2,113.0,230.0,1.92,2017-04-05 18:43:40,2017-04-05 19:00:34,1.0,16.62,16,18,Wednesday
1032371,2,113.0,113.0,0.8,2017-04-06 18:37:35,2017-04-06 18:47:11,1.0,11.62,9,18,Thursday
352669,2,151.0,151.0,0.49,2017-04-04 18:21:12,2017-04-04 18:23:35,1.0,6.55,2,18,Tuesday
1026292,1,162.0,237.0,0.3,2017-04-05 18:57:54,2017-04-05 19:04:06,1.0,7.3,6,18,Wednesday
34282,1,100.0,186.0,0.2,2017-04-06 18:23:33,2017-04-06 18:25:16,1.0,5.3,1,18,Thursday
777377,2,231.0,239.0,5.32,2017-04-05 18:01:12,2017-04-05 18:37:01,1.0,27.3,35,18,Wednesday
27766,2,170.0,68.0,1.72,2017-04-04 18:28:01,2017-04-04 18:40:47,1.0,14.16,12,18,Tuesday
296071,2,237.0,162.0,1.21,2017-04-30 18:39:30,2017-04-30 18:46:54,0.0,9.36,7,18,Sunday
730148,2,238.0,238.0,0.68,2017-04-04 18:10:22,2017-04-04 18:15:58,1.0,8.18,5,18,Tuesday
553144,1,246.0,230.0,1.6,2017-04-06 18:43:08,2017-04-06 18:56:59,1.0,14.15,13,18,Thursday
197669,2,162.0,142.0,1.68,2017-04-03 18:25:41,2017-04-03 18:43:42,1.0,14.3,18,18,Monday
226649,1,137.0,170.0,0.5,2017-04-04 18:20:48,2017-04-04 18:23:46,1.0,6.3,2,18,Tuesday
914954,1,233.0,100.0,1.0,2017-04-05 18:55:45,2017-04-05 19:10:41,1.0,14.75,14,18,Wednesday
328860,1,141.0,262.0,0.8,2017-04-05 18:13:25,2017-04-05 18:17:44,1.0,6.8,4,18,Wednesday
807026,2,100.0,163.0,0.96,2017-04-04 18:20:44,2017-04-04 18:27:28,1.0,8.3,6,18,Tuesday
449438,2,161.0,132.0,17.69,2017-04-30 18:42:33,2017-04-30 19:40:52,0.0,58.56,58,18,Sunday
770502,2,234.0,144.0,1.66,2017-04-06 18:23:26,2017-04-06 18:41:00,1.0,15.3,17,18,Thursday
988937,1,264.0,264.0,0.4,2017-04-04 18:04:46,2017-04-04 18:09:34,1.0,6.3,4,18,Tuesday
771319,2,161.0,239.0,2.43,2017-04-06 18:29:57,2017-04-06 18:45:48,1.0,17.25,15,18,Thursday
338604,2,170.0,186.0,0.96,2017-04-05 18:53:19,2017-04-05 19:04:45,1.0,10.3,11,18,Wednesday
909622,2,142.0,244.0,6.53,2017-04-30 18:29:44,2017-04-30 18:44:30,0.0,25.56,14,18,Sunday
344739,1,229.0,170.0,1.5,2017-04-06 18:17:33,2017-04-06 18:28:13,1.0,10.3,10,18,Thursday
924426,1,162.0,170.0,1.2,2017-04-03 18:41:18,2017-04-03 18:46:23,1.0,9.35,5,18,Monday
240944,1,163.0,43.0,0.7,2017-04-03 18:16:54,2017-04-03 18:22:45,1.0,7.8,5,18,Monday
1014697,2,125.0,231.0,0.99,2017-04-30 18:22:38,2017-04-30 18:27:23,0.0,7.56,4,18,Sunday
832165,2,163.0,186.0,2.26,2017-04-04 18:44:53,2017-04-04 19:03:29,1.0,17.76,18,18,Tuesday
973364,1,238.0,75.0,1.3,2017-04-04 18:24:52,2017-04-04 18:33:08,1.0,9.8,8,18,Tuesday
71357,1,79.0,138.0,17.1,2017-04-06 18:20:51,2017-04-06 19:29:35,4.5,68.75,68,18,Thursday
657234,2,137.0,233.0,0.95,2017-04-30 18:43:53,2017-04-30 18:48:30,0.0,7.56,4,18,Sunday
3222,2,179.0,60.0,6.93,2017-04-05 18:04:47,2017-04-05 18:36:11,1.0,33.56,31,18,Wednesday
873659,1,237.0,163.0,1.1,2017-04-03 18:18:27,2017-04-03 18:27:28,1.0,11.3,9,18,Monday
329532,2,162.0,143.0,2.5,2017-04-04 18:52:14,2017-04-04 19:15:54,1.0,21.36,23,18,Tuesday
317921,1,170.0,170.0,0.6,2017-04-06 18:31:21,2017-04-06 18:34:43,1.0,7.55,3,18,Thursday
973232,2,113.0,231.0,1.28,2017-04-04 18:06:07,2017-04-04 18:14:50,1.0,11.62,8,18,Tuesday
530994,2,100.0,100.0,4.18,2017-04-05 18:05:37,2017-04-05 18:31:52,1.0,19.8,26,18,Wednesday
70519,2,233.0,229.0,0.9,2017-04-06 18:44:54,2017-04-06 18:53:10,1.0,8.8,8,18,Thursday
922708,2,249.0,249.0,0.71,2017-04-30 18:43:00,2017-04-30 18:50:19,0.0,8.16,7,18,Sunday
530335,2,229.0,163.0,0.64,2017-04-03 18:13:50,2017-04-03 18:18:31,1.0,7.82,4,18,Monday
470980,2,142.0,237.0,1.21,2017-04-05 18:51:53,2017-04-05 19:03:50,1.0,10.8,11,18,Wednesday
812255,2,142.0,48.0,1.21,2017-04-30 18:51:57,2017-04-30 18:58:16,0.0,8.76,6,18,Sunday
599350,2,164.0,79.0,1.9,2017-04-03 18:34:39,2017-04-03 18:46:37,1.0,13.56,11,18,Monday
548291,2,48.0,48.0,0.69,2017-04-30 18:47:32,2017-04-30 18:50:35,0.0,5.3,3,18,Sunday
85844,1,186.0,238.0,4.2,2017-04-30 18:45:37,2017-04-30 18:59:57,0.0,19.75,14,18,Sunday
914655,1,186.0,145.0,3.5,2017-04-04 18:58:00,2017-04-04 19:18:29,1.0,21.35,20,18,Tuesday
1034878,2,107.0,97.0,5.22,2017-04-04 18:48:12,2017-04-04 19:27:32,1.0,33.96,39,18,Tuesday
932347,1,230.0,186.0,1.0,2017-04-05 18:08:04,2017-04-05 18:18:55,1.0,11.8,10,18,Wednesday
801327,2,231.0,148.0,1.46,2017-04-04 18:41:49,2017-04-04 18:54:34,1.0,14.38,12,18,Tuesday
917918,2,264.0,264.0,1.56,2017-04-03 18:34:23,2017-04-03 18:42:18,1.0,10.3,7,18,Monday
936606,2,164.0,116.0,7.31,2017-04-03 18:14:32,2017-04-03 18:46:48,1.0,33.36,32,18,Monday
951749,2,262.0,113.0,4.48,2017-04-05 18:26:10,2017-04-05 18:48:06,1.0,24.96,21,18,Wednesday
575503,2,107.0,113.0,0.69,2017-04-05 18:21:19,2017-04-05 18:25:38,1.0,8.16,4,18,Wednesday
944943,1,231.0,231.0,0.7,2017-04-04 18:04:23,2017-04-04 18:08:12,1.0,7.55,3,18,Tuesday
247732,1,186.0,143.0,2.5,2017-04-04 18:31:01,2017-04-04 18:42:40,1.0,14.75,11,18,Tuesday
539406,2,48.0,170.0,1.75,2017-04-05 18:23:37,2017-04-05 18:44:20,1.0,17.3,20,18,Wednesday
255327,1,264.0,229.0,2.2,2017-04-04 18:32:27,2017-04-04 18:50:38,1.0,19.2,18,18,Tuesday
273249,1,237.0,142.0,1.2,2017-04-06 18:58:12,2017-04-06 19:02:51,1.0,7.8,4,18,Thursday
493378,2,140.0,229.0,1.11,2017-04-30 18:45:31,2017-04-30 18:51:35,0.0,9.0,6,18,Sunday
92427,2,142.0,239.0,0.97,2017-04-05 18:33:35,2017-04-05 18:39:05,1.0,7.8,5,18,Wednesday
460297,2,148.0,33.0,3.12,2017-04-30 18:47:24,2017-04-30 19:06:23,0.0,16.8,18,18,Sunday
434989,2,161.0,100.0,0.9,2017-04-05 18:50:56,2017-04-05 19:06:18,1.0,11.8,15,18,Wednesday
68913,2,237.0,263.0,1.14,2017-04-06 18:33:08,2017-04-06 18:37:36,1.0,8.3,4,18,Thursday
842918,1,263.0,229.0,1.6,2017-04-04 18:19:25,2017-04-04 18:28:09,1.0,9.8,8,18,Tuesday
835646,2,239.0,143.0,0.87,2017-04-30 18:47:36,2017-04-30 18:51:59,0.0,6.3,4,18,Sunday
627019,2,162.0,48.0,1.29,2017-04-03 18:56:30,2017-04-03 19:08:17,1.0,11.8,11,18,Monday
538128,2,230.0,231.0,4.9,2017-04-06 18:19:36,2017-04-06 18:59:33,1.0,31.8,39,18,Thursday
472639,1,234.0,100.0,0.5,2017-04-04 18:20:50,2017-04-04 18:24:54,1.0,7.3,4,18,Tuesday
19579,2,230.0,100.0,0.5,2017-04-04 18:43:42,2017-04-04 18:47:53,1.0,6.3,4,18,Tuesday
738628,2,229.0,232.0,3.54,2017-04-03 18:56:43,2017-04-03 19:09:20,1.0,14.8,12,18,Monday
601516,2,140.0,162.0,1.47,2017-04-06 18:27:42,2017-04-06 18:44:55,1.0,16.56,17,18,Thursday
580299,1,230.0,144.0,3.5,2017-04-30 18:53:57,2017-04-30 19:18:36,0.0,21.3,24,18,Sunday
513082,1,262.0,236.0,0.7,2017-04-06 18:03:17,2017-04-06 18:07:46,1.0,6.8,4,18,Thursday
42056,2,202.0,193.0,0.81,2017-04-30 18:50:46,2017-04-30 18:54:14,0.0,5.3,3,18,Sunday
711534,2,186.0,224.0,1.95,2017-04-30 18:34:01,2017-04-30 18:49:40,0.0,11.8,15,18,Sunday
987791,2,138.0,161.0,10.66,2017-04-06 18:25:07,2017-04-06 19:08:03,1.0,51.07,42,18,Thursday
185950,1,141.0,141.0,0.7,2017-04-04 18:52:26,2017-04-04 18:57:34,1.0,7.8,5,18,Tuesday
412765,1,107.0,68.0,1.5,2017-04-03 18:43:45,2017-04-03 18:54:00,1.0,12.95,10,18,Monday
1013600,1,239.0,151.0,1.5,2017-04-03 18:42:14,2017-04-03 18:51:41,1.0,9.8,9,18,Monday
575353,1,137.0,249.0,2.1,2017-04-05 18:55:48,2017-04-05 19:13:28,1.0,17.15,17,18,Wednesday
832569,2,50.0,48.0,0.89,2017-04-06 18:01:32,2017-04-06 18:05:44,1.0,7.3,4,18,Thursday
1000281,2,163.0,239.0,1.59,2017-04-06 18:03:16,2017-04-06 18:10:21,1.0,11.62,7,18,Thursday
705595,1,113.0,236.0,3.6,2017-04-03 18:22:45,2017-04-03 18:46:39,1.0,21.0,23,18,Monday
703387,1,164.0,100.0,0.6,2017-04-04 18:30:18,2017-04-04 18:34:50,1.0,6.8,4,18,Tuesday
156152,1,229.0,233.0,0.9,2017-04-05 18:46:14,2017-04-05 18:51:28,1.0,9.1,5,18,Wednesday
98675,1,107.0,236.0,3.3,2017-04-03 18:18:26,2017-04-03 18:38:35,1.0,20.15,20,18,Monday
335388,1,166.0,33.0,9.6,2017-04-06 18:09:42,2017-04-06 19:09:41,1.0,46.1,59,18,Thursday
790093,1,142.0,162.0,1.5,2017-04-04 18:38:51,2017-04-04 18:49:50,1.0,12.85,10,18,Tuesday
318748,2,163.0,141.0,1.19,2017-04-03 18:04:24,2017-04-03 18:10:35,1.0,9.96,6,18,Monday
125837,2,68.0,158.0,0.75,2017-04-04 18:42:34,2017-04-04 18:48:39,1.0,9.36,6,18,Tuesday
973982,2,100.0,163.0,0.94,2017-04-04 18:56:46,2017-04-04 19:04:55,1.0,9.8,8,18,Tuesday
99863,1,142.0,230.0,0.4,2017-04-06 18:21:30,2017-04-06 18:30:01,1.0,8.3,8,18,Thursday
1029758,1,140.0,236.0,0.8,2017-04-06 18:00:31,2017-04-06 18:05:37,1.0,9.0,5,18,Thursday
96779,2,163.0,48.0,1.39,2017-04-06 18:43:14,2017-04-06 19:02:21,1.0,17.16,19,18,Thursday
168357,1,87.0,148.0,1.4,2017-04-04 18:05:02,2017-04-04 18:16:00,1.0,12.35,10,18,Tuesday
518234,2,161.0,100.0,0.92,2017-04-03 18:22:00,2017-04-03 18:35:38,1.0,14.0,13,18,Monday
755384,2,164.0,141.0,1.87,2017-04-05 18:02:41,2017-04-05 18:14:30,1.0,11.3,11,18,Wednesday
925917,1,238.0,42.0,2.6,2017-04-06 18:48:46,2017-04-06 19:04:01,1.0,15.0,15,18,Thursday
873238,1,161.0,48.0,1.0,2017-04-04 18:40:14,2017-04-04 18:49:12,1.0,8.8,8,18,Tuesday
67277,1,112.0,112.0,0.0,2017-04-06 18:00:05,2017-04-06 18:00:41,0.0,0.3,0,18,Thursday
287953,2,164.0,230.0,0.85,2017-04-05 18:21:24,2017-04-05 18:28:32,1.0,7.8,7,18,Wednesday
495200,2,249.0,211.0,1.07,2017-04-30 18:43:41,2017-04-30 18:51:27,0.0,8.97,7,18,Sunday
945084,1,237.0,161.0,1.3,2017-04-05 18:36:30,2017-04-05 18:49:50,1.0,13.3,13,18,Wednesday
96588,2,144.0,211.0,0.5,2017-04-03 18:30:08,2017-04-03 18:35:04,1.0,8.16,4,18,Monday
965095,2,164.0,50.0,1.95,2017-04-03 18:45:23,2017-04-03 18:58:50,1.0,14.75,13,18,Monday
217868,2,161.0,148.0,3.37,2017-04-04 18:06:31,2017-04-04 18:38:40,1.0,25.8,32,18,Tuesday
614653,1,144.0,107.0,0.8,2017-04-05 18:40:11,2017-04-05 18:45:29,1.0,8.41,5,18,Wednesday
510916,1,164.0,90.0,0.8,2017-04-06 18:55:39,2017-04-06 19:02:49,1.0,9.75,7,18,Thursday
941843,1,170.0,161.0,1.3,2017-04-04 18:41:32,2017-04-04 18:50:29,1.0,10.3,8,18,Tuesday
125263,1,161.0,68.0,2.2,2017-04-04 18:04:02,2017-04-04 18:26:14,1.0,20.15,22,18,Tuesday
887697,1,43.0,66.0,10.2,2017-04-04 18:55:50,2017-04-04 19:23:28,1.0,39.06,27,18,Tuesday
406082,2,141.0,137.0,1.81,2017-04-30 18:37:24,2017-04-30 18:50:12,0.0,12.96,12,18,Sunday
550071,2,170.0,140.0,2.37,2017-04-30 18:30:16,2017-04-30 18:43:46,0.0,14.76,13,18,Sunday
599057,2,161.0,68.0,2.41,2017-04-05 18:05:15,2017-04-05 18:28:33,1.0,20.76,23,18,Wednesday
413638,1,236.0,236.0,1.1,2017-04-30 18:58:17,2017-04-30 19:03:39,0.0,7.82,5,18,Sunday
443267,1,166.0,43.0,2.0,2017-04-06 18:05:43,2017-04-06 18:18:58,1.0,14.8,13,18,Thursday
1019132,1,262.0,246.0,4.4,2017-04-03 18:50:40,2017-04-03 19:12:46,1.0,25.35,22,18,Monday
155503,2,148.0,231.0,1.39,2017-04-04 18:32:31,2017-04-04 18:40:50,1.0,9.3,8,18,Tuesday
898563,2,163.0,161.0,0.48,2017-04-03 18:49:42,2017-04-03 18:53:28,1.0,7.56,3,18,Monday
116774,1,161.0,107.0,1.5,2017-04-06 18:14:34,2017-04-06 18:29:28,1.0,13.8,14,18,Thursday
1035686,2,263.0,75.0,0.94,2017-04-30 18:41:50,2017-04-30 18:45:09,0.0,5.8,3,18,Sunday
345713,1,113.0,79.0,0.5,2017-04-03 18:19:29,2017-04-03 18:24:46,1.0,8.15,5,18,Monday
542329,1,144.0,79.0,1.8,2017-04-04 18:49:00,2017-04-04 19:00:37,1.0,13.55,11,18,Tuesday
631883,2,162.0,224.0,1.75,2017-04-03 18:41:32,2017-04-03 18:50:16,1.0,10.3,8,18,Monday
215041,2,233.0,263.0,2.4,2017-04-03 18:44:11,2017-04-03 18:54:23,1.0,11.8,10,18,Monday
733533,2,164.0,7.0,4.44,2017-04-03 18:31:33,2017-04-03 18:53:13,1.0,23.76,21,18,Monday
292260,1,237.0,262.0,1.7,2017-04-05 18:00:17,2017-04-05 18:08:54,1.0,11.75,8,18,Wednesday
11123,1,45.0,232.0,1.3,2017-04-03 18:21:00,2017-04-03 18:31:46,1.0,12.85,10,18,Monday
499560,2,107.0,79.0,1.57,2017-04-06 18:40:58,2017-04-06 18:54:12,1.0,14.16,13,18,Thursday
634267,2,238.0,161.0,2.97,2017-04-06 18:13:48,2017-04-06 18:44:17,1.0,20.8,30,18,Thursday
761009,2,230.0,68.0,1.8,2017-04-03 18:35:55,2017-04-03 18:43:37,1.0,11.76,7,18,Monday
110499,2,238.0,236.0,1.48,2017-04-06 18:17:50,2017-04-06 18:28:13,1.0,11.8,10,18,Thursday
1014365,1,263.0,75.0,1.3,2017-04-03 18:33:00,2017-04-03 18:42:20,1.0,11.3,9,18,Monday
782454,2,132.0,68.0,17.49,2017-04-03 18:48:16,2017-04-03 19:37:35,4.5,63.06,49,18,Monday
293743,2,68.0,48.0,1.3,2017-04-04 18:56:07,2017-04-04 19:01:20,1.0,9.36,5,18,Tuesday
999571,2,230.0,100.0,0.43,2017-04-06 18:13:50,2017-04-06 18:23:39,1.0,10.56,9,18,Thursday
306627,1,234.0,50.0,2.2,2017-04-04 18:37:11,2017-04-04 18:53:27,1.0,14.3,16,18,Tuesday
412188,2,138.0,265.0,18.58,2017-04-30 18:57:57,2017-04-30 19:28:25,0.0,54.8,30,18,Sunday
691302,1,229.0,163.0,0.8,2017-04-30 18:38:14,2017-04-30 18:45:08,0.0,6.8,6,18,Sunday
638000,1,236.0,262.0,0.5,2017-04-03 18:22:40,2017-04-03 18:26:22,1.0,7.55,3,18,Monday
3682,1,90.0,249.0,1.3,2017-04-30 18:57:13,2017-04-30 19:05:31,0.0,9.95,8,18,Sunday
1020317,2,166.0,236.0,2.41,2017-04-05 18:39:09,2017-04-05 18:49:10,1.0,12.8,10,18,Wednesday
58773,2,143.0,239.0,1.26,2017-04-05 18:50:50,2017-04-05 19:03:05,1.0,12.8,12,18,Wednesday
665506,1,230.0,142.0,1.1,2017-04-05 18:39:02,2017-04-05 18:48:25,1.0,9.3,9,18,Wednesday
366003,2,163.0,1.0,17.3,2017-04-03 18:30:36,2017-04-03 19:26:32,1.0,101.8,55,18,Monday
220161,1,246.0,238.0,3.8,2017-04-06 18:04:10,2017-04-06 18:24:31,1.0,20.75,20,18,Thursday
240248,1,186.0,170.0,1.3,2017-04-30 18:32:44,2017-04-30 18:43:29,0.0,9.3,10,18,Sunday
382558,2,231.0,45.0,2.56,2017-04-03 18:29:28,2017-04-03 18:51:07,1.0,20.16,21,18,Monday
106680,1,48.0,143.0,1.9,2017-04-04 18:48:15,2017-04-04 18:56:57,1.0,11.75,8,18,Tuesday
791407,1,237.0,237.0,0.3,2017-04-04 18:49:10,2017-04-04 18:51:35,1.0,6.35,2,18,Tuesday
153199,1,234.0,113.0,0.7,2017-04-04 18:46:38,2017-04-04 18:53:55,1.0,8.8,7,18,Tuesday
182083,2,79.0,114.0,1.16,2017-04-05 18:27:39,2017-04-05 18:37:18,1.0,12.09,9,18,Wednesday
813008,1,230.0,230.0,0.3,2017-04-06 18:20:00,2017-04-06 18:26:51,1.0,7.3,6,18,Thursday
987565,2,170.0,230.0,1.79,2017-04-06 18:47:56,2017-04-06 19:08:11,1.0,15.8,20,18,Thursday
88829,2,237.0,239.0,1.61,2017-04-30 18:42:54,2017-04-30 18:50:57,0.0,8.8,8,18,Sunday
909999,1,186.0,234.0,1.1,2017-04-03 18:25:03,2017-04-03 18:31:32,1.0,8.3,6,18,Monday
724447,2,166.0,166.0,0.22,2017-04-05 18:58:57,2017-04-05 18:59:52,1.0,5.76,0,18,Wednesday
155005,2,186.0,246.0,1.66,2017-04-05 18:04:00,2017-04-05 18:15:20,1.0,11.3,11,18,Wednesday
324959,1,236.0,163.0,1.3,2017-04-06 18:20:22,2017-04-06 18:36:10,1.0,12.8,15,18,Thursday
458716,1,229.0,236.0,2.0,2017-04-04 18:56:22,2017-04-04 19:05:47,1.0,12.0,9,18,Tuesday
806087,2,162.0,141.0,1.61,2017-04-06 18:47:39,2017-04-06 18:57:27,1.0,11.84,9,18,Thursday
246232,2,125.0,162.0,2.88,2017-04-05 18:33:31,2017-04-05 18:53:23,1.0,15.8,19,18,Wednesday
532475,1,261.0,144.0,1.9,2017-04-03 18:28:35,2017-04-03 18:45:22,1.0,14.3,16,18,Monday
334752,2,230.0,186.0,1.54,2017-04-05 18:09:40,2017-04-05 18:25:59,1.0,15.36,16,18,Wednesday
946502,1,170.0,236.0,2.7,2017-04-30 18:58:03,2017-04-30 19:08:09,0.0,13.5,10,18,Sunday
838014,1,132.0,236.0,20.3,2017-04-03 18:21:06,2017-04-03 19:05:07,4.5,63.06,44,18,Monday
400722,1,255.0,256.0,1.2,2017-04-05 18:08:33,2017-04-05 18:16:50,1.0,12.05,8,18,Wednesday
161225,2,261.0,88.0,0.79,2017-04-06 18:23:33,2017-04-06 18:31:33,1.0,8.3,8,18,Thursday
204403,1,88.0,234.0,4.7,2017-04-03 18:44:27,2017-04-03 19:00:39,1.0,23.5,16,18,Monday
730780,1,234.0,161.0,1.9,2017-04-06 18:19:30,2017-04-06 18:46:37,1.0,18.3,27,18,Thursday
277269,2,163.0,239.0,1.3,2017-04-30 18:29:13,2017-04-30 18:39:35,0.0,10.7,10,18,Sunday
440714,1,246.0,162.0,2.8,2017-04-03 18:04:50,2017-04-03 18:22:49,1.0,15.8,17,18,Monday
725814,1,170.0,162.0,1.1,2017-04-03 18:00:21,2017-04-03 18:06:57,1.0,9.95,6,18,Monday
641471,2,100.0,261.0,4.61,2017-04-30 18:49:25,2017-04-30 19:18:06,0.0,21.8,28,18,Sunday
263505,2,236.0,75.0,0.47,2017-04-03 18:39:25,2017-04-03 18:42:15,1.0,6.8,2,18,Monday
664240,1,107.0,229.0,1.8,2017-04-30 18:51:42,2017-04-30 19:04:40,0.0,14.65,12,18,Sunday
907004,2,162.0,113.0,2.37,2017-04-30 18:41:19,2017-04-30 18:52:12,0.0,12.3,10,18,Sunday
226334,2,164.0,239.0,3.14,2017-04-06 18:47:27,2017-04-06 19:09:32,1.0,20.76,22,18,Thursday
49424,2,158.0,234.0,1.57,2017-04-05 18:32:41,2017-04-05 18:41:27,1.0,11.76,8,18,Wednesday
154249,1,239.0,237.0,2.0,2017-04-03 18:10:12,2017-04-03 18:21:12,1.0,10.8,11,18,Monday
117891,2,90.0,113.0,1.03,2017-04-05 18:12:29,2017-04-05 18:18:27,1.0,7.8,5,18,Wednesday
861909,2,233.0,161.0,0.43,2017-04-06 18:40:25,2017-04-06 18:48:26,1.0,8.3,8,18,Thursday
899601,1,142.0,162.0,2.0,2017-04-04 18:22:14,2017-04-04 18:38:41,1.0,15.95,16,18,Tuesday
643326,1,163.0,239.0,1.7,2017-04-03 18:29:56,2017-04-03 18:43:40,1.0,12.3,13,18,Monday
367589,2,236.0,141.0,1.08,2017-04-05 18:49:06,2017-04-05 18:55:30,1.0,8.8,6,18,Wednesday
509881,2,238.0,237.0,1.94,2017-04-03 18:12:39,2017-04-03 18:24:02,1.0,13.3,11,18,Monday
857561,2,161.0,162.0,0.58,2017-04-04 18:32:58,2017-04-04 18:38:17,1.0,8.76,5,18,Tuesday
575193,1,163.0,43.0,2.0,2017-04-03 18:34:23,2017-04-03 18:48:28,1.0,14.0,14,18,Monday
182461,1,186.0,246.0,1.4,2017-04-05 18:38:43,2017-04-05 18:51:16,1.0,13.55,12,18,Wednesday
951138,2,186.0,170.0,0.76,2017-04-30 18:54:27,2017-04-30 19:01:45,0.0,8.16,7,18,Sunday
666634,1,90.0,238.0,4.8,2017-04-30 18:37:02,2017-04-30 19:03:50,0.0,26.76,26,18,Sunday
106902,2,162.0,161.0,0.14,2017-04-03 18:58:36,2017-04-03 18:59:47,1.0,5.8,1,18,Monday
920365,1,239.0,143.0,0.6,2017-04-05 18:20:50,2017-04-05 18:24:46,1.0,7.55,3,18,Wednesday
162856,2,233.0,161.0,0.76,2017-04-06 18:41:10,2017-04-06 18:50:20,1.0,10.56,9,18,Thursday
347653,2,233.0,238.0,3.58,2017-04-03 18:02:10,2017-04-03 18:24:27,1.0,21.96,22,18,Monday
373257,2,186.0,234.0,1.77,2017-04-30 18:46:36,2017-04-30 18:54:44,0.0,10.56,8,18,Sunday
255787,1,161.0,234.0,1.0,2017-04-06 18:30:34,2017-04-06 18:38:46,1.0,10.0,8,18,Thursday
739317,2,233.0,140.0,1.95,2017-04-05 18:38:11,2017-04-05 18:55:30,1.0,15.8,17,18,Wednesday
315486,2,43.0,237.0,0.54,2017-04-03 18:21:24,2017-04-03 18:26:31,1.0,8.16,5,18,Monday
394416,1,249.0,13.0,1.8,2017-04-03 18:39:24,2017-04-03 18:51:11,1.0,13.8,11,18,Monday
895223,2,230.0,236.0,1.8,2017-04-06 18:47:50,2017-04-06 19:01:35,1.0,12.3,13,18,Thursday
388014,2,140.0,116.0,6.45,2017-04-04 18:14:01,2017-04-04 18:38:28,1.0,24.3,24,18,Tuesday
905921,2,107.0,158.0,1.92,2017-04-06 18:46:23,2017-04-06 19:01:16,1.0,15.36,14,18,Thursday
468508,2,186.0,246.0,1.15,2017-04-06 18:06:45,2017-04-06 18:25:07,1.0,14.8,18,18,Thursday
224699,2,164.0,229.0,1.77,2017-04-05 18:18:56,2017-04-05 18:33:13,1.0,13.3,14,18,Wednesday
29463,2,161.0,107.0,2.11,2017-04-06 18:54:35,2017-04-06 19:13:39,1.0,14.8,19,18,Thursday
442521,2,261.0,186.0,3.23,2017-04-30 18:33:12,2017-04-30 18:46:49,0.0,13.3,13,18,Sunday
284671,1,246.0,114.0,2.5,2017-04-06 18:14:42,2017-04-06 18:35:19,1.0,16.3,20,18,Thursday
172344,1,140.0,106.0,9.3,2017-04-05 18:31:53,2017-04-05 18:59:55,1.0,36.35,28,18,Wednesday
526235,1,236.0,237.0,2.0,2017-04-05 18:41:04,2017-04-05 18:58:00,1.0,14.3,16,18,Wednesday
149384,2,137.0,41.0,4.76,2017-04-04 18:06:13,2017-04-04 18:38:17,1.0,29.76,32,18,Tuesday
330362,1,234.0,249.0,1.1,2017-04-05 18:18:08,2017-04-05 18:26:07,1.0,10.55,7,18,Wednesday
1004342,2,138.0,79.0,10.3,2017-04-30 18:51:38,2017-04-30 19:24:42,0.0,33.8,33,18,Sunday
942660,1,237.0,233.0,1.4,2017-04-05 18:33:55,2017-04-05 18:44:20,1.0,10.3,10,18,Wednesday
910425,2,114.0,68.0,1.91,2017-04-04 18:47:54,2017-04-04 18:58:51,1.0,11.3,10,18,Tuesday
899625,1,143.0,166.0,2.3,2017-04-03 18:02:45,2017-04-03 18:10:19,1.0,12.85,7,18,Monday
373817,2,246.0,231.0,2.54,2017-04-03 18:49:20,2017-04-03 19:03:23,1.0,16.56,14,18,Monday
236417,2,79.0,137.0,1.08,2017-04-03 18:07:44,2017-04-03 18:12:50,1.0,8.8,5,18,Monday
719320,1,233.0,140.0,0.8,2017-04-04 18:17:43,2017-04-04 18:21:53,1.0,6.8,4,18,Tuesday
615052,2,114.0,255.0,3.64,2017-04-03 18:46:24,2017-04-03 19:02:05,1.0,19.56,15,18,Monday
754191,1,234.0,249.0,1.0,2017-04-05 18:15:13,2017-04-05 18:22:16,1.0,9.95,7,18,Wednesday
549272,2,236.0,163.0,2.28,2017-04-05 18:56:59,2017-04-05 19:15:44,1.0,15.3,18,18,Wednesday
431868,1,141.0,236.0,1.3,2017-04-06 18:09:57,2017-04-06 18:20:25,1.0,12.3,10,18,Thursday
800230,2,239.0,263.0,1.55,2017-04-06 18:30:25,2017-04-06 18:41:04,1.0,12.96,10,18,Thursday
881698,1,50.0,90.0,2.3,2017-04-05 18:18:09,2017-04-05 18:35:38,1.0,17.15,17,18,Wednesday
319158,1,50.0,170.0,1.9,2017-04-04 18:25:33,2017-04-04 18:43:08,1.0,13.8,17,18,Tuesday
935569,2,237.0,43.0,1.1,2017-04-30 18:24:26,2017-04-30 18:32:17,0.0,8.3,7,18,Sunday
271197,2,230.0,229.0,1.15,2017-04-30 18:53:18,2017-04-30 18:59:21,0.0,8.76,6,18,Sunday
601160,1,229.0,142.0,2.2,2017-04-06 18:59:40,2017-04-06 19:23:33,1.0,22.3,23,18,Thursday
777221,2,68.0,137.0,2.15,2017-04-03 18:13:17,2017-04-03 18:25:42,1.0,12.3,12,18,Monday
634375,1,233.0,113.0,2.0,2017-04-04 18:35:18,2017-04-04 18:49:43,1.0,14.34,14,18,Tuesday
628545,2,138.0,113.0,11.33,2017-04-30 18:44:31,2017-04-30 19:31:06,0.0,48.36,46,18,Sunday
513909,2,186.0,4.0,2.53,2017-04-04 18:07:32,2017-04-04 18:27:17,1.0,16.8,19,18,Tuesday
16674,1,79.0,144.0,1.9,2017-04-03 18:27:53,2017-04-03 18:46:18,1.0,17.15,18,18,Monday
551406,1,137.0,140.0,1.9,2017-04-03 18:19:34,2017-04-03 18:27:40,1.0,12.85,8,18,Monday
1031374,2,107.0,79.0,1.81,2017-04-05 18:48:39,2017-04-05 19:06:09,1.0,17.25,17,18,Wednesday
291684,2,151.0,116.0,2.58,2017-04-05 18:20:17,2017-04-05 18:38:18,1.0,15.3,18,18,Wednesday
602385,1,161.0,13.0,4.2,2017-04-03 18:02:40,2017-04-03 18:34:31,1.0,32.2,31,18,Monday
198457,1,238.0,262.0,1.5,2017-04-04 18:17:08,2017-04-04 18:25:17,1.0,9.8,8,18,Tuesday
587825,1,161.0,170.0,1.3,2017-04-05 18:27:16,2017-04-05 18:39:25,1.0,12.95,12,18,Wednesday
567832,2,161.0,161.0,0.71,2017-04-04 18:01:36,2017-04-04 18:12:48,1.0,11.76,11,18,Tuesday
641189,2,211.0,68.0,1.39,2017-04-30 18:50:19,2017-04-30 18:56:38,0.0,9.8,6,18,Sunday
952702,2,161.0,137.0,1.71,2017-04-03 18:55:05,2017-04-03 19:07:29,1.0,13.56,12,18,Monday
345011,2,50.0,158.0,2.2,2017-04-05 18:21:31,2017-04-05 18:39:39,1.0,17.76,18,18,Wednesday
1036783,2,45.0,13.0,1.35,2017-04-30 18:27:54,2017-04-30 18:37:04,0.0,9.3,9,18,Sunday
160911,2,239.0,230.0,2.53,2017-04-06 18:12:53,2017-04-06 18:39:47,1.0,22.56,26,18,Thursday
564645,2,142.0,161.0,2.03,2017-04-06 18:28:47,2017-04-06 18:58:36,1.0,21.8,29,18,Thursday
865675,1,140.0,262.0,1.1,2017-04-05 18:10:23,2017-04-05 18:14:25,1.0,7.3,4,18,Wednesday
386240,2,100.0,158.0,1.59,2017-04-04 18:56:33,2017-04-04 19:09:12,1.0,13.56,12,18,Tuesday
313475,1,236.0,239.0,1.0,2017-04-03 18:57:49,2017-04-03 19:05:19,1.0,11.4,7,18,Monday
994521,1,166.0,163.0,3.4,2017-04-06 18:05:40,2017-04-06 18:32:55,1.0,24.95,27,18,Thursday
72164,2,236.0,162.0,1.74,2017-04-04 18:20:16,2017-04-04 18:34:18,1.0,15.99,14,18,Tuesday
798816,2,233.0,163.0,1.52,2017-04-30 18:59:43,2017-04-30 19:12:32,0.0,12.36,12,18,Sunday
383564,2,100.0,160.0,8.98,2017-04-06 18:40:39,2017-04-06 19:23:16,1.0,34.3,42,18,Thursday
1012887,2,68.0,170.0,1.21,2017-04-05 18:21:35,2017-04-05 18:37:05,1.0,15.99,15,18,Wednesday
262150,2,164.0,162.0,1.75,2017-04-03 18:08:25,2017-04-03 18:20:54,1.0,14.16,12,18,Monday
824751,2,138.0,164.0,11.99,2017-04-06 18:30:34,2017-04-06 19:14:47,1.0,54.67,44,18,Thursday
925152,2,249.0,107.0,1.57,2017-04-04 18:43:57,2017-04-04 18:59:33,1.0,16.0,15,18,Tuesday
340092,2,113.0,137.0,1.77,2017-04-04 18:00:00,2017-04-04 18:13:02,1.0,14.75,13,18,Tuesday
409391,2,255.0,189.0,3.5,2017-04-03 18:04:16,2017-04-03 18:29:03,1.0,22.88,24,18,Monday
832213,1,264.0,90.0,0.6,2017-04-06 18:20:39,2017-04-06 18:25:53,1.0,7.3,5,18,Thursday
692107,1,162.0,41.0,4.8,2017-04-05 18:46:59,2017-04-05 19:11:09,1.0,20.8,24,18,Wednesday
587271,1,239.0,238.0,0.8,2017-04-05 18:46:26,2017-04-05 18:50:55,1.0,6.8,4,18,Wednesday
178804,1,264.0,264.0,0.7,2017-04-06 18:12:25,2017-04-06 18:19:54,1.0,9.95,7,18,Thursday
664155,2,246.0,48.0,1.52,2017-04-05 18:43:43,2017-04-05 18:51:44,1.0,9.3,8,18,Wednesday
23600,1,141.0,236.0,0.8,2017-04-30 18:30:30,2017-04-30 18:34:48,0.0,6.3,4,18,Sunday
527503,2,230.0,236.0,2.63,2017-04-03 18:10:39,2017-04-03 18:25:30,1.0,15.96,14,18,Monday
1005071,2,138.0,164.0,7.98,2017-04-06 18:20:01,2017-04-06 18:52:55,1.0,42.67,32,18,Thursday
284265,2,113.0,79.0,0.74,2017-04-06 18:48:50,2017-04-06 18:52:29,1.0,7.88,3,18,Thursday
395538,1,87.0,107.0,4.1,2017-04-05 18:40:29,2017-04-05 18:56:58,1.0,19.8,16,18,Wednesday
895869,2,107.0,79.0,0.76,2017-04-05 18:02:54,2017-04-05 18:05:34,1.0,6.3,2,18,Wednesday
615376,2,238.0,239.0,0.75,2017-04-04 18:00:27,2017-04-04 18:06:05,1.0,8.03,5,18,Tuesday
834675,1,170.0,163.0,1.6,2017-04-03 18:02:54,2017-04-03 18:16:13,1.0,11.8,13,18,Monday
374815,2,234.0,142.0,3.03,2017-04-05 18:27:47,2017-04-05 18:47:02,1.0,19.12,19,18,Wednesday
823861,2,249.0,141.0,4.55,2017-04-05 18:07:31,2017-04-05 18:37:28,1.0,22.3,29,18,Wednesday
749135,1,233.0,107.0,1.1,2017-04-04 18:50:29,2017-04-04 18:55:44,1.0,9.8,5,18,Tuesday
41133,2,143.0,229.0,1.89,2017-04-05 18:52:45,2017-04-05 19:09:29,1.0,14.3,16,18,Wednesday
684429,1,141.0,145.0,2.1,2017-04-05 18:17:03,2017-04-05 18:24:42,1.0,12.95,7,18,Wednesday
363336,1,142.0,237.0,1.1,2017-04-03 18:39:41,2017-04-03 18:47:29,1.0,8.8,7,18,Monday
772420,2,43.0,41.0,1.4,2017-04-05 18:01:34,2017-04-05 18:11:35,1.0,9.8,10,18,Wednesday
779112,1,41.0,239.0,1.3,2017-04-06 18:53:00,2017-04-06 19:00:02,1.0,10.55,7,18,Thursday
64377,2,151.0,142.0,1.82,2017-04-04 18:42:07,2017-04-04 18:50:35,1.0,11.27,8,18,Tuesday
974677,2,132.0,61.0,11.17,2017-04-03 18:12:48,2017-04-03 18:50:57,1.0,46.56,38,18,Monday
158513,2,238.0,239.0,0.95,2017-04-04 18:23:44,2017-04-04 18:27:58,1.0,8.5,4,18,Tuesday
1017304,1,161.0,164.0,0.8,2017-04-03 18:05:06,2017-04-03 18:10:31,1.0,8.3,5,18,Monday
567126,2,4.0,164.0,2.21,2017-04-03 18:56:23,2017-04-03 19:10:05,1.0,12.8,13,18,Monday
518919,1,87.0,24.0,8.1,2017-04-05 18:20:46,2017-04-05 19:04:35,1.0,40.55,43,18,Wednesday
472668,2,142.0,48.0,0.54,2017-04-04 18:06:17,2017-04-04 18:10:25,1.0,6.3,4,18,Tuesday
156161,2,223.0,265.0,20.23,2017-04-05 18:47:12,2017-04-05 19:23:39,0.0,157.44,36,18,Wednesday
266199,2,229.0,161.0,1.55,2017-04-03 18:46:54,2017-04-03 18:59:55,1.0,15.34,13,18,Monday
657108,2,230.0,163.0,0.81,2017-04-06 18:19:02,2017-04-06 18:25:38,1.0,7.8,6,18,Thursday
415378,1,41.0,238.0,1.5,2017-04-03 18:47:09,2017-04-03 18:54:29,1.0,11.75,7,18,Monday
648367,1,236.0,236.0,0.8,2017-04-05 18:22:05,2017-04-05 18:29:29,1.0,8.3,7,18,Wednesday
984945,2,88.0,4.0,3.45,2017-04-05 18:26:30,2017-04-05 18:37:29,1.0,15.8,10,18,Wednesday
736445,2,142.0,143.0,0.51,2017-04-04 18:33:45,2017-04-04 18:36:37,1.0,6.96,2,18,Tuesday
274072,2,170.0,230.0,1.02,2017-04-04 18:45:26,2017-04-04 18:54:53,1.0,9.3,9,18,Tuesday
81957,1,163.0,230.0,0.7,2017-04-04 18:07:17,2017-04-04 18:16:05,1.0,8.8,8,18,Tuesday
753059,1,211.0,209.0,1.8,2017-04-30 18:32:37,2017-04-30 18:48:38,0.0,11.8,16,18,Sunday
78937,1,140.0,162.0,1.8,2017-04-04 18:31:30,2017-04-04 18:45:50,1.0,12.3,14,18,Tuesday
917312,1,231.0,114.0,1.7,2017-04-05 18:29:12,2017-04-05 18:40:03,1.0,12.3,10,18,Wednesday
135531,1,43.0,142.0,0.5,2017-04-06 18:45:25,2017-04-06 18:49:14,1.0,6.3,3,18,Thursday
856685,2,158.0,236.0,6.7,2017-04-03 18:04:14,2017-04-03 18:32:50,1.0,26.8,28,18,Monday
332916,2,68.0,231.0,2.12,2017-04-03 18:55:52,2017-04-03 19:08:01,1.0,14.16,12,18,Monday
139298,2,164.0,162.0,1.82,2017-04-04 18:17:40,2017-04-04 18:33:40,1.0,15.96,16,18,Tuesday
267813,1,186.0,68.0,0.2,2017-04-04 18:47:33,2017-04-04 18:49:07,1.0,4.8,1,18,Tuesday
128678,2,229.0,233.0,0.4,2017-04-06 18:35:28,2017-04-06 18:37:55,1.0,5.83,2,18,Thursday
133297,1,236.0,142.0,2.1,2017-04-03 18:39:49,2017-04-03 18:52:26,1.0,12.3,12,18,Monday
336051,1,246.0,48.0,1.2,2017-04-03 18:05:18,2017-04-03 18:12:04,1.0,11.1,6,18,Monday
829790,1,161.0,43.0,1.0,2017-04-06 18:45:20,2017-04-06 18:50:05,1.0,7.8,4,18,Thursday
86068,1,141.0,237.0,0.6,2017-04-04 18:35:55,2017-04-04 18:41:13,1.0,8.41,5,18,Tuesday
674941,2,141.0,237.0,0.78,2017-04-04 18:25:02,2017-04-04 18:29:24,1.0,8.16,4,18,Tuesday
566120,1,170.0,70.0,8.5,2017-04-05 18:41:38,2017-04-05 19:17:23,1.0,32.8,35,18,Wednesday
444500,1,132.0,243.0,22.1,2017-04-03 18:52:45,2017-04-03 19:32:44,4.5,63.06,39,18,Monday
394411,2,162.0,143.0,1.86,2017-04-05 18:50:06,2017-04-05 19:05:08,1.0,15.96,15,18,Wednesday
967091,1,249.0,114.0,1.2,2017-04-03 18:31:17,2017-04-03 18:40:32,1.0,9.3,9,18,Monday
101530,2,236.0,237.0,0.93,2017-04-04 18:58:47,2017-04-04 19:04:56,1.0,9.36,6,18,Tuesday
57569,1,142.0,50.0,0.4,2017-04-30 18:32:45,2017-04-30 18:35:29,0.0,6.2,2,18,Sunday
67329,1,236.0,113.0,3.7,2017-04-06 18:36:50,2017-04-06 19:12:04,1.0,28.55,35,18,Thursday
136739,1,163.0,163.0,0.5,2017-04-06 18:05:34,2017-04-06 18:11:40,1.0,8.75,6,18,Thursday
657617,2,237.0,236.0,0.52,2017-04-05 18:09:34,2017-04-05 18:12:50,1.0,5.8,3,18,Wednesday
689429,2,237.0,236.0,1.24,2017-04-03 18:48:59,2017-04-03 18:53:32,1.0,7.8,4,18,Monday
506157,1,234.0,87.0,2.6,2017-04-05 18:18:29,2017-04-05 18:38:20,1.0,15.3,19,18,Wednesday
404186,1,48.0,43.0,0.6,2017-04-05 18:21:44,2017-04-05 18:27:17,1.0,8.75,5,18,Wednesday
498666,2,231.0,162.0,3.7,2017-04-03 18:42:42,2017-04-03 19:03:51,1.0,21.36,21,18,Monday
251329,1,158.0,186.0,1.0,2017-04-30 18:40:10,2017-04-30 18:48:01,0.0,9.75,7,18,Sunday
481705,2,151.0,186.0,5.0,2017-04-05 18:29:20,2017-04-05 19:01:18,1.0,24.3,31,18,Wednesday
677448,1,107.0,87.0,4.7,2017-04-03 18:42:12,2017-04-03 19:00:43,1.0,20.3,18,18,Monday
693353,1,113.0,231.0,2.1,2017-04-05 18:29:37,2017-04-05 18:46:38,1.0,16.56,17,18,Wednesday
683146,1,237.0,263.0,1.0,2017-04-05 18:03:48,2017-04-05 18:07:02,1.0,8.15,3,18,Wednesday
57424,2,164.0,249.0,1.52,2017-04-04 18:45:25,2017-04-04 18:55:55,1.0,12.36,10,18,Tuesday
814883,1,79.0,256.0,2.5,2017-04-05 18:48:31,2017-04-05 18:59:56,1.0,15.35,11,18,Wednesday
517788,1,132.0,86.0,8.5,2017-04-04 18:47:33,2017-04-04 19:11:17,1.0,28.3,23,18,Tuesday
1009029,1,170.0,164.0,1.5,2017-04-06 18:25:36,2017-04-06 18:39:20,1.0,13.8,13,18,Thursday
776675,1,186.0,246.0,0.9,2017-04-30 18:26:26,2017-04-30 18:35:22,0.0,9.4,8,18,Sunday
486728,1,209.0,148.0,1.6,2017-04-04 18:55:37,2017-04-04 19:05:39,1.0,12.35,10,18,Tuesday
786773,1,79.0,145.0,3.6,2017-04-06 18:58:11,2017-04-06 19:15:01,1.0,27.06,16,18,Thursday
594082,2,229.0,233.0,0.87,2017-04-30 18:58:45,2017-04-30 19:02:40,0.0,6.96,3,18,Sunday
659123,2,262.0,132.0,18.45,2017-04-30 18:58:04,2017-04-30 19:38:16,0.0,68.56,40,18,Sunday
167227,1,100.0,186.0,0.7,2017-04-30 18:50:48,2017-04-30 18:57:25,0.0,6.3,6,18,Sunday
1046613,1,237.0,236.0,0.5,2017-04-03 18:40:18,2017-04-03 18:42:49,1.0,6.09,2,18,Monday
680589,2,239.0,142.0,0.63,2017-04-06 18:16:09,2017-04-06 18:19:29,1.0,7.56,3,18,Thursday
612848,1,249.0,234.0,1.1,2017-04-06 18:08:31,2017-04-06 18:16:27,1.0,10.55,7,18,Thursday
283159,2,162.0,125.0,3.01,2017-04-05 18:23:54,2017-04-05 18:40:14,1.0,15.3,16,18,Wednesday
969307,2,90.0,50.0,1.28,2017-04-06 18:03:38,2017-04-06 18:15:34,1.0,12.96,11,18,Thursday
272399,1,162.0,164.0,1.1,2017-04-04 18:17:52,2017-04-04 18:25:50,1.0,9.8,7,18,Tuesday
640896,2,186.0,148.0,2.44,2017-04-06 18:49:47,2017-04-06 19:13:03,1.0,21.36,23,18,Thursday
380185,2,262.0,161.0,2.71,2017-04-04 18:01:53,2017-04-04 18:16:33,1.0,16.56,14,18,Tuesday
875797,2,144.0,107.0,1.46,2017-04-06 18:53:53,2017-04-06 19:03:01,1.0,11.8,9,18,Thursday
792186,2,164.0,142.0,2.21,2017-04-06 18:39:19,2017-04-06 18:58:00,1.0,14.3,18,18,Thursday
902140,2,43.0,237.0,1.07,2017-04-06 18:36:33,2017-04-06 18:43:55,1.0,10.56,7,18,Thursday
347296,2,48.0,238.0,2.8,2017-04-06 18:04:56,2017-04-06 18:22:31,1.0,19.24,17,18,Thursday
528815,2,170.0,163.0,1.99,2017-04-04 18:38:04,2017-04-04 18:55:40,1.0,14.3,17,18,Tuesday
991600,2,113.0,100.0,2.24,2017-04-04 18:52:46,2017-04-04 19:10:21,1.0,17.88,17,18,Tuesday
507603,2,230.0,239.0,1.88,2017-04-30 18:58:47,2017-04-30 19:07:48,0.0,11.16,9,18,Sunday
20027,2,164.0,37.0,7.47,2017-04-04 18:53:11,2017-04-04 19:46:55,1.0,36.3,53,18,Tuesday
503969,2,138.0,88.0,15.45,2017-04-06 18:57:22,2017-04-06 19:36:00,1.0,64.45,38,18,Thursday
756245,1,13.0,158.0,2.3,2017-04-05 18:40:50,2017-04-05 18:52:14,1.0,14.75,11,18,Wednesday
773556,1,236.0,226.0,3.0,2017-04-05 18:11:54,2017-04-05 18:25:59,1.0,17.75,14,18,Wednesday
662559,1,79.0,170.0,2.3,2017-04-04 18:52:23,2017-04-04 19:11:07,1.0,14.8,18,18,Tuesday
330751,2,163.0,163.0,0.48,2017-04-04 18:11:22,2017-04-04 18:18:02,1.0,7.8,6,18,Tuesday
90653,2,237.0,48.0,1.26,2017-04-05 18:22:23,2017-04-05 18:38:49,1.0,15.36,16,18,Wednesday
662118,2,164.0,162.0,0.49,2017-04-06 18:22:20,2017-04-06 18:25:40,1.0,6.96,3,18,Thursday
379365,1,170.0,158.0,2.0,2017-04-06 18:49:14,2017-04-06 19:06:04,1.0,17.25,16,18,Thursday
1025922,1,237.0,87.0,6.7,2017-04-03 18:34:18,2017-04-03 18:52:12,1.0,26.3,17,18,Monday
757950,1,239.0,142.0,1.0,2017-04-03 18:58:53,2017-04-03 19:06:12,1.0,9.95,7,18,Monday
973782,1,231.0,1.0,12.1,2017-04-06 18:00:02,2017-04-06 19:14:00,1.0,106.55,73,18,Thursday
803313,1,237.0,170.0,1.1,2017-04-05 18:42:02,2017-04-05 18:51:26,1.0,11.75,9,18,Wednesday
121529,2,132.0,213.0,18.07,2017-04-05 18:42:57,2017-04-05 19:16:22,1.0,56.56,33,18,Wednesday
187222,2,186.0,114.0,1.58,2017-04-30 18:39:47,2017-04-30 18:48:30,0.0,10.56,8,18,Sunday
395775,2,100.0,161.0,1.23,2017-04-04 18:21:43,2017-04-04 18:34:12,1.0,10.8,12,18,Tuesday
999766,2,74.0,244.0,3.41,2017-04-06 18:25:58,2017-04-06 18:44:27,1.0,16.3,18,18,Thursday
509323,1,161.0,113.0,1.9,2017-04-04 18:31:53,2017-04-04 18:49:53,1.0,13.8,18,18,Tuesday
216989,2,48.0,50.0,0.61,2017-04-05 18:51:19,2017-04-05 18:55:51,1.0,8.16,4,18,Wednesday
463802,1,79.0,263.0,4.1,2017-04-06 18:05:55,2017-04-06 18:34:25,1.0,21.3,28,18,Thursday
267637,1,236.0,263.0,0.4,2017-04-06 18:05:35,2017-04-06 18:08:26,1.0,5.8,2,18,Thursday
372329,2,236.0,163.0,1.39,2017-04-05 18:50:16,2017-04-05 19:02:17,1.0,11.3,12,18,Wednesday
702897,1,186.0,230.0,1.7,2017-04-30 18:44:08,2017-04-30 18:57:07,0.0,10.3,12,18,Sunday
1027486,2,87.0,148.0,3.19,2017-04-30 18:43:46,2017-04-30 18:55:44,0.0,15.96,11,18,Sunday
979624,1,246.0,158.0,2.2,2017-04-30 18:25:58,2017-04-30 18:35:13,0.0,10.8,9,18,Sunday
135735,1,186.0,233.0,1.3,2017-04-05 18:48:03,2017-04-05 19:07:52,1.0,14.8,19,18,Wednesday
355978,1,170.0,142.0,2.2,2017-04-04 18:47:02,2017-04-04 19:02:34,1.0,13.3,15,18,Tuesday
712191,2,239.0,142.0,0.7,2017-04-05 18:42:28,2017-04-05 18:46:49,1.0,7.82,4,18,Wednesday
318845,2,48.0,142.0,0.96,2017-04-04 18:54:07,2017-04-04 19:00:29,1.0,9.36,6,18,Tuesday
430318,1,163.0,100.0,0.9,2017-04-05 18:30:39,2017-04-05 18:44:51,1.0,13.0,14,18,Wednesday
10251,1,90.0,161.0,1.0,2017-04-05 18:39:12,2017-04-05 18:51:48,1.0,10.8,12,18,Wednesday
1011550,1,132.0,230.0,18.2,2017-04-05 18:22:33,2017-04-05 19:15:17,4.5,63.06,52,18,Wednesday
104601,1,236.0,263.0,0.8,2017-04-05 18:19:34,2017-04-05 18:23:43,1.0,6.8,4,18,Wednesday
948963,2,237.0,246.0,3.03,2017-04-30 18:51:48,2017-04-30 19:04:53,0.0,12.8,13,18,Sunday
276493,1,141.0,236.0,0.6,2017-04-03 18:21:50,2017-04-03 18:26:57,1.0,8.15,5,18,Monday
597257,1,162.0,43.0,1.7,2017-04-04 18:18:39,2017-04-04 18:33:24,1.0,15.35,14,18,Tuesday
254313,2,162.0,79.0,2.62,2017-04-04 18:31:13,2017-04-04 18:51:56,1.0,17.8,20,18,Tuesday
470077,1,246.0,186.0,0.6,2017-04-05 18:37:27,2017-04-05 18:42:57,1.0,9.45,5,18,Wednesday
656781,2,170.0,186.0,1.13,2017-04-05 18:23:44,2017-04-05 18:41:26,1.0,15.96,17,18,Wednesday
711814,1,233.0,161.0,1.0,2017-04-04 18:54:24,2017-04-04 19:05:14,1.0,9.8,10,18,Tuesday
199385,2,246.0,13.0,3.94,2017-04-04 18:58:15,2017-04-04 19:12:12,1.0,19.56,13,18,Tuesday
976717,2,100.0,234.0,1.21,2017-04-06 18:58:51,2017-04-06 19:07:57,1.0,11.16,9,18,Thursday
1000543,2,162.0,164.0,1.35,2017-04-05 18:52:56,2017-04-05 19:04:48,1.0,13.5,11,18,Wednesday
633021,2,230.0,186.0,1.05,2017-04-03 18:58:41,2017-04-03 19:03:26,1.0,9.49,4,18,Monday
855391,2,237.0,45.0,4.21,2017-04-30 18:33:48,2017-04-30 18:59:32,0.0,18.8,25,18,Sunday
231006,2,239.0,142.0,1.02,2017-04-05 18:47:30,2017-04-05 18:57:12,1.0,11.76,9,18,Wednesday
398138,1,68.0,211.0,2.2,2017-04-05 18:36:24,2017-04-05 18:49:11,1.0,13.8,12,18,Wednesday
566521,1,163.0,162.0,1.0,2017-04-05 18:09:38,2017-04-05 18:20:19,1.0,12.25,10,18,Wednesday
84302,2,142.0,230.0,0.98,2017-04-04 18:03:15,2017-04-04 18:14:15,1.0,9.8,11,18,Tuesday
811109,1,79.0,224.0,1.2,2017-04-05 18:42:33,2017-04-05 18:47:42,1.0,9.75,5,18,Wednesday
350067,1,48.0,141.0,1.7,2017-04-03 18:37:12,2017-04-03 18:48:07,1.0,12.95,10,18,Monday
1024356,2,234.0,246.0,1.15,2017-04-04 18:15:52,2017-04-04 18:22:07,1.0,10.14,6,18,Tuesday
360032,1,255.0,80.0,1.7,2017-04-30 18:28:24,2017-04-30 18:37:44,0.0,9.3,9,18,Sunday
291688,1,163.0,164.0,1.2,2017-04-05 18:31:37,2017-04-05 18:48:26,1.0,12.8,16,18,Wednesday
321996,2,161.0,237.0,1.59,2017-04-03 18:16:11,2017-04-03 18:24:49,1.0,11.76,8,18,Monday
13274,2,163.0,236.0,1.0,2017-04-06 18:57:52,2017-04-06 19:03:59,1.0,9.36,6,18,Thursday
93498,2,87.0,170.0,4.64,2017-04-05 18:12:13,2017-04-05 18:31:06,1.0,21.8,18,18,Wednesday
638975,2,233.0,211.0,2.88,2017-04-03 18:07:46,2017-04-03 18:21:41,1.0,13.8,13,18,Monday
731903,2,114.0,100.0,2.65,2017-04-05 18:44:30,2017-04-05 19:08:00,1.0,20.76,23,18,Wednesday
702143,1,170.0,209.0,7.1,2017-04-06 18:26:49,2017-04-06 19:04:30,1.0,35.15,37,18,Thursday
821915,2,239.0,166.0,2.92,2017-04-04 18:51:47,2017-04-04 19:02:22,1.0,14.3,10,18,Tuesday
145516,1,236.0,74.0,1.8,2017-04-03 18:47:10,2017-04-03 18:53:03,1.0,11.15,5,18,Monday
312596,1,161.0,234.0,1.3,2017-04-05 18:35:11,2017-04-05 18:49:53,1.0,14.15,14,18,Wednesday
938717,2,142.0,43.0,0.4,2017-04-06 18:47:17,2017-04-06 18:49:43,1.0,6.96,2,18,Thursday
256778,1,166.0,114.0,7.8,2017-04-04 18:58:59,2017-04-04 19:27:05,1.0,33.3,28,18,Tuesday
137069,1,239.0,142.0,0.6,2017-04-06 18:22:28,2017-04-06 18:24:30,1.0,6.8,2,18,Thursday
245721,1,239.0,237.0,1.8,2017-04-06 18:30:57,2017-04-06 18:41:01,1.0,10.8,10,18,Thursday
261328,2,231.0,13.0,0.89,2017-04-06 18:49:11,2017-04-06 18:58:37,1.0,9.3,9,18,Thursday
832780,1,79.0,249.0,1.0,2017-04-05 18:32:22,2017-04-05 18:40:00,1.0,10.55,7,18,Wednesday
790750,2,100.0,163.0,1.06,2017-04-06 18:17:53,2017-04-06 18:25:20,1.0,8.8,7,18,Thursday
641904,2,236.0,237.0,1.49,2017-04-04 18:13:34,2017-04-04 18:24:01,1.0,12.96,10,18,Tuesday
383220,2,107.0,137.0,0.71,2017-04-30 18:54:43,2017-04-30 18:58:33,0.0,6.96,3,18,Sunday
283241,2,238.0,238.0,0.74,2017-04-03 18:39:36,2017-04-03 18:45:01,1.0,7.3,5,18,Monday
432882,1,230.0,143.0,1.6,2017-04-04 18:10:07,2017-04-04 18:19:17,1.0,9.8,9,18,Tuesday
58614,1,161.0,234.0,1.6,2017-04-03 18:19:17,2017-04-03 18:29:18,1.0,10.3,10,18,Monday
750664,1,236.0,43.0,1.5,2017-04-04 18:09:22,2017-04-04 18:21:12,1.0,11.3,11,18,Tuesday
767540,1,142.0,263.0,2.2,2017-04-03 18:29:17,2017-04-03 18:39:34,1.0,13.55,10,18,Monday
252539,2,144.0,138.0,9.75,2017-04-05 18:08:42,2017-04-05 18:46:11,1.0,40.56,37,18,Wednesday
208071,2,161.0,239.0,2.5,2017-04-05 18:10:24,2017-04-05 18:34:05,1.0,20.76,23,18,Wednesday
277646,1,68.0,48.0,1.1,2017-04-30 18:30:04,2017-04-30 18:39:37,0.0,8.8,9,18,Sunday
737549,2,164.0,161.0,0.08,2017-04-03 18:20:39,2017-04-03 18:22:48,1.0,5.3,2,18,Monday
983855,2,264.0,264.0,2.03,2017-04-30 18:44:05,2017-04-30 18:53:48,0.0,10.3,9,18,Sunday
862149,1,162.0,161.0,0.9,2017-04-03 18:30:39,2017-04-03 18:38:40,1.0,8.3,8,18,Monday
966014,2,237.0,263.0,0.86,2017-04-06 18:17:44,2017-04-06 18:23:44,1.0,7.3,6,18,Thursday
22357,1,237.0,161.0,1.4,2017-04-05 18:14:52,2017-04-05 18:30:55,1.0,12.8,16,18,Wednesday
275643,1,162.0,74.0,3.3,2017-04-03 18:44:10,2017-04-03 18:53:52,1.0,15.35,9,18,Monday
173766,1,233.0,244.0,9.1,2017-04-06 18:44:30,2017-04-06 19:27:54,1.0,41.75,43,18,Thursday
1022898,1,141.0,239.0,1.7,2017-04-04 18:49:03,2017-04-04 18:57:50,1.0,12.25,8,18,Tuesday
767724,1,236.0,75.0,0.5,2017-04-06 18:41:24,2017-04-06 18:44:12,1.0,6.96,2,18,Thursday
803511,2,140.0,236.0,1.08,2017-04-03 18:07:14,2017-04-03 18:15:18,1.0,10.56,8,18,Monday
761295,2,237.0,224.0,3.13,2017-04-04 18:58:45,2017-04-04 19:18:12,1.0,19.23,19,18,Tuesday
498056,2,230.0,107.0,1.95,2017-04-03 18:03:17,2017-04-03 18:14:30,1.0,10.8,11,18,Monday
598451,1,237.0,236.0,0.6,2017-04-30 18:45:48,2017-04-30 18:47:32,0.0,5.2,1,18,Sunday
274318,2,100.0,140.0,2.78,2017-04-03 18:21:34,2017-04-03 18:37:56,1.0,17.16,16,18,Monday
877484,2,163.0,236.0,1.31,2017-04-04 18:50:05,2017-04-04 18:56:59,1.0,9.8,6,18,Tuesday
187632,2,233.0,246.0,1.91,2017-04-05 18:19:25,2017-04-05 18:49:55,1.0,23.76,30,18,Wednesday
217022,2,142.0,170.0,2.32,2017-04-06 18:09:05,2017-04-06 18:34:26,1.0,21.36,25,18,Thursday
318245,2,90.0,142.0,2.77,2017-04-04 18:30:08,2017-04-04 18:47:25,1.0,17.02,17,18,Tuesday
926227,1,262.0,239.0,1.9,2017-04-06 18:44:25,2017-04-06 18:58:10,1.0,14.75,13,18,Thursday
750080,2,48.0,100.0,1.35,2017-04-06 18:54:22,2017-04-06 19:07:42,1.0,11.3,13,18,Thursday
511638,2,107.0,170.0,1.18,2017-04-04 18:04:41,2017-04-04 18:13:30,1.0,11.16,8,18,Tuesday
821850,2,163.0,230.0,0.55,2017-04-06 18:11:04,2017-04-06 18:17:11,1.0,7.3,6,18,Thursday
580767,2,90.0,230.0,1.24,2017-04-06 18:13:43,2017-04-06 18:31:20,1.0,13.3,17,18,Thursday
720049,2,137.0,234.0,1.28,2017-04-05 18:31:42,2017-04-05 18:43:19,1.0,14.04,11,18,Wednesday
1046091,2,166.0,42.0,0.89,2017-04-06 18:39:29,2017-04-06 18:45:47,1.0,9.36,6,18,Thursday
637629,2,164.0,107.0,1.77,2017-04-03 18:28:00,2017-04-03 18:39:15,1.0,12.96,11,18,Monday
652115,2,161.0,166.0,4.27,2017-04-03 18:06:50,2017-04-03 18:31:02,1.0,20.3,24,18,Monday
621933,1,100.0,79.0,2.4,2017-04-04 18:56:08,2017-04-04 19:09:45,1.0,16.0,13,18,Tuesday
698363,1,230.0,142.0,0.8,2017-04-04 18:37:31,2017-04-04 18:43:26,1.0,8.75,5,18,Tuesday
522592,2,238.0,229.0,3.2,2017-04-06 18:17:40,2017-04-06 18:41:20,1.0,20.3,23,18,Thursday
440601,1,236.0,264.0,0.0,2017-04-03 18:17:32,2017-04-03 18:17:32,1.0,6.3,0,18,Monday
898616,2,231.0,161.0,3.8,2017-04-06 18:18:05,2017-04-06 18:52:06,1.0,27.96,34,18,Thursday
101994,2,234.0,68.0,0.67,2017-04-03 18:46:09,2017-04-03 18:53:13,1.0,7.8,7,18,Monday
710700,1,163.0,142.0,0.6,2017-04-03 18:55:51,2017-04-03 19:02:23,1.0,7.8,6,18,Monday
761460,2,87.0,107.0,4.12,2017-04-06 18:09:39,2017-04-06 18:21:18,1.0,15.8,11,18,Thursday
484665,2,261.0,261.0,0.0,2017-04-04 18:19:58,2017-04-04 18:20:06,4.5,63.06,0,18,Tuesday
519342,2,152.0,41.0,1.02,2017-04-30 18:34:46,2017-04-30 18:40:45,0.0,6.8,5,18,Sunday
319253,1,186.0,125.0,2.2,2017-04-05 18:12:56,2017-04-05 18:25:52,1.0,14.3,12,18,Wednesday
492662,1,141.0,236.0,0.7,2017-04-04 18:24:29,2017-04-04 18:27:21,1.0,7.2,2,18,Tuesday
933893,2,161.0,142.0,1.18,2017-04-03 18:03:31,2017-04-03 18:13:35,1.0,10.8,10,18,Monday
644584,1,234.0,229.0,2.1,2017-04-04 18:30:16,2017-04-04 18:48:24,1.0,17.75,18,18,Tuesday
1004807,2,236.0,229.0,1.97,2017-04-30 18:30:42,2017-04-30 18:41:52,0.0,12.36,11,18,Sunday
286471,2,232.0,224.0,1.48,2017-04-04 18:21:42,2017-04-04 18:33:14,1.0,12.96,11,18,Tuesday
423441,1,162.0,236.0,1.3,2017-04-04 18:53:59,2017-04-04 19:00:23,1.0,9.3,6,18,Tuesday
392144,1,140.0,138.0,9.6,2017-04-03 18:50:01,2017-04-03 19:24:52,1.0,46.91,34,18,Monday
668413,1,162.0,50.0,1.8,2017-04-04 18:43:09,2017-04-04 19:05:25,1.0,20.5,22,18,Tuesday
166464,1,161.0,142.0,1.4,2017-04-05 18:27:22,2017-04-05 18:42:21,1.0,13.8,14,18,Wednesday
395571,1,161.0,262.0,2.4,2017-04-03 18:47:59,2017-04-03 19:04:26,1.0,16.3,16,18,Monday
489471,1,170.0,142.0,1.9,2017-04-04 18:32:49,2017-04-04 18:49:08,1.0,13.3,16,18,Tuesday
648678,2,186.0,163.0,1.09,2017-04-05 18:37:43,2017-04-05 18:46:44,1.0,9.3,9,18,Wednesday
205855,2,13.0,232.0,2.89,2017-04-06 18:00:55,2017-04-06 18:13:10,1.0,15.96,12,18,Thursday
188252,2,236.0,140.0,1.29,2017-04-06 18:09:18,2017-04-06 18:16:20,1.0,10.8,7,18,Thursday
218261,1,209.0,79.0,3.2,2017-04-03 18:12:48,2017-04-03 18:24:07,1.0,14.3,11,18,Monday
475409,1,229.0,163.0,0.9,2017-04-30 18:38:27,2017-04-30 18:46:38,0.0,9.35,8,18,Sunday
220519,1,163.0,162.0,1.0,2017-04-06 18:50:38,2017-04-06 18:58:46,1.0,10.55,8,18,Thursday
262805,1,158.0,148.0,1.6,2017-04-06 18:49:57,2017-04-06 19:11:47,1.0,17.8,21,18,Thursday
628178,1,186.0,162.0,1.6,2017-04-06 18:03:59,2017-04-06 18:32:08,1.0,23.3,28,18,Thursday
542974,2,229.0,100.0,1.61,2017-04-03 18:30:18,2017-04-03 18:47:23,1.0,13.8,17,18,Monday
353627,1,132.0,181.0,13.4,2017-04-03 18:42:02,2017-04-03 19:31:12,1.0,54.3,49,18,Monday
602912,1,230.0,163.0,1.0,2017-04-03 18:24:01,2017-04-03 18:31:39,1.0,8.8,7,18,Monday
121553,2,162.0,50.0,1.74,2017-04-05 18:12:21,2017-04-05 18:42:27,1.0,19.8,30,18,Wednesday
191460,2,143.0,151.0,1.65,2017-04-05 18:20:09,2017-04-05 18:30:20,1.0,12.96,10,18,Wednesday
895650,1,43.0,230.0,1.4,2017-04-06 18:57:07,2017-04-06 19:09:36,1.0,11.3,12,18,Thursday
648189,2,234.0,249.0,0.88,2017-04-05 18:24:42,2017-04-05 18:29:25,1.0,8.16,4,18,Wednesday
693381,1,237.0,164.0,1.4,2017-04-06 18:31:51,2017-04-06 18:51:04,1.0,14.45,19,18,Thursday
154679,2,113.0,90.0,0.4,2017-04-04 18:07:10,2017-04-04 18:09:47,1.0,6.55,2,18,Tuesday
801037,2,142.0,244.0,7.06,2017-04-03 18:08:47,2017-04-03 18:31:47,1.0,23.8,23,18,Monday
486750,2,151.0,237.0,2.41,2017-04-04 18:26:41,2017-04-04 18:39:35,1.0,16.62,12,18,Tuesday
297724,2,234.0,237.0,2.25,2017-04-06 18:31:08,2017-04-06 18:54:26,1.0,16.8,23,18,Thursday
577131,1,114.0,256.0,2.8,2017-04-30 18:38:39,2017-04-30 19:01:08,0.0,20.75,22,18,Sunday
301441,1,239.0,236.0,1.4,2017-04-05 18:14:13,2017-04-05 18:24:37,1.0,12.35,10,18,Wednesday
781720,1,68.0,68.0,1.0,2017-04-03 18:48:09,2017-04-03 18:53:08,1.0,8.3,4,18,Monday
610557,2,264.0,264.0,8.82,2017-04-05 18:32:45,2017-04-05 18:58:37,1.0,44.45,25,18,Wednesday
745484,1,170.0,234.0,1.0,2017-04-04 18:05:30,2017-04-04 18:11:16,1.0,9.35,5,18,Tuesday
53041,1,142.0,239.0,1.0,2017-04-06 18:34:12,2017-04-06 18:41:14,1.0,8.3,7,18,Thursday
612974,2,141.0,137.0,1.44,2017-04-06 18:35:35,2017-04-06 18:45:36,1.0,11.76,10,18,Thursday
27016,1,162.0,236.0,1.5,2017-04-05 18:37:10,2017-04-05 18:47:02,1.0,12.35,9,18,Wednesday
393065,2,90.0,246.0,1.13,2017-04-05 18:34:54,2017-04-05 18:44:30,1.0,11.16,9,18,Wednesday
614113,1,234.0,163.0,2.0,2017-04-30 18:36:20,2017-04-30 18:47:35,0.0,12.8,11,18,Sunday
544115,1,170.0,68.0,2.3,2017-04-05 18:03:50,2017-04-05 18:30:51,1.0,19.3,27,18,Wednesday
474235,2,138.0,170.0,8.77,2017-04-04 18:16:59,2017-04-04 18:47:18,1.0,45.07,30,18,Tuesday
302913,1,132.0,61.0,18.9,2017-04-30 18:56:44,2017-04-30 19:49:01,0.0,68.15,52,18,Sunday
1032749,2,162.0,162.0,0.04,2017-04-06 18:05:30,2017-04-06 18:11:49,1.0,7.56,6,18,Thursday
436273,1,166.0,238.0,1.2,2017-04-05 18:11:23,2017-04-05 18:18:50,1.0,9.0,7,18,Wednesday
55977,1,162.0,237.0,1.4,2017-04-05 18:46:03,2017-04-05 18:56:00,1.0,12.35,9,18,Wednesday
633647,2,236.0,42.0,2.48,2017-04-06 18:48:03,2017-04-06 18:56:47,1.0,12.96,8,18,Thursday
529590,2,107.0,137.0,0.83,2017-04-06 18:26:28,2017-04-06 18:32:06,1.0,9.12,5,18,Thursday
917952,2,158.0,232.0,4.89,2017-04-04 18:34:24,2017-04-04 18:56:33,1.0,20.8,22,18,Tuesday
879832,2,113.0,68.0,1.65,2017-04-05 18:20:54,2017-04-05 18:31:30,1.0,10.8,10,18,Wednesday
488491,2,238.0,75.0,1.18,2017-04-30 18:32:06,2017-04-30 18:39:09,0.0,7.8,7,18,Sunday
941130,1,262.0,239.0,1.7,2017-04-03 18:48:04,2017-04-03 19:02:30,1.0,14.15,14,18,Monday
748838,2,238.0,236.0,1.43,2017-04-03 18:32:12,2017-04-03 18:40:47,1.0,11.76,8,18,Monday
223424,2,87.0,162.0,4.73,2017-04-04 18:36:41,2017-04-04 18:49:14,1.0,20.8,12,18,Tuesday
1043647,1,161.0,162.0,0.5,2017-04-06 18:33:56,2017-04-06 18:42:58,1.0,10.55,9,18,Thursday
795383,1,48.0,87.0,5.1,2017-04-06 18:47:45,2017-04-06 19:15:37,1.0,25.8,27,18,Thursday
301612,2,138.0,146.0,4.97,2017-04-30 18:53:40,2017-04-30 19:15:01,0.0,21.3,21,18,Sunday
1025141,1,107.0,162.0,1.0,2017-04-03 18:30:25,2017-04-03 18:36:49,1.0,9.8,6,18,Monday
344618,1,170.0,230.0,1.5,2017-04-30 18:37:00,2017-04-30 18:42:49,0.0,7.3,5,18,Sunday
89542,2,262.0,75.0,1.28,2017-04-03 18:22:40,2017-04-03 18:30:03,1.0,13.8,7,18,Monday
560811,1,48.0,246.0,1.7,2017-04-03 18:09:19,2017-04-03 18:21:49,1.0,12.3,12,18,Monday
352404,1,237.0,142.0,1.4,2017-04-05 18:39:25,2017-04-05 18:52:33,1.0,11.8,13,18,Wednesday
672927,2,163.0,144.0,3.69,2017-04-05 18:54:57,2017-04-05 19:22:11,1.0,20.3,27,18,Wednesday
715501,1,100.0,162.0,0.6,2017-04-05 18:34:55,2017-04-05 18:40:12,1.0,9.1,5,18,Wednesday
949791,1,141.0,263.0,1.4,2017-04-06 18:01:14,2017-04-06 18:06:42,1.0,9.3,5,18,Thursday
376531,2,236.0,162.0,1.61,2017-04-06 18:33:42,2017-04-06 18:47:07,1.0,14.16,13,18,Thursday
58618,1,229.0,140.0,1.3,2017-04-03 18:44:39,2017-04-03 18:51:21,1.0,9.3,6,18,Monday
1039396,1,261.0,17.0,4.7,2017-04-05 18:51:09,2017-04-05 19:12:04,1.0,19.8,20,18,Wednesday
388518,2,234.0,170.0,1.52,2017-04-04 18:12:45,2017-04-04 18:23:07,1.0,10.3,10,18,Tuesday
501090,2,237.0,262.0,1.14,2017-04-04 18:05:29,2017-04-04 18:10:54,1.0,7.8,5,18,Tuesday
402915,1,48.0,113.0,2.1,2017-04-06 18:50:50,2017-04-06 19:04:32,1.0,16.0,13,18,Thursday
578772,1,50.0,163.0,1.7,2017-04-06 18:36:21,2017-04-06 18:47:34,1.0,12.95,11,18,Thursday
227375,2,75.0,263.0,0.58,2017-04-06 18:12:24,2017-04-06 18:16:26,1.0,7.56,4,18,Thursday
335011,2,138.0,162.0,10.91,2017-04-06 18:40:45,2017-04-06 19:15:06,1.0,49.87,34,18,Thursday
486278,2,161.0,181.0,8.75,2017-04-06 18:37:36,2017-04-06 19:22:57,1.0,42.88,45,18,Thursday
724153,2,132.0,186.0,16.18,2017-04-05 18:31:31,2017-04-05 19:14:56,4.5,71.06,43,18,Wednesday
152020,2,79.0,137.0,1.22,2017-04-06 18:40:40,2017-04-06 18:46:35,1.0,8.3,5,18,Thursday
25414,1,48.0,231.0,3.1,2017-04-05 18:46:49,2017-04-05 19:01:19,1.0,17.85,14,18,Wednesday
262411,2,79.0,162.0,2.01,2017-04-06 18:41:27,2017-04-06 18:53:56,1.0,14.16,12,18,Thursday
962126,2,170.0,229.0,1.55,2017-04-30 18:48:00,2017-04-30 18:59:16,0.0,10.8,11,18,Sunday
324156,2,237.0,137.0,1.77,2017-04-30 18:54:15,2017-04-30 19:03:28,0.0,11.16,9,18,Sunday
366136,1,161.0,263.0,1.8,2017-04-06 18:05:54,2017-04-06 18:18:00,1.0,13.0,12,18,Thursday
506632,1,90.0,79.0,1.4,2017-04-05 18:11:15,2017-04-05 18:21:18,1.0,11.33,10,18,Wednesday
681412,2,229.0,170.0,0.79,2017-04-06 18:46:34,2017-04-06 18:52:53,1.0,9.36,6,18,Thursday
419340,2,41.0,152.0,2.27,2017-04-03 18:20:29,2017-04-03 18:33:30,1.0,12.8,13,18,Monday
840700,1,234.0,170.0,0.8,2017-04-06 18:06:03,2017-04-06 18:13:37,1.0,9.95,7,18,Thursday
654866,1,90.0,158.0,1.1,2017-04-30 18:58:21,2017-04-30 19:04:10,0.0,6.8,5,18,Sunday
630887,2,162.0,186.0,1.86,2017-04-05 18:09:33,2017-04-05 18:28:32,1.0,17.88,18,18,Wednesday
264222,1,141.0,229.0,0.5,2017-04-05 18:53:11,2017-04-05 18:56:57,1.0,6.3,3,18,Wednesday
119290,2,234.0,237.0,3.4,2017-04-30 18:33:33,2017-04-30 18:50:35,0.0,17.76,17,18,Sunday
118283,2,158.0,231.0,1.55,2017-04-03 18:12:07,2017-04-03 18:19:48,1.0,11.62,7,18,Monday
325350,2,164.0,140.0,2.58,2017-04-03 18:52:16,2017-04-03 19:06:32,1.0,15.96,14,18,Monday
414702,1,142.0,264.0,0.9,2017-04-06 18:04:21,2017-04-06 18:19:56,1.0,12.3,15,18,Thursday
543785,1,237.0,237.0,0.4,2017-04-03 18:31:29,2017-04-03 18:34:51,1.0,6.6,3,18,Monday
162481,1,161.0,13.0,4.7,2017-04-06 18:38:07,2017-04-06 19:07:35,1.0,27.35,29,18,Thursday
900676,1,236.0,236.0,0.5,2017-04-03 18:07:39,2017-04-03 18:11:16,1.0,7.3,3,18,Monday
428361,1,48.0,234.0,1.9,2017-04-05 18:21:17,2017-04-05 18:40:38,1.0,19.2,19,18,Wednesday
605774,2,166.0,142.0,2.6,2017-04-06 18:54:54,2017-04-06 19:05:35,1.0,14.16,10,18,Thursday
27525,1,142.0,143.0,0.6,2017-04-06 18:47:03,2017-04-06 18:52:29,1.0,8.5,5,18,Thursday
880610,1,90.0,211.0,1.4,2017-04-05 18:12:09,2017-04-05 18:21:25,1.0,12.25,9,18,Wednesday
147623,1,234.0,17.0,6.0,2017-04-04 18:08:11,2017-04-04 18:52:35,1.0,40.65,44,18,Tuesday
387784,1,263.0,162.0,1.3,2017-04-06 18:29:05,2017-04-06 18:38:27,1.0,11.0,9,18,Thursday
927521,1,249.0,234.0,1.0,2017-04-03 18:04:01,2017-04-03 18:12:34,1.0,8.8,8,18,Monday
302049,1,236.0,143.0,2.7,2017-04-03 18:23:45,2017-04-03 18:39:52,1.0,17.15,16,18,Monday
449843,1,263.0,161.0,1.7,2017-04-30 18:50:34,2017-04-30 19:03:07,0.0,10.8,12,18,Sunday
11825,1,237.0,68.0,3.1,2017-04-03 18:10:57,2017-04-03 18:38:21,1.0,19.8,27,18,Monday
40408,2,237.0,113.0,3.18,2017-04-30 18:46:55,2017-04-30 19:02:01,0.0,15.8,15,18,Sunday
507230,2,186.0,234.0,1.25,2017-04-04 18:56:05,2017-04-04 19:05:05,1.0,11.62,9,18,Tuesday
941443,1,161.0,100.0,0.8,2017-04-06 18:25:02,2017-04-06 18:31:23,1.0,7.8,6,18,Thursday
254614,2,138.0,114.0,9.83,2017-04-05 18:14:34,2017-04-05 18:59:52,1.0,43.06,45,18,Wednesday
77359,2,237.0,236.0,0.72,2017-04-30 18:57:20,2017-04-30 19:02:15,0.0,7.56,4,18,Sunday
587093,1,246.0,4.0,2.9,2017-04-06 18:02:45,2017-04-06 18:28:55,1.0,18.8,26,18,Thursday
951759,2,186.0,230.0,1.14,2017-04-04 18:28:52,2017-04-04 18:39:07,1.0,9.8,10,18,Tuesday
17484,1,170.0,90.0,0.9,2017-04-06 18:23:40,2017-04-06 18:30:18,1.0,8.3,6,18,Thursday
705429,2,162.0,231.0,7.03,2017-04-06 18:50:19,2017-04-06 19:18:44,1.0,31.56,28,18,Thursday
386177,2,148.0,79.0,0.9,2017-04-30 18:57:31,2017-04-30 19:07:45,0.0,10.56,10,18,Sunday
515099,1,137.0,170.0,0.6,2017-04-03 19:50:28,2017-04-03 19:54:09,1.0,6.3,3,19,Monday
845662,2,231.0,107.0,1.74,2017-04-03 19:39:43,2017-04-03 19:52:24,1.0,13.56,12,19,Monday
656918,2,238.0,151.0,0.51,2017-04-05 19:23:52,2017-04-05 19:26:15,1.0,5.8,2,19,Wednesday
51075,1,151.0,166.0,1.2,2017-04-03 19:09:57,2017-04-03 19:14:40,1.0,7.8,4,19,Monday
343611,1,229.0,236.0,1.5,2017-04-04 19:57:47,2017-04-04 20:04:45,0.5,9.8,6,19,Tuesday
618995,2,142.0,238.0,1.87,2017-04-04 19:05:38,2017-04-04 19:15:30,1.0,13.5,9,19,Tuesday
549169,2,100.0,107.0,2.08,2017-04-06 19:43:14,2017-04-06 19:59:12,1.0,15.96,15,19,Thursday
898335,2,163.0,236.0,1.86,2017-04-03 19:57:17,2017-04-03 20:06:08,1.0,12.3,8,19,Monday
321793,1,233.0,161.0,1.7,2017-04-06 19:57:25,2017-04-06 20:15:34,0.5,13.3,18,19,Thursday
877417,2,161.0,164.0,0.9,2017-04-04 19:29:29,2017-04-04 19:35:38,1.0,9.75,6,19,Tuesday
949470,1,181.0,188.0,1.7,2017-04-06 19:48:53,2017-04-06 19:56:48,1.0,9.8,7,19,Thursday
582030,2,230.0,164.0,1.28,2017-04-03 19:38:16,2017-04-03 19:51:01,1.0,13.56,12,19,Monday
397517,2,229.0,262.0,1.69,2017-04-06 19:35:28,2017-04-06 19:44:27,1.0,12.36,8,19,Thursday
283411,2,170.0,141.0,2.66,2017-04-05 19:53:13,2017-04-05 20:09:41,1.0,19.8,16,19,Wednesday
860124,1,163.0,161.0,0.6,2017-04-06 19:42:44,2017-04-06 19:49:35,1.0,7.8,6,19,Thursday
485196,1,151.0,239.0,1.1,2017-04-04 19:16:42,2017-04-04 19:23:06,1.0,9.95,6,19,Tuesday
806507,2,141.0,68.0,4.28,2017-04-04 19:54:02,2017-04-04 20:17:15,1.0,21.8,23,19,Tuesday
133155,2,138.0,191.0,10.98,2017-04-05 19:35:06,2017-04-05 20:08:18,1.0,44.16,33,19,Wednesday
619511,2,246.0,234.0,1.27,2017-04-05 19:32:18,2017-04-05 19:45:18,1.0,12.43,13,19,Wednesday
330793,2,162.0,170.0,0.75,2017-04-03 19:58:37,2017-04-03 20:01:04,1.0,7.56,2,19,Monday
679029,1,231.0,229.0,5.5,2017-04-04 19:38:42,2017-04-04 20:06:57,1.0,29.15,28,19,Tuesday
378662,1,161.0,170.0,0.6,2017-04-30 19:00:31,2017-04-30 19:06:00,0.0,7.85,5,19,Sunday
611389,1,50.0,163.0,0.8,2017-04-05 19:32:14,2017-04-05 19:36:43,1.0,8.15,4,19,Wednesday
657121,2,264.0,264.0,2.0,2017-04-03 19:40:13,2017-04-03 19:49:41,1.0,12.3,9,19,Monday
969706,1,170.0,79.0,1.4,2017-04-05 19:39:02,2017-04-05 19:46:53,1.0,10.3,7,19,Wednesday
142821,2,141.0,179.0,3.84,2017-04-05 19:37:27,2017-04-05 19:51:54,1.0,15.3,14,19,Wednesday
336120,2,148.0,236.0,5.03,2017-04-05 19:02:31,2017-04-05 19:35:13,1.0,29.76,32,19,Wednesday
433816,2,125.0,142.0,4.14,2017-04-03 19:51:35,2017-04-03 20:07:52,1.0,16.3,16,19,Monday
1016664,1,231.0,13.0,1.0,2017-04-03 19:32:32,2017-04-03 19:35:36,1.0,8.15,3,19,Monday
259195,1,107.0,79.0,1.0,2017-04-06 19:40:24,2017-04-06 19:48:00,1.0,10.55,7,19,Thursday
1006805,2,234.0,229.0,1.91,2017-04-05 19:44:16,2017-04-05 19:58:24,1.0,13.8,14,19,Wednesday
958061,1,231.0,7.0,8.8,2017-04-04 19:48:55,2017-04-04 20:20:16,1.0,32.3,31,19,Tuesday
214818,1,236.0,45.0,7.4,2017-04-06 19:11:13,2017-04-06 19:34:52,1.0,32.25,23,19,Thursday
964553,1,231.0,231.0,0.0,2017-04-05 19:43:07,2017-04-05 19:43:54,0.0,25.35,0,19,Wednesday
5285,2,45.0,211.0,1.34,2017-04-05 19:15:47,2017-04-05 19:28:26,1.0,12.5,12,19,Wednesday
486518,2,138.0,13.0,16.63,2017-04-04 19:20:44,2017-04-04 19:53:42,1.0,65.47,32,19,Tuesday
950679,1,13.0,137.0,4.9,2017-04-30 19:14:18,2017-04-30 19:28:18,0.0,16.8,14,19,Sunday
457037,1,158.0,186.0,1.2,2017-04-04 19:04:41,2017-04-04 19:13:37,1.0,9.3,8,19,Tuesday
713409,1,233.0,75.0,3.5,2017-04-06 19:10:10,2017-04-06 19:23:57,1.0,14.8,13,19,Thursday
618806,1,238.0,142.0,1.4,2017-04-05 19:10:15,2017-04-05 19:18:34,1.0,11.75,8,19,Wednesday
386597,2,140.0,141.0,0.3,2017-04-05 19:09:41,2017-04-05 19:11:25,1.0,5.3,1,19,Wednesday
297006,1,264.0,264.0,1.3,2017-04-04 19:24:19,2017-04-04 19:31:30,1.0,10.56,7,19,Tuesday
5347,1,90.0,144.0,2.0,2017-04-30 19:06:13,2017-04-30 19:24:48,0.0,16.55,18,19,Sunday
515823,2,161.0,239.0,1.68,2017-04-05 19:58:50,2017-04-05 20:09:38,1.0,13.5,10,19,Wednesday
373395,2,162.0,13.0,7.93,2017-04-03 19:53:21,2017-04-03 20:12:04,1.0,27.3,18,19,Monday
98560,1,230.0,48.0,0.3,2017-04-05 19:04:18,2017-04-05 19:06:47,1.0,6.35,2,19,Wednesday
56015,2,113.0,239.0,4.69,2017-04-04 19:50:00,2017-04-04 20:05:43,1.0,21.62,15,19,Tuesday
21509,2,159.0,168.0,0.6,2017-04-03 19:08:22,2017-04-03 19:12:11,1.0,6.3,3,19,Monday
856816,2,261.0,148.0,3.15,2017-04-03 19:05:02,2017-04-03 19:17:40,1.0,17.16,12,19,Monday
1036810,1,162.0,41.0,3.8,2017-04-03 19:49:56,2017-04-03 20:07:35,1.0,17.8,17,19,Monday
935813,1,162.0,224.0,2.1,2017-04-03 19:31:43,2017-04-03 19:43:50,1.0,14.15,12,19,Monday
666868,2,132.0,265.0,7.1,2017-04-04 19:26:57,2017-04-04 19:39:12,1.0,22.3,12,19,Tuesday
614895,1,238.0,141.0,2.1,2017-04-03 19:04:53,2017-04-03 19:13:37,1.0,10.8,8,19,Monday
268275,1,231.0,48.0,3.5,2017-04-04 19:00:53,2017-04-04 19:12:38,1.0,17.75,11,19,Tuesday
338212,2,140.0,236.0,1.03,2017-04-03 19:12:19,2017-04-03 19:17:13,1.0,8.76,4,19,Monday
555032,1,161.0,140.0,1.5,2017-04-04 19:13:41,2017-04-04 19:26:17,1.0,12.8,12,19,Tuesday
347593,2,138.0,166.0,9.04,2017-04-05 19:06:21,2017-04-05 19:34:55,1.0,44.47,28,19,Wednesday
674248,1,229.0,230.0,1.0,2017-04-04 19:27:01,2017-04-04 19:33:58,1.0,9.95,6,19,Tuesday
74208,2,107.0,79.0,0.95,2017-04-05 19:48:15,2017-04-05 19:55:48,1.0,9.3,7,19,Wednesday
273837,2,230.0,162.0,1.0,2017-04-05 19:50:40,2017-04-05 20:00:24,1.0,9.3,9,19,Wednesday
553968,1,75.0,236.0,0.9,2017-04-05 19:35:34,2017-04-05 19:39:32,1.0,6.8,3,19,Wednesday
828254,1,161.0,143.0,2.2,2017-04-04 19:12:09,2017-04-04 19:27:58,1.0,16.28,15,19,Tuesday
1015518,2,161.0,263.0,2.87,2017-04-03 19:53:48,2017-04-03 20:05:59,1.0,14.8,12,19,Monday
448756,1,48.0,142.0,0.5,2017-04-05 19:25:21,2017-04-05 19:28:20,1.0,7.25,2,19,Wednesday
353227,1,138.0,158.0,12.0,2017-04-03 19:42:49,2017-04-03 20:13:59,1.0,45.95,31,19,Monday
267895,2,163.0,237.0,0.85,2017-04-04 19:40:53,2017-04-04 19:48:14,1.0,8.3,7,19,Tuesday
818895,2,239.0,141.0,1.77,2017-04-03 19:03:49,2017-04-03 19:17:27,1.0,12.3,13,19,Monday
866210,2,161.0,43.0,1.41,2017-04-06 19:24:09,2017-04-06 19:34:20,1.0,12.36,10,19,Thursday
737031,2,142.0,143.0,1.05,2017-04-04 19:04:15,2017-04-04 19:16:03,1.0,12.96,11,19,Tuesday
295563,1,68.0,261.0,5.2,2017-04-04 19:35:07,2017-04-04 20:02:35,1.0,27.35,27,19,Tuesday
519880,1,249.0,48.0,1.9,2017-04-04 19:31:18,2017-04-04 19:41:13,1.0,10.8,9,19,Tuesday
948041,1,141.0,263.0,0.7,2017-04-04 19:14:37,2017-04-04 19:17:04,1.0,7.85,2,19,Tuesday
441467,2,237.0,246.0,2.86,2017-04-05 19:52:12,2017-04-05 20:13:54,1.0,20.16,21,19,Wednesday
511115,1,141.0,236.0,0.5,2017-04-04 19:30:27,2017-04-04 19:32:56,1.0,6.95,2,19,Tuesday
751937,2,142.0,142.0,0.37,2017-04-04 19:08:18,2017-04-04 19:11:14,1.0,5.8,2,19,Tuesday
552367,1,234.0,230.0,1.6,2017-04-04 19:55:23,2017-04-04 20:08:59,1.0,14.15,13,19,Tuesday
14644,1,211.0,211.0,0.0,2017-04-06 19:57:05,2017-04-06 20:01:28,0.5,6.95,4,19,Thursday
339907,2,132.0,138.0,12.11,2017-04-06 19:58:22,2017-04-06 20:18:48,1.0,34.8,20,19,Thursday
825418,1,264.0,264.0,1.1,2017-04-04 19:36:57,2017-04-04 19:42:10,1.0,8.97,5,19,Tuesday
884081,2,142.0,68.0,2.47,2017-04-04 19:02:56,2017-04-04 19:21:32,1.0,18.36,18,19,Tuesday
897762,2,68.0,144.0,1.75,2017-04-05 19:11:07,2017-04-05 19:26:53,1.0,15.36,15,19,Wednesday
147628,2,170.0,236.0,2.74,2017-04-04 19:22:17,2017-04-04 19:35:53,1.0,15.96,13,19,Tuesday
489780,2,249.0,186.0,1.06,2017-04-06 19:13:50,2017-04-06 19:21:34,1.0,9.96,7,19,Thursday
956449,1,234.0,79.0,1.0,2017-04-05 19:16:32,2017-04-05 19:29:42,1.0,12.8,13,19,Wednesday
360560,1,100.0,246.0,0.6,2017-04-30 19:07:37,2017-04-30 19:13:23,0.0,7.56,5,19,Sunday
519006,1,137.0,263.0,3.7,2017-04-05 19:10:03,2017-04-05 19:31:50,1.0,19.0,21,19,Wednesday
854131,1,79.0,231.0,1.1,2017-04-05 19:19:07,2017-04-05 19:28:31,1.0,9.8,9,19,Wednesday
415566,2,164.0,186.0,0.83,2017-04-03 19:33:02,2017-04-03 19:37:30,1.0,8.16,4,19,Monday
205597,2,138.0,40.0,12.7,2017-04-06 19:10:06,2017-04-06 19:45:00,1.0,49.79,34,19,Thursday
767428,2,87.0,87.0,0.21,2017-04-04 19:50:55,2017-04-04 19:51:54,1.0,4.8,0,19,Tuesday
378653,2,48.0,48.0,0.28,2017-04-03 19:28:36,2017-04-03 19:30:16,1.0,5.3,1,19,Monday
691163,1,162.0,75.0,2.5,2017-04-04 19:32:57,2017-04-04 19:42:09,1.0,11.8,9,19,Tuesday
102199,2,230.0,232.0,5.24,2017-04-06 19:33:51,2017-04-06 20:00:08,1.0,27.96,26,19,Thursday
1032298,2,143.0,142.0,0.67,2017-04-04 19:05:01,2017-04-04 19:11:18,1.0,7.8,6,19,Tuesday
362781,1,161.0,113.0,1.8,2017-04-04 19:03:29,2017-04-04 19:18:06,1.0,14.75,14,19,Tuesday
313482,2,161.0,229.0,0.7,2017-04-05 19:42:24,2017-04-05 19:49:20,1.0,9.36,6,19,Wednesday
241842,2,164.0,161.0,1.18,2017-04-05 19:18:41,2017-04-05 19:27:00,1.0,9.8,8,19,Wednesday
93734,1,143.0,142.0,0.4,2017-04-04 19:09:44,2017-04-04 19:14:04,1.0,7.55,4,19,Tuesday
398868,1,144.0,211.0,0.4,2017-04-06 19:03:01,2017-04-06 19:10:16,1.0,7.8,7,19,Thursday
310626,1,114.0,164.0,1.8,2017-04-04 19:02:21,2017-04-04 19:17:50,1.0,12.8,15,19,Tuesday
72229,1,237.0,262.0,2.1,2017-04-06 19:55:54,2017-04-06 20:03:47,1.0,11.75,7,19,Thursday
1010963,2,90.0,79.0,1.4,2017-04-30 19:09:16,2017-04-30 19:19:08,0.0,10.56,9,19,Sunday
20329,1,163.0,239.0,2.1,2017-04-03 19:02:22,2017-04-03 19:17:46,1.0,14.3,15,19,Monday
618894,2,170.0,186.0,0.7,2017-04-06 19:38:53,2017-04-06 19:49:21,1.0,11.16,10,19,Thursday
405376,2,230.0,151.0,3.0,2017-04-03 19:51:04,2017-04-03 20:04:49,1.0,13.8,13,19,Monday
693241,1,132.0,163.0,18.4,2017-04-04 19:40:05,2017-04-04 20:16:45,4.5,75.66,36,19,Tuesday
30499,1,138.0,161.0,10.8,2017-04-04 19:16:40,2017-04-04 19:38:29,1.0,46.27,21,19,Tuesday
354609,2,170.0,186.0,0.91,2017-04-06 19:17:15,2017-04-06 19:25:39,1.0,9.0,8,19,Thursday
51623,1,151.0,238.0,1.0,2017-04-03 19:03:07,2017-04-03 19:08:16,1.0,9.35,5,19,Monday
185087,1,246.0,234.0,1.2,2017-04-03 19:55:57,2017-04-03 20:04:17,1.0,11.16,8,19,Monday
417088,1,68.0,68.0,0.2,2017-04-05 19:38:00,2017-04-05 19:43:06,1.0,8.05,5,19,Wednesday
958170,2,161.0,236.0,1.94,2017-04-05 19:36:47,2017-04-05 19:46:14,1.0,11.8,9,19,Wednesday
629320,2,162.0,237.0,1.28,2017-04-03 19:07:52,2017-04-03 19:12:35,1.0,9.36,4,19,Monday
148576,2,236.0,263.0,1.02,2017-04-04 19:40:08,2017-04-04 19:46:40,1.0,10.79,6,19,Tuesday
174407,1,262.0,237.0,1.6,2017-04-03 19:04:12,2017-04-03 19:14:09,1.0,10.3,9,19,Monday
658325,2,48.0,141.0,3.02,2017-04-06 19:54:19,2017-04-06 20:11:19,1.0,16.55,17,19,Thursday
647523,2,234.0,249.0,0.83,2017-04-06 19:46:51,2017-04-06 19:51:31,1.0,8.16,4,19,Thursday
551706,1,239.0,236.0,1.7,2017-04-30 19:08:37,2017-04-30 19:20:14,0.0,12.35,11,19,Sunday
201464,2,164.0,107.0,1.77,2017-04-06 19:40:47,2017-04-06 19:53:08,1.0,14.12,12,19,Thursday
844107,1,148.0,170.0,2.6,2017-04-30 19:10:04,2017-04-30 19:23:19,0.0,12.3,13,19,Sunday
651301,2,144.0,231.0,0.47,2017-04-06 19:41:53,2017-04-06 19:45:38,1.0,7.56,3,19,Thursday
462359,2,170.0,79.0,1.57,2017-04-05 19:42:01,2017-04-05 19:52:50,1.0,11.88,10,19,Wednesday
636929,2,43.0,43.0,1.0,2017-04-30 19:07:12,2017-04-30 19:12:04,0.0,8.0,4,19,Sunday
559490,2,163.0,163.0,1.1,2017-04-06 19:54:40,2017-04-06 20:05:01,1.0,9.8,10,19,Thursday
52321,1,229.0,262.0,1.2,2017-04-06 19:05:03,2017-04-06 19:13:38,1.0,11.0,8,19,Thursday
92472,1,162.0,181.0,8.7,2017-04-03 19:25:12,2017-04-03 19:55:43,1.0,34.8,30,19,Monday
216745,2,163.0,161.0,0.84,2017-04-05 19:33:04,2017-04-05 19:38:46,1.0,7.8,5,19,Wednesday
684769,2,138.0,137.0,8.93,2017-04-06 19:30:50,2017-04-06 19:59:37,1.0,43.06,28,19,Thursday
975107,1,79.0,107.0,1.3,2017-04-05 19:50:14,2017-04-05 19:56:46,1.0,9.95,6,19,Wednesday
820124,1,237.0,238.0,2.1,2017-04-04 19:03:46,2017-04-04 19:12:23,1.0,11.8,8,19,Tuesday
11874,1,230.0,182.0,12.5,2017-04-06 19:23:00,2017-04-06 19:57:52,1.0,43.0,34,19,Thursday
976357,2,107.0,236.0,2.96,2017-04-05 19:33:35,2017-04-05 19:51:46,1.0,18.96,18,19,Wednesday
171085,2,161.0,52.0,7.51,2017-04-06 19:50:37,2017-04-06 20:19:56,1.0,31.8,29,19,Thursday
754525,1,161.0,237.0,0.6,2017-04-05 19:48:36,2017-04-05 19:53:46,1.0,7.3,5,19,Wednesday
890762,1,87.0,211.0,1.2,2017-04-03 19:30:20,2017-04-03 19:41:02,1.0,12.35,10,19,Monday
132006,2,88.0,229.0,5.53,2017-04-05 19:22:55,2017-04-05 19:32:59,1.0,22.56,10,19,Wednesday
300023,2,161.0,164.0,0.92,2017-04-06 19:51:03,2017-04-06 19:59:34,1.0,10.56,8,19,Thursday
93140,2,162.0,87.0,5.32,2017-04-03 19:44:46,2017-04-03 19:57:54,1.0,22.56,13,19,Monday
4810,1,230.0,186.0,1.0,2017-04-04 19:17:41,2017-04-04 19:29:08,1.0,12.35,11,19,Tuesday
322734,1,164.0,40.0,6.9,2017-04-04 19:42:48,2017-04-04 20:04:38,1.0,29.75,21,19,Tuesday
626748,2,239.0,263.0,1.5,2017-04-06 19:50:25,2017-04-06 19:59:34,1.0,10.8,9,19,Thursday
642725,2,79.0,107.0,1.17,2017-04-05 19:34:48,2017-04-05 19:42:03,1.0,8.8,7,19,Wednesday
115032,2,234.0,148.0,1.9,2017-04-03 19:08:20,2017-04-03 19:23:41,1.0,14.3,15,19,Monday
509272,2,48.0,48.0,0.42,2017-04-03 19:27:30,2017-04-03 19:29:33,1.0,5.3,2,19,Monday
404955,2,161.0,236.0,2.05,2017-04-05 19:45:24,2017-04-05 19:55:07,1.0,12.96,9,19,Wednesday
511461,1,13.0,181.0,5.1,2017-04-06 19:23:30,2017-04-06 19:47:50,1.0,29.56,24,19,Thursday
362048,1,158.0,246.0,1.2,2017-04-06 19:17:40,2017-04-06 19:22:22,1.0,8.8,4,19,Thursday
27839,2,90.0,161.0,1.78,2017-04-30 19:17:12,2017-04-30 19:25:21,0.0,8.8,8,19,Sunday
714342,1,144.0,48.0,3.6,2017-04-30 19:07:27,2017-04-30 19:36:44,0.0,19.8,29,19,Sunday
313762,1,239.0,262.0,1.9,2017-04-06 19:35:17,2017-04-06 19:44:06,1.0,12.3,8,19,Thursday
161634,1,179.0,174.0,9.9,2017-04-05 19:39:27,2017-04-05 20:12:43,1.0,39.56,33,19,Wednesday
554750,1,163.0,89.0,11.6,2017-04-05 19:40:16,2017-04-05 20:28:00,1.0,57.67,47,19,Wednesday
705601,1,170.0,79.0,2.0,2017-04-03 19:09:24,2017-04-03 19:24:16,1.0,14.8,14,19,Monday
232289,1,230.0,41.0,4.2,2017-04-03 19:04:00,2017-04-03 19:17:59,1.0,19.55,13,19,Monday
221048,1,230.0,186.0,1.2,2017-04-03 19:26:45,2017-04-03 19:37:00,1.0,9.8,10,19,Monday
905424,1,107.0,113.0,0.7,2017-04-04 19:16:52,2017-04-04 19:21:28,1.0,7.84,4,19,Tuesday
954772,1,48.0,230.0,0.6,2017-04-06 19:26:11,2017-04-06 19:34:16,1.0,8.3,8,19,Thursday
707270,1,186.0,249.0,0.7,2017-04-06 19:15:44,2017-04-06 19:20:15,1.0,6.8,4,19,Thursday
941379,2,79.0,68.0,2.93,2017-04-03 19:38:06,2017-04-03 19:56:12,1.0,18.96,18,19,Monday
731462,1,239.0,233.0,2.7,2017-04-04 19:14:39,2017-04-04 19:35:34,1.0,20.15,20,19,Tuesday
129738,1,162.0,144.0,3.5,2017-04-04 19:35:56,2017-04-04 19:59:12,1.0,18.8,23,19,Tuesday
519489,2,138.0,113.0,10.46,2017-04-06 19:57:43,2017-04-06 20:31:20,1.0,49.87,33,19,Thursday
609255,1,237.0,138.0,9.5,2017-04-03 19:07:32,2017-04-03 19:29:37,1.0,43.81,22,19,Monday
907404,1,141.0,237.0,0.5,2017-04-03 19:27:47,2017-04-03 19:31:41,1.0,7.55,3,19,Monday
5392,2,234.0,138.0,10.54,2017-04-04 19:13:04,2017-04-04 20:05:33,1.0,57.67,52,19,Tuesday
658192,2,162.0,237.0,1.16,2017-04-06 19:35:36,2017-04-06 19:42:56,1.0,8.8,7,19,Thursday
680108,1,137.0,67.0,12.1,2017-04-05 19:07:21,2017-04-05 19:33:17,1.0,43.55,25,19,Wednesday
428242,1,113.0,100.0,2.3,2017-04-04 19:35:28,2017-04-04 19:52:54,1.0,17.85,17,19,Tuesday
553544,2,231.0,125.0,0.66,2017-04-05 19:33:58,2017-04-05 19:39:44,1.0,7.3,5,19,Wednesday
349685,1,138.0,230.0,8.2,2017-04-03 19:52:41,2017-04-03 20:30:30,1.0,37.3,37,19,Monday
353428,1,261.0,230.0,4.5,2017-04-05 19:55:10,2017-04-05 20:14:00,1.0,23.15,18,19,Wednesday
1006990,2,144.0,249.0,1.52,2017-04-05 19:30:46,2017-04-05 19:38:13,1.0,10.56,7,19,Wednesday
563999,2,107.0,90.0,1.16,2017-04-04 19:28:43,2017-04-04 19:39:38,1.0,9.8,10,19,Tuesday
579616,2,161.0,239.0,2.15,2017-04-03 19:56:03,2017-04-03 20:06:06,1.0,11.3,10,19,Monday
680704,2,209.0,132.0,25.2,2017-04-30 19:03:07,2017-04-30 20:01:37,0.0,73.2,58,19,Sunday
480899,2,143.0,239.0,0.99,2017-04-05 19:38:33,2017-04-05 19:42:37,1.0,7.3,4,19,Wednesday
146364,2,229.0,239.0,2.77,2017-04-30 19:17:06,2017-04-30 19:28:55,0.0,11.8,11,19,Sunday
231916,1,90.0,238.0,4.0,2017-04-04 19:59:33,2017-04-04 20:18:25,0.5,20.75,18,19,Tuesday
51247,2,231.0,158.0,1.07,2017-04-05 19:48:37,2017-04-05 19:54:04,1.0,9.36,5,19,Wednesday
637557,2,170.0,68.0,2.02,2017-04-05 19:38:54,2017-04-05 19:53:16,1.0,15.36,14,19,Wednesday
153385,2,142.0,239.0,0.84,2017-04-05 19:33:01,2017-04-05 19:38:40,1.0,9.75,5,19,Wednesday
872467,1,236.0,140.0,0.4,2017-04-30 19:17:02,2017-04-30 19:18:34,0.0,5.35,1,19,Sunday
948843,2,163.0,141.0,0.79,2017-04-03 19:32:16,2017-04-03 19:36:42,1.0,6.8,4,19,Monday
451006,2,264.0,264.0,2.46,2017-04-30 19:09:03,2017-04-30 19:22:43,0.0,14.76,13,19,Sunday
412198,1,162.0,164.0,1.5,2017-04-06 19:15:07,2017-04-06 19:26:04,1.0,12.85,10,19,Thursday
815285,2,79.0,144.0,1.31,2017-04-04 19:49:52,2017-04-04 20:01:30,1.0,10.8,11,19,Tuesday
784812,2,114.0,170.0,2.14,2017-04-04 19:15:36,2017-04-04 19:31:44,1.0,16.56,16,19,Tuesday
237583,1,142.0,220.0,9.6,2017-04-04 19:08:47,2017-04-04 19:30:38,1.0,39.44,21,19,Tuesday
919225,2,68.0,161.0,1.6,2017-04-06 19:42:06,2017-04-06 19:59:19,1.0,13.8,17,19,Thursday
38024,2,107.0,79.0,0.91,2017-04-04 19:51:59,2017-04-04 19:56:10,1.0,7.8,4,19,Tuesday
422919,2,48.0,249.0,2.14,2017-04-06 19:23:10,2017-04-06 19:35:03,1.0,14.16,11,19,Thursday
717403,2,246.0,186.0,0.76,2017-04-03 19:02:37,2017-04-03 19:07:41,1.0,7.82,5,19,Monday
711058,2,236.0,142.0,1.6,2017-04-03 19:04:37,2017-04-03 19:10:07,1.0,10.56,5,19,Monday
231404,1,185.0,242.0,1.0,2017-04-30 19:12:50,2017-04-30 19:17:47,0.0,6.3,4,19,Sunday
283245,2,186.0,170.0,1.35,2017-04-04 19:46:11,2017-04-04 19:58:38,1.0,12.96,12,19,Tuesday
673750,1,211.0,113.0,0.9,2017-04-03 19:36:27,2017-04-03 19:43:28,1.0,9.35,7,19,Monday
97028,2,114.0,125.0,0.52,2017-04-04 19:19:40,2017-04-04 19:23:38,1.0,6.3,3,19,Tuesday
27407,2,68.0,13.0,2.16,2017-04-05 19:19:59,2017-04-05 19:33:34,1.0,14.76,13,19,Wednesday
691410,2,238.0,142.0,1.72,2017-04-30 19:14:37,2017-04-30 19:24:10,0.0,12.25,9,19,Sunday
608563,1,170.0,237.0,1.8,2017-04-03 19:32:55,2017-04-03 19:39:34,1.0,9.3,6,19,Monday
213674,2,161.0,230.0,0.85,2017-04-05 19:26:17,2017-04-05 19:42:55,1.0,12.8,16,19,Wednesday
816340,1,163.0,107.0,2.1,2017-04-06 19:38:57,2017-04-06 19:56:07,1.0,16.55,17,19,Thursday
720890,2,140.0,142.0,1.51,2017-04-04 19:43:48,2017-04-04 19:52:26,1.0,10.23,8,19,Tuesday
780003,2,88.0,50.0,4.92,2017-04-03 19:41:20,2017-04-03 19:58:24,1.0,22.56,17,19,Monday
436125,1,230.0,237.0,0.8,2017-04-03 19:16:59,2017-04-03 19:27:09,1.0,11.75,10,19,Monday
247931,2,138.0,229.0,6.92,2017-04-06 19:29:58,2017-04-06 19:52:46,1.0,25.3,22,19,Thursday
8484,2,142.0,236.0,1.9,2017-04-06 19:17:39,2017-04-06 19:27:39,1.0,12.3,10,19,Thursday
49213,1,170.0,1.0,16.7,2017-04-04 19:46:59,2017-04-04 20:17:34,1.0,93.35,30,19,Tuesday
614328,2,79.0,261.0,1.74,2017-04-03 19:41:18,2017-04-03 19:51:46,1.0,13.56,10,19,Monday
748065,2,224.0,151.0,6.27,2017-04-05 19:22:22,2017-04-05 19:48:56,1.0,29.16,26,19,Wednesday
598354,2,161.0,164.0,0.58,2017-04-06 19:23:18,2017-04-06 19:28:42,1.0,7.88,5,19,Thursday
725692,2,164.0,170.0,0.5,2017-04-04 19:23:03,2017-04-04 19:29:22,1.0,9.12,6,19,Tuesday
370817,2,132.0,134.0,16.08,2017-04-06 19:20:32,2017-04-06 19:57:20,1.0,62.14,36,19,Thursday
611865,1,233.0,163.0,2.1,2017-04-05 19:10:51,2017-04-05 19:28:17,1.0,15.3,17,19,Wednesday
422127,1,141.0,229.0,1.0,2017-04-03 19:26:25,2017-04-03 19:33:40,1.0,10.55,7,19,Monday
930341,2,233.0,138.0,9.25,2017-04-06 19:17:47,2017-04-06 19:36:48,1.0,40.87,19,19,Thursday
573878,2,263.0,74.0,1.77,2017-04-05 19:39:09,2017-04-05 19:44:36,1.0,10.56,5,19,Wednesday
210661,1,113.0,164.0,1.4,2017-04-05 19:27:41,2017-04-05 19:37:35,1.0,11.75,9,19,Wednesday
5001,2,239.0,233.0,3.09,2017-04-06 19:33:36,2017-04-06 19:52:44,1.0,19.56,19,19,Thursday
362813,2,79.0,79.0,0.73,2017-04-06 19:28:20,2017-04-06 19:37:56,1.0,9.3,9,19,Thursday
212912,1,239.0,263.0,1.5,2017-04-05 19:07:55,2017-04-05 19:15:16,1.0,11.15,7,19,Wednesday
186572,1,138.0,107.0,8.9,2017-04-05 19:49:45,2017-04-05 20:14:28,0.5,42.06,24,19,Wednesday
211675,2,140.0,262.0,1.32,2017-04-05 19:47:10,2017-04-05 19:51:56,1.0,8.97,4,19,Wednesday
523651,1,148.0,80.0,3.1,2017-04-05 19:42:56,2017-04-05 19:54:55,1.0,18.55,11,19,Wednesday
689907,2,161.0,229.0,0.63,2017-04-04 19:44:39,2017-04-04 19:48:50,1.0,7.56,4,19,Tuesday
191334,2,68.0,68.0,0.6,2017-04-30 19:06:19,2017-04-30 19:10:08,0.0,5.3,3,19,Sunday
271117,1,88.0,125.0,1.7,2017-04-05 19:29:51,2017-04-05 19:38:57,1.0,12.35,9,19,Wednesday
976560,1,236.0,43.0,0.7,2017-04-06 19:22:29,2017-04-06 19:26:23,1.0,8.15,3,19,Thursday
939075,1,161.0,114.0,2.4,2017-04-05 19:24:07,2017-04-05 19:42:27,1.0,17.75,18,19,Wednesday
44432,1,132.0,177.0,8.7,2017-04-04 19:24:03,2017-04-04 19:45:05,1.0,28.3,21,19,Tuesday
625694,1,230.0,166.0,3.5,2017-04-05 19:43:13,2017-04-05 20:05:08,1.0,21.95,21,19,Wednesday
477635,1,43.0,107.0,4.1,2017-04-06 19:41:48,2017-04-06 20:03:38,1.0,18.8,21,19,Thursday
70867,2,234.0,231.0,2.6,2017-04-05 19:49:49,2017-04-05 20:06:37,1.0,18.59,16,19,Wednesday
1009361,2,114.0,234.0,0.85,2017-04-04 19:55:06,2017-04-04 19:59:13,1.0,6.8,4,19,Tuesday
37018,1,161.0,100.0,0.8,2017-04-03 19:12:12,2017-04-03 19:17:09,1.0,9.1,4,19,Monday
351988,1,79.0,138.0,9.6,2017-04-06 19:03:59,2017-04-06 19:26:57,1.0,43.26,22,19,Thursday
830210,1,236.0,238.0,1.5,2017-04-06 19:39:58,2017-04-06 19:49:18,0.5,11.6,9,19,Thursday
699324,2,162.0,161.0,0.78,2017-04-04 19:22:19,2017-04-04 19:28:52,1.0,9.36,6,19,Tuesday
499611,1,233.0,263.0,3.1,2017-04-04 19:55:41,2017-04-04 20:04:38,0.5,12.3,8,19,Tuesday
967633,2,161.0,234.0,1.32,2017-04-05 19:10:57,2017-04-05 19:23:57,1.0,10.8,13,19,Wednesday
455704,2,237.0,79.0,3.26,2017-04-05 19:41:52,2017-04-05 20:03:55,1.0,20.76,22,19,Wednesday
939831,2,236.0,263.0,0.66,2017-04-04 19:25:17,2017-04-04 19:28:14,1.0,6.96,2,19,Tuesday
133421,1,239.0,238.0,0.8,2017-04-03 19:20:12,2017-04-03 19:24:23,1.0,6.8,4,19,Monday
679773,2,256.0,49.0,2.03,2017-04-03 19:40:03,2017-04-03 19:58:21,1.0,17.16,18,19,Monday
539389,2,233.0,107.0,1.41,2017-04-05 19:08:43,2017-04-05 19:16:00,1.0,9.3,7,19,Wednesday
230988,1,132.0,7.0,14.0,2017-04-05 19:30:36,2017-04-05 19:56:11,1.0,40.8,25,19,Wednesday
535054,1,234.0,186.0,0.7,2017-04-04 19:13:49,2017-04-04 19:18:49,1.0,6.8,5,19,Tuesday
135455,2,114.0,229.0,3.19,2017-04-06 19:11:59,2017-04-06 19:30:46,1.0,17.8,18,19,Thursday
709566,1,162.0,151.0,3.8,2017-04-04 19:36:00,2017-04-04 19:58:11,1.0,19.8,22,19,Tuesday
912147,2,141.0,162.0,1.11,2017-04-06 19:03:55,2017-04-06 19:13:46,1.0,11.76,9,19,Thursday
589649,2,142.0,68.0,2.92,2017-04-30 19:04:57,2017-04-30 19:23:14,0.0,18.59,18,19,Sunday
271167,1,24.0,142.0,2.3,2017-04-04 19:51:52,2017-04-04 20:00:52,0.5,11.3,9,19,Tuesday
1032153,1,263.0,141.0,0.7,2017-04-05 19:31:31,2017-04-05 19:34:38,1.0,6.3,3,19,Wednesday
567582,1,246.0,90.0,1.6,2017-04-05 19:30:32,2017-04-05 19:49:17,1.0,14.8,18,19,Wednesday
607116,1,236.0,238.0,0.8,2017-04-05 19:39:33,2017-04-05 19:44:06,1.0,8.75,4,19,Wednesday
213249,2,142.0,143.0,0.92,2017-04-03 19:11:21,2017-04-03 19:18:53,1.0,8.3,7,19,Monday
469521,2,229.0,137.0,1.22,2017-04-04 19:22:59,2017-04-04 19:27:54,1.0,8.5,4,19,Tuesday
20911,2,229.0,151.0,4.71,2017-04-04 19:10:48,2017-04-04 19:42:26,1.0,28.56,31,19,Tuesday
556805,2,132.0,33.0,14.04,2017-04-03 19:19:01,2017-04-03 20:07:33,1.0,57.36,48,19,Monday
53119,1,161.0,100.0,1.1,2017-04-04 19:33:31,2017-04-04 19:43:25,1.0,11.15,9,19,Tuesday
567989,2,142.0,263.0,2.15,2017-04-06 19:21:23,2017-04-06 19:34:42,1.0,12.3,13,19,Thursday
446957,2,234.0,68.0,1.23,2017-04-05 19:27:24,2017-04-05 19:36:13,1.0,9.3,8,19,Wednesday
762831,1,263.0,239.0,1.8,2017-04-05 19:01:47,2017-04-05 19:10:45,1.0,10.3,8,19,Wednesday
752915,2,164.0,246.0,1.68,2017-04-04 19:44:38,2017-04-04 20:00:49,1.0,14.41,16,19,Tuesday
432418,2,163.0,263.0,2.23,2017-04-05 19:35:10,2017-04-05 19:45:32,1.0,14.16,10,19,Wednesday
574934,1,161.0,26.0,12.7,2017-04-05 19:24:21,2017-04-05 20:12:57,1.0,45.3,48,19,Wednesday
158098,2,170.0,237.0,1.4,2017-04-05 19:56:34,2017-04-05 20:06:00,1.0,11.3,9,19,Wednesday
558863,2,162.0,234.0,1.16,2017-04-04 19:35:21,2017-04-04 19:44:59,1.0,10.3,9,19,Tuesday
905300,2,239.0,151.0,1.59,2017-04-06 19:20:38,2017-04-06 19:29:53,1.0,10.8,9,19,Thursday
1033068,2,236.0,43.0,0.64,2017-04-06 19:00:52,2017-04-06 19:04:02,1.0,6.3,3,19,Thursday
931050,2,237.0,230.0,2.06,2017-04-05 19:12:09,2017-04-05 19:31:43,1.0,14.8,19,19,Wednesday
801294,2,231.0,87.0,0.47,2017-04-05 19:49:56,2017-04-05 19:53:48,1.0,7.7,3,19,Wednesday
4795,2,137.0,25.0,6.28,2017-04-05 19:39:09,2017-04-05 19:58:03,1.0,26.16,18,19,Wednesday
964975,2,263.0,75.0,0.89,2017-04-30 19:01:36,2017-04-30 19:05:28,0.0,6.96,3,19,Sunday
816681,2,262.0,236.0,0.62,2017-04-05 19:42:12,2017-04-05 19:46:42,1.0,8.5,4,19,Wednesday
28278,2,48.0,43.0,0.93,2017-04-03 19:25:34,2017-04-03 19:28:29,1.0,7.56,2,19,Monday
388828,1,141.0,62.0,10.2,2017-04-04 19:44:09,2017-04-04 20:18:49,1.0,35.8,34,19,Tuesday
898773,2,141.0,74.0,2.15,2017-04-05 19:41:23,2017-04-05 19:47:40,1.0,11.76,6,19,Wednesday
665998,1,186.0,113.0,1.4,2017-04-05 19:34:56,2017-04-05 19:48:02,1.0,12.8,13,19,Wednesday
792631,2,50.0,143.0,1.2,2017-04-06 19:05:20,2017-04-06 19:10:40,1.0,9.36,5,19,Thursday
424026,1,43.0,140.0,1.8,2017-04-06 19:44:01,2017-04-06 19:55:47,0.5,13.55,11,19,Thursday
911046,2,170.0,48.0,1.18,2017-04-03 19:35:41,2017-04-03 19:46:37,1.0,12.36,10,19,Monday
747068,2,230.0,107.0,2.19,2017-04-06 19:19:13,2017-04-06 19:47:36,1.0,19.3,28,19,Thursday
714856,1,162.0,68.0,2.3,2017-04-04 19:10:50,2017-04-04 19:32:20,1.0,19.55,21,19,Tuesday
378467,1,148.0,80.0,2.9,2017-04-06 19:58:16,2017-04-06 20:11:15,0.5,13.8,12,19,Thursday
909830,2,163.0,230.0,0.89,2017-04-06 19:37:18,2017-04-06 19:44:17,1.0,8.3,6,19,Thursday
264861,1,132.0,265.0,6.0,2017-04-04 19:45:54,2017-04-04 20:00:42,1.0,22.3,14,19,Tuesday
464522,1,161.0,161.0,0.2,2017-04-05 19:07:50,2017-04-05 19:11:45,1.0,5.8,3,19,Wednesday
289438,1,90.0,137.0,0.8,2017-04-03 19:33:03,2017-04-03 19:39:07,1.0,7.3,6,19,Monday
818388,2,237.0,260.0,4.26,2017-04-06 19:09:18,2017-04-06 19:23:31,1.0,18.3,14,19,Thursday
451887,2,170.0,141.0,2.08,2017-04-05 19:52:13,2017-04-05 20:04:59,1.0,12.3,12,19,Wednesday
317873,2,164.0,158.0,1.83,2017-04-06 19:51:58,2017-04-06 20:04:35,1.0,11.3,12,19,Thursday
438176,2,113.0,144.0,1.24,2017-04-05 19:19:13,2017-04-05 19:30:08,1.0,12.36,10,19,Wednesday
440530,1,249.0,137.0,2.4,2017-04-30 19:03:15,2017-04-30 19:19:49,0.0,15.35,16,19,Sunday
469927,2,100.0,229.0,1.76,2017-04-06 19:38:46,2017-04-06 19:53:17,1.0,14.76,14,19,Thursday
670876,2,263.0,143.0,2.92,2017-04-05 19:08:40,2017-04-05 19:24:34,1.0,18.5,15,19,Wednesday
588532,1,233.0,66.0,5.8,2017-04-05 19:24:56,2017-04-05 19:48:34,1.0,26.75,23,19,Wednesday
927577,2,229.0,230.0,1.58,2017-04-04 19:10:26,2017-04-04 19:22:49,1.0,12.96,12,19,Tuesday
393922,2,143.0,246.0,1.15,2017-04-06 19:10:54,2017-04-06 19:18:54,1.0,10.8,8,19,Thursday
637807,1,43.0,142.0,0.7,2017-04-06 19:40:12,2017-04-06 19:44:45,1.0,8.15,4,19,Thursday
153898,2,170.0,229.0,1.13,2017-04-06 19:51:44,2017-04-06 19:58:12,1.0,8.8,6,19,Thursday
817987,1,170.0,236.0,2.9,2017-04-04 19:45:36,2017-04-04 19:57:43,1.0,16.55,12,19,Tuesday
367178,1,79.0,231.0,1.0,2017-04-04 19:20:59,2017-04-04 19:28:10,1.0,9.3,7,19,Tuesday
628249,1,161.0,137.0,1.2,2017-04-06 19:26:28,2017-04-06 19:35:30,1.0,11.15,9,19,Thursday
421736,1,113.0,249.0,0.7,2017-04-04 19:02:32,2017-04-04 19:07:36,1.0,8.75,5,19,Tuesday
906845,1,261.0,232.0,2.3,2017-04-06 19:26:08,2017-04-06 19:52:01,1.0,18.3,25,19,Thursday
808387,2,100.0,50.0,0.99,2017-04-06 19:21:58,2017-04-06 19:30:43,1.0,11.16,8,19,Thursday
149651,2,237.0,141.0,0.74,2017-04-05 19:58:58,2017-04-05 20:02:17,1.0,7.56,3,19,Wednesday
399527,2,48.0,48.0,0.9,2017-04-03 19:00:52,2017-04-03 19:05:58,1.0,7.3,5,19,Monday
454920,2,211.0,148.0,1.27,2017-04-03 19:17:13,2017-04-03 19:30:25,1.0,13.56,13,19,Monday
668120,1,140.0,237.0,1.2,2017-04-04 19:28:12,2017-04-04 19:35:38,1.0,8.8,7,19,Tuesday
547336,1,141.0,140.0,1.0,2017-04-30 19:07:19,2017-04-30 19:14:17,0.0,7.3,6,19,Sunday
1012581,2,162.0,144.0,3.2,2017-04-04 19:21:23,2017-04-04 19:49:50,1.0,24.75,28,19,Tuesday
861967,2,186.0,170.0,0.95,2017-04-05 19:41:54,2017-04-05 19:55:21,1.0,11.3,13,19,Wednesday
971297,2,138.0,260.0,4.3,2017-04-04 19:19:41,2017-04-04 19:33:12,1.0,17.3,13,19,Tuesday
62139,2,163.0,114.0,3.1,2017-04-04 19:26:36,2017-04-04 19:50:19,1.0,21.96,23,19,Tuesday
640413,1,239.0,238.0,1.1,2017-04-30 19:09:39,2017-04-30 19:16:49,0.0,7.8,7,19,Sunday
780233,2,163.0,186.0,1.64,2017-04-03 19:19:39,2017-04-03 19:28:43,1.0,11.76,9,19,Monday
867079,1,161.0,236.0,1.6,2017-04-04 19:12:41,2017-04-04 19:20:47,1.0,10.3,8,19,Tuesday
722343,2,231.0,33.0,2.44,2017-04-06 19:54:20,2017-04-06 20:10:19,1.0,15.96,15,19,Thursday
764008,2,162.0,13.0,4.98,2017-04-06 19:30:10,2017-04-06 20:02:14,1.0,27.8,32,19,Thursday
773550,1,234.0,148.0,2.2,2017-04-05 19:14:58,2017-04-05 19:32:44,1.0,17.15,17,19,Wednesday
184693,2,246.0,161.0,2.12,2017-04-06 19:08:13,2017-04-06 19:25:52,1.0,14.3,17,19,Thursday
111339,1,145.0,223.0,3.5,2017-04-06 19:22:16,2017-04-06 19:35:53,1.0,14.8,13,19,Thursday
328243,1,143.0,68.0,2.6,2017-04-30 19:06:40,2017-04-30 19:17:31,0.0,13.55,10,19,Sunday
893333,2,162.0,113.0,1.82,2017-04-03 19:13:55,2017-04-03 19:26:25,1.0,11.8,12,19,Monday
664737,1,162.0,148.0,2.6,2017-04-04 19:11:55,2017-04-04 19:33:57,1.0,20.15,22,19,Tuesday
583808,1,263.0,238.0,1.9,2017-04-06 19:08:47,2017-04-06 19:20:38,1.0,14.15,11,19,Thursday
523325,2,114.0,262.0,5.19,2017-04-04 19:51:16,2017-04-04 20:15:07,1.0,23.8,23,19,Tuesday
477671,2,79.0,255.0,3.69,2017-04-03 19:38:26,2017-04-03 19:53:44,1.0,18.96,15,19,Monday
542908,1,186.0,48.0,0.8,2017-04-30 19:12:39,2017-04-30 19:17:05,0.0,5.8,4,19,Sunday
233236,2,237.0,142.0,0.97,2017-04-04 19:21:30,2017-04-04 19:32:10,1.0,10.8,10,19,Tuesday
336043,2,249.0,79.0,1.2,2017-04-05 19:36:14,2017-04-05 19:49:41,1.0,10.8,13,19,Wednesday
1047143,2,170.0,229.0,1.0,2017-04-03 19:58:47,2017-04-03 20:05:41,0.5,9.5,6,19,Monday
208366,2,186.0,238.0,3.41,2017-04-05 19:56:42,2017-04-05 20:16:14,1.0,20.16,19,19,Wednesday
735165,2,261.0,262.0,7.39,2017-04-05 19:26:40,2017-04-05 19:45:03,1.0,27.28,18,19,Wednesday
703955,2,48.0,233.0,1.49,2017-04-06 19:07:34,2017-04-06 19:20:23,1.0,11.3,12,19,Thursday
297456,2,142.0,141.0,1.82,2017-04-04 19:07:20,2017-04-04 19:16:45,1.0,12.3,9,19,Tuesday
155285,1,236.0,237.0,1.0,2017-04-05 19:46:13,2017-04-05 19:51:20,1.0,8.75,5,19,Wednesday
416970,1,186.0,68.0,0.7,2017-04-04 19:53:09,2017-04-04 19:58:44,0.5,6.8,5,19,Tuesday
392475,1,161.0,229.0,1.0,2017-04-03 19:39:07,2017-04-03 19:47:14,1.0,9.96,8,19,Monday
403815,2,233.0,142.0,2.69,2017-04-05 19:38:02,2017-04-05 19:54:44,1.0,18.5,16,19,Wednesday
144808,1,162.0,13.0,6.8,2017-04-30 19:08:05,2017-04-30 19:39:43,0.0,32.76,31,19,Sunday
98710,2,113.0,229.0,2.62,2017-04-06 19:33:09,2017-04-06 19:47:04,1.0,15.96,13,19,Thursday
997840,2,141.0,237.0,0.37,2017-04-03 19:10:21,2017-04-03 19:12:52,1.0,6.8,2,19,Monday
957311,2,161.0,249.0,2.38,2017-04-03 19:15:38,2017-04-03 19:29:23,1.0,15.36,13,19,Monday
645805,2,13.0,79.0,4.47,2017-04-05 19:11:39,2017-04-05 19:23:54,1.0,20.16,12,19,Wednesday
894117,2,143.0,262.0,2.99,2017-04-06 19:26:57,2017-04-06 19:41:59,1.0,14.3,15,19,Thursday
352020,1,162.0,107.0,1.3,2017-04-06 19:53:28,2017-04-06 20:00:30,0.5,9.95,7,19,Thursday
167714,1,246.0,137.0,1.9,2017-04-05 19:47:23,2017-04-05 20:00:43,1.0,14.15,13,19,Wednesday
981489,2,125.0,113.0,1.51,2017-04-06 19:20:34,2017-04-06 19:31:24,1.0,10.3,10,19,Thursday
983956,2,42.0,152.0,0.91,2017-04-05 19:34:09,2017-04-05 19:38:15,1.0,6.8,4,19,Wednesday
479592,2,263.0,141.0,0.81,2017-04-06 19:15:25,2017-04-06 19:19:04,1.0,8.16,3,19,Thursday
528146,2,13.0,211.0,1.78,2017-04-06 19:51:40,2017-04-06 20:03:50,1.0,14.16,12,19,Thursday
416748,2,230.0,7.0,5.88,2017-04-05 19:45:41,2017-04-05 20:13:42,1.0,23.8,28,19,Wednesday
78887,1,234.0,90.0,0.5,2017-04-05 19:00:02,2017-04-05 19:05:32,1.0,8.15,5,19,Wednesday
426367,2,238.0,74.0,2.73,2017-04-04 19:02:08,2017-04-04 19:13:47,1.0,12.8,11,19,Tuesday
479917,2,144.0,255.0,3.84,2017-04-04 19:40:22,2017-04-04 19:57:06,1.0,21.36,16,19,Tuesday
741260,1,246.0,246.0,1.1,2017-04-06 19:12:45,2017-04-06 19:18:40,1.0,8.8,5,19,Thursday
797839,1,162.0,164.0,0.8,2017-04-05 19:17:51,2017-04-05 19:27:37,1.0,11.3,9,19,Wednesday
515106,2,148.0,256.0,2.12,2017-04-05 19:51:22,2017-04-05 19:59:23,1.0,11.8,8,19,Wednesday
752868,1,148.0,263.0,4.4,2017-04-30 19:11:02,2017-04-30 19:34:37,0.0,20.8,23,19,Sunday
948936,2,138.0,148.0,10.23,2017-04-04 19:55:25,2017-04-04 20:12:20,1.0,40.04,16,19,Tuesday
846565,1,125.0,114.0,0.3,2017-04-06 19:32:36,2017-04-06 19:35:25,1.0,6.8,2,19,Thursday
817081,1,186.0,229.0,2.2,2017-04-03 19:00:56,2017-04-03 19:18:37,1.0,14.3,17,19,Monday
561003,1,264.0,264.0,3.6,2017-04-04 19:58:34,2017-04-04 20:16:45,0.5,19.55,18,19,Tuesday
86272,2,162.0,236.0,1.41,2017-04-05 19:36:18,2017-04-05 19:44:12,1.0,11.16,7,19,Wednesday
582400,2,161.0,234.0,0.86,2017-04-06 19:17:05,2017-04-06 19:23:35,1.0,9.36,6,19,Thursday
87750,2,230.0,141.0,2.07,2017-04-06 19:09:30,2017-04-06 19:19:52,1.0,14.8,10,19,Thursday
251293,1,125.0,170.0,2.5,2017-04-30 19:07:28,2017-04-30 19:21:43,0.0,14.75,14,19,Sunday
899612,2,158.0,48.0,1.81,2017-04-06 19:23:41,2017-04-06 19:40:00,1.0,13.3,16,19,Thursday
422509,1,164.0,234.0,0.1,2017-04-03 19:16:41,2017-04-03 19:18:07,1.0,4.8,1,19,Monday
418612,1,164.0,186.0,0.9,2017-04-04 19:47:05,2017-04-04 19:56:53,1.0,11.15,9,19,Tuesday
54385,1,239.0,24.0,1.7,2017-04-05 19:04:17,2017-04-05 19:12:38,1.0,10.3,8,19,Wednesday
798839,1,237.0,236.0,1.1,2017-04-06 19:35:55,2017-04-06 19:42:31,1.0,10.12,6,19,Thursday
65969,2,238.0,141.0,1.62,2017-04-03 19:36:09,2017-04-03 19:47:39,1.0,13.0,11,19,Monday
28384,2,132.0,25.0,12.41,2017-04-05 19:07:30,2017-04-05 19:49:04,1.0,51.36,41,19,Wednesday
502911,1,161.0,143.0,1.5,2017-04-06 19:38:53,2017-04-06 19:51:18,1.0,13.55,12,19,Thursday
198624,1,163.0,151.0,2.6,2017-04-05 19:07:50,2017-04-05 19:23:38,1.0,16.3,15,19,Wednesday
580302,2,40.0,232.0,4.75,2017-04-04 19:50:21,2017-04-04 20:03:24,1.0,20.76,13,19,Tuesday
404522,2,170.0,87.0,5.51,2017-04-04 19:57:23,2017-04-04 20:09:15,1.0,22.56,11,19,Tuesday
563049,1,142.0,230.0,1.4,2017-04-03 19:20:36,2017-04-03 19:32:46,1.0,10.8,12,19,Monday
687975,1,237.0,158.0,4.1,2017-04-05 19:55:58,2017-04-05 20:27:32,0.5,26.76,31,19,Wednesday
531045,1,68.0,263.0,5.0,2017-04-05 19:09:05,2017-04-05 19:36:55,1.0,26.75,27,19,Wednesday
116710,2,151.0,151.0,0.63,2017-04-06 19:29:29,2017-04-06 19:33:59,1.0,8.84,4,19,Thursday
595035,2,170.0,107.0,1.14,2017-04-03 19:59:51,2017-04-03 20:04:25,1.0,8.76,4,19,Monday
978302,1,163.0,114.0,3.2,2017-04-04 19:52:11,2017-04-04 20:13:03,1.0,21.0,20,19,Tuesday
859115,2,263.0,262.0,0.38,2017-04-06 19:26:32,2017-04-06 19:28:12,1.0,6.36,1,19,Thursday
596005,2,229.0,107.0,2.41,2017-04-03 19:47:27,2017-04-03 19:58:13,1.0,14.16,10,19,Monday
541688,1,170.0,142.0,1.7,2017-04-03 19:44:44,2017-04-03 19:55:38,1.0,12.95,10,19,Monday
257844,2,238.0,142.0,1.47,2017-04-04 19:01:14,2017-04-04 19:12:53,1.0,11.3,11,19,Tuesday
607332,1,238.0,238.0,0.7,2017-04-06 19:24:02,2017-04-06 19:28:18,1.0,8.15,4,19,Thursday
303975,1,142.0,151.0,2.0,2017-04-04 19:38:50,2017-04-04 19:45:32,1.0,12.25,6,19,Tuesday
68617,2,142.0,158.0,2.66,2017-04-30 19:09:34,2017-04-30 19:20:47,0.0,12.43,11,19,Sunday
765627,2,170.0,170.0,1.35,2017-04-06 19:55:54,2017-04-06 20:05:13,1.0,9.8,9,19,Thursday
1016904,2,237.0,141.0,1.07,2017-04-06 19:34:35,2017-04-06 19:39:14,1.0,9.0,4,19,Thursday
90239,2,234.0,68.0,1.38,2017-04-05 19:23:37,2017-04-05 19:34:44,1.0,12.36,11,19,Wednesday
707276,2,13.0,225.0,8.52,2017-04-03 19:52:41,2017-04-03 20:23:36,1.0,36.8,30,19,Monday
648627,1,234.0,158.0,1.7,2017-04-06 19:17:52,2017-04-06 19:34:19,1.0,13.3,16,19,Thursday
191237,1,236.0,262.0,2.4,2017-04-04 19:18:31,2017-04-04 19:31:34,1.0,14.6,13,19,Tuesday
261842,1,170.0,141.0,2.0,2017-04-04 19:57:28,2017-04-04 20:06:09,1.0,12.35,8,19,Tuesday
721743,2,234.0,90.0,0.57,2017-04-04 19:38:48,2017-04-04 19:42:17,1.0,6.3,3,19,Tuesday
334174,2,162.0,140.0,1.94,2017-04-06 19:18:14,2017-04-06 19:29:40,1.0,13.3,11,19,Thursday
628387,2,68.0,158.0,0.39,2017-04-06 19:47:25,2017-04-06 19:50:17,1.0,5.8,2,19,Thursday
44708,1,234.0,50.0,2.3,2017-04-03 19:20:16,2017-04-03 19:30:48,1.0,13.55,10,19,Monday
83296,2,144.0,66.0,2.27,2017-04-04 19:11:00,2017-04-04 19:23:50,1.0,17.31,12,19,Tuesday
472542,2,263.0,13.0,8.69,2017-04-03 19:01:21,2017-04-03 19:23:32,1.0,35.38,22,19,Monday
669713,2,163.0,186.0,1.9,2017-04-04 19:22:19,2017-04-04 19:40:22,1.0,17.16,18,19,Tuesday
745754,1,236.0,238.0,1.4,2017-04-03 19:10:37,2017-04-03 19:20:49,1.0,12.35,10,19,Monday
449589,2,141.0,13.0,7.98,2017-04-03 19:36:17,2017-04-03 19:55:28,1.0,31.56,19,19,Monday
51359,1,231.0,211.0,1.3,2017-04-03 19:07:18,2017-04-03 19:17:34,1.0,12.35,10,19,Monday
797014,1,263.0,141.0,0.8,2017-04-05 19:42:15,2017-04-05 19:46:02,1.0,7.48,3,19,Wednesday
661870,1,113.0,7.0,7.1,2017-04-03 19:59:45,2017-04-03 20:34:59,1.0,34.8,35,19,Monday
656621,1,88.0,246.0,4.8,2017-04-04 19:54:54,2017-04-04 20:10:11,1.0,21.95,15,19,Tuesday
500714,1,24.0,238.0,0.8,2017-04-04 19:02:18,2017-04-04 19:07:11,1.0,7.3,4,19,Tuesday
134552,2,234.0,114.0,0.97,2017-04-03 19:07:55,2017-04-03 19:14:00,1.0,7.8,6,19,Monday
970247,1,239.0,246.0,3.4,2017-04-04 19:19:13,2017-04-04 19:33:44,1.0,17.8,14,19,Tuesday
112678,2,229.0,141.0,0.72,2017-04-05 19:01:26,2017-04-05 19:07:05,1.0,7.8,5,19,Wednesday
124331,2,186.0,230.0,1.73,2017-04-05 19:32:29,2017-04-05 19:47:15,1.0,14.76,14,19,Wednesday
1024084,1,230.0,142.0,1.1,2017-04-03 19:23:17,2017-04-03 19:30:57,1.0,10.3,7,19,Monday
843762,2,50.0,234.0,2.7,2017-04-06 19:17:48,2017-04-06 19:31:37,1.0,14.8,13,19,Thursday
114396,2,163.0,100.0,1.47,2017-04-05 19:12:35,2017-04-05 19:31:33,1.0,17.16,18,19,Wednesday
839869,2,246.0,143.0,1.4,2017-04-06 19:16:33,2017-04-06 19:21:49,1.0,8.3,5,19,Thursday
17063,1,230.0,75.0,2.7,2017-04-06 19:50:07,2017-04-06 20:03:09,0.5,15.35,13,19,Thursday
525343,2,90.0,249.0,1.13,2017-04-05 19:24:05,2017-04-05 19:29:39,1.0,9.3,5,19,Wednesday
116402,1,68.0,186.0,1.2,2017-04-03 19:12:18,2017-04-03 19:18:02,1.0,9.35,5,19,Monday
86922,1,50.0,61.0,8.3,2017-04-03 19:48:14,2017-04-03 20:27:28,0.5,39.35,39,19,Monday
302439,2,238.0,239.0,0.52,2017-04-05 19:16:09,2017-04-05 19:18:54,1.0,5.8,2,19,Wednesday
176521,2,164.0,238.0,3.54,2017-04-03 19:26:38,2017-04-03 19:45:57,1.0,20.76,19,19,Monday
591271,2,142.0,239.0,1.14,2017-04-04 19:08:20,2017-04-04 19:13:18,1.0,7.3,4,19,Tuesday
16037,1,75.0,41.0,1.9,2017-04-06 19:23:17,2017-04-06 19:33:29,1.0,10.8,10,19,Thursday
433650,2,141.0,229.0,0.56,2017-04-03 19:13:09,2017-04-03 19:20:51,1.0,7.56,7,19,Monday
307090,1,236.0,170.0,2.4,2017-04-04 19:57:43,2017-04-04 20:11:46,1.0,13.8,14,19,Tuesday
496925,1,161.0,161.0,0.9,2017-04-03 19:42:25,2017-04-03 19:49:07,1.0,10.1,6,19,Monday
243615,1,263.0,263.0,0.5,2017-04-06 19:12:22,2017-04-06 19:16:08,1.0,7.85,3,19,Thursday
445595,2,233.0,68.0,2.15,2017-04-06 19:49:53,2017-04-06 20:10:37,1.0,19.56,20,19,Thursday
355517,1,148.0,87.0,1.5,2017-04-04 19:04:11,2017-04-04 19:11:41,1.0,10.3,7,19,Tuesday
123878,2,234.0,13.0,6.13,2017-04-04 19:33:49,2017-04-04 19:50:53,1.0,24.3,17,19,Tuesday
918103,1,181.0,40.0,1.5,2017-04-05 19:22:31,2017-04-05 19:29:40,1.0,9.8,7,19,Wednesday
295928,2,142.0,142.0,0.58,2017-04-04 19:28:57,2017-04-04 19:32:24,1.0,7.56,3,19,Tuesday
957179,2,163.0,161.0,0.79,2017-04-04 19:50:47,2017-04-04 19:55:42,1.0,8.16,4,19,Tuesday
270164,2,107.0,233.0,1.48,2017-04-04 19:07:07,2017-04-04 19:16:31,1.0,10.3,9,19,Tuesday
389450,1,79.0,230.0,3.4,2017-04-05 19:49:34,2017-04-05 20:17:30,1.0,20.3,27,19,Wednesday
1026569,1,233.0,249.0,3.5,2017-04-06 19:20:40,2017-04-06 19:38:07,1.0,16.3,17,19,Thursday
174645,1,161.0,163.0,0.5,2017-04-04 19:14:49,2017-04-04 19:17:44,1.0,5.8,2,19,Tuesday
624889,2,231.0,148.0,4.75,2017-04-03 19:15:35,2017-04-03 19:28:20,1.0,18.8,12,19,Monday
160286,1,132.0,263.0,18.6,2017-04-03 19:44:40,2017-04-03 20:20:32,4.5,70.3,35,19,Monday
912234,2,88.0,239.0,7.03,2017-04-06 19:13:02,2017-04-06 20:00:47,1.0,37.8,47,19,Thursday
302579,2,236.0,132.0,19.55,2017-04-05 19:31:33,2017-04-05 20:11:46,4.5,70.06,40,19,Wednesday
840164,2,163.0,186.0,1.14,2017-04-04 19:03:17,2017-04-04 19:12:07,1.0,9.3,8,19,Tuesday
422994,1,262.0,236.0,0.7,2017-04-04 19:30:59,2017-04-04 19:34:26,1.0,6.3,3,19,Tuesday
1002191,2,236.0,239.0,2.03,2017-04-06 19:50:26,2017-04-06 19:58:18,1.0,11.27,7,19,Thursday
613024,1,231.0,87.0,0.6,2017-04-05 19:24:55,2017-04-05 19:29:15,1.0,7.25,4,19,Wednesday
130352,2,79.0,231.0,2.03,2017-04-03 19:56:57,2017-04-03 20:13:34,1.0,16.56,16,19,Monday
395430,1,239.0,236.0,1.3,2017-04-05 19:40:06,2017-04-05 19:49:02,1.0,10.55,8,19,Wednesday
781063,2,186.0,158.0,1.52,2017-04-30 19:05:43,2017-04-30 19:16:51,0.0,11.76,11,19,Sunday
488156,2,138.0,262.0,8.07,2017-04-05 19:19:19,2017-04-05 19:37:23,1.0,37.87,18,19,Wednesday
585429,2,158.0,143.0,3.17,2017-04-03 19:00:42,2017-04-03 19:17:47,1.0,18.96,17,19,Monday
340372,2,148.0,231.0,1.73,2017-04-03 19:56:41,2017-04-03 20:09:01,1.0,11.8,12,19,Monday
967319,1,163.0,238.0,2.0,2017-04-05 19:53:03,2017-04-05 20:07:39,1.0,14.0,14,19,Wednesday
924841,2,163.0,236.0,2.2,2017-04-03 19:16:44,2017-04-03 19:26:22,1.0,13.56,9,19,Monday
916890,2,234.0,164.0,0.88,2017-04-06 19:12:08,2017-04-06 19:18:38,1.0,9.36,6,19,Thursday
199216,2,236.0,237.0,1.39,2017-04-06 19:53:07,2017-04-06 20:01:00,1.0,9.3,7,19,Thursday
546304,2,239.0,263.0,2.26,2017-04-06 19:21:36,2017-04-06 19:35:40,1.0,14.3,14,19,Thursday
193669,2,233.0,224.0,1.97,2017-04-06 19:44:31,2017-04-06 19:53:41,1.0,13.5,9,19,Thursday
324036,2,138.0,246.0,13.78,2017-04-05 19:37:13,2017-04-05 20:19:49,1.0,60.07,42,19,Wednesday
562060,1,164.0,234.0,0.9,2017-04-03 19:38:22,2017-04-03 19:43:39,1.0,8.3,5,19,Monday
119275,1,141.0,137.0,1.4,2017-04-04 19:26:33,2017-04-04 19:31:53,1.0,8.3,5,19,Tuesday
986663,2,246.0,249.0,1.27,2017-04-03 19:31:41,2017-04-03 19:36:52,1.0,8.3,5,19,Monday
596691,1,239.0,238.0,0.6,2017-04-05 19:29:05,2017-04-05 19:33:21,1.0,6.8,4,19,Wednesday
672533,2,211.0,50.0,3.21,2017-04-03 19:02:09,2017-04-03 19:17:09,1.0,15.8,15,19,Monday
601469,1,237.0,239.0,1.8,2017-04-06 19:23:43,2017-04-06 19:32:17,1.0,12.35,8,19,Thursday
636804,2,161.0,237.0,1.4,2017-04-04 19:50:45,2017-04-04 19:57:19,1.0,10.56,6,19,Tuesday
484799,1,162.0,141.0,1.1,2017-04-04 19:03:51,2017-04-04 19:12:48,1.0,9.3,8,19,Tuesday
877933,2,237.0,142.0,1.88,2017-04-05 19:38:13,2017-04-05 19:47:19,1.0,12.88,9,19,Wednesday
495138,2,138.0,252.0,5.89,2017-04-05 19:03:57,2017-04-05 19:22:15,1.0,24.96,18,19,Wednesday
360663,1,163.0,41.0,3.6,2017-04-05 19:41:44,2017-04-05 19:54:57,1.0,14.3,13,19,Wednesday
739576,1,229.0,161.0,1.0,2017-04-05 19:25:31,2017-04-05 19:33:17,1.0,8.8,7,19,Wednesday
281713,1,90.0,142.0,2.4,2017-04-06 19:25:10,2017-04-06 19:45:12,1.0,19.56,20,19,Thursday
623653,2,231.0,229.0,7.54,2017-04-05 19:08:53,2017-04-05 19:29:35,1.0,28.9,20,19,Wednesday
895091,1,164.0,68.0,1.1,2017-04-05 19:49:57,2017-04-05 20:09:04,1.0,15.8,19,19,Wednesday
40423,2,141.0,263.0,1.21,2017-04-04 19:48:53,2017-04-04 19:51:50,1.0,7.3,2,19,Tuesday
830394,2,138.0,146.0,5.5,2017-04-06 19:37:55,2017-04-06 19:59:13,1.0,20.8,21,19,Thursday
1010754,1,90.0,100.0,1.1,2017-04-04 19:18:38,2017-04-04 19:26:17,1.0,9.8,7,19,Tuesday
87366,2,161.0,79.0,2.92,2017-04-05 19:27:32,2017-04-05 19:48:21,1.0,19.56,20,19,Wednesday
183595,2,231.0,249.0,1.55,2017-04-30 19:14:02,2017-04-30 19:22:06,0.0,9.96,8,19,Sunday
217693,2,163.0,234.0,2.39,2017-04-06 19:11:49,2017-04-06 19:32:39,1.0,19.56,20,19,Thursday
406150,2,151.0,163.0,3.21,2017-04-06 19:22:55,2017-04-06 19:41:22,1.0,19.56,18,19,Thursday
920008,2,138.0,168.0,7.24,2017-04-05 19:25:52,2017-04-05 19:45:34,1.0,38.2,19,19,Wednesday
629200,2,162.0,157.0,5.74,2017-04-05 19:57:44,2017-04-05 20:15:06,1.0,31.87,17,19,Wednesday
655907,2,249.0,107.0,1.12,2017-04-04 19:41:06,2017-04-04 19:48:29,1.0,9.96,7,19,Tuesday
904508,1,142.0,230.0,0.7,2017-04-04 19:07:16,2017-04-04 19:11:09,1.0,8.15,3,19,Tuesday
698659,1,140.0,141.0,0.6,2017-04-04 19:50:51,2017-04-04 19:54:52,0.5,5.8,4,19,Tuesday
419228,2,144.0,116.0,10.46,2017-04-03 19:07:56,2017-04-03 19:38:00,1.0,40.6,30,19,Monday
95976,1,237.0,107.0,2.5,2017-04-04 19:29:28,2017-04-04 19:45:12,1.0,16.55,15,19,Tuesday
690390,2,140.0,142.0,2.01,2017-04-03 19:13:51,2017-04-03 19:27:38,1.0,15.36,13,19,Monday
482732,1,142.0,239.0,1.0,2017-04-04 19:13:54,2017-04-04 19:20:30,1.0,9.95,6,19,Tuesday
631670,1,107.0,239.0,3.5,2017-04-04 19:12:47,2017-04-04 19:31:43,1.0,20.15,18,19,Tuesday
522386,1,141.0,237.0,0.3,2017-04-04 19:47:20,2017-04-04 19:50:16,1.0,7.05,2,19,Tuesday
885252,1,229.0,263.0,2.1,2017-04-04 19:18:07,2017-04-04 19:26:52,1.0,11.8,8,19,Tuesday
875071,1,125.0,249.0,0.8,2017-04-05 19:57:28,2017-04-05 20:00:45,0.5,6.95,3,19,Wednesday
16205,2,166.0,166.0,1.05,2017-04-05 19:31:50,2017-04-05 19:39:27,1.0,8.8,7,19,Wednesday
238815,1,137.0,170.0,0.5,2017-04-03 19:22:11,2017-04-03 19:24:56,1.0,6.95,2,19,Monday
924556,1,224.0,114.0,1.2,2017-04-06 19:16:09,2017-04-06 19:27:42,1.0,12.95,11,19,Thursday
765145,2,107.0,137.0,0.86,2017-04-06 19:23:58,2017-04-06 19:34:15,1.0,11.16,10,19,Thursday
656891,2,249.0,125.0,0.78,2017-04-06 19:21:00,2017-04-06 19:30:19,1.0,9.3,9,19,Thursday
649334,2,162.0,140.0,0.45,2017-04-05 19:05:54,2017-04-05 19:09:29,1.0,7.88,3,19,Wednesday
685837,1,144.0,68.0,3.5,2017-04-30 19:00:45,2017-04-30 19:12:18,1.0,15.3,11,19,Sunday
265058,1,163.0,233.0,1.3,2017-04-30 19:03:10,2017-04-30 19:14:00,0.0,8.8,10,19,Sunday
183522,2,236.0,237.0,1.29,2017-04-06 19:36:03,2017-04-06 19:43:19,1.0,11.3,7,19,Thursday
243418,1,264.0,264.0,1.0,2017-04-04 19:21:56,2017-04-04 19:38:31,1.0,15.35,16,19,Tuesday
408483,1,141.0,144.0,5.7,2017-04-04 19:55:52,2017-04-04 20:14:07,1.0,25.55,18,19,Tuesday
56037,2,50.0,143.0,0.6,2017-04-03 19:31:07,2017-04-03 19:33:54,1.0,5.8,2,19,Monday
406994,2,262.0,263.0,0.53,2017-04-04 19:51:15,2017-04-04 19:54:48,1.0,7.56,3,19,Tuesday
1039879,2,163.0,158.0,2.9,2017-04-06 19:09:11,2017-04-06 19:29:09,1.0,18.3,19,19,Thursday
750073,1,132.0,249.0,17.1,2017-04-30 19:15:50,2017-04-30 20:08:16,0.0,52.8,52,19,Sunday
381782,1,234.0,170.0,1.0,2017-04-04 19:52:39,2017-04-04 20:00:57,1.0,8.8,8,19,Tuesday
663939,2,100.0,264.0,0.53,2017-04-04 19:33:34,2017-04-04 19:36:34,1.0,6.8,3,19,Tuesday
251186,1,236.0,236.0,0.7,2017-04-05 19:31:53,2017-04-05 19:37:54,1.0,7.8,6,19,Wednesday
1008090,1,107.0,170.0,0.7,2017-04-04 19:43:56,2017-04-04 19:49:46,1.0,7.3,5,19,Tuesday
966856,2,48.0,42.0,5.97,2017-04-05 19:36:01,2017-04-05 19:55:47,1.0,26.16,19,19,Wednesday
522182,2,142.0,43.0,1.38,2017-04-05 19:19:37,2017-04-05 19:26:46,1.0,10.56,7,19,Wednesday
335102,2,79.0,234.0,1.86,2017-04-05 19:07:04,2017-04-05 19:23:24,1.0,15.96,16,19,Wednesday
354323,2,234.0,231.0,2.42,2017-04-03 19:04:38,2017-04-03 19:17:27,1.0,13.8,12,19,Monday
896108,2,246.0,48.0,1.48,2017-04-03 19:19:06,2017-04-03 19:26:59,1.0,11.16,7,19,Monday
23092,1,79.0,232.0,2.4,2017-04-30 19:13:23,2017-04-30 19:20:18,0.0,12.35,6,19,Sunday
182655,1,170.0,186.0,0.8,2017-04-06 19:05:29,2017-04-06 19:18:04,1.0,10.8,12,19,Thursday
844961,2,186.0,249.0,0.82,2017-04-06 19:14:15,2017-04-06 19:18:35,1.0,8.16,4,19,Thursday
898793,1,239.0,239.0,0.8,2017-04-05 19:03:55,2017-04-05 19:10:07,1.0,9.35,6,19,Wednesday
40588,1,234.0,113.0,1.3,2017-04-04 19:16:11,2017-04-04 19:28:54,1.0,12.95,12,19,Tuesday
277424,1,161.0,141.0,1.6,2017-04-06 19:38:51,2017-04-06 19:49:44,1.0,17.3,10,19,Thursday
562715,1,236.0,236.0,0.7,2017-04-06 19:28:30,2017-04-06 19:34:06,1.0,8.76,5,19,Thursday
633971,2,263.0,262.0,0.45,2017-04-06 19:33:24,2017-04-06 19:36:09,1.0,6.96,2,19,Thursday
190942,2,230.0,43.0,2.27,2017-04-05 19:09:25,2017-04-05 19:21:31,1.0,11.8,12,19,Wednesday
189130,2,158.0,68.0,2.3,2017-04-05 19:44:24,2017-04-05 19:54:00,1.0,12.96,9,19,Wednesday
136246,1,151.0,244.0,4.6,2017-04-04 19:04:23,2017-04-04 19:19:45,1.0,22.85,15,19,Tuesday
383652,2,230.0,162.0,1.04,2017-04-03 19:24:48,2017-04-03 19:32:11,1.0,9.96,7,19,Monday
621752,1,13.0,231.0,0.9,2017-04-06 19:39:12,2017-04-06 19:45:22,0.5,8.3,6,19,Thursday
154083,1,249.0,158.0,0.4,2017-04-04 19:12:00,2017-04-04 19:14:38,1.0,6.8,2,19,Tuesday
508113,1,238.0,262.0,2.3,2017-04-04 19:37:17,2017-04-04 19:45:49,1.0,10.8,8,19,Tuesday
611792,2,234.0,231.0,2.01,2017-04-05 19:27:05,2017-04-05 19:40:02,1.0,14.16,12,19,Wednesday
406387,2,43.0,239.0,1.33,2017-04-03 19:30:09,2017-04-03 19:34:36,1.0,9.36,4,19,Monday
49915,2,144.0,148.0,0.53,2017-04-05 19:39:05,2017-04-05 19:44:27,1.0,8.16,5,19,Wednesday
314447,2,75.0,263.0,1.09,2017-04-04 19:16:15,2017-04-04 19:23:19,1.0,8.8,7,19,Tuesday
646443,2,158.0,40.0,4.06,2017-04-05 19:10:21,2017-04-05 19:22:16,1.0,25.87,11,19,Wednesday
256912,2,263.0,236.0,0.3,2017-04-03 19:56:23,2017-04-03 19:57:50,1.0,5.76,1,19,Monday
499563,1,186.0,262.0,2.7,2017-04-05 19:32:25,2017-04-05 19:55:37,1.0,20.0,23,19,Wednesday
40729,2,164.0,164.0,0.68,2017-04-05 19:29:25,2017-04-05 19:36:32,1.0,9.36,7,19,Wednesday
387801,1,237.0,75.0,2.1,2017-04-04 19:06:19,2017-04-04 19:14:30,1.0,10.3,8,19,Tuesday
666561,1,170.0,144.0,2.7,2017-04-05 19:19:07,2017-04-05 19:38:57,1.0,20.35,19,19,Wednesday
559512,2,43.0,236.0,1.06,2017-04-06 19:03:08,2017-04-06 19:08:47,1.0,9.96,5,19,Thursday
913377,2,162.0,239.0,2.6,2017-04-06 19:25:37,2017-04-06 19:37:30,1.0,14.08,11,19,Thursday
428963,1,161.0,162.0,0.6,2017-04-03 19:22:18,2017-04-03 19:29:20,1.0,10.1,7,19,Monday
111311,2,161.0,226.0,4.04,2017-04-06 19:14:25,2017-04-06 19:33:06,1.0,21.36,18,19,Thursday
486044,2,264.0,264.0,4.88,2017-04-30 19:07:47,2017-04-30 19:28:20,0.0,22.18,20,19,Sunday
761329,1,140.0,236.0,1.4,2017-04-03 19:32:32,2017-04-03 19:38:44,1.0,9.95,6,19,Monday
673768,2,75.0,229.0,3.6,2017-04-03 19:21:14,2017-04-03 19:32:28,1.0,15.3,11,19,Monday
419408,2,88.0,4.0,3.47,2017-04-04 19:13:32,2017-04-04 19:21:17,1.0,15.96,7,19,Tuesday
556922,2,24.0,74.0,1.85,2017-04-04 19:51:59,2017-04-04 20:00:30,1.0,9.8,8,19,Tuesday
541182,2,164.0,255.0,6.23,2017-04-06 19:19:22,2017-04-06 19:46:41,1.0,24.8,27,19,Thursday
246089,1,164.0,79.0,1.6,2017-04-04 19:25:42,2017-04-04 19:38:08,1.0,13.55,12,19,Tuesday
506075,2,229.0,170.0,0.66,2017-04-04 19:19:16,2017-04-04 19:23:05,1.0,8.19,3,19,Tuesday
236753,1,100.0,114.0,2.2,2017-04-05 19:00:01,2017-04-05 19:16:24,1.0,16.55,16,19,Wednesday
953584,1,244.0,152.0,1.3,2017-04-04 19:14:32,2017-04-04 19:25:06,1.0,12.35,10,19,Tuesday
207032,2,186.0,233.0,2.65,2017-04-03 19:12:21,2017-04-03 19:27:53,1.0,16.56,15,19,Monday
617263,1,90.0,79.0,1.2,2017-04-06 19:38:32,2017-04-06 19:48:06,1.0,9.8,9,19,Thursday
949037,2,90.0,234.0,0.37,2017-04-03 19:03:17,2017-04-03 19:06:11,1.0,6.96,2,19,Monday
987794,2,140.0,141.0,0.75,2017-04-06 19:22:07,2017-04-06 19:29:51,1.0,8.3,7,19,Thursday
604313,1,162.0,162.0,0.1,2017-04-03 19:35:26,2017-04-03 19:37:39,1.0,5.3,2,19,Monday
176964,2,52.0,25.0,1.26,2017-04-06 19:22:30,2017-04-06 19:30:47,1.0,8.8,8,19,Thursday
695918,1,163.0,143.0,1.1,2017-04-04 19:37:17,2017-04-04 19:45:36,1.0,9.8,8,19,Tuesday
678358,1,107.0,140.0,2.7,2017-04-04 19:35:22,2017-04-04 19:50:46,1.0,17.15,15,19,Tuesday
1038662,1,48.0,13.0,4.6,2017-04-03 19:39:22,2017-04-03 19:55:48,1.0,22.56,16,19,Monday
911945,2,186.0,142.0,1.67,2017-04-06 19:56:51,2017-04-06 20:09:04,1.0,13.56,12,19,Thursday
674040,2,163.0,246.0,1.8,2017-04-06 19:34:50,2017-04-06 19:44:03,1.0,10.3,9,19,Thursday
487479,2,164.0,48.0,3.82,2017-04-06 19:29:07,2017-04-06 19:58:38,1.0,28.34,29,19,Thursday
759867,2,249.0,113.0,0.76,2017-04-05 19:39:54,2017-04-05 19:45:01,1.0,9.12,5,19,Wednesday
611916,1,90.0,68.0,0.5,2017-04-06 19:31:28,2017-04-06 19:34:07,1.0,6.95,2,19,Thursday
7655,1,132.0,132.0,0.0,2017-04-04 19:06:42,2017-04-04 19:06:44,1.0,4.3,0,19,Tuesday
741704,2,211.0,113.0,1.32,2017-04-03 19:04:23,2017-04-03 19:14:26,1.0,10.3,10,19,Monday
691613,2,163.0,229.0,0.84,2017-04-03 19:28:12,2017-04-03 19:36:34,1.0,11.44,8,19,Monday
602765,2,162.0,158.0,2.98,2017-04-05 19:48:44,2017-04-05 20:09:32,1.0,20.16,20,19,Wednesday
849973,2,161.0,80.0,6.66,2017-04-04 19:54:28,2017-04-04 20:20:55,1.0,30.36,26,19,Tuesday
430023,2,79.0,112.0,3.78,2017-04-04 19:42:52,2017-04-04 19:58:59,1.0,20.76,16,19,Tuesday
497324,2,232.0,49.0,3.35,2017-04-06 19:32:51,2017-04-06 19:47:15,1.0,17.3,14,19,Thursday
144981,2,161.0,114.0,3.14,2017-04-03 19:26:42,2017-04-03 19:43:54,1.0,15.3,17,19,Monday
82723,2,230.0,249.0,2.6,2017-04-06 20:56:06,2017-04-06 21:12:14,0.5,16.62,16,20,Thursday
245055,2,68.0,79.0,2.17,2017-04-06 20:51:50,2017-04-06 21:04:40,0.5,11.3,12,20,Thursday
335643,1,170.0,239.0,3.6,2017-04-03 20:05:22,2017-04-03 20:24:10,0.5,18.0,18,20,Monday
128183,1,140.0,237.0,1.0,2017-04-05 20:09:08,2017-04-05 20:13:57,0.5,6.8,4,20,Wednesday
163890,1,157.0,255.0,2.4,2017-04-03 20:51:56,2017-04-03 21:05:27,0.5,12.8,13,20,Monday
518737,2,79.0,232.0,0.94,2017-04-03 20:07:17,2017-04-03 20:13:47,0.5,7.3,6,20,Monday
809961,1,138.0,25.0,10.5,2017-04-06 20:07:33,2017-04-06 20:34:00,0.5,37.8,26,20,Thursday
867283,2,113.0,234.0,1.39,2017-04-03 20:03:39,2017-04-03 20:11:44,0.5,9.96,8,20,Monday
413087,1,186.0,106.0,7.8,2017-04-05 20:04:52,2017-04-05 20:40:50,0.5,44.46,35,20,Wednesday
603560,2,79.0,79.0,0.29,2017-04-05 20:38:50,2017-04-05 20:41:01,0.5,4.8,2,20,Wednesday
1045867,2,132.0,230.0,17.92,2017-04-04 20:57:21,2017-04-04 21:36:43,0.0,70.27,39,20,Tuesday
947747,2,211.0,107.0,1.54,2017-04-04 20:04:44,2017-04-04 20:16:35,0.5,10.3,11,20,Tuesday
540948,1,239.0,236.0,1.4,2017-04-05 20:43:36,2017-04-05 20:52:06,0.5,11.16,8,20,Wednesday
3639,1,261.0,116.0,10.8,2017-04-03 20:56:36,2017-04-03 21:22:29,0.5,40.55,25,20,Monday
1027009,2,13.0,237.0,7.6,2017-04-03 20:13:36,2017-04-03 20:38:03,0.5,33.5,24,20,Monday
433341,1,232.0,144.0,0.9,2017-04-05 20:34:34,2017-04-05 20:44:38,0.5,9.3,10,20,Wednesday
799444,2,236.0,151.0,2.18,2017-04-06 20:23:00,2017-04-06 20:32:32,0.5,13.5,9,20,Thursday
870356,2,68.0,90.0,0.45,2017-04-03 20:17:50,2017-04-03 20:19:48,0.5,6.24,1,20,Monday
695956,1,79.0,137.0,1.0,2017-04-05 20:54:30,2017-04-05 21:00:41,0.5,9.0,6,20,Wednesday
753812,2,140.0,48.0,2.85,2017-04-05 20:27:36,2017-04-05 20:44:37,0.5,16.0,17,20,Wednesday
781068,1,186.0,48.0,1.9,2017-04-05 20:57:52,2017-04-05 21:13:54,0.5,16.0,16,20,Wednesday
782268,1,236.0,236.0,0.6,2017-04-05 20:59:25,2017-04-05 21:03:26,0.5,6.3,4,20,Wednesday
778971,1,186.0,162.0,1.9,2017-04-05 20:28:12,2017-04-05 20:47:30,0.5,15.8,19,20,Wednesday
938921,1,79.0,232.0,2.5,2017-04-06 20:52:24,2017-04-06 21:04:46,0.5,15.35,12,20,Thursday
179105,2,230.0,164.0,1.16,2017-04-03 20:19:35,2017-04-03 20:26:11,0.5,7.8,6,20,Monday
778313,2,107.0,186.0,1.32,2017-04-05 20:00:36,2017-04-05 20:14:27,0.5,12.96,13,20,Wednesday
314633,2,138.0,14.0,16.44,2017-04-06 20:50:47,2017-04-06 21:24:10,0.5,46.3,33,20,Thursday
551152,1,161.0,237.0,1.8,2017-04-05 20:56:39,2017-04-05 21:04:59,0.5,9.3,8,20,Wednesday
195652,2,43.0,164.0,1.02,2017-04-03 20:37:32,2017-04-03 20:44:36,0.5,7.8,7,20,Monday
674416,2,158.0,246.0,2.7,2017-04-06 20:45:59,2017-04-06 20:57:48,0.5,15.38,11,20,Thursday
276909,1,231.0,49.0,4.4,2017-04-03 20:46:39,2017-04-03 21:05:24,0.5,20.8,18,20,Monday
515364,2,142.0,238.0,1.51,2017-04-06 20:38:31,2017-04-06 20:43:01,0.5,7.8,4,20,Thursday
268039,1,90.0,107.0,0.9,2017-04-05 20:08:49,2017-04-05 20:16:14,0.5,7.8,7,20,Wednesday
1039032,1,113.0,145.0,3.7,2017-04-03 20:02:48,2017-04-03 20:20:03,0.5,24.56,17,20,Monday
92088,2,237.0,263.0,1.56,2017-04-04 20:18:15,2017-04-04 20:27:10,0.5,9.8,8,20,Tuesday
492114,2,68.0,265.0,19.24,2017-04-04 20:03:01,2017-04-04 20:37:43,1.0,89.92,34,20,Tuesday
830461,2,249.0,48.0,2.4,2017-04-05 20:27:35,2017-04-05 20:39:24,0.5,15.34,11,20,Wednesday
793944,2,162.0,33.0,6.58,2017-04-03 20:40:08,2017-04-03 20:57:18,0.5,24.8,17,20,Monday
578325,2,263.0,263.0,0.66,2017-04-04 20:05:08,2017-04-04 20:06:34,0.5,5.9,1,20,Tuesday
347026,1,186.0,79.0,1.8,2017-04-05 20:15:45,2017-04-05 20:26:20,0.5,10.8,10,20,Wednesday
18991,1,226.0,186.0,4.8,2017-04-06 20:12:57,2017-04-06 20:42:14,0.5,26.22,29,20,Thursday
90899,2,236.0,163.0,1.18,2017-04-05 20:45:18,2017-04-05 20:48:35,0.5,7.88,3,20,Wednesday
213365,2,186.0,68.0,0.94,2017-04-03 20:39:32,2017-04-03 20:42:52,0.5,8.19,3,20,Monday
218616,1,138.0,170.0,8.2,2017-04-06 20:05:12,2017-04-06 20:22:31,0.5,58.06,17,20,Thursday
686068,1,238.0,166.0,1.2,2017-04-06 20:01:01,2017-04-06 20:06:12,0.5,8.3,5,20,Thursday
347032,1,249.0,113.0,0.9,2017-04-05 20:43:17,2017-04-05 20:48:16,0.5,8.15,4,20,Wednesday
593727,2,87.0,230.0,7.21,2017-04-06 20:07:43,2017-04-06 20:48:24,1.0,48.3,40,20,Thursday
414144,2,229.0,80.0,4.74,2017-04-06 20:17:41,2017-04-06 20:40:22,0.5,25.74,22,20,Thursday
549434,1,237.0,236.0,0.8,2017-04-05 20:43:58,2017-04-05 20:45:48,0.5,7.25,1,20,Wednesday
781052,2,66.0,97.0,1.58,2017-04-05 20:28:17,2017-04-05 20:39:00,0.5,12.36,10,20,Wednesday
54193,2,48.0,41.0,6.4,2017-04-03 20:16:02,2017-04-04 20:12:55,0.5,21.8,1436,20,Monday
505854,2,79.0,114.0,0.38,2017-04-06 20:08:02,2017-04-06 20:12:10,0.5,5.8,4,20,Thursday
395584,1,48.0,249.0,2.4,2017-04-05 20:10:25,2017-04-05 20:26:23,0.5,16.6,15,20,Wednesday
250132,1,234.0,113.0,0.4,2017-04-05 20:01:34,2017-04-05 20:05:38,0.5,5.8,4,20,Wednesday
662869,1,236.0,237.0,0.6,2017-04-04 20:29:09,2017-04-04 20:30:52,0.5,5.75,1,20,Tuesday
821319,1,90.0,97.0,4.8,2017-04-04 20:53:10,2017-04-04 21:16:11,0.0,23.15,23,20,Tuesday
99454,2,170.0,229.0,1.25,2017-04-04 20:22:36,2017-04-04 20:27:34,0.5,8.76,4,20,Tuesday
471496,2,170.0,113.0,1.83,2017-04-04 20:26:02,2017-04-04 20:37:43,0.5,13.0,11,20,Tuesday
957762,2,79.0,68.0,1.31,2017-04-03 20:20:01,2017-04-03 20:28:18,0.5,11.0,8,20,Monday
300744,1,234.0,186.0,0.9,2017-04-06 20:51:16,2017-04-06 20:57:01,0.5,8.8,5,20,Thursday
67183,1,249.0,113.0,0.3,2017-04-05 20:01:55,2017-04-05 20:04:27,0.5,6.35,2,20,Wednesday
377597,1,163.0,161.0,0.4,2017-04-05 20:38:28,2017-04-05 20:39:51,0.5,4.8,1,20,Wednesday
906187,2,100.0,246.0,0.58,2017-04-05 20:47:34,2017-04-05 20:51:30,0.5,7.25,3,20,Wednesday
848391,1,237.0,231.0,7.0,2017-04-06 20:34:11,2017-04-06 21:05:51,0.5,33.95,31,20,Thursday
1031366,2,158.0,68.0,0.75,2017-04-05 20:34:19,2017-04-05 20:38:39,0.5,7.55,4,20,Wednesday
403921,2,163.0,142.0,1.42,2017-04-03 20:11:05,2017-04-03 20:18:45,0.5,10.56,7,20,Monday
252199,1,163.0,170.0,1.4,2017-04-04 20:07:37,2017-04-04 20:17:25,0.5,11.75,9,20,Tuesday
215262,2,114.0,68.0,1.91,2017-04-06 20:55:32,2017-04-06 21:07:00,0.5,12.3,11,20,Thursday
307178,1,211.0,95.0,10.4,2017-04-05 20:59:42,2017-04-05 21:30:05,0.5,45.2,30,20,Wednesday
75384,2,170.0,141.0,2.03,2017-04-04 20:28:28,2017-04-04 20:37:56,0.5,12.3,9,20,Tuesday
8584,2,162.0,158.0,3.29,2017-04-03 20:24:17,2017-04-03 20:44:32,0.5,19.56,20,20,Monday
475202,2,230.0,239.0,1.7,2017-04-03 20:53:17,2017-04-03 21:00:53,0.5,11.62,7,20,Monday
823237,1,237.0,262.0,0.9,2017-04-06 20:06:23,2017-04-06 20:11:38,0.5,8.15,5,20,Thursday
773765,1,186.0,74.0,4.9,2017-04-06 20:19:01,2017-04-06 20:41:12,0.5,19.3,22,20,Thursday
966817,1,132.0,258.0,6.7,2017-04-05 20:29:45,2017-04-05 20:46:28,0.5,22.3,16,20,Wednesday
388033,1,230.0,161.0,0.6,2017-04-04 20:20:26,2017-04-04 20:24:24,0.5,6.3,3,20,Tuesday
113681,2,234.0,114.0,0.76,2017-04-04 20:58:19,2017-04-04 21:04:58,0.5,8.76,6,20,Tuesday
672312,1,170.0,63.0,14.4,2017-04-06 20:31:51,2017-04-06 20:57:07,0.5,57.56,25,20,Thursday
310216,2,79.0,170.0,0.92,2017-04-05 20:07:45,2017-04-05 20:15:12,0.5,7.8,7,20,Wednesday
216282,1,79.0,88.0,2.7,2017-04-05 20:30:23,2017-04-05 20:45:45,0.5,15.95,15,20,Wednesday
241803,1,186.0,246.0,1.0,2017-04-04 20:33:02,2017-04-04 20:42:48,0.5,8.3,9,20,Tuesday
383421,2,170.0,164.0,1.31,2017-04-06 20:18:25,2017-04-06 20:29:23,0.5,11.8,10,20,Thursday
740902,1,237.0,161.0,0.8,2017-04-05 20:35:54,2017-04-05 20:39:50,0.5,6.3,3,20,Wednesday
13147,1,68.0,50.0,1.2,2017-04-05 20:23:53,2017-04-05 20:31:50,0.5,8.3,7,20,Wednesday
654588,1,140.0,224.0,2.6,2017-04-03 20:24:53,2017-04-03 20:32:29,0.5,14.3,7,20,Monday
882065,1,211.0,144.0,0.5,2017-04-03 20:50:25,2017-04-03 20:53:53,0.5,6.8,3,20,Monday
391337,2,142.0,249.0,2.55,2017-04-03 20:56:12,2017-04-03 21:06:51,0.5,13.3,10,20,Monday
383742,1,170.0,142.0,2.2,2017-04-03 20:13:44,2017-04-03 20:27:50,0.5,13.3,14,20,Monday
447499,1,236.0,173.0,7.5,2017-04-06 20:59:50,2017-04-06 21:29:18,0.5,30.3,29,20,Thursday
501570,1,246.0,65.0,4.4,2017-04-06 20:27:41,2017-04-06 20:50:07,0.5,23.75,22,20,Thursday
648372,2,162.0,170.0,1.27,2017-04-03 20:33:05,2017-04-03 20:38:33,0.5,9.36,5,20,Monday
125597,1,186.0,43.0,2.9,2017-04-06 20:16:20,2017-04-06 20:31:54,0.5,17.15,15,20,Thursday
1045245,1,141.0,263.0,1.1,2017-04-05 20:04:38,2017-04-05 20:08:47,0.5,8.15,4,20,Wednesday
297647,2,231.0,231.0,1.04,2017-04-05 20:41:17,2017-04-05 20:47:47,0.5,8.97,6,20,Wednesday
882662,2,162.0,141.0,1.64,2017-04-03 20:55:18,2017-04-03 21:02:49,0.5,8.8,7,20,Monday
181216,1,68.0,234.0,1.2,2017-04-05 20:49:40,2017-04-05 20:56:27,0.5,8.3,6,20,Wednesday
286647,1,239.0,140.0,2.6,2017-04-03 20:21:18,2017-04-03 20:32:41,0.5,14.15,11,20,Monday
845070,2,186.0,237.0,3.18,2017-04-04 20:50:23,2017-04-04 21:07:18,0.5,15.3,16,20,Tuesday
22148,2,90.0,50.0,1.76,2017-04-06 20:16:56,2017-04-06 20:28:33,0.5,10.8,11,20,Thursday
566237,1,163.0,230.0,0.5,2017-04-04 20:10:12,2017-04-04 20:13:48,0.5,6.09,3,20,Tuesday
988447,1,161.0,33.0,7.4,2017-04-03 20:30:22,2017-04-03 20:48:58,0.5,28.55,18,20,Monday
129189,1,229.0,137.0,1.6,2017-04-05 20:05:35,2017-04-05 20:14:15,0.5,11.15,8,20,Wednesday
547210,1,151.0,243.0,6.8,2017-04-06 20:50:11,2017-04-06 21:07:47,0.5,22.3,17,20,Thursday
494774,2,230.0,143.0,1.31,2017-04-04 20:26:03,2017-04-04 20:33:57,0.5,9.96,7,20,Tuesday
248061,1,230.0,113.0,2.0,2017-04-06 20:57:02,2017-04-06 21:11:09,0.5,14.15,14,20,Thursday
429846,2,231.0,161.0,2.93,2017-04-03 20:16:52,2017-04-03 20:32:35,0.5,17.16,15,20,Monday
327973,1,163.0,233.0,1.3,2017-04-05 20:32:05,2017-04-05 20:42:28,0.5,11.3,10,20,Wednesday
134742,1,48.0,175.0,15.6,2017-04-06 20:20:48,2017-04-06 21:12:27,0.5,61.55,51,20,Thursday
96605,2,161.0,229.0,1.35,2017-04-06 20:25:38,2017-04-06 20:32:19,0.5,10.38,6,20,Thursday
245161,1,163.0,236.0,2.1,2017-04-05 20:58:42,2017-04-05 21:07:53,0.5,10.3,9,20,Wednesday
542835,2,79.0,4.0,0.99,2017-04-05 20:45:27,2017-04-05 20:52:48,0.5,8.8,7,20,Wednesday
1042426,1,234.0,90.0,0.7,2017-04-06 20:32:33,2017-04-06 20:37:34,0.5,7.55,5,20,Thursday
448691,2,237.0,236.0,1.41,2017-04-05 20:51:44,2017-04-05 21:00:13,0.5,9.3,8,20,Wednesday
372918,2,107.0,181.0,5.44,2017-04-06 20:56:00,2017-04-06 21:27:51,0.5,29.2,31,20,Thursday
92725,2,74.0,41.0,0.91,2017-04-06 20:57:21,2017-04-06 21:02:25,0.5,6.8,5,20,Thursday
334478,2,164.0,246.0,1.64,2017-04-05 20:24:05,2017-04-05 20:42:29,0.5,13.3,18,20,Wednesday
308054,1,166.0,43.0,1.2,2017-04-03 20:08:51,2017-04-03 20:15:25,0.5,9.35,6,20,Monday
874281,2,68.0,246.0,0.72,2017-04-06 20:08:59,2017-04-06 20:12:00,0.5,7.8,3,20,Thursday
287524,1,87.0,257.0,6.1,2017-04-05 20:33:08,2017-04-05 20:51:38,0.5,24.95,18,20,Wednesday
77189,1,163.0,263.0,2.6,2017-04-04 20:08:06,2017-04-04 20:20:42,0.5,14.75,12,20,Tuesday
909841,2,234.0,113.0,0.49,2017-04-06 20:17:48,2017-04-06 20:19:49,0.5,5.28,2,20,Thursday
1004117,2,262.0,263.0,0.57,2017-04-03 20:51:25,2017-04-03 20:53:17,0.5,6.3,1,20,Monday
180001,1,236.0,238.0,1.9,2017-04-03 20:44:50,2017-04-03 20:55:17,0.5,13.0,10,20,Monday
715263,1,161.0,48.0,0.6,2017-04-04 20:32:12,2017-04-04 20:38:41,0.5,8.03,6,20,Tuesday
987567,1,237.0,142.0,1.1,2017-04-04 20:13:06,2017-04-04 20:18:59,0.5,9.35,5,20,Tuesday
602296,1,113.0,234.0,0.8,2017-04-04 20:24:49,2017-04-04 20:31:58,0.5,8.0,7,20,Tuesday
946234,2,132.0,132.0,0.69,2017-04-06 20:02:20,2017-04-06 20:05:22,0.5,5.8,3,20,Thursday
648934,2,246.0,143.0,1.32,2017-04-05 20:53:40,2017-04-05 20:59:21,0.5,9.36,5,20,Wednesday
459195,2,239.0,249.0,4.09,2017-04-04 20:54:55,2017-04-04 21:14:21,0.5,20.76,19,20,Tuesday
213228,2,170.0,107.0,0.87,2017-04-06 20:50:11,2017-04-06 20:57:51,0.5,7.8,7,20,Thursday
617990,2,152.0,244.0,7.83,2017-04-05 20:18:16,2017-04-05 21:00:35,0.5,41.0,42,20,Wednesday
161471,1,68.0,231.0,2.0,2017-04-03 20:46:55,2017-04-03 20:57:40,0.5,11.27,10,20,Monday
72824,2,236.0,68.0,4.28,2017-04-03 20:23:29,2017-04-03 20:38:38,0.5,18.96,15,20,Monday
442013,2,163.0,48.0,1.64,2017-04-03 20:46:16,2017-04-03 20:56:16,0.5,12.36,10,20,Monday
569095,2,170.0,100.0,0.74,2017-04-06 20:34:55,2017-04-06 20:39:49,0.5,6.3,4,20,Thursday
45291,2,161.0,140.0,2.01,2017-04-06 20:08:23,2017-04-06 20:19:28,0.5,12.96,11,20,Thursday
885315,1,151.0,236.0,0.9,2017-04-06 20:49:18,2017-04-06 20:52:43,0.5,6.3,3,20,Thursday
957127,2,140.0,48.0,2.61,2017-04-05 20:10:34,2017-04-05 20:24:32,0.5,13.3,13,20,Wednesday
464796,2,148.0,261.0,3.28,2017-04-03 20:49:16,2017-04-03 20:59:43,0.5,17.29,10,20,Monday
125332,1,162.0,140.0,1.2,2017-04-04 20:57:09,2017-04-04 21:05:51,0.5,11.3,8,20,Tuesday
998954,1,113.0,249.0,1.0,2017-04-05 20:14:00,2017-04-05 20:23:07,0.5,9.8,9,20,Wednesday
387977,1,163.0,137.0,2.3,2017-04-06 20:32:18,2017-04-06 20:49:17,0.5,16.6,16,20,Thursday
437549,1,186.0,48.0,1.6,2017-04-05 20:57:25,2017-04-05 21:10:02,0.5,10.8,12,20,Wednesday
259208,1,100.0,170.0,0.7,2017-04-03 20:47:17,2017-04-03 20:52:00,0.5,8.15,4,20,Monday
829115,1,237.0,229.0,0.5,2017-04-03 20:50:24,2017-04-03 20:55:37,0.5,6.3,5,20,Monday
472125,2,170.0,141.0,1.89,2017-04-03 20:50:17,2017-04-03 20:58:31,0.5,10.8,8,20,Monday
563779,1,161.0,162.0,0.2,2017-04-05 20:27:13,2017-04-05 20:28:34,0.5,4.3,1,20,Wednesday
298000,2,137.0,7.0,5.52,2017-04-04 20:50:32,2017-04-04 21:10:31,0.5,22.3,19,20,Tuesday
762811,2,162.0,236.0,1.79,2017-04-05 20:44:30,2017-04-05 20:51:53,0.5,11.16,7,20,Wednesday
976796,2,233.0,186.0,1.38,2017-04-03 20:07:37,2017-04-03 20:17:15,0.5,11.16,9,20,Monday
178012,1,138.0,112.0,7.5,2017-04-06 20:36:08,2017-04-06 20:57:28,0.5,31.6,21,20,Thursday
327187,1,237.0,263.0,1.1,2017-04-06 20:55:29,2017-04-06 21:00:53,0.5,8.75,5,20,Thursday
397876,2,246.0,186.0,1.87,2017-04-03 20:46:58,2017-04-03 20:55:50,0.5,11.76,8,20,Monday
479614,1,230.0,170.0,0.8,2017-04-04 20:21:18,2017-04-04 20:25:55,0.5,6.3,4,20,Tuesday
345761,2,162.0,237.0,1.31,2017-04-06 20:39:10,2017-04-06 20:43:31,0.5,8.76,4,20,Thursday
15576,2,68.0,231.0,2.16,2017-04-06 20:49:58,2017-04-06 21:01:06,0.5,13.56,11,20,Thursday
824712,2,142.0,186.0,2.07,2017-04-05 20:48:31,2017-04-05 20:59:23,0.5,10.8,10,20,Wednesday
744259,2,170.0,224.0,1.16,2017-04-03 20:37:00,2017-04-03 20:41:05,0.0,76.44,4,20,Monday
796618,2,48.0,113.0,2.54,2017-04-05 20:57:36,2017-04-05 21:11:29,0.5,15.36,13,20,Wednesday
426380,2,234.0,137.0,1.08,2017-04-05 20:54:18,2017-04-05 21:00:01,0.5,8.5,5,20,Wednesday
583366,2,239.0,163.0,1.61,2017-04-04 20:30:33,2017-04-04 20:41:42,0.5,11.05,11,20,Tuesday
440368,2,231.0,87.0,0.96,2017-04-03 20:46:37,2017-04-03 20:51:11,0.5,7.8,4,20,Monday
818324,1,238.0,151.0,0.3,2017-04-05 20:36:24,2017-04-05 20:39:10,0.5,5.3,2,20,Wednesday
808403,1,88.0,88.0,4.4,2017-04-05 20:04:15,2017-04-05 20:04:59,0.5,3.8,0,20,Wednesday
596781,1,161.0,68.0,1.9,2017-04-05 20:46:52,2017-04-05 21:05:41,0.5,17.15,18,20,Wednesday
569454,1,230.0,144.0,3.1,2017-04-05 20:34:53,2017-04-05 20:57:30,0.5,16.8,22,20,Wednesday
323322,2,234.0,87.0,3.11,2017-04-06 20:55:15,2017-04-06 21:11:56,0.5,17.16,16,20,Thursday
189748,2,162.0,137.0,1.37,2017-04-03 20:14:30,2017-04-03 20:19:35,0.5,7.8,5,20,Monday
628047,2,234.0,137.0,0.53,2017-04-06 20:49:51,2017-04-06 20:51:37,0.5,5.76,1,20,Thursday
485613,2,162.0,141.0,1.36,2017-04-03 20:23:05,2017-04-03 20:30:10,0.5,9.96,7,20,Monday
761516,2,231.0,246.0,2.12,2017-04-06 20:41:46,2017-04-06 20:48:08,0.5,11.16,6,20,Thursday
196337,2,229.0,237.0,0.41,2017-04-04 20:19:27,2017-04-04 20:22:15,0.5,5.3,2,20,Tuesday
677563,2,90.0,140.0,3.32,2017-04-05 20:05:29,2017-04-05 20:24:21,0.5,15.8,18,20,Wednesday
96619,2,43.0,151.0,1.32,2017-04-06 20:04:18,2017-04-06 20:10:48,0.5,9.96,6,20,Thursday
3767,1,249.0,79.0,1.2,2017-04-03 20:19:52,2017-04-03 20:30:32,0.5,11.15,10,20,Monday
842211,1,90.0,107.0,0.9,2017-04-04 20:05:43,2017-04-04 20:13:06,1.0,9.35,7,20,Tuesday
46840,2,211.0,261.0,1.21,2017-04-03 20:06:21,2017-04-03 20:14:49,0.5,9.05,8,20,Monday
530971,1,24.0,234.0,4.7,2017-04-04 20:08:33,2017-04-04 20:37:07,0.5,26.15,28,20,Tuesday
183314,2,79.0,232.0,1.57,2017-04-06 20:11:44,2017-04-06 20:19:58,0.5,10.56,8,20,Thursday
729201,2,48.0,107.0,2.9,2017-04-03 20:16:35,2017-04-03 20:29:54,0.5,15.96,13,20,Monday
838046,2,230.0,79.0,3.24,2017-04-04 20:45:45,2017-04-04 21:06:51,0.5,16.3,21,20,Tuesday
263515,1,209.0,79.0,3.0,2017-04-06 20:45:33,2017-04-06 20:57:04,0.5,13.3,11,20,Thursday
152703,2,162.0,113.0,2.14,2017-04-06 20:34:03,2017-04-06 20:47:28,0.5,14.75,13,20,Thursday
925857,2,137.0,112.0,4.08,2017-04-06 20:10:49,2017-04-06 20:40:16,0.5,28.06,29,20,Thursday
226232,2,79.0,170.0,1.9,2017-04-05 20:01:29,2017-04-05 20:16:10,0.5,11.8,14,20,Wednesday
589674,1,234.0,50.0,2.6,2017-04-04 20:43:54,2017-04-04 20:55:45,0.5,14.8,11,20,Tuesday
733935,2,132.0,186.0,17.18,2017-04-04 20:12:59,2017-04-04 20:46:53,0.0,58.56,33,20,Tuesday
403632,1,68.0,90.0,1.3,2017-04-05 20:04:39,2017-04-05 20:11:31,0.5,9.95,6,20,Wednesday
539430,2,107.0,234.0,0.59,2017-04-04 20:33:46,2017-04-04 20:40:29,0.5,8.76,6,20,Tuesday
144210,2,142.0,127.0,8.61,2017-04-04 20:19:31,2017-04-04 20:40:53,0.5,31.3,21,20,Tuesday
1012500,1,114.0,211.0,0.5,2017-04-06 20:17:38,2017-04-06 20:21:59,0.5,5.8,4,20,Thursday
463691,1,161.0,158.0,2.5,2017-04-04 20:26:56,2017-04-04 20:40:19,0.5,15.95,13,20,Tuesday
867364,1,79.0,232.0,1.5,2017-04-05 20:34:19,2017-04-05 20:46:55,0.5,13.5,12,20,Wednesday
117636,2,161.0,262.0,2.92,2017-04-03 20:12:57,2017-04-03 20:27:36,0.5,15.96,14,20,Monday
284269,1,87.0,66.0,1.9,2017-04-05 20:51:06,2017-04-05 21:02:20,0.5,12.35,11,20,Wednesday
530332,1,68.0,186.0,0.8,2017-04-05 20:40:38,2017-04-05 20:45:30,0.5,7.8,4,20,Wednesday
804187,2,100.0,48.0,1.04,2017-04-03 20:22:25,2017-04-03 20:27:37,0.5,7.3,5,20,Monday
996549,2,236.0,239.0,0.74,2017-04-05 20:27:19,2017-04-05 20:30:26,0.5,8.19,3,20,Wednesday
1013201,2,48.0,142.0,1.31,2017-04-06 20:38:38,2017-04-06 20:44:28,0.5,9.36,5,20,Thursday
583952,2,163.0,230.0,0.94,2017-04-04 20:57:23,2017-04-04 21:06:19,0.5,10.56,8,20,Tuesday
371831,1,239.0,238.0,0.9,2017-04-06 20:44:37,2017-04-06 20:48:33,0.5,6.3,3,20,Thursday
702837,1,141.0,161.0,1.4,2017-04-06 20:19:42,2017-04-06 20:27:55,0.5,10.55,8,20,Thursday
257506,1,142.0,161.0,1.7,2017-04-06 20:10:02,2017-04-06 20:22:42,0.5,10.8,12,20,Thursday
559390,2,231.0,232.0,1.23,2017-04-05 20:48:32,2017-04-05 20:57:26,0.5,11.0,8,20,Wednesday
857391,1,141.0,263.0,1.3,2017-04-03 20:27:18,2017-04-03 20:31:10,0.5,7.3,3,20,Monday
1045734,2,231.0,211.0,0.3,2017-04-05 20:43:21,2017-04-05 20:46:09,0.5,4.8,2,20,Wednesday
813651,2,162.0,79.0,2.75,2017-04-03 20:34:36,2017-04-03 20:44:50,0.5,14.16,10,20,Monday
746818,1,234.0,164.0,1.1,2017-04-04 20:32:04,2017-04-04 20:38:15,0.5,8.75,6,20,Tuesday
859240,2,161.0,249.0,2.35,2017-04-04 20:24:11,2017-04-04 20:37:46,0.5,14.16,13,20,Tuesday
69028,1,170.0,41.0,4.0,2017-04-04 20:39:33,2017-04-04 20:54:39,0.5,15.8,15,20,Tuesday
794389,2,163.0,100.0,1.32,2017-04-05 20:10:53,2017-04-05 20:19:58,0.5,9.3,9,20,Wednesday
222887,2,246.0,143.0,2.32,2017-04-03 20:43:31,2017-04-03 20:51:05,0.5,12.36,7,20,Monday
711409,2,234.0,170.0,1.12,2017-04-04 20:16:54,2017-04-04 20:25:51,0.5,11.0,8,20,Tuesday
674168,1,161.0,263.0,2.4,2017-04-06 20:15:59,2017-04-06 20:31:33,0.5,15.95,15,20,Thursday
517137,2,140.0,236.0,0.92,2017-04-03 20:53:17,2017-04-03 20:56:36,0.5,6.3,3,20,Monday
663013,2,90.0,249.0,0.94,2017-04-05 20:30:18,2017-04-05 20:34:12,0.5,7.56,3,20,Wednesday
801281,2,231.0,48.0,3.41,2017-04-05 20:39:42,2017-04-05 21:02:46,0.5,22.49,23,20,Wednesday
339990,2,100.0,157.0,6.38,2017-04-06 20:36:44,2017-04-06 20:58:11,0.5,30.56,21,20,Thursday
83358,1,140.0,252.0,13.9,2017-04-03 20:49:07,2017-04-03 21:14:43,0.5,45.56,25,20,Monday
190743,2,107.0,148.0,2.23,2017-04-05 20:12:10,2017-04-05 20:30:16,0.5,16.56,18,20,Wednesday
842705,2,231.0,162.0,5.8,2017-04-05 20:31:48,2017-04-05 20:47:17,0.5,19.8,15,20,Wednesday
696546,1,48.0,246.0,1.2,2017-04-06 20:51:06,2017-04-06 20:57:08,0.5,9.75,6,20,Thursday
439635,2,100.0,164.0,0.67,2017-04-05 20:49:37,2017-04-05 20:55:29,0.5,6.8,5,20,Wednesday
160379,2,41.0,48.0,4.16,2017-04-05 20:45:18,2017-04-05 21:02:45,0.5,19.52,17,20,Wednesday
1000791,2,43.0,79.0,3.43,2017-04-06 20:01:06,2017-04-06 20:21:46,0.5,16.3,20,20,Thursday
462431,2,170.0,170.0,0.64,2017-04-06 20:33:37,2017-04-06 20:41:52,0.5,9.36,8,20,Thursday
29807,2,237.0,141.0,0.86,2017-04-03 20:22:19,2017-04-03 20:25:46,0.5,6.3,3,20,Monday
21793,1,163.0,170.0,1.3,2017-04-05 20:03:00,2017-04-05 20:11:53,0.5,8.8,8,20,Wednesday
491597,1,211.0,61.0,5.6,2017-04-06 20:45:51,2017-04-06 21:13:35,0.5,27.95,27,20,Thursday
486078,1,231.0,48.0,4.7,2017-04-05 20:03:03,2017-04-05 20:25:07,0.5,20.8,22,20,Wednesday
16070,2,143.0,238.0,0.89,2017-04-05 20:29:24,2017-04-05 20:33:59,0.5,7.82,4,20,Wednesday
609432,2,162.0,236.0,2.13,2017-04-04 20:23:34,2017-04-04 20:35:24,0.5,14.16,11,20,Tuesday
614744,2,87.0,114.0,1.91,2017-04-06 20:13:56,2017-04-06 20:28:12,0.5,12.3,14,20,Thursday
130790,1,230.0,161.0,0.6,2017-04-03 20:06:39,2017-04-03 20:10:31,0.5,6.95,3,20,Monday
21490,2,144.0,140.0,4.63,2017-04-04 20:47:58,2017-04-04 21:09:28,0.5,23.16,21,20,Tuesday
986133,2,230.0,162.0,0.86,2017-04-05 20:44:28,2017-04-05 20:52:38,0.5,9.36,8,20,Wednesday
147312,2,161.0,239.0,2.43,2017-04-04 20:23:08,2017-04-04 20:34:21,0.5,14.16,11,20,Tuesday
965904,2,48.0,263.0,3.64,2017-04-04 20:19:03,2017-04-04 20:35:38,0.5,18.36,16,20,Tuesday
774713,1,163.0,68.0,2.4,2017-04-05 20:22:07,2017-04-05 20:38:52,0.5,14.8,16,20,Wednesday
443171,2,236.0,237.0,0.73,2017-04-03 20:57:15,2017-04-03 20:58:50,0.5,5.3,1,20,Monday
740530,2,166.0,161.0,3.5,2017-04-04 20:03:12,2017-04-04 20:22:59,0.5,20.76,19,20,Tuesday
404187,1,163.0,90.0,1.6,2017-04-05 20:49:57,2017-04-05 20:59:03,0.5,11.15,9,20,Wednesday
887658,1,162.0,142.0,1.7,2017-04-06 20:16:30,2017-04-06 20:30:00,0.5,12.8,13,20,Thursday
715225,1,234.0,43.0,2.7,2017-04-06 20:32:19,2017-04-06 20:51:02,0.5,18.35,18,20,Thursday
705793,2,186.0,263.0,4.15,2017-04-03 20:11:16,2017-04-03 20:30:24,0.5,17.3,19,20,Monday
182287,1,233.0,141.0,1.6,2017-04-04 20:13:52,2017-04-04 20:22:34,0.5,10.3,8,20,Tuesday
228793,2,164.0,50.0,1.85,2017-04-06 20:48:09,2017-04-06 21:02:10,0.5,12.8,14,20,Thursday
892991,1,132.0,52.0,13.8,2017-04-03 20:23:49,2017-04-03 21:03:57,0.5,43.8,40,20,Monday
582220,1,237.0,163.0,1.0,2017-04-05 20:44:27,2017-04-05 20:50:45,0.5,8.58,6,20,Wednesday
132157,2,229.0,170.0,0.86,2017-04-06 20:52:51,2017-04-06 20:58:26,0.5,8.16,5,20,Thursday
1045009,2,230.0,186.0,0.88,2017-04-05 20:22:59,2017-04-05 20:28:30,0.5,8.84,5,20,Wednesday
150348,1,87.0,90.0,2.8,2017-04-06 20:08:28,2017-04-06 20:27:23,0.5,18.35,18,20,Thursday
820047,2,237.0,237.0,0.81,2017-04-06 20:54:51,2017-04-06 20:58:52,0.5,7.56,4,20,Thursday
660006,2,114.0,113.0,1.1,2017-04-03 20:55:03,2017-04-03 21:00:17,0.5,8.76,5,20,Monday
334465,1,233.0,107.0,1.0,2017-04-03 20:36:36,2017-04-03 20:40:02,0.5,7.8,3,20,Monday
784770,2,261.0,189.0,4.3,2017-04-05 20:03:04,2017-04-05 20:22:36,0.5,21.36,19,20,Wednesday
716405,2,234.0,142.0,2.68,2017-04-05 20:58:11,2017-04-05 21:15:39,0.5,16.3,17,20,Wednesday
102795,1,230.0,161.0,0.7,2017-04-06 20:39:22,2017-04-06 20:43:41,0.5,7.55,4,20,Thursday
980204,2,90.0,107.0,1.17,2017-04-04 20:13:49,2017-04-04 20:23:00,0.5,8.8,9,20,Tuesday
741144,1,114.0,249.0,0.5,2017-04-03 20:23:09,2017-04-03 20:27:30,0.5,7.5,4,20,Monday
418821,2,239.0,236.0,1.34,2017-04-06 20:44:58,2017-04-06 20:51:20,0.5,7.8,6,20,Thursday
279003,2,114.0,79.0,1.93,2017-04-05 20:34:24,2017-04-05 20:51:58,0.5,15.96,17,20,Wednesday
534299,2,186.0,255.0,5.93,2017-04-06 20:51:03,2017-04-06 21:18:27,0.5,29.16,27,20,Thursday
1033070,2,233.0,48.0,1.24,2017-04-03 20:40:48,2017-04-03 20:49:35,0.5,11.0,8,20,Monday
129282,2,230.0,186.0,0.92,2017-04-05 20:48:57,2017-04-05 20:55:55,0.5,7.8,6,20,Wednesday
668866,2,236.0,186.0,3.41,2017-04-04 20:00:20,2017-04-04 20:24:03,0.5,21.36,23,20,Tuesday
888031,2,87.0,144.0,1.2,2017-04-06 20:08:41,2017-04-06 20:18:35,0.5,11.16,9,20,Thursday
1017578,2,138.0,162.0,11.31,2017-04-04 20:51:12,2017-04-04 21:14:04,0.5,49.45,22,20,Tuesday
859752,2,114.0,163.0,2.88,2017-04-05 20:57:33,2017-04-05 21:15:07,0.5,14.8,17,20,Wednesday
971870,1,236.0,237.0,1.1,2017-04-04 20:19:29,2017-04-04 20:25:27,0.5,10.0,5,20,Tuesday
966237,2,237.0,75.0,2.18,2017-04-05 20:31:49,2017-04-05 20:38:46,0.5,11.76,6,20,Wednesday
765766,1,170.0,107.0,1.1,2017-04-05 20:08:29,2017-04-05 20:15:26,0.5,8.8,6,20,Wednesday
301028,2,233.0,239.0,3.11,2017-04-03 20:45:27,2017-04-03 20:57:11,0.5,15.36,11,20,Monday
701645,2,255.0,112.0,1.31,2017-04-03 20:23:52,2017-04-03 20:31:07,0.5,9.96,7,20,Monday
751875,2,186.0,220.0,11.53,2017-04-03 20:09:31,2017-04-03 20:31:59,0.5,41.0,22,20,Monday
378544,1,163.0,48.0,1.3,2017-04-03 20:04:15,2017-04-03 20:11:56,0.5,9.95,7,20,Monday
353596,1,132.0,230.0,20.3,2017-04-03 20:41:14,2017-04-03 21:21:50,0.0,58.56,40,20,Monday
714485,2,170.0,230.0,0.48,2017-04-06 20:35:17,2017-04-06 20:38:39,0.5,5.8,3,20,Thursday
801026,2,138.0,146.0,4.31,2017-04-05 20:41:17,2017-04-05 20:56:58,0.5,20.76,15,20,Wednesday
81697,2,234.0,107.0,1.09,2017-04-06 20:48:07,2017-04-06 20:58:43,0.5,11.0,10,20,Thursday
261023,2,48.0,43.0,0.95,2017-04-06 20:36:44,2017-04-06 20:42:31,0.5,9.12,5,20,Thursday
984376,1,234.0,231.0,2.7,2017-04-04 20:10:03,2017-04-04 20:26:02,0.5,14.8,15,20,Tuesday
306861,2,162.0,113.0,2.33,2017-04-05 20:58:36,2017-04-05 21:11:28,0.5,11.8,12,20,Wednesday
457322,2,162.0,114.0,2.63,2017-04-04 20:11:11,2017-04-04 20:32:15,0.5,15.8,21,20,Tuesday
685156,1,114.0,68.0,2.4,2017-04-03 20:28:40,2017-04-03 20:43:27,0.5,15.95,14,20,Monday
325983,1,100.0,241.0,11.0,2017-04-03 20:05:36,2017-04-03 20:30:23,0.5,33.8,24,20,Monday
773370,2,233.0,107.0,1.01,2017-04-03 20:18:53,2017-04-03 20:25:12,0.5,7.3,6,20,Monday
680443,1,230.0,135.0,11.5,2017-04-03 20:10:31,2017-04-03 20:47:24,0.5,45.95,36,20,Monday
158213,2,113.0,170.0,2.26,2017-04-03 20:12:32,2017-04-03 20:22:12,0.5,10.3,9,20,Monday
465464,2,161.0,231.0,5.03,2017-04-06 20:52:01,2017-04-06 21:18:16,0.5,27.88,26,20,Thursday
267439,2,143.0,239.0,0.46,2017-04-03 20:20:40,2017-04-03 20:23:25,0.5,6.36,2,20,Monday
857313,2,209.0,79.0,2.05,2017-04-04 20:01:38,2017-04-04 20:12:42,0.5,13.5,11,20,Tuesday
876228,2,211.0,226.0,7.33,2017-04-04 20:45:59,2017-04-04 21:10:33,0.5,26.83,24,20,Tuesday
501801,1,141.0,127.0,8.3,2017-04-03 20:51:48,2017-04-03 21:10:02,0.5,31.55,18,20,Monday
10649,1,148.0,143.0,5.2,2017-04-04 20:42:09,2017-04-04 21:07:44,0.5,25.55,25,20,Tuesday
712719,2,87.0,144.0,1.45,2017-04-05 20:24:38,2017-04-05 20:33:37,0.5,9.3,8,20,Wednesday
790735,2,138.0,186.0,9.61,2017-04-04 20:04:34,2017-04-04 20:29:20,0.5,43.87,24,20,Tuesday
711726,1,48.0,68.0,1.8,2017-04-04 20:20:10,2017-04-04 20:29:53,0.5,11.8,9,20,Tuesday
833636,2,231.0,107.0,2.6,2017-04-06 20:16:20,2017-04-06 20:36:08,0.5,19.12,19,20,Thursday
446533,1,137.0,100.0,1.7,2017-04-05 20:33:46,2017-04-05 20:45:11,0.5,12.95,11,20,Wednesday
933150,2,234.0,229.0,1.97,2017-04-04 20:17:01,2017-04-04 20:27:50,0.5,12.36,10,20,Tuesday
276747,1,236.0,74.0,2.2,2017-04-04 20:14:44,2017-04-04 20:20:40,0.5,10.8,5,20,Tuesday
572888,1,79.0,186.0,1.3,2017-04-05 20:08:38,2017-04-05 20:22:12,1.0,14.1,13,20,Wednesday
895548,1,238.0,236.0,1.0,2017-04-06 20:08:28,2017-04-06 20:13:42,0.5,7.3,5,20,Thursday
191100,2,107.0,90.0,1.28,2017-04-05 20:39:31,2017-04-05 20:49:00,0.5,9.3,9,20,Wednesday
776499,1,236.0,79.0,4.2,2017-04-05 20:36:11,2017-04-05 20:54:56,0.5,22.25,18,20,Wednesday
676073,2,234.0,90.0,0.56,2017-04-06 20:48:23,2017-04-06 20:51:13,0.5,5.3,2,20,Thursday
522977,1,74.0,41.0,1.3,2017-04-05 20:12:02,2017-04-05 20:20:05,0.5,8.8,8,20,Wednesday
403594,2,237.0,41.0,3.37,2017-04-03 20:59:33,2017-04-03 21:11:02,0.5,15.96,11,20,Monday
549922,1,107.0,249.0,0.9,2017-04-06 20:39:01,2017-04-06 20:46:07,0.5,9.35,7,20,Thursday
474599,2,236.0,107.0,3.19,2017-04-05 20:34:09,2017-04-05 20:50:55,0.5,17.76,16,20,Wednesday
97174,1,162.0,141.0,1.3,2017-04-03 20:09:34,2017-04-03 20:16:48,0.5,10.35,7,20,Monday
683563,2,163.0,142.0,1.2,2017-04-05 20:56:25,2017-04-05 21:05:46,0.5,10.3,9,20,Wednesday
183623,2,230.0,100.0,0.54,2017-04-06 20:16:39,2017-04-06 20:20:42,0.5,5.8,4,20,Thursday
635353,2,137.0,107.0,0.91,2017-04-04 20:16:22,2017-04-04 20:19:24,0.5,6.96,3,20,Tuesday
246214,1,48.0,143.0,0.4,2017-04-06 20:08:00,2017-04-06 20:10:04,0.5,4.8,2,20,Thursday
701548,2,229.0,236.0,2.19,2017-04-05 20:16:58,2017-04-05 20:24:14,0.5,11.76,7,20,Wednesday
942801,1,231.0,113.0,1.9,2017-04-03 20:05:01,2017-04-03 20:15:47,0.5,12.35,10,20,Monday
524368,1,162.0,164.0,0.8,2017-04-05 20:50:52,2017-04-05 20:58:08,0.5,9.35,7,20,Wednesday
998645,2,161.0,263.0,2.42,2017-04-04 20:57:59,2017-04-04 21:10:17,0.5,14.16,12,20,Tuesday
935199,1,137.0,229.0,1.4,2017-04-06 20:38:46,2017-04-06 20:44:40,0.5,7.8,5,20,Thursday
851447,1,132.0,48.0,18.9,2017-04-06 20:46:10,2017-04-06 21:26:58,0.0,58.56,40,20,Thursday
687773,1,90.0,113.0,0.9,2017-04-06 20:27:19,2017-04-06 20:34:17,0.5,9.35,6,20,Thursday
690962,2,141.0,140.0,1.07,2017-04-05 20:44:18,2017-04-05 20:47:55,0.5,8.5,3,20,Wednesday
209967,1,231.0,211.0,0.8,2017-04-04 20:10:12,2017-04-04 20:15:09,0.5,7.8,4,20,Tuesday
745588,2,229.0,65.0,7.04,2017-04-05 20:16:15,2017-04-05 20:41:57,0.5,29.3,25,20,Wednesday
511177,2,237.0,236.0,1.19,2017-04-05 20:25:20,2017-04-05 20:29:38,0.5,8.16,4,20,Wednesday
607659,2,13.0,229.0,6.72,2017-04-05 20:46:33,2017-04-05 21:00:42,0.5,28.34,14,20,Wednesday
678291,1,132.0,142.0,18.6,2017-04-05 20:45:49,2017-04-05 21:29:43,0.0,63.35,43,20,Wednesday
875503,1,144.0,186.0,2.3,2017-04-04 20:56:50,2017-04-04 21:07:03,0.5,12.95,10,20,Tuesday
757115,2,90.0,232.0,2.41,2017-04-03 20:44:44,2017-04-03 21:00:17,0.5,12.8,15,20,Monday
363899,1,246.0,238.0,4.5,2017-04-03 20:30:50,2017-04-03 20:42:49,0.5,19.56,11,20,Monday
531923,2,74.0,129.0,5.85,2017-04-03 20:14:09,2017-04-03 20:30:33,0.5,26.56,16,20,Monday
277088,2,186.0,233.0,1.47,2017-04-06 20:56:23,2017-04-06 21:07:25,0.5,9.8,11,20,Thursday
736484,2,132.0,92.0,10.98,2017-04-05 20:44:44,2017-04-05 21:07:38,0.5,32.3,22,20,Wednesday
45304,1,132.0,230.0,17.3,2017-04-06 20:02:11,2017-04-06 20:40:43,0.0,61.56,38,20,Thursday
124023,2,261.0,26.0,6.3,2017-04-03 20:48:25,2017-04-03 21:06:09,0.5,29.06,17,20,Monday
768920,2,100.0,229.0,1.88,2017-04-04 20:02:02,2017-04-04 20:13:37,0.5,14.12,11,20,Tuesday
304991,1,181.0,33.0,1.9,2017-04-05 20:28:07,2017-04-05 20:38:27,0.5,12.95,10,20,Wednesday
969304,2,246.0,116.0,6.58,2017-04-06 20:46:26,2017-04-06 21:06:24,0.5,28.56,19,20,Thursday
291906,2,161.0,161.0,0.42,2017-04-06 20:15:21,2017-04-06 20:20:04,0.0,8.4,4,20,Thursday
885005,1,107.0,246.0,2.2,2017-04-05 20:40:29,2017-04-05 20:57:49,0.5,13.8,17,20,Wednesday
757411,1,186.0,170.0,1.0,2017-04-05 20:02:41,2017-04-05 20:13:22,0.5,9.3,10,20,Wednesday
875883,1,164.0,107.0,0.8,2017-04-05 20:30:49,2017-04-05 20:38:02,0.5,7.8,7,20,Wednesday
24514,2,163.0,237.0,0.91,2017-04-06 20:00:25,2017-04-06 20:07:12,0.5,8.81,6,20,Thursday
127643,1,239.0,238.0,0.5,2017-04-03 20:07:02,2017-04-03 20:11:39,0.5,6.3,4,20,Monday
885732,2,230.0,262.0,3.74,2017-04-03 20:53:04,2017-04-03 21:14:16,0.5,21.36,21,20,Monday
732746,1,163.0,142.0,0.5,2017-04-06 20:26:29,2017-04-06 20:29:42,0.5,6.35,3,20,Thursday
453176,1,161.0,137.0,1.2,2017-04-06 20:26:03,2017-04-06 20:35:30,0.5,11.4,9,20,Thursday
191136,2,87.0,88.0,0.92,2017-04-05 20:32:25,2017-04-05 20:39:21,0.5,8.8,6,20,Wednesday
450351,1,152.0,132.0,18.5,2017-04-03 20:49:25,2017-04-03 21:26:41,0.0,70.26,37,20,Monday
350220,1,237.0,42.0,3.9,2017-04-04 20:29:16,2017-04-04 20:42:32,0.5,14.3,13,20,Tuesday
338109,2,161.0,246.0,1.52,2017-04-03 20:11:00,2017-04-03 20:22:24,0.5,13.3,11,20,Monday
108627,2,231.0,13.0,0.45,2017-04-06 20:07:27,2017-04-06 20:11:08,0.5,5.8,3,20,Thursday
770211,1,161.0,234.0,1.6,2017-04-03 20:22:42,2017-04-03 20:31:57,0.5,13.3,9,20,Monday
1035696,2,237.0,229.0,1.58,2017-04-03 20:32:33,2017-04-03 20:41:50,0.5,10.8,9,20,Monday
760055,1,49.0,255.0,2.3,2017-04-05 20:31:15,2017-04-05 20:43:06,0.5,14.1,11,20,Wednesday
313865,1,161.0,256.0,5.7,2017-04-05 20:13:06,2017-04-05 20:43:59,0.5,29.75,30,20,Wednesday
964671,2,114.0,79.0,0.89,2017-04-06 20:33:21,2017-04-06 20:40:28,0.5,7.81,7,20,Thursday
363999,1,107.0,249.0,0.7,2017-04-06 20:11:18,2017-04-06 20:18:03,0.5,9.0,6,20,Thursday
491943,2,230.0,231.0,4.0,2017-04-04 20:30:31,2017-04-04 20:50:14,0.5,20.76,19,20,Tuesday
635633,2,239.0,249.0,5.15,2017-04-06 20:36:57,2017-04-06 20:55:44,0.5,22.3,18,20,Thursday
80742,2,107.0,170.0,1.05,2017-04-05 20:43:00,2017-04-05 20:48:12,0.5,8.76,5,20,Wednesday
583984,1,264.0,264.0,2.9,2017-04-06 20:07:23,2017-04-06 20:21:26,0.5,13.8,14,20,Thursday
628867,2,162.0,141.0,1.29,2017-04-05 20:48:18,2017-04-05 20:55:29,0.5,9.96,7,20,Wednesday
455696,2,234.0,62.0,6.89,2017-04-03 20:49:28,2017-04-03 21:19:17,0.5,30.8,29,20,Monday
524446,1,186.0,229.0,2.1,2017-04-03 20:36:13,2017-04-03 20:45:20,0.5,12.35,9,20,Monday
578610,2,236.0,237.0,1.05,2017-04-03 20:14:21,2017-04-03 20:19:58,0.5,8.76,5,20,Monday
171684,1,90.0,237.0,2.9,2017-04-03 20:10:19,2017-04-03 20:24:35,0.5,16.6,14,20,Monday
562878,1,79.0,148.0,1.0,2017-04-03 20:26:07,2017-04-03 20:34:11,0.5,9.95,8,20,Monday
494109,2,161.0,146.0,3.19,2017-04-03 20:41:43,2017-04-03 20:56:13,0.5,14.3,14,20,Monday
118409,2,144.0,142.0,5.21,2017-04-05 20:02:17,2017-04-05 20:23:11,0.5,23.76,20,20,Wednesday
887127,2,137.0,79.0,0.81,2017-04-03 20:48:53,2017-04-03 20:50:44,0.5,6.96,1,20,Monday
27032,2,164.0,48.0,1.67,2017-04-03 20:49:22,2017-04-03 20:58:13,0.5,9.3,8,20,Monday
92025,2,79.0,164.0,1.94,2017-04-04 20:44:31,2017-04-04 20:58:28,0.5,14.75,13,20,Tuesday
645321,2,237.0,263.0,1.41,2017-04-06 20:27:23,2017-04-06 20:32:44,0.5,9.36,5,20,Thursday
641998,1,113.0,114.0,0.6,2017-04-05 20:09:05,2017-04-05 20:15:15,0.5,7.8,6,20,Wednesday
368654,2,230.0,186.0,0.79,2017-04-06 20:05:12,2017-04-06 20:08:56,0.5,6.3,3,20,Thursday
1028782,1,229.0,236.0,2.1,2017-04-05 20:51:28,2017-04-05 21:00:04,0.5,12.35,8,20,Wednesday
337416,2,186.0,186.0,0.39,2017-04-05 20:57:43,2017-04-05 20:59:55,0.5,6.0,2,20,Wednesday
260990,1,79.0,148.0,1.5,2017-04-05 20:42:12,2017-04-05 20:54:23,0.5,11.8,12,20,Wednesday
347659,2,114.0,231.0,1.19,2017-04-05 20:10:48,2017-04-05 20:19:03,0.5,10.12,8,20,Wednesday
108258,2,161.0,233.0,1.18,2017-04-04 20:42:28,2017-04-04 20:50:19,0.5,8.3,7,20,Tuesday
429993,1,143.0,238.0,1.7,2017-04-06 20:12:32,2017-04-06 20:23:32,0.5,12.95,11,20,Thursday
470103,2,263.0,140.0,1.4,2017-04-05 20:41:41,2017-04-05 20:48:21,0.5,8.8,6,20,Wednesday
565007,2,132.0,10.0,2.9,2017-04-03 20:07:09,2017-04-03 20:16:00,0.5,12.3,8,20,Monday
814136,1,144.0,186.0,2.3,2017-04-04 20:05:37,2017-04-04 20:17:46,0.5,14.15,12,20,Tuesday
349619,1,246.0,90.0,0.5,2017-04-05 20:10:11,2017-04-05 20:13:09,0.5,5.8,2,20,Wednesday
580623,1,170.0,186.0,0.8,2017-04-03 20:47:48,2017-04-03 20:52:19,0.5,7.55,4,20,Monday
938706,2,164.0,170.0,0.79,2017-04-05 20:31:02,2017-04-05 20:36:43,0.5,6.8,5,20,Wednesday
933583,1,107.0,138.0,9.3,2017-04-06 20:03:35,2017-04-06 20:23:12,0.5,42.56,19,20,Thursday
40426,2,233.0,189.0,6.09,2017-04-03 20:26:26,2017-04-03 20:53:11,0.5,27.94,26,20,Monday
546592,2,158.0,229.0,3.53,2017-04-06 20:28:28,2017-04-06 20:48:28,0.5,21.0,20,20,Thursday
683874,1,262.0,140.0,0.3,2017-04-03 20:52:07,2017-04-03 20:52:54,0.5,4.3,0,20,Monday
274331,2,145.0,161.0,3.48,2017-04-05 20:14:28,2017-04-05 20:35:58,0.5,28.27,21,20,Wednesday
824817,1,142.0,237.0,1.3,2017-04-04 20:14:36,2017-04-04 20:25:03,0.5,10.7,10,20,Tuesday
1011878,1,132.0,129.0,12.8,2017-04-05 20:02:07,2017-04-05 20:25:50,0.5,36.3,23,20,Wednesday
311345,1,163.0,90.0,1.9,2017-04-05 20:17:54,2017-04-05 20:33:48,0.5,15.35,15,20,Wednesday
822418,1,144.0,164.0,2.8,2017-04-05 20:58:24,2017-04-05 21:18:14,0.5,15.3,19,20,Wednesday
710600,2,186.0,114.0,1.37,2017-04-06 20:44:29,2017-04-06 20:53:08,0.5,8.8,8,20,Thursday
53596,1,74.0,58.0,7.4,2017-04-03 20:05:18,2017-04-03 20:22:43,0.5,24.3,17,20,Monday
1034861,1,186.0,262.0,3.3,2017-04-05 20:17:14,2017-04-05 20:37:07,0.5,20.35,19,20,Wednesday
435883,2,90.0,137.0,1.39,2017-04-05 20:15:20,2017-04-05 20:29:40,0.5,11.3,14,20,Wednesday
311086,1,161.0,233.0,0.8,2017-04-04 20:16:51,2017-04-04 20:23:47,0.5,7.3,6,20,Tuesday
32786,2,79.0,249.0,0.94,2017-04-03 20:31:19,2017-04-03 20:39:13,0.5,9.79,7,20,Monday
102383,2,229.0,249.0,3.14,2017-04-06 20:52:50,2017-04-06 21:11:05,0.5,18.36,18,20,Thursday
1032800,2,230.0,238.0,2.31,2017-04-04 20:36:02,2017-04-04 20:45:48,0.5,12.66,9,20,Tuesday
655371,2,162.0,48.0,1.54,2017-04-04 20:16:53,2017-04-04 20:27:14,0.5,11.76,10,20,Tuesday
632600,2,164.0,87.0,3.13,2017-04-04 20:27:45,2017-04-04 20:46:11,0.5,16.8,18,20,Tuesday
254906,2,107.0,148.0,1.55,2017-04-04 20:20:06,2017-04-04 20:29:18,0.5,10.8,9,20,Tuesday
677505,1,163.0,100.0,1.1,2017-04-05 20:28:54,2017-04-05 20:34:27,0.5,7.3,5,20,Wednesday
765421,2,239.0,238.0,0.88,2017-04-04 20:19:49,2017-04-04 20:24:33,0.5,7.88,4,20,Tuesday
870564,2,263.0,239.0,3.18,2017-04-03 20:49:17,2017-04-03 21:06:56,0.5,14.8,17,20,Monday
327922,2,138.0,33.0,10.73,2017-04-06 20:32:15,2017-04-06 20:58:22,0.5,39.96,26,20,Thursday
623113,1,236.0,79.0,4.8,2017-04-04 20:18:42,2017-04-04 20:36:46,0.5,21.8,18,20,Tuesday
744717,2,233.0,141.0,1.62,2017-04-03 20:35:53,2017-04-03 20:42:39,0.5,10.56,6,20,Monday
705086,2,132.0,37.0,14.95,2017-04-05 20:09:32,2017-04-05 20:46:39,0.5,44.3,37,20,Wednesday
675291,1,142.0,140.0,2.2,2017-04-05 20:20:47,2017-04-05 20:36:07,0.5,12.8,15,20,Wednesday
778353,1,236.0,239.0,1.2,2017-04-05 20:40:44,2017-04-05 20:46:28,0.5,8.58,5,20,Wednesday
689974,1,170.0,141.0,2.3,2017-04-06 20:35:38,2017-04-06 20:48:26,0.5,12.3,12,20,Thursday
699581,2,13.0,162.0,6.26,2017-04-04 20:26:38,2017-04-04 20:38:38,0.5,20.3,12,20,Tuesday
56148,1,237.0,237.0,0.9,2017-04-05 20:32:35,2017-04-05 20:36:55,0.5,8.5,4,20,Wednesday
858854,2,163.0,142.0,1.18,2017-04-04 20:13:39,2017-04-04 20:20:12,0.5,9.36,6,20,Tuesday
46228,1,68.0,45.0,2.2,2017-04-03 20:21:08,2017-04-03 20:34:46,0.5,12.3,13,20,Monday
443327,1,132.0,49.0,12.2,2017-04-03 20:42:57,2017-04-03 21:16:01,0.5,39.3,33,20,Monday
7311,1,162.0,238.0,2.9,2017-04-03 20:47:03,2017-04-03 21:02:04,0.5,17.15,15,20,Monday
477880,1,229.0,230.0,1.8,2017-04-04 20:15:03,2017-04-04 20:27:43,0.5,11.3,12,20,Tuesday
318652,1,229.0,48.0,2.3,2017-04-03 20:52:58,2017-04-03 21:07:07,0.5,12.3,14,20,Monday
56786,1,79.0,144.0,0.8,2017-04-05 20:55:09,2017-04-05 21:03:52,0.5,8.3,8,20,Wednesday
459433,2,229.0,140.0,0.93,2017-04-06 20:03:46,2017-04-06 20:07:31,0.5,7.56,3,20,Thursday
439766,2,237.0,229.0,0.73,2017-04-05 20:03:34,2017-04-05 20:07:18,0.5,6.3,3,20,Wednesday
409181,1,65.0,25.0,0.9,2017-04-03 20:55:59,2017-04-03 21:03:03,0.5,9.35,7,20,Monday
715058,1,138.0,140.0,9.6,2017-04-04 20:35:12,2017-04-04 20:52:53,0.5,42.06,17,20,Tuesday
753611,2,107.0,48.0,1.92,2017-04-04 20:39:21,2017-04-04 20:53:50,0.5,14.3,14,20,Tuesday
576021,2,142.0,262.0,2.56,2017-04-06 20:51:12,2017-04-06 21:03:56,0.5,15.38,12,20,Thursday
923183,2,162.0,32.0,11.15,2017-04-06 20:41:10,2017-04-06 21:11:36,0.5,34.8,30,20,Thursday
530160,2,233.0,137.0,0.85,2017-04-04 20:08:56,2017-04-04 20:12:53,0.5,7.88,3,20,Tuesday
331777,2,263.0,24.0,1.87,2017-04-06 20:02:09,2017-04-06 20:14:36,0.5,12.3,12,20,Thursday
184241,1,161.0,232.0,4.2,2017-04-05 20:33:44,2017-04-05 20:57:28,0.5,24.35,23,20,Wednesday
563911,2,166.0,151.0,0.78,2017-04-04 20:24:19,2017-04-04 20:27:40,0.5,7.3,3,20,Tuesday
930062,2,162.0,87.0,5.56,2017-04-05 20:49:59,2017-04-05 21:08:27,0.5,24.96,18,20,Wednesday
995102,2,100.0,236.0,3.21,2017-04-06 20:22:38,2017-04-06 20:39:45,0.5,18.36,17,20,Thursday
678315,2,142.0,230.0,1.44,2017-04-04 20:08:57,2017-04-04 20:16:36,0.5,8.8,7,20,Tuesday
121916,1,107.0,186.0,0.7,2017-04-05 20:27:32,2017-04-05 20:34:12,0.5,9.3,6,20,Wednesday
152772,2,161.0,158.0,2.41,2017-04-03 20:25:52,2017-04-03 20:36:18,0.5,12.96,10,20,Monday
16424,2,238.0,166.0,1.1,2017-04-04 20:59:01,2017-04-04 21:05:16,0.5,7.8,6,20,Tuesday
476759,2,162.0,239.0,2.35,2017-04-04 20:21:11,2017-04-04 20:30:49,0.5,12.96,9,20,Tuesday
700815,2,161.0,179.0,4.88,2017-04-05 20:31:40,2017-04-05 20:51:25,0.5,23.16,19,20,Wednesday
538586,1,162.0,239.0,2.9,2017-04-05 20:42:05,2017-04-05 20:54:47,0.5,12.8,12,20,Wednesday
1043549,1,229.0,233.0,0.4,2017-04-06 20:34:15,2017-04-06 20:37:07,0.5,6.35,2,20,Thursday
323548,2,161.0,137.0,1.94,2017-04-05 20:01:45,2017-04-05 20:15:09,0.5,11.8,13,20,Wednesday
255128,2,88.0,230.0,4.95,2017-04-03 20:11:31,2017-04-03 20:37:45,0.5,26.0,26,20,Monday
473331,2,234.0,68.0,1.12,2017-04-04 20:32:32,2017-04-04 20:39:05,0.5,8.8,6,20,Tuesday
307311,1,48.0,71.0,10.7,2017-04-06 20:58:26,2017-04-06 21:40:15,0.5,43.06,41,20,Thursday
53669,2,170.0,234.0,1.63,2017-04-03 20:25:15,2017-04-03 20:33:11,0.5,9.3,7,20,Monday
406065,2,249.0,14.0,8.58,2017-04-03 20:27:23,2017-04-03 20:49:22,0.5,38.06,21,20,Monday
180936,2,48.0,243.0,8.16,2017-04-06 20:35:18,2017-04-06 21:00:36,0.5,33.96,25,20,Thursday
117168,2,162.0,33.0,6.94,2017-04-06 20:14:29,2017-04-06 20:41:33,0.5,28.5,27,20,Thursday
666678,1,68.0,163.0,1.5,2017-04-06 20:39:23,2017-04-06 20:48:14,0.5,9.3,8,20,Thursday
652389,2,170.0,107.0,0.74,2017-04-05 20:47:55,2017-04-05 20:51:37,0.5,7.3,3,20,Wednesday
635998,2,142.0,68.0,3.24,2017-04-04 20:39:46,2017-04-04 20:58:10,0.5,16.3,18,20,Tuesday
811225,2,137.0,107.0,0.67,2017-04-03 20:12:49,2017-04-03 20:16:58,0.5,6.3,4,20,Monday
11653,2,162.0,232.0,3.42,2017-04-03 20:05:52,2017-04-03 20:15:52,0.5,16.62,10,20,Monday
410591,1,151.0,42.0,2.9,2017-04-04 20:17:20,2017-04-04 20:32:01,0.5,16.55,14,20,Tuesday
401445,1,100.0,185.0,12.4,2017-04-05 20:52:35,2017-04-05 21:25:08,0.5,39.8,32,20,Wednesday
762899,2,249.0,48.0,1.53,2017-04-03 20:45:34,2017-04-03 20:55:54,0.5,9.8,10,20,Monday
897582,1,132.0,258.0,6.7,2017-04-04 20:05:40,2017-04-04 20:24:07,0.5,23.3,18,20,Tuesday
425336,1,231.0,45.0,1.0,2017-04-06 20:23:05,2017-04-06 20:28:31,0.5,6.8,5,20,Thursday
91443,2,114.0,158.0,1.26,2017-04-06 20:21:32,2017-04-06 20:32:56,0.5,11.76,11,20,Thursday
413618,2,143.0,246.0,1.85,2017-04-05 20:34:18,2017-04-05 20:43:39,0.5,11.76,9,20,Wednesday
358490,2,186.0,249.0,1.38,2017-04-06 20:14:04,2017-04-06 20:23:44,0.5,9.3,9,20,Thursday
497583,2,162.0,234.0,1.9,2017-04-06 20:47:08,2017-04-06 20:59:39,0.5,11.8,12,20,Thursday
672632,2,141.0,239.0,2.33,2017-04-06 20:20:20,2017-04-06 20:33:35,0.5,15.38,13,20,Thursday
248546,2,249.0,161.0,2.28,2017-04-03 20:36:29,2017-04-03 20:47:48,0.5,13.56,11,20,Monday
331580,2,148.0,233.0,2.76,2017-04-03 20:16:26,2017-04-03 20:30:33,0.5,15.96,14,20,Monday
442391,2,233.0,234.0,1.33,2017-04-06 20:25:42,2017-04-06 20:33:47,0.5,10.56,8,20,Thursday
199654,1,261.0,246.0,4.6,2017-04-06 20:47:01,2017-04-06 21:14:10,0.5,28.3,27,20,Thursday
896019,1,161.0,239.0,2.1,2017-04-05 20:54:37,2017-04-05 21:05:22,0.5,12.95,10,20,Wednesday
614569,1,48.0,238.0,2.3,2017-04-03 20:12:46,2017-04-03 20:23:43,0.5,14.15,10,20,Monday
347857,1,237.0,142.0,0.9,2017-04-05 20:03:57,2017-04-05 20:12:37,0.5,8.3,8,20,Wednesday
748042,2,162.0,140.0,1.58,2017-04-03 20:59:14,2017-04-03 21:04:45,0.5,9.96,5,20,Monday
246260,1,230.0,229.0,0.9,2017-04-04 20:18:58,2017-04-04 20:28:26,0.5,10.55,9,20,Tuesday
833973,2,263.0,141.0,0.27,2017-04-04 20:12:49,2017-04-04 20:14:20,0.5,6.0,1,20,Tuesday
777795,2,100.0,50.0,1.22,2017-04-03 20:33:43,2017-04-03 20:40:06,0.5,9.36,6,20,Monday
351024,2,100.0,234.0,1.23,2017-04-05 20:28:33,2017-04-05 20:38:55,0.5,9.8,10,20,Wednesday
243281,2,161.0,237.0,0.64,2017-04-06 20:47:43,2017-04-06 20:50:27,0.5,5.8,2,20,Thursday
813906,2,229.0,43.0,2.39,2017-04-03 20:45:18,2017-04-03 20:55:34,0.5,13.56,10,20,Monday
836505,1,142.0,140.0,1.9,2017-04-04 20:21:02,2017-04-04 20:30:37,0.5,11.8,9,20,Tuesday
824184,2,79.0,232.0,1.08,2017-04-06 20:31:12,2017-04-06 20:41:30,0.5,11.62,10,20,Thursday
190497,1,65.0,25.0,1.4,2017-04-04 20:10:36,2017-04-04 20:16:37,0.5,9.75,6,20,Tuesday
21451,1,100.0,249.0,2.0,2017-04-04 20:34:43,2017-04-04 20:43:18,0.5,11.75,8,20,Tuesday
415082,2,234.0,79.0,1.6,2017-04-05 20:03:39,2017-04-05 20:14:02,0.5,10.8,10,20,Wednesday
132109,2,107.0,79.0,0.61,2017-04-06 20:36:15,2017-04-06 20:43:19,0.5,8.3,7,20,Thursday
235017,1,170.0,48.0,2.8,2017-04-05 20:08:56,2017-04-05 20:45:52,0.5,27.95,36,20,Wednesday
455093,2,132.0,22.0,18.44,2017-04-06 20:33:53,2017-04-06 21:12:13,0.5,52.3,38,20,Thursday
477663,1,79.0,137.0,1.6,2017-04-03 20:09:29,2017-04-03 20:20:43,1.0,12.95,11,20,Monday
46594,1,138.0,16.0,9.2,2017-04-04 20:43:15,2017-04-04 20:59:46,0.5,27.3,16,20,Tuesday
273103,1,162.0,246.0,2.8,2017-04-04 20:50:06,2017-04-04 21:08:09,0.5,17.75,18,20,Tuesday
956651,2,249.0,249.0,0.28,2017-04-05 20:47:00,2017-04-05 20:49:47,0.5,4.8,2,20,Wednesday
700996,2,138.0,129.0,3.7,2017-04-04 20:20:56,2017-04-04 20:32:18,0.5,16.56,11,20,Tuesday
128864,1,170.0,238.0,4.1,2017-04-04 20:01:13,2017-04-04 20:21:16,0.5,21.35,20,20,Tuesday
1044399,2,230.0,68.0,1.82,2017-04-06 20:07:29,2017-04-06 20:21:15,0.5,12.3,13,20,Thursday
296024,2,261.0,169.0,13.8,2017-04-04 20:24:45,2017-04-04 20:54:04,0.5,49.56,29,20,Tuesday
548652,1,141.0,263.0,0.7,2017-04-06 20:53:56,2017-04-06 20:58:12,0.5,7.55,4,20,Thursday
76892,2,137.0,186.0,1.44,2017-04-06 20:06:40,2017-04-06 20:14:29,0.5,8.8,7,20,Thursday
144500,1,186.0,1.0,16.9,2017-04-03 20:02:13,2017-04-03 20:32:20,0.5,90.95,30,20,Monday
1041605,2,211.0,231.0,0.48,2017-04-06 20:43:46,2017-04-06 20:47:07,0.5,6.36,3,20,Thursday
519079,2,137.0,163.0,2.29,2017-04-05 20:12:13,2017-04-05 20:29:54,0.5,16.56,17,20,Wednesday
893217,1,236.0,41.0,1.5,2017-04-06 20:19:49,2017-04-06 20:26:15,0.5,9.95,6,20,Thursday
187065,2,229.0,170.0,0.71,2017-04-05 20:04:36,2017-04-05 20:07:41,0.5,5.8,3,20,Wednesday
1023942,1,79.0,164.0,1.8,2017-04-03 20:14:29,2017-04-03 20:25:48,0.5,12.8,11,20,Monday
884197,2,48.0,142.0,0.96,2017-04-06 20:16:05,2017-04-06 20:21:04,0.5,7.8,4,20,Thursday
1005454,2,162.0,24.0,3.9,2017-04-05 20:31:11,2017-04-05 20:49:20,0.5,20.16,18,20,Wednesday
686801,2,170.0,141.0,2.27,2017-04-03 20:24:04,2017-04-03 20:34:59,0.5,13.56,10,20,Monday
131305,1,237.0,170.0,1.3,2017-04-05 20:03:26,2017-04-05 20:12:07,0.5,9.8,8,20,Wednesday
97162,2,246.0,164.0,0.89,2017-04-06 20:28:56,2017-04-06 20:38:06,0.5,8.3,9,20,Thursday
635159,1,186.0,216.0,13.5,2017-04-03 20:03:14,2017-04-03 20:43:17,0.0,73.16,40,20,Monday
416258,1,246.0,170.0,1.5,2017-04-04 20:09:39,2017-04-04 20:19:09,0.5,12.7,9,20,Tuesday
377133,2,233.0,142.0,2.3,2017-04-06 20:25:01,2017-04-06 20:37:20,0.5,12.8,12,20,Thursday
786594,1,234.0,196.0,9.6,2017-04-03 20:39:41,2017-04-03 21:16:16,0.5,41.75,36,20,Monday
153357,2,113.0,186.0,1.47,2017-04-03 20:51:46,2017-04-03 20:58:12,1.0,10.56,6,20,Monday
463378,2,246.0,236.0,3.87,2017-04-03 20:05:39,2017-04-03 20:22:07,0.5,18.17,16,20,Monday
524060,2,233.0,236.0,2.09,2017-04-04 20:12:44,2017-04-04 20:21:33,0.5,11.3,8,20,Tuesday
873887,1,264.0,264.0,2.4,2017-04-06 20:45:52,2017-04-06 20:53:55,0.5,12.3,8,20,Thursday
793818,1,246.0,231.0,2.1,2017-04-06 20:36:40,2017-04-06 20:51:25,0.5,13.8,14,20,Thursday
612658,2,162.0,143.0,1.65,2017-04-05 20:24:59,2017-04-05 20:39:38,0.5,14.3,14,20,Wednesday
56817,1,13.0,48.0,4.8,2017-04-04 20:54:00,2017-04-04 21:15:35,0.5,24.35,21,20,Tuesday
89733,1,226.0,93.0,5.9,2017-04-04 20:56:49,2017-04-04 21:07:10,0.5,18.8,10,20,Tuesday
854062,2,144.0,25.0,3.23,2017-04-05 20:51:46,2017-04-05 21:07:20,0.5,17.16,15,20,Wednesday
94762,2,246.0,162.0,1.83,2017-04-05 20:42:26,2017-04-05 20:54:53,0.5,12.96,12,20,Wednesday
728398,1,237.0,141.0,1.2,2017-04-03 20:08:30,2017-04-03 20:15:09,0.5,10.1,6,20,Monday
343480,2,43.0,237.0,1.51,2017-04-04 20:23:41,2017-04-04 20:30:11,0.5,10.56,6,20,Tuesday
873372,1,107.0,181.0,9.3,2017-04-04 20:19:40,2017-04-04 20:58:39,0.5,51.31,38,20,Tuesday
501016,1,163.0,48.0,1.6,2017-04-05 20:39:57,2017-04-05 20:50:53,0.0,11.75,10,20,Wednesday
570874,1,132.0,48.0,18.4,2017-04-04 20:47:21,2017-04-04 21:23:26,0.0,52.8,36,20,Tuesday
264582,1,158.0,234.0,1.5,2017-04-04 20:00:07,2017-04-04 20:11:34,1.0,12.95,11,20,Tuesday
236650,1,68.0,79.0,2.2,2017-04-06 20:50:33,2017-04-06 21:05:21,0.5,12.3,14,20,Thursday
328403,1,137.0,170.0,0.3,2017-04-03 20:47:52,2017-04-03 20:49:48,0.5,6.3,1,20,Monday
317978,1,68.0,13.0,2.4,2017-04-03 20:50:16,2017-04-03 21:00:09,0.5,11.8,9,20,Monday
431138,2,238.0,236.0,1.48,2017-04-03 20:52:29,2017-04-03 20:58:08,0.5,8.8,5,20,Monday
136560,2,163.0,41.0,3.42,2017-04-03 20:41:43,2017-04-03 20:57:03,0.5,15.3,15,20,Monday
951113,1,229.0,148.0,3.1,2017-04-05 20:13:33,2017-04-05 20:33:53,0.5,17.8,20,20,Wednesday
178992,1,141.0,79.0,3.2,2017-04-03 20:00:21,2017-04-03 20:13:20,0.5,16.55,12,20,Monday
132057,2,138.0,127.0,11.24,2017-04-03 20:52:37,2017-04-03 21:13:38,0.5,50.13,21,20,Monday
253469,2,132.0,230.0,17.83,2017-04-03 20:03:35,2017-04-03 20:50:44,0.0,63.36,47,20,Monday
779669,1,141.0,229.0,1.1,2017-04-04 20:38:43,2017-04-04 20:43:54,0.5,9.1,5,20,Tuesday
221848,2,132.0,216.0,5.27,2017-04-03 21:30:42,2017-04-03 21:41:38,0.5,17.3,10,21,Monday
717162,1,230.0,161.0,0.5,2017-04-03 21:37:45,2017-04-03 21:42:25,0.5,6.3,4,21,Monday
389852,1,236.0,223.0,5.6,2017-04-05 21:26:15,2017-04-05 21:40:19,0.5,30.06,14,21,Wednesday
15596,1,87.0,158.0,2.2,2017-04-03 21:48:36,2017-04-03 21:57:57,0.5,12.95,9,21,Monday
531111,1,161.0,48.0,0.8,2017-04-05 21:34:49,2017-04-05 21:49:11,0.5,11.8,14,21,Wednesday
187633,1,48.0,100.0,0.7,2017-04-05 21:32:17,2017-04-05 21:39:32,0.5,9.13,7,21,Wednesday
106465,1,162.0,249.0,2.9,2017-04-06 21:24:41,2017-04-06 21:40:16,0.5,15.8,15,21,Thursday
968668,2,263.0,262.0,0.68,2017-04-06 21:14:16,2017-04-06 21:17:49,0.5,6.67,3,21,Thursday
367586,2,170.0,148.0,3.67,2017-04-05 21:54:38,2017-04-05 22:07:56,0.5,19.12,13,21,Wednesday
261030,2,249.0,79.0,3.89,2017-04-06 21:42:13,2017-04-06 22:07:23,0.5,22.56,25,21,Thursday
699165,2,234.0,13.0,3.1,2017-04-05 21:38:01,2017-04-05 21:52:04,0.5,17.16,14,21,Wednesday
978514,1,230.0,140.0,2.6,2017-04-03 21:10:27,2017-04-03 21:24:16,0.5,15.95,13,21,Monday
157500,2,79.0,249.0,0.97,2017-04-06 21:35:32,2017-04-06 21:41:51,0.5,9.36,6,21,Thursday
983126,2,162.0,151.0,4.21,2017-04-03 21:30:23,2017-04-03 21:50:25,0.5,18.8,20,21,Monday
606215,1,170.0,112.0,3.5,2017-04-05 21:26:39,2017-04-05 21:52:12,0.5,27.34,25,21,Wednesday
143583,2,107.0,107.0,0.66,2017-04-05 21:16:58,2017-04-05 21:21:01,0.5,7.1,4,21,Wednesday
1038082,1,107.0,42.0,8.4,2017-04-05 21:01:25,2017-04-05 21:42:51,0.5,35.3,41,21,Wednesday
322071,2,132.0,262.0,19.36,2017-04-05 21:45:58,2017-04-05 22:11:41,0.0,58.56,25,21,Wednesday
10918,1,246.0,246.0,1.4,2017-04-06 21:31:55,2017-04-06 21:38:19,0.5,9.3,6,21,Thursday
839893,2,239.0,50.0,1.07,2017-04-04 21:59:39,2017-04-04 22:05:22,0.5,7.3,5,21,Tuesday
885509,1,161.0,65.0,7.2,2017-04-06 21:07:03,2017-04-06 21:35:18,0.0,30.95,28,21,Thursday
611015,1,161.0,7.0,4.8,2017-04-04 21:46:43,2017-04-04 22:09:34,0.5,22.3,22,21,Tuesday
687913,2,144.0,234.0,1.18,2017-04-06 21:36:11,2017-04-06 21:42:52,0.5,10.14,6,21,Thursday
901415,1,113.0,230.0,2.4,2017-04-03 21:21:50,2017-04-03 21:33:27,0.5,13.55,11,21,Monday
99998,1,249.0,90.0,0.6,2017-04-05 21:51:47,2017-04-05 21:54:15,0.5,6.35,2,21,Wednesday
295745,2,138.0,170.0,8.65,2017-04-04 21:09:50,2017-04-04 21:27:43,0.5,38.47,17,21,Tuesday
585526,1,61.0,17.0,0.9,2017-04-05 21:34:18,2017-04-05 21:39:59,0.5,7.3,5,21,Wednesday
235548,2,161.0,236.0,1.35,2017-04-06 21:23:05,2017-04-06 21:29:08,0.5,9.36,6,21,Thursday
386801,1,68.0,48.0,0.0,2017-04-06 21:54:16,2017-04-06 22:03:02,0.5,9.35,8,21,Thursday
673682,2,170.0,229.0,1.5,2017-04-05 21:17:34,2017-04-05 21:28:17,0.5,13.39,10,21,Wednesday
209214,2,90.0,48.0,2.17,2017-04-05 21:34:49,2017-04-05 21:45:45,0.5,11.8,10,21,Wednesday
835041,2,237.0,158.0,4.39,2017-04-03 21:07:42,2017-04-03 21:31:19,0.5,20.3,23,21,Monday
304386,1,249.0,40.0,5.7,2017-04-04 21:36:38,2017-04-04 21:57:37,0.5,25.55,20,21,Tuesday
774693,1,48.0,239.0,1.5,2017-04-03 21:30:06,2017-04-03 21:37:28,0.5,9.8,7,21,Monday
1042951,1,170.0,161.0,1.3,2017-04-05 21:10:53,2017-04-05 21:21:14,0.5,12.8,10,21,Wednesday
109728,2,230.0,238.0,2.83,2017-04-06 21:28:42,2017-04-06 21:41:09,0.5,14.8,12,21,Thursday
609174,2,79.0,229.0,2.56,2017-04-06 21:34:52,2017-04-06 21:46:33,0.5,14.16,11,21,Thursday
977814,1,132.0,116.0,18.4,2017-04-06 21:37:23,2017-04-06 22:28:36,0.0,58.56,51,21,Thursday
17276,2,162.0,238.0,3.48,2017-04-03 21:32:16,2017-04-03 21:50:03,0.5,17.8,17,21,Monday
26285,2,237.0,141.0,1.06,2017-04-03 21:04:07,2017-04-03 21:08:53,0.5,8.84,4,21,Monday
340188,1,234.0,113.0,0.6,2017-04-03 21:43:03,2017-04-03 21:47:02,0.5,5.8,3,21,Monday
670375,2,161.0,13.0,6.71,2017-04-04 21:58:06,2017-04-04 22:18:41,0.5,27.96,20,21,Tuesday
490920,1,107.0,145.0,2.9,2017-04-04 21:59:47,2017-04-04 22:15:01,0.5,23.49,15,21,Tuesday
766252,2,164.0,42.0,5.39,2017-04-03 21:38:42,2017-04-03 22:02:04,0.5,21.8,23,21,Monday
140844,1,75.0,68.0,4.7,2017-04-04 21:14:05,2017-04-04 21:44:52,0.5,23.3,30,21,Tuesday
995431,1,237.0,236.0,0.5,2017-04-04 21:29:03,2017-04-04 21:30:19,0.5,5.8,1,21,Tuesday
28036,2,237.0,237.0,1.1,2017-04-03 21:10:36,2017-04-03 21:15:38,0.5,9.12,5,21,Monday
52757,1,90.0,43.0,1.8,2017-04-05 21:50:46,2017-04-05 22:03:16,0.5,12.3,12,21,Wednesday
617265,1,142.0,141.0,1.5,2017-04-06 21:49:55,2017-04-06 22:00:50,0.5,10.3,10,21,Thursday
14716,1,237.0,238.0,2.9,2017-04-05 21:53:46,2017-04-05 22:06:05,0.5,12.8,12,21,Wednesday
540249,1,162.0,195.0,8.2,2017-04-04 21:09:19,2017-04-04 21:31:19,0.5,31.8,22,21,Tuesday
258520,1,234.0,141.0,3.6,2017-04-04 21:27:44,2017-04-04 21:46:31,0.5,20.35,18,21,Tuesday
630177,1,161.0,145.0,0.7,2017-04-06 21:49:15,2017-04-06 22:04:03,0.5,12.95,14,21,Thursday
313539,1,162.0,234.0,1.5,2017-04-06 21:40:24,2017-04-06 21:47:10,0.5,9.95,6,21,Thursday
546518,2,142.0,162.0,1.7,2017-04-04 21:12:47,2017-04-04 21:22:11,0.5,12.25,9,21,Tuesday
670595,1,161.0,238.0,3.1,2017-04-03 21:59:35,2017-04-03 22:11:38,0.5,14.8,12,21,Monday
613844,2,230.0,141.0,1.57,2017-04-04 21:40:50,2017-04-04 21:48:44,0.5,8.8,7,21,Tuesday
996302,1,90.0,113.0,1.0,2017-04-05 21:28:41,2017-04-05 21:33:22,0.5,7.8,4,21,Wednesday
545348,1,233.0,90.0,2.0,2017-04-03 21:14:48,2017-04-03 21:27:14,0.5,15.34,12,21,Monday
479966,2,264.0,158.0,0.0,2017-04-04 21:43:49,2017-04-04 21:43:50,0.0,52.8,0,21,Tuesday
168844,2,236.0,236.0,0.83,2017-04-04 21:34:49,2017-04-04 21:37:28,0.5,7.25,2,21,Tuesday
651284,1,158.0,164.0,1.6,2017-04-06 21:49:52,2017-04-06 21:58:48,0.5,9.8,8,21,Thursday
332645,2,162.0,5.0,28.35,2017-04-04 21:19:21,2017-04-04 22:05:18,0.5,109.08,45,21,Tuesday
488131,1,233.0,143.0,2.9,2017-04-04 21:42:29,2017-04-04 21:59:41,0.5,14.8,17,21,Tuesday
419178,1,211.0,158.0,0.9,2017-04-03 21:10:00,2017-04-03 21:14:53,0.5,8.15,4,21,Monday
805199,2,141.0,142.0,2.02,2017-04-04 21:23:45,2017-04-04 21:31:47,0.5,11.76,8,21,Tuesday
596351,1,114.0,79.0,0.7,2017-04-06 21:49:13,2017-04-06 21:57:26,0.5,9.35,8,21,Thursday
697344,2,161.0,209.0,5.41,2017-04-04 21:14:19,2017-04-04 21:30:17,0.5,21.23,15,21,Tuesday
346129,1,263.0,141.0,0.3,2017-04-06 21:16:22,2017-04-06 21:17:46,0.5,6.2,1,21,Thursday
912423,2,48.0,50.0,0.72,2017-04-05 21:03:55,2017-04-05 21:07:34,0.5,7.56,3,21,Wednesday
829877,1,158.0,17.0,5.9,2017-04-06 21:31:29,2017-04-06 22:05:55,0.5,32.85,34,21,Thursday
167657,1,166.0,143.0,2.7,2017-04-04 21:16:48,2017-04-04 21:31:00,0.5,13.8,14,21,Tuesday
23175,2,170.0,48.0,0.88,2017-04-04 21:23:02,2017-04-04 21:29:18,0.5,9.49,6,21,Tuesday
560597,1,138.0,233.0,10.3,2017-04-05 21:04:01,2017-04-05 21:20:48,0.5,42.66,16,21,Wednesday
224153,1,132.0,170.0,16.7,2017-04-04 21:15:54,2017-04-04 21:47:40,0.0,58.56,31,21,Tuesday
565843,2,142.0,237.0,1.01,2017-04-06 21:42:24,2017-04-06 21:49:35,0.5,9.36,7,21,Thursday
719690,2,138.0,74.0,6.76,2017-04-03 21:21:53,2017-04-03 21:41:53,0.5,36.07,20,21,Monday
867944,2,249.0,66.0,3.14,2017-04-04 21:54:11,2017-04-04 22:09:31,0.5,16.56,15,21,Tuesday
44158,2,48.0,142.0,1.03,2017-04-06 21:29:48,2017-04-06 21:35:17,0.5,8.18,5,21,Thursday
166869,2,162.0,125.0,3.76,2017-04-03 21:01:31,2017-04-03 21:19:36,0.5,18.8,18,21,Monday
949736,2,113.0,40.0,4.49,2017-04-04 21:27:27,2017-04-04 21:51:49,0.5,19.8,24,21,Tuesday
993936,2,114.0,79.0,0.65,2017-04-05 21:08:24,2017-04-05 21:14:53,0.5,7.3,6,21,Wednesday
857928,2,113.0,238.0,5.15,2017-04-04 21:57:08,2017-04-04 22:16:30,0.5,19.3,19,21,Tuesday
311998,1,162.0,107.0,1.6,2017-04-03 21:22:45,2017-04-03 21:33:55,0.5,11.8,11,21,Monday
642363,1,163.0,230.0,0.7,2017-04-03 21:17:57,2017-04-03 21:23:08,0.5,7.55,5,21,Monday
563511,2,143.0,141.0,2.01,2017-04-06 21:17:53,2017-04-06 21:28:03,0.5,12.8,10,21,Thursday
672543,1,132.0,28.0,5.9,2017-04-03 21:35:53,2017-04-03 21:45:34,0.5,18.3,9,21,Monday
692755,2,162.0,142.0,1.3,2017-04-06 21:42:01,2017-04-06 21:52:26,0.5,12.74,10,21,Thursday
988975,2,170.0,141.0,2.28,2017-04-04 21:07:14,2017-04-04 21:16:24,0.5,12.36,9,21,Tuesday
546294,1,164.0,163.0,1.6,2017-04-06 21:15:50,2017-04-06 21:31:09,0.5,11.8,15,21,Thursday
181788,1,186.0,161.0,1.3,2017-04-03 21:09:25,2017-04-03 21:18:03,0.5,8.8,8,21,Monday
523205,2,163.0,238.0,2.27,2017-04-04 21:53:11,2017-04-04 22:06:01,0.5,14.76,12,21,Tuesday
982408,1,148.0,40.0,6.6,2017-04-04 21:15:24,2017-04-04 21:37:40,0.5,28.55,22,21,Tuesday
77512,2,141.0,42.0,3.55,2017-04-05 21:38:21,2017-04-05 21:50:06,0.5,13.3,11,21,Wednesday
516259,1,41.0,151.0,1.5,2017-04-05 21:55:27,2017-04-05 22:04:23,0.5,9.3,8,21,Wednesday
61465,1,114.0,112.0,4.4,2017-04-03 21:05:13,2017-04-03 21:22:23,0.5,21.35,17,21,Monday
1040927,2,211.0,249.0,1.27,2017-04-05 21:26:32,2017-04-05 21:37:41,0.5,11.76,11,21,Wednesday
244484,2,164.0,237.0,2.71,2017-04-06 21:11:18,2017-04-06 21:25:51,0.5,13.3,14,21,Thursday
136160,1,79.0,114.0,1.2,2017-04-05 21:50:35,2017-04-05 21:59:38,0.5,9.8,9,21,Wednesday
321084,2,43.0,141.0,0.81,2017-04-04 21:03:11,2017-04-04 21:07:28,0.5,6.3,4,21,Tuesday
902084,1,90.0,79.0,1.6,2017-04-04 21:44:26,2017-04-04 21:52:57,0.5,10.8,8,21,Tuesday
519854,1,232.0,170.0,2.6,2017-04-03 21:16:25,2017-04-03 21:26:10,0.5,14.15,9,21,Monday
722110,2,162.0,232.0,4.2,2017-04-03 21:22:28,2017-04-03 21:35:52,0.5,21.0,13,21,Monday
353109,1,237.0,236.0,1.2,2017-04-03 21:36:43,2017-04-03 21:42:51,0.5,9.96,6,21,Monday
334558,2,170.0,249.0,2.0,2017-04-04 21:12:04,2017-04-04 21:22:59,0.5,12.96,10,21,Tuesday
108004,1,166.0,143.0,2.5,2017-04-06 21:29:13,2017-04-06 21:42:38,0.5,12.8,13,21,Thursday
1021854,1,100.0,107.0,1.5,2017-04-06 21:04:24,2017-04-06 21:13:06,0.5,11.15,8,21,Thursday
690122,2,114.0,33.0,4.14,2017-04-06 21:28:33,2017-04-06 21:46:43,0.5,17.3,18,21,Thursday
328645,2,141.0,263.0,0.35,2017-04-04 21:24:56,2017-04-04 21:27:05,0.5,4.8,2,21,Tuesday
348041,1,88.0,25.0,3.6,2017-04-06 21:54:24,2017-04-06 22:08:00,0.5,17.15,13,21,Thursday
1018536,2,163.0,164.0,1.6,2017-04-05 21:10:34,2017-04-05 21:18:26,0.5,8.8,7,21,Wednesday
654259,2,163.0,48.0,1.43,2017-04-04 21:39:00,2017-04-04 21:47:23,0.5,8.8,8,21,Tuesday
499533,1,162.0,42.0,5.9,2017-04-06 21:48:42,2017-04-06 22:04:30,0.5,26.35,15,21,Thursday
572336,2,143.0,238.0,1.01,2017-04-03 21:21:03,2017-04-03 21:23:49,0.5,7.88,2,21,Monday
507564,2,4.0,141.0,3.43,2017-04-03 21:57:58,2017-04-03 22:07:16,0.5,15.36,9,21,Monday
302996,2,161.0,256.0,7.58,2017-04-03 21:44:55,2017-04-03 22:08:56,0.5,30.8,24,21,Monday
1003677,1,162.0,239.0,3.3,2017-04-06 21:48:40,2017-04-06 22:05:30,0.5,18.5,16,21,Thursday
715755,1,164.0,183.0,13.2,2017-04-04 21:51:22,2017-04-04 22:19:26,0.5,39.8,28,21,Tuesday
911260,1,170.0,239.0,2.4,2017-04-03 21:51:23,2017-04-03 22:03:26,0.5,14.15,12,21,Monday
174962,1,233.0,68.0,2.2,2017-04-05 21:05:14,2017-04-05 21:20:50,0.5,15.95,15,21,Wednesday
486809,2,87.0,261.0,0.68,2017-04-03 21:15:58,2017-04-03 21:21:23,0.5,8.84,5,21,Monday
891489,1,61.0,17.0,0.8,2017-04-05 21:34:17,2017-04-05 21:37:39,0.5,7.4,3,21,Wednesday
600763,2,249.0,65.0,3.41,2017-04-06 21:13:14,2017-04-06 21:32:44,0.5,20.16,19,21,Thursday
631267,1,137.0,107.0,1.0,2017-04-05 21:36:52,2017-04-05 21:40:38,0.5,7.55,3,21,Wednesday
91043,2,140.0,263.0,1.0,2017-04-04 21:38:47,2017-04-04 21:43:38,0.5,8.16,4,21,Tuesday
550845,1,261.0,140.0,6.4,2017-04-05 21:59:11,2017-04-05 22:16:36,0.5,26.3,17,21,Wednesday
988243,2,143.0,151.0,1.81,2017-04-04 21:35:58,2017-04-04 21:41:52,0.5,8.8,5,21,Tuesday
244571,2,68.0,13.0,2.28,2017-04-04 21:21:02,2017-04-04 21:34:12,0.5,18.3,13,21,Tuesday
612691,1,48.0,238.0,2.7,2017-04-06 21:59:32,2017-04-06 22:12:53,0.5,15.95,13,21,Thursday
252389,2,161.0,97.0,9.2,2017-04-06 21:30:46,2017-04-06 22:04:09,0.5,39.36,33,21,Thursday
80812,2,234.0,112.0,5.3,2017-04-04 21:51:55,2017-04-04 22:18:31,0.5,35.83,26,21,Tuesday
177700,1,163.0,236.0,1.5,2017-04-05 21:56:26,2017-04-05 22:02:45,0.5,9.95,6,21,Wednesday
283744,1,114.0,107.0,1.6,2017-04-04 21:22:24,2017-04-04 21:31:30,0.5,9.8,9,21,Tuesday
101932,1,170.0,236.0,2.3,2017-04-03 21:04:21,2017-04-03 21:14:58,0.5,12.3,10,21,Monday
658741,2,230.0,239.0,1.87,2017-04-03 21:05:33,2017-04-03 21:14:49,0.5,12.3,9,21,Monday
610583,2,132.0,259.0,19.73,2017-04-05 21:47:03,2017-04-05 22:15:17,0.5,69.64,28,21,Wednesday
816447,1,230.0,231.0,4.1,2017-04-05 21:27:28,2017-04-05 21:48:41,0.5,17.8,21,21,Wednesday
834661,2,48.0,170.0,1.53,2017-04-05 21:24:38,2017-04-05 21:35:15,0.5,9.8,10,21,Wednesday
954227,2,79.0,87.0,4.75,2017-04-05 21:59:39,2017-04-05 22:16:50,0.5,22.56,17,21,Wednesday
487119,2,48.0,68.0,1.7,2017-04-04 21:02:24,2017-04-04 21:10:07,0.5,11.16,7,21,Tuesday
950324,1,236.0,142.0,2.2,2017-04-05 21:18:13,2017-04-05 21:30:30,0.5,15.35,12,21,Wednesday
617870,2,161.0,161.0,0.74,2017-04-06 21:27:05,2017-04-06 21:34:08,0.5,13.18,7,21,Thursday
133088,1,141.0,141.0,1.2,2017-04-06 21:00:52,2017-04-06 21:06:06,0.5,7.3,5,21,Thursday
341280,1,236.0,229.0,2.1,2017-04-05 21:24:19,2017-04-05 21:34:13,0.5,10.8,9,21,Wednesday
330146,1,161.0,79.0,2.3,2017-04-06 21:33:18,2017-04-06 21:46:39,0.5,13.8,13,21,Thursday
350442,2,114.0,239.0,5.53,2017-04-04 21:32:10,2017-04-04 21:55:36,0.5,25.3,23,21,Tuesday
663577,1,75.0,114.0,7.6,2017-04-04 21:28:23,2017-04-04 21:53:19,0.5,30.3,24,21,Tuesday
856953,2,100.0,87.0,5.02,2017-04-06 21:26:02,2017-04-06 21:45:33,0.5,23.16,19,21,Thursday
225360,2,231.0,33.0,1.88,2017-04-05 21:39:32,2017-04-05 21:50:09,0.5,12.0,10,21,Wednesday
668480,2,162.0,161.0,0.73,2017-04-06 21:34:06,2017-04-06 21:40:04,0.5,6.8,5,21,Thursday
933661,1,237.0,239.0,2.1,2017-04-03 21:12:09,2017-04-03 21:20:36,0.5,12.35,8,21,Monday
341958,1,263.0,166.0,2.4,2017-04-04 21:17:04,2017-04-04 21:26:16,0.0,10.3,9,21,Tuesday
1042567,2,237.0,140.0,0.91,2017-04-04 21:26:14,2017-04-04 21:31:10,0.5,9.12,4,21,Tuesday
603404,1,75.0,164.0,4.4,2017-04-05 21:02:08,2017-04-05 21:19:21,0.5,16.8,17,21,Wednesday
709327,2,48.0,68.0,1.25,2017-04-04 21:51:52,2017-04-04 21:57:13,0.5,8.76,5,21,Tuesday
883296,1,161.0,161.0,0.0,2017-04-06 21:48:33,2017-04-06 21:48:39,0.0,52.8,0,21,Thursday
710220,1,144.0,113.0,1.2,2017-04-05 21:48:08,2017-04-05 21:54:57,0.5,7.8,6,21,Wednesday
96485,2,186.0,119.0,9.51,2017-04-05 21:52:10,2017-04-05 22:26:13,0.5,42.64,34,21,Wednesday
788884,2,230.0,236.0,3.25,2017-04-06 21:55:38,2017-04-06 22:07:46,0.5,15.96,12,21,Thursday
256248,1,261.0,231.0,0.3,2017-04-03 21:04:44,2017-04-03 21:07:04,0.5,5.8,2,21,Monday
367080,1,90.0,211.0,1.3,2017-04-06 21:54:18,2017-04-06 22:03:29,0.5,10.55,9,21,Thursday
1014148,2,13.0,262.0,8.71,2017-04-05 21:30:43,2017-04-05 22:10:16,0.5,31.3,39,21,Wednesday
523783,2,239.0,142.0,0.76,2017-04-04 21:44:18,2017-04-04 21:47:18,0.5,6.8,3,21,Tuesday
213671,1,264.0,186.0,1.6,2017-04-05 21:05:45,2017-04-05 21:15:07,0.5,11.0,9,21,Wednesday
295035,2,162.0,163.0,0.91,2017-04-06 21:27:52,2017-04-06 21:39:13,0.5,11.16,11,21,Thursday
360843,1,164.0,170.0,0.6,2017-04-06 21:08:38,2017-04-06 21:15:26,0.5,8.4,6,21,Thursday
881872,2,230.0,230.0,0.85,2017-04-05 21:35:55,2017-04-05 21:43:13,0.5,7.8,7,21,Wednesday
872719,1,163.0,249.0,3.1,2017-04-06 21:59:42,2017-04-06 22:19:41,0.5,18.95,19,21,Thursday
944431,1,237.0,236.0,1.0,2017-04-06 21:18:28,2017-04-06 21:23:18,0.5,7.3,4,21,Thursday
820672,2,233.0,145.0,2.83,2017-04-04 21:04:58,2017-04-04 21:18:20,0.5,15.96,13,21,Tuesday
398153,1,48.0,90.0,2.5,2017-04-05 21:07:01,2017-04-05 21:16:52,0.5,13.3,9,21,Wednesday
232718,1,237.0,236.0,1.5,2017-04-04 21:51:43,2017-04-04 21:57:42,0.5,9.5,5,21,Tuesday
111213,2,263.0,75.0,0.54,2017-04-06 21:14:21,2017-04-06 21:18:08,0.5,6.67,3,21,Thursday
371246,1,148.0,90.0,2.6,2017-04-05 21:32:08,2017-04-05 21:49:48,0.5,17.75,17,21,Wednesday
328471,1,246.0,233.0,2.2,2017-04-05 21:32:06,2017-04-05 21:46:08,0.5,16.0,14,21,Wednesday
646000,1,161.0,163.0,0.5,2017-04-03 21:45:46,2017-04-03 21:48:28,0.5,6.35,2,21,Monday
447152,1,68.0,249.0,0.6,2017-04-04 21:59:34,2017-04-04 22:03:11,0.5,6.95,3,21,Tuesday
1046502,1,142.0,246.0,1.3,2017-04-04 21:15:24,2017-04-04 21:21:40,0.5,9.35,6,21,Tuesday
110299,2,236.0,263.0,0.59,2017-04-04 21:17:37,2017-04-04 21:20:17,0.5,6.36,2,21,Tuesday
403675,2,141.0,129.0,5.04,2017-04-04 21:02:36,2017-04-04 21:19:14,0.5,22.88,16,21,Tuesday
817087,1,264.0,264.0,1.2,2017-04-04 21:35:51,2017-04-04 21:43:44,0.5,8.8,7,21,Tuesday
385384,1,158.0,249.0,0.4,2017-04-05 21:09:20,2017-04-05 21:11:12,0.5,5.8,1,21,Wednesday
870624,2,114.0,79.0,1.22,2017-04-04 21:54:01,2017-04-04 22:01:45,0.5,10.56,7,21,Tuesday
955845,1,114.0,107.0,1.2,2017-04-05 21:45:35,2017-04-05 21:54:01,0.5,8.8,8,21,Wednesday
252934,2,113.0,68.0,2.09,2017-04-03 21:44:17,2017-04-03 21:55:52,0.5,14.16,11,21,Monday
625084,2,151.0,249.0,9.83,2017-04-06 21:03:09,2017-04-06 21:44:44,0.5,35.3,41,21,Thursday
300846,2,138.0,263.0,8.05,2017-04-06 21:50:40,2017-04-06 22:26:17,0.5,45.07,35,21,Thursday
590890,1,142.0,170.0,2.7,2017-04-03 21:52:56,2017-04-03 22:13:42,0.5,19.75,20,21,Monday
550199,1,138.0,158.0,12.7,2017-04-03 21:43:44,2017-04-03 22:13:56,0.5,55.66,30,21,Monday
284043,2,7.0,83.0,3.45,2017-04-05 21:12:14,2017-04-05 21:25:33,0.5,18.5,13,21,Wednesday
744505,2,234.0,238.0,4.2,2017-04-05 21:37:32,2017-04-05 21:59:39,0.5,18.3,22,21,Wednesday
65674,1,229.0,263.0,1.6,2017-04-05 21:19:05,2017-04-05 21:27:15,0.5,12.05,8,21,Wednesday
286312,2,162.0,236.0,1.57,2017-04-05 21:41:12,2017-04-05 21:46:01,0.5,9.36,4,21,Wednesday
129596,1,88.0,179.0,9.3,2017-04-04 21:41:56,2017-04-04 22:02:26,0.5,36.0,20,21,Tuesday
610378,1,41.0,75.0,0.8,2017-04-03 21:22:50,2017-04-03 21:28:19,0.5,6.8,5,21,Monday
933140,2,162.0,237.0,1.58,2017-04-03 21:16:49,2017-04-03 21:22:00,0.5,7.8,5,21,Monday
710194,1,162.0,236.0,2.5,2017-04-06 21:31:02,2017-04-06 21:40:59,0.5,13.55,9,21,Thursday
523123,2,164.0,87.0,4.58,2017-04-03 21:32:05,2017-04-03 21:47:03,0.5,21.62,14,21,Monday
745622,1,163.0,238.0,2.3,2017-04-03 21:17:54,2017-04-03 21:31:01,0.5,14.75,13,21,Monday
197714,2,234.0,107.0,0.97,2017-04-06 21:22:30,2017-04-06 21:29:03,0.5,8.3,6,21,Thursday
259856,2,68.0,161.0,1.3,2017-04-05 21:07:47,2017-04-05 21:19:32,0.5,12.36,11,21,Wednesday
974038,2,161.0,224.0,2.23,2017-04-03 21:29:54,2017-04-03 21:43:06,0.5,14.16,13,21,Monday
537978,2,249.0,107.0,1.1,2017-04-06 21:53:46,2017-04-06 21:59:25,0.5,8.76,5,21,Thursday
226369,1,264.0,264.0,14.9,2017-04-04 21:52:04,2017-04-04 22:20:07,0.0,52.8,28,21,Tuesday
411749,1,161.0,161.0,0.0,2017-04-06 21:03:28,2017-04-06 21:04:26,0.5,4.55,0,21,Thursday
434261,1,211.0,40.0,3.6,2017-04-04 21:50:24,2017-04-04 22:04:14,0.5,14.8,13,21,Tuesday
843613,2,90.0,170.0,1.35,2017-04-06 21:30:50,2017-04-06 21:38:04,0.5,9.54,7,21,Thursday
825379,2,138.0,238.0,8.59,2017-04-03 21:08:14,2017-04-03 21:27:44,0.5,42.98,19,21,Monday
436838,2,162.0,68.0,2.79,2017-04-06 21:37:49,2017-04-06 21:54:36,0.5,17.16,16,21,Thursday
8319,2,43.0,113.0,3.26,2017-04-04 21:46:55,2017-04-04 22:00:10,0.5,16.56,13,21,Tuesday
817309,2,68.0,234.0,1.32,2017-04-05 21:55:13,2017-04-05 22:01:50,0.5,9.96,6,21,Wednesday
774899,2,13.0,263.0,8.44,2017-04-04 21:08:10,2017-04-04 21:28:16,0.5,32.76,20,21,Tuesday
439518,2,132.0,129.0,11.53,2017-04-05 21:37:21,2017-04-05 21:55:41,0.5,39.96,18,21,Wednesday
557072,2,142.0,113.0,3.47,2017-04-04 21:54:56,2017-04-04 22:07:28,0.5,13.8,12,21,Tuesday
477896,1,170.0,249.0,2.2,2017-04-03 21:20:18,2017-04-03 21:35:20,0.5,15.35,15,21,Monday
848754,1,161.0,239.0,2.2,2017-04-04 21:31:13,2017-04-04 21:40:51,0.5,10.8,9,21,Tuesday
418408,2,239.0,74.0,3.46,2017-04-05 21:33:40,2017-04-05 21:45:20,0.5,16.56,11,21,Wednesday
687011,1,229.0,233.0,1.3,2017-04-06 21:01:44,2017-04-06 21:07:07,0.5,7.3,5,21,Thursday
217284,1,50.0,239.0,1.6,2017-04-05 21:00:32,2017-04-05 21:06:09,0.5,10.55,5,21,Wednesday
514753,1,231.0,89.0,10.4,2017-04-05 21:53:54,2017-04-05 22:26:39,0.5,41.75,32,21,Wednesday
131536,2,138.0,97.0,10.09,2017-04-04 21:25:05,2017-04-04 21:51:05,0.5,32.8,26,21,Tuesday
691893,1,48.0,50.0,1.0,2017-04-04 21:07:07,2017-04-04 21:10:56,0.5,8.15,3,21,Tuesday
329146,2,132.0,68.0,18.28,2017-04-04 21:32:52,2017-04-04 22:11:10,0.0,58.56,38,21,Tuesday
396766,2,186.0,239.0,3.06,2017-04-04 21:22:41,2017-04-04 21:39:09,0.5,16.3,16,21,Tuesday
410069,2,107.0,79.0,0.94,2017-04-06 21:01:50,2017-04-06 21:06:50,0.5,7.82,5,21,Thursday
43625,2,79.0,237.0,4.03,2017-04-05 21:29:41,2017-04-05 21:48:07,0.5,20.3,18,21,Wednesday
958798,2,249.0,237.0,3.44,2017-04-05 21:29:58,2017-04-05 21:49:07,0.5,15.8,19,21,Wednesday
488073,1,186.0,43.0,1.8,2017-04-06 21:39:06,2017-04-06 21:49:24,0.5,11.33,10,21,Thursday
134072,2,261.0,68.0,3.95,2017-04-06 21:07:11,2017-04-06 21:28:20,0.5,23.14,21,21,Thursday
754883,1,264.0,264.0,1.0,2017-04-04 21:51:15,2017-04-04 21:56:13,0.5,8.75,4,21,Tuesday
362100,2,236.0,236.0,0.54,2017-04-06 21:00:57,2017-04-06 21:03:16,0.5,5.3,2,21,Thursday
982769,1,140.0,224.0,3.0,2017-04-04 21:09:42,2017-04-04 21:19:05,0.5,16.0,9,21,Tuesday
814678,2,161.0,79.0,2.95,2017-04-05 21:59:49,2017-04-05 22:20:28,0.5,19.56,20,21,Wednesday
781642,1,163.0,229.0,0.5,2017-04-03 21:10:54,2017-04-03 21:13:51,0.5,6.3,2,21,Monday
870616,1,239.0,143.0,0.8,2017-04-04 21:34:00,2017-04-04 21:38:28,0.5,7.55,4,21,Tuesday
524637,1,161.0,229.0,0.8,2017-04-06 21:28:31,2017-04-06 21:34:45,0.5,8.76,6,21,Thursday
847050,1,163.0,170.0,1.9,2017-04-03 21:09:23,2017-04-03 21:19:02,0.5,9.8,9,21,Monday
194741,2,236.0,236.0,1.13,2017-04-03 21:12:17,2017-04-03 21:16:50,0.5,8.0,4,21,Monday
240934,2,142.0,141.0,1.68,2017-04-05 21:35:31,2017-04-05 21:48:11,0.5,12.96,12,21,Wednesday
270679,1,238.0,263.0,1.8,2017-04-03 21:51:43,2017-04-03 21:58:40,0.5,11.15,6,21,Monday
293579,1,68.0,211.0,1.3,2017-04-05 21:05:27,2017-04-05 21:16:29,0.5,11.75,11,21,Wednesday
616700,2,138.0,163.0,10.8,2017-04-04 21:05:25,2017-04-04 21:35:02,0.5,49.87,29,21,Tuesday
143322,1,230.0,234.0,2.3,2017-04-06 21:53:27,2017-04-06 22:06:00,0.5,12.8,12,21,Thursday
598409,2,48.0,68.0,1.14,2017-04-03 21:14:08,2017-04-03 21:18:47,0.5,8.3,4,21,Monday
340924,2,158.0,4.0,2.53,2017-04-06 21:34:12,2017-04-06 22:01:23,0.5,23.79,27,21,Thursday
326351,2,164.0,163.0,1.33,2017-04-03 21:01:31,2017-04-03 21:09:48,0.5,10.56,8,21,Monday
229834,1,230.0,233.0,1.4,2017-04-05 21:50:38,2017-04-05 21:57:40,0.5,10.75,7,21,Wednesday
850457,2,87.0,13.0,1.28,2017-04-03 21:04:05,2017-04-03 21:10:02,0.5,8.8,5,21,Monday
766109,2,162.0,141.0,0.76,2017-04-03 21:50:06,2017-04-03 21:53:00,0.5,5.8,2,21,Monday
328523,2,87.0,137.0,4.44,2017-04-04 21:10:29,2017-04-04 21:24:03,0.5,20.76,13,21,Tuesday
925990,1,138.0,79.0,14.0,2017-04-06 21:53:50,2017-04-06 22:38:35,0.5,62.56,44,21,Thursday
22552,2,132.0,91.0,11.44,2017-04-06 21:29:44,2017-04-06 21:53:43,0.5,33.8,23,21,Thursday
293756,2,230.0,141.0,2.05,2017-04-05 21:53:55,2017-04-05 22:03:14,0.5,10.3,9,21,Wednesday
709863,2,40.0,181.0,0.69,2017-04-04 21:36:04,2017-04-04 21:39:14,0.5,5.8,3,21,Tuesday
942133,2,186.0,148.0,3.27,2017-04-06 21:00:51,2017-04-06 21:21:52,0.5,21.0,21,21,Thursday
597941,2,186.0,148.0,3.11,2017-04-05 21:42:05,2017-04-05 21:59:56,0.5,18.36,17,21,Wednesday
587984,1,230.0,88.0,4.2,2017-04-05 21:34:50,2017-04-05 21:54:21,0.5,20.75,19,21,Wednesday
1017842,2,163.0,141.0,1.36,2017-04-05 21:32:38,2017-04-05 21:39:58,0.5,9.96,7,21,Wednesday
990589,2,138.0,161.0,7.16,2017-04-06 21:33:33,2017-04-06 21:58:15,0.5,29.76,24,21,Thursday
818122,1,48.0,243.0,8.6,2017-04-05 21:56:20,2017-04-05 22:24:55,0.5,35.75,28,21,Wednesday
589059,2,233.0,161.0,0.74,2017-04-05 21:40:48,2017-04-05 21:45:39,0.5,6.3,4,21,Wednesday
786175,1,90.0,142.0,3.0,2017-04-03 21:22:35,2017-04-03 21:36:03,0.5,15.95,13,21,Monday
497301,2,236.0,24.0,1.96,2017-04-05 21:36:12,2017-04-05 21:46:57,0.5,10.8,10,21,Wednesday
1005093,2,186.0,26.0,11.99,2017-04-05 21:20:47,2017-04-05 22:02:58,0.5,39.8,42,21,Wednesday
30452,1,68.0,61.0,8.1,2017-04-04 21:19:47,2017-04-04 22:01:30,0.5,32.3,41,21,Tuesday
127382,1,132.0,173.0,10.3,2017-04-04 21:27:51,2017-04-04 21:46:06,0.5,33.8,18,21,Tuesday
431469,2,170.0,236.0,2.43,2017-04-03 21:24:05,2017-04-03 21:34:54,0.5,11.8,10,21,Monday
257957,2,238.0,151.0,0.87,2017-04-05 21:26:26,2017-04-05 21:30:39,0.5,6.3,4,21,Wednesday
486310,1,41.0,75.0,1.4,2017-04-06 21:02:55,2017-04-06 21:10:11,0.5,8.3,7,21,Thursday
1040111,2,230.0,161.0,0.7,2017-04-06 21:09:57,2017-04-06 21:18:00,0.5,9.36,8,21,Thursday
747617,2,231.0,261.0,2.34,2017-04-03 21:49:09,2017-04-03 22:01:25,0.5,10.8,12,21,Monday
401666,2,164.0,249.0,2.6,2017-04-03 21:22:22,2017-04-03 21:38:09,0.5,15.3,15,21,Monday
1028363,2,249.0,265.0,4.32,2017-04-05 21:30:21,2017-04-05 21:46:43,0.0,40.81,16,21,Wednesday
700763,1,186.0,137.0,1.0,2017-04-05 21:59:23,2017-04-05 22:07:14,0.5,9.95,7,21,Wednesday
4359,2,186.0,48.0,1.42,2017-04-03 21:54:34,2017-04-03 22:01:51,0.5,10.38,7,21,Monday
730567,1,79.0,114.0,0.8,2017-04-06 21:30:47,2017-04-06 21:42:37,0.5,11.75,11,21,Thursday
666690,2,68.0,50.0,1.73,2017-04-06 21:24:38,2017-04-06 21:35:44,0.5,12.96,11,21,Thursday
383142,2,114.0,68.0,1.34,2017-04-06 21:29:36,2017-04-06 21:36:58,0.5,9.96,7,21,Thursday
735281,1,68.0,249.0,1.0,2017-04-05 21:32:37,2017-04-05 21:37:04,0.5,8.15,4,21,Wednesday
861670,1,68.0,43.0,4.9,2017-04-04 21:02:45,2017-04-04 21:19:45,0.5,20.0,17,21,Tuesday
795197,1,137.0,238.0,4.8,2017-04-04 21:02:56,2017-04-04 21:25:14,0.5,19.8,22,21,Tuesday
208270,2,230.0,262.0,3.01,2017-04-04 21:47:43,2017-04-04 22:02:55,0.5,14.3,15,21,Tuesday
245781,2,170.0,229.0,1.26,2017-04-06 21:38:59,2017-04-06 21:46:55,0.5,9.96,7,21,Thursday
463126,2,113.0,113.0,1.24,2017-04-04 21:37:10,2017-04-04 21:46:47,0.5,11.16,9,21,Tuesday
931649,2,249.0,113.0,1.22,2017-04-05 21:11:59,2017-04-05 21:23:06,0.5,9.8,11,21,Wednesday
729405,2,230.0,100.0,0.75,2017-04-05 21:58:49,2017-04-05 22:02:02,0.5,6.96,3,21,Wednesday
146419,2,237.0,186.0,1.97,2017-04-06 21:48:27,2017-04-06 22:00:12,0.5,13.5,11,21,Thursday
887278,2,107.0,137.0,0.94,2017-04-06 21:24:09,2017-04-06 21:29:31,0.5,8.16,5,21,Thursday
496850,1,211.0,79.0,1.2,2017-04-06 21:20:21,2017-04-06 21:28:48,0.5,10.55,8,21,Thursday
156095,2,107.0,186.0,1.39,2017-04-06 21:47:04,2017-04-06 21:55:12,0.5,8.8,8,21,Thursday
290946,1,211.0,230.0,2.9,2017-04-03 21:32:45,2017-04-03 21:44:23,0.5,12.3,11,21,Monday
637321,1,79.0,4.0,1.2,2017-04-06 21:23:51,2017-04-06 21:33:27,0.5,9.3,9,21,Thursday
940623,1,132.0,230.0,17.7,2017-04-04 21:34:13,2017-04-04 22:15:18,0.0,70.26,41,21,Tuesday
11132,2,144.0,181.0,4.13,2017-04-05 21:37:51,2017-04-05 21:58:09,0.5,21.62,20,21,Wednesday
404673,1,41.0,41.0,0.7,2017-04-04 21:20:45,2017-04-04 21:24:06,0.5,7.5,3,21,Tuesday
298689,1,230.0,131.0,14.5,2017-04-03 21:46:43,2017-04-03 22:18:00,0.5,51.35,31,21,Monday
43547,1,132.0,116.0,19.6,2017-04-03 21:45:35,2017-04-03 22:17:05,0.0,70.26,31,21,Monday
962604,2,100.0,265.0,5.41,2017-04-04 21:59:01,2017-04-04 22:14:53,0.0,55.8,15,21,Tuesday
300314,1,237.0,237.0,0.5,2017-04-06 21:07:50,2017-04-06 21:10:13,0.5,5.3,2,21,Thursday
794375,2,79.0,234.0,1.06,2017-04-05 21:46:59,2017-04-05 21:53:43,0.5,9.36,6,21,Wednesday
219926,1,132.0,161.0,17.7,2017-04-05 21:17:08,2017-04-05 21:58:03,0.0,58.56,40,21,Wednesday
229584,2,142.0,170.0,2.77,2017-04-03 21:47:03,2017-04-03 22:06:17,0.5,15.8,19,21,Monday
555915,2,132.0,61.0,11.29,2017-04-03 21:51:27,2017-04-03 22:20:44,0.5,35.8,29,21,Monday
1000043,1,161.0,249.0,2.6,2017-04-04 21:07:02,2017-04-04 21:22:54,0.5,15.1,15,21,Tuesday
270814,1,186.0,238.0,3.6,2017-04-06 21:50:23,2017-04-06 22:07:30,0.5,17.8,17,21,Thursday
19191,2,90.0,48.0,1.07,2017-04-04 21:46:58,2017-04-04 21:51:32,0.5,8.76,4,21,Tuesday
306899,2,132.0,49.0,12.08,2017-04-03 21:20:00,2017-04-03 21:51:05,0.5,44.76,31,21,Monday
1045812,2,107.0,170.0,1.36,2017-04-03 21:22:06,2017-04-03 21:29:55,0.5,10.0,7,21,Monday
162410,1,138.0,65.0,10.0,2017-04-03 21:20:48,2017-04-03 21:43:13,0.5,38.15,22,21,Monday
1030654,1,143.0,170.0,3.2,2017-04-06 21:46:44,2017-04-06 22:02:19,0.5,14.3,15,21,Thursday
220917,2,50.0,238.0,2.79,2017-04-03 21:16:14,2017-04-03 21:23:35,0.5,14.69,7,21,Monday
751183,1,236.0,75.0,0.4,2017-04-05 21:15:32,2017-04-05 21:20:04,0.5,6.95,4,21,Wednesday
753210,1,237.0,142.0,1.1,2017-04-04 21:38:33,2017-04-04 21:46:37,0.5,10.55,8,21,Tuesday
385665,2,125.0,113.0,1.01,2017-04-03 21:33:34,2017-04-03 21:36:37,0.5,7.56,3,21,Monday
906756,1,79.0,162.0,1.5,2017-04-06 21:59:35,2017-04-06 22:07:57,0.5,9.3,8,21,Thursday
845008,2,236.0,141.0,1.19,2017-04-05 21:37:24,2017-04-05 21:43:35,0.5,9.36,6,21,Wednesday
621393,2,249.0,107.0,1.41,2017-04-03 21:16:05,2017-04-03 21:29:39,0.5,11.3,13,21,Monday
47740,1,137.0,166.0,5.9,2017-04-06 21:08:20,2017-04-06 21:32:30,0.5,27.25,24,21,Thursday
13970,2,231.0,141.0,4.9,2017-04-05 21:54:36,2017-04-05 22:21:57,0.5,26.16,27,21,Wednesday
337212,1,114.0,68.0,1.8,2017-04-04 21:37:30,2017-04-04 21:46:28,0.5,10.8,8,21,Tuesday
896782,1,48.0,151.0,2.8,2017-04-04 21:34:22,2017-04-04 21:44:57,0.5,11.8,10,21,Tuesday
648779,1,181.0,177.0,5.2,2017-04-04 21:48:03,2017-04-04 22:09:01,0.5,19.8,20,21,Tuesday
970658,2,237.0,229.0,0.88,2017-04-04 21:52:46,2017-04-04 21:58:11,0.5,7.62,5,21,Tuesday
368291,1,87.0,234.0,3.2,2017-04-03 21:00:19,2017-04-03 21:18:12,0.5,16.8,17,21,Monday
146117,2,138.0,36.0,9.99,2017-04-05 21:51:47,2017-04-05 22:20:56,0.5,32.8,29,21,Wednesday
445602,2,107.0,164.0,1.58,2017-04-04 21:07:16,2017-04-04 21:16:53,0.5,12.25,9,21,Tuesday
639899,1,262.0,263.0,0.4,2017-04-04 21:43:04,2017-04-04 21:45:44,0.5,6.3,2,21,Tuesday
398585,2,166.0,238.0,20.29,2017-04-06 21:31:27,2017-04-06 22:28:25,0.0,70.27,56,21,Thursday
1026337,1,161.0,75.0,2.3,2017-04-03 21:33:09,2017-04-03 21:39:17,0.5,11.75,6,21,Monday
79744,2,79.0,249.0,1.12,2017-04-05 21:38:27,2017-04-05 21:47:17,0.5,9.8,8,21,Wednesday
970911,2,107.0,246.0,1.89,2017-04-05 21:24:19,2017-04-05 21:35:28,0.5,10.8,11,21,Wednesday
827783,1,100.0,143.0,1.7,2017-04-06 21:09:43,2017-04-06 21:18:37,0.5,11.3,8,21,Thursday
866431,2,107.0,137.0,0.97,2017-04-03 21:50:50,2017-04-03 21:57:35,0.5,7.3,6,21,Monday
693203,2,13.0,237.0,7.34,2017-04-03 21:00:34,2017-04-03 21:17:19,0.5,29.16,16,21,Monday
580951,2,114.0,170.0,1.75,2017-04-04 21:12:31,2017-04-04 21:21:06,0.5,11.76,8,21,Tuesday
785909,2,48.0,238.0,2.91,2017-04-04 21:14:47,2017-04-04 21:26:36,0.5,14.8,11,21,Tuesday
882286,1,161.0,170.0,0.8,2017-04-04 21:45:56,2017-04-04 21:51:46,0.5,9.49,5,21,Tuesday
526912,2,162.0,87.0,5.31,2017-04-03 21:48:58,2017-04-03 22:01:31,0.5,21.36,12,21,Monday
606305,1,234.0,238.0,3.8,2017-04-06 21:03:04,2017-04-06 21:25:28,0.5,21.95,22,21,Thursday
404377,1,230.0,145.0,3.6,2017-04-06 21:42:46,2017-04-06 21:59:48,0.5,18.8,17,21,Thursday
825673,1,164.0,140.0,2.8,2017-04-06 21:43:48,2017-04-06 22:00:59,0.5,17.0,17,21,Thursday
928514,2,229.0,141.0,1.17,2017-04-04 21:50:04,2017-04-04 21:53:19,0.5,8.16,3,21,Tuesday
996831,2,138.0,236.0,8.09,2017-04-06 21:13:56,2017-04-06 21:32:19,0.5,40.08,18,21,Thursday
348177,1,170.0,170.0,0.9,2017-04-05 21:57:38,2017-04-05 22:02:01,0.5,7.85,4,21,Wednesday
397557,1,265.0,265.0,0.0,2017-04-06 21:24:14,2017-04-06 21:24:40,0.0,108.35,0,21,Thursday
638202,2,263.0,75.0,0.83,2017-04-04 21:01:05,2017-04-04 21:06:22,0.5,8.16,5,21,Tuesday
414656,2,231.0,166.0,7.0,2017-04-04 21:20:13,2017-04-04 21:42:47,0.5,29.76,22,21,Tuesday
30857,2,114.0,232.0,1.35,2017-04-04 21:14:17,2017-04-04 21:24:06,0.5,11.76,9,21,Tuesday
92135,2,90.0,107.0,0.77,2017-04-03 21:31:14,2017-04-03 21:35:01,0.5,7.56,3,21,Monday
8836,1,90.0,237.0,2.3,2017-04-04 21:04:00,2017-04-04 21:17:16,0.5,11.8,13,21,Tuesday
152360,2,48.0,170.0,1.21,2017-04-04 21:20:28,2017-04-04 21:30:02,0.5,11.62,9,21,Tuesday
733210,1,48.0,68.0,1.3,2017-04-03 21:03:11,2017-04-03 21:08:26,0.5,8.8,5,21,Monday
391847,1,261.0,13.0,1.0,2017-04-03 21:51:37,2017-04-03 21:57:11,0.5,7.3,5,21,Monday
773601,1,237.0,50.0,2.2,2017-04-04 21:58:51,2017-04-04 22:15:50,0.5,16.55,16,21,Tuesday
439324,2,161.0,229.0,1.06,2017-04-05 21:12:03,2017-04-05 21:20:15,0.5,8.3,8,21,Wednesday
321244,2,230.0,164.0,1.03,2017-04-05 21:39:43,2017-04-05 21:44:17,0.5,8.16,4,21,Wednesday
26661,1,107.0,231.0,2.8,2017-04-04 21:26:50,2017-04-04 21:40:42,0.5,16.0,13,21,Tuesday
247143,1,186.0,230.0,1.3,2017-04-04 21:52:57,2017-04-04 21:59:55,0.0,7.8,6,21,Tuesday
1024058,2,162.0,140.0,1.5,2017-04-05 21:48:55,2017-04-05 21:56:45,0.5,10.12,7,21,Wednesday
2072,1,158.0,249.0,1.0,2017-04-05 21:07:38,2017-04-05 21:14:57,0.5,7.8,7,21,Wednesday
395838,1,114.0,231.0,1.8,2017-04-03 21:02:02,2017-04-03 21:11:09,0.5,11.55,9,21,Monday
921941,1,237.0,236.0,1.0,2017-04-04 21:16:18,2017-04-04 21:20:32,0.5,6.8,4,21,Tuesday
468620,1,148.0,48.0,3.2,2017-04-04 21:21:25,2017-04-04 21:35:32,0.5,13.8,14,21,Tuesday
1021147,1,114.0,87.0,1.9,2017-04-05 21:45:30,2017-04-05 21:55:34,0.5,11.85,10,21,Wednesday
866468,1,170.0,239.0,2.4,2017-04-03 21:03:26,2017-04-03 21:14:51,0.5,14.15,11,21,Monday
949799,2,186.0,161.0,1.2,2017-04-06 21:09:54,2017-04-06 21:17:23,0.5,10.38,7,21,Thursday
105490,1,137.0,79.0,1.4,2017-04-06 21:53:00,2017-04-06 21:59:08,0.5,9.8,6,21,Thursday
632876,2,234.0,170.0,1.13,2017-04-06 21:15:49,2017-04-06 21:22:24,0.5,7.8,6,21,Thursday
319555,2,79.0,113.0,0.73,2017-04-06 21:26:44,2017-04-06 21:34:09,0.5,8.8,7,21,Thursday
182738,1,132.0,162.0,16.6,2017-04-05 21:26:23,2017-04-05 22:03:11,0.0,58.56,36,21,Wednesday
829286,2,264.0,231.0,0.07,2017-04-03 21:49:24,2017-04-03 21:49:27,0.0,52.8,0,21,Monday
44908,2,113.0,234.0,1.66,2017-04-05 21:06:29,2017-04-05 21:16:14,0.5,9.8,9,21,Wednesday
381012,1,234.0,113.0,1.4,2017-04-06 21:21:52,2017-04-06 21:28:22,0.5,9.95,6,21,Thursday
825933,1,170.0,79.0,1.6,2017-04-03 21:31:51,2017-04-03 21:38:22,0.5,9.8,6,21,Monday
111492,1,97.0,97.0,0.9,2017-04-06 21:19:26,2017-04-06 21:26:08,0.5,7.3,6,21,Thursday
87965,1,143.0,166.0,2.7,2017-04-06 21:35:51,2017-04-06 21:43:24,0.5,11.8,7,21,Thursday
152203,1,141.0,236.0,1.9,2017-04-06 21:42:17,2017-04-06 21:49:36,0.5,11.75,7,21,Thursday
881700,2,230.0,161.0,0.19,2017-04-03 21:50:20,2017-04-03 21:50:57,0.5,4.94,0,21,Monday
942570,2,48.0,161.0,0.74,2017-04-06 21:37:54,2017-04-06 21:41:12,0.5,5.8,3,21,Thursday
803289,2,48.0,163.0,0.72,2017-04-03 21:23:23,2017-04-03 21:28:00,0.5,6.3,4,21,Monday
551208,1,132.0,189.0,11.9,2017-04-03 21:26:22,2017-04-03 21:58:21,0.5,45.35,31,21,Monday
1036618,1,146.0,42.0,6.2,2017-04-06 21:04:16,2017-04-06 21:20:52,0.5,25.55,16,21,Thursday
17589,2,161.0,68.0,1.8,2017-04-06 21:57:27,2017-04-06 22:11:51,0.5,12.3,14,21,Thursday
504991,2,161.0,11.0,16.65,2017-04-03 21:39:14,2017-04-03 22:12:30,0.5,47.8,33,21,Monday
835824,2,79.0,107.0,0.91,2017-04-04 21:06:34,2017-04-05 21:01:22,0.5,6.8,1434,21,Tuesday
509990,1,75.0,41.0,1.8,2017-04-05 21:45:06,2017-04-05 21:53:24,0.5,9.8,8,21,Wednesday
81988,1,239.0,142.0,1.2,2017-04-05 21:57:47,2017-04-05 22:02:31,0.5,7.55,4,21,Wednesday
303897,1,138.0,237.0,8.9,2017-04-06 21:38:53,2017-04-06 22:09:34,0.5,46.91,30,21,Thursday
157952,1,158.0,65.0,3.9,2017-04-06 21:10:26,2017-04-06 21:31:37,0.5,20.13,21,21,Thursday
979659,2,237.0,237.0,0.62,2017-04-04 21:08:46,2017-04-04 21:12:57,0.5,7.56,4,21,Tuesday
687271,1,236.0,163.0,1.9,2017-04-06 21:31:17,2017-04-06 21:43:02,0.5,14.65,11,21,Thursday
155726,2,141.0,137.0,3.48,2017-04-06 21:33:46,2017-04-06 21:41:06,0.5,14.3,7,21,Thursday
302501,1,234.0,144.0,1.7,2017-04-03 21:09:05,2017-04-03 21:19:51,0.5,10.8,10,21,Monday
665862,2,137.0,186.0,1.27,2017-04-06 21:41:08,2017-04-06 21:50:44,0.5,11.16,9,21,Thursday
414974,2,164.0,79.0,1.83,2017-04-05 21:20:20,2017-04-05 21:33:49,0.5,13.56,13,21,Wednesday
409893,2,162.0,164.0,1.38,2017-04-06 21:59:34,2017-04-06 22:09:18,0.5,9.3,9,21,Thursday
575657,1,48.0,129.0,11.2,2017-04-04 21:41:06,2017-04-04 22:34:14,0.5,49.56,53,21,Tuesday
345069,2,239.0,48.0,1.6,2017-04-04 21:18:48,2017-04-04 21:28:17,0.5,11.76,9,21,Tuesday
550551,2,113.0,79.0,0.54,2017-04-06 21:00:05,2017-04-06 21:04:44,0.5,7.88,4,21,Thursday
424636,1,140.0,7.0,3.5,2017-04-04 21:27:38,2017-04-04 21:42:10,0.5,18.35,14,21,Tuesday
259698,2,161.0,107.0,1.36,2017-04-05 21:19:13,2017-04-05 21:26:32,0.5,10.38,7,21,Wednesday
394852,2,13.0,231.0,1.3,2017-04-04 21:04:29,2017-04-04 21:12:17,0.5,8.8,7,21,Tuesday
247791,1,239.0,236.0,1.3,2017-04-06 21:50:50,2017-04-06 21:58:33,0.5,10.55,7,21,Thursday
351073,2,161.0,163.0,0.62,2017-04-05 21:06:40,2017-04-05 21:10:07,0.5,5.8,3,21,Wednesday
812860,2,162.0,145.0,2.5,2017-04-04 21:44:40,2017-04-04 21:56:38,0.5,14.8,11,21,Tuesday
843370,2,162.0,107.0,1.04,2017-04-03 21:41:11,2017-04-03 21:46:08,0.5,6.8,4,21,Monday
93212,2,170.0,7.0,4.3,2017-04-05 21:12:01,2017-04-05 21:27:02,0.5,18.96,15,21,Wednesday
245496,2,229.0,141.0,0.37,2017-04-06 21:33:24,2017-04-06 21:36:59,0.5,5.8,3,21,Thursday
977975,1,170.0,134.0,10.1,2017-04-04 21:04:03,2017-04-04 21:27:30,0.5,42.0,23,21,Tuesday
247069,2,249.0,148.0,1.8,2017-04-06 21:53:15,2017-04-06 22:08:56,0.5,14.76,15,21,Thursday
1023737,2,48.0,161.0,0.89,2017-04-06 21:02:30,2017-04-06 21:10:32,0.5,9.36,8,21,Thursday
627564,1,125.0,164.0,2.1,2017-04-04 21:03:17,2017-04-04 21:13:28,0.5,13.8,10,21,Tuesday
234947,1,186.0,170.0,0.9,2017-04-06 21:58:49,2017-04-06 22:04:09,0.5,8.4,5,21,Thursday
902251,2,230.0,143.0,1.33,2017-04-05 21:31:26,2017-04-05 21:38:12,0.5,9.96,6,21,Wednesday
776267,2,88.0,230.0,6.37,2017-04-06 21:05:58,2017-04-06 21:26:19,0.5,27.36,20,21,Thursday
367228,1,138.0,233.0,8.5,2017-04-04 21:18:12,2017-04-04 21:38:42,0.5,39.67,20,21,Tuesday
168316,2,163.0,246.0,1.83,2017-04-04 21:59:27,2017-04-04 22:07:47,0.5,9.8,8,21,Tuesday
538032,1,234.0,68.0,1.4,2017-04-03 21:34:17,2017-04-03 21:41:04,0.5,9.96,6,21,Monday
88401,1,261.0,158.0,1.6,2017-04-03 21:28:33,2017-04-03 21:32:57,0.5,10.35,4,21,Monday
122974,2,237.0,164.0,1.53,2017-04-04 21:18:16,2017-04-04 21:25:01,0.5,8.3,6,21,Tuesday
976460,2,107.0,224.0,0.46,2017-04-06 21:44:46,2017-04-06 21:47:42,0.5,6.62,2,21,Thursday
237790,2,142.0,236.0,2.37,2017-04-03 21:24:01,2017-04-03 21:35:22,0.5,11.8,11,21,Monday
237853,1,181.0,25.0,2.1,2017-04-04 21:46:05,2017-04-04 21:57:44,0.5,13.55,11,21,Tuesday
573834,2,162.0,231.0,3.71,2017-04-05 21:52:23,2017-04-05 22:13:06,0.5,22.49,20,21,Wednesday
329518,1,142.0,238.0,1.3,2017-04-03 21:21:05,2017-04-03 21:29:36,0.5,10.55,8,21,Monday
1011510,2,48.0,170.0,1.14,2017-04-06 21:51:03,2017-04-06 22:02:37,0.5,11.76,11,21,Thursday
235423,1,87.0,79.0,2.1,2017-04-04 21:51:59,2017-04-04 22:04:54,0.5,14.15,12,21,Tuesday
820965,1,234.0,230.0,1.8,2017-04-04 21:39:03,2017-04-04 21:52:47,0.5,11.8,13,21,Tuesday
902648,1,114.0,230.0,2.4,2017-04-05 21:45:31,2017-04-05 22:07:19,0.5,15.8,21,21,Wednesday
349915,2,247.0,169.0,2.63,2017-04-05 21:39:26,2017-04-05 21:51:30,0.5,12.3,12,21,Wednesday
535239,2,68.0,144.0,2.64,2017-04-06 21:57:01,2017-04-06 22:08:08,0.5,14.16,11,21,Thursday
422160,2,125.0,79.0,0.98,2017-04-05 21:55:50,2017-04-05 22:02:00,0.5,8.76,6,21,Wednesday
91903,2,140.0,238.0,2.05,2017-04-03 21:49:28,2017-04-03 22:01:02,0.5,14.16,11,21,Monday
625198,2,24.0,238.0,0.69,2017-04-05 21:45:16,2017-04-05 21:48:21,0.5,7.54,3,21,Wednesday
29598,2,263.0,237.0,0.88,2017-04-03 21:17:09,2017-04-03 21:21:55,0.5,7.3,4,21,Monday
8217,2,246.0,181.0,8.53,2017-04-05 21:43:13,2017-04-05 22:17:02,0.5,37.56,33,21,Wednesday
718596,2,162.0,143.0,1.9,2017-04-05 21:18:32,2017-04-05 21:30:55,0.5,12.0,12,21,Wednesday
862269,1,142.0,143.0,1.0,2017-04-03 21:35:51,2017-04-03 21:42:36,0.5,9.8,6,21,Monday
1019818,2,79.0,234.0,1.53,2017-04-04 21:21:19,2017-04-04 21:31:21,0.5,11.76,10,21,Tuesday
755013,2,17.0,217.0,1.49,2017-04-04 21:54:15,2017-04-04 22:05:08,0.5,11.76,10,21,Tuesday
306684,2,234.0,143.0,4.29,2017-04-06 21:34:12,2017-04-06 21:56:38,0.5,22.56,22,21,Thursday
350448,1,239.0,141.0,2.0,2017-04-04 21:19:25,2017-04-04 21:31:09,0.5,14.15,11,21,Tuesday
875699,2,132.0,114.0,19.03,2017-04-04 21:19:32,2017-04-04 21:52:53,0.0,63.36,33,21,Tuesday
475618,1,263.0,166.0,2.8,2017-04-04 21:20:14,2017-04-04 21:33:17,0.5,12.8,13,21,Tuesday
1014746,2,107.0,224.0,0.59,2017-04-04 21:18:47,2017-04-04 21:21:16,0.5,6.3,2,21,Tuesday
1022269,1,162.0,262.0,1.8,2017-04-06 21:37:44,2017-04-06 21:48:10,0.5,12.35,10,21,Thursday
347157,1,144.0,145.0,5.8,2017-04-04 21:01:57,2017-04-04 21:17:55,0.5,24.95,15,21,Tuesday
387227,2,163.0,236.0,0.91,2017-04-04 21:01:30,2017-04-04 21:03:56,0.5,6.8,2,21,Tuesday
632833,1,142.0,140.0,2.4,2017-04-04 21:54:54,2017-04-04 22:05:17,0.5,11.3,10,21,Tuesday
600483,2,264.0,264.0,1.59,2017-04-06 21:26:07,2017-04-06 21:34:31,0.5,9.3,8,21,Thursday
133163,2,163.0,236.0,2.32,2017-04-05 21:55:39,2017-04-05 22:07:56,0.5,13.3,12,21,Wednesday
163321,2,161.0,164.0,1.02,2017-04-05 21:39:21,2017-04-05 21:47:00,0.5,10.38,7,21,Wednesday
580467,1,158.0,246.0,0.7,2017-04-04 21:41:49,2017-04-04 21:46:02,0.5,6.3,4,21,Tuesday
412422,2,79.0,148.0,0.81,2017-04-03 21:55:06,2017-04-03 22:00:52,0.5,8.16,5,21,Monday
837413,2,231.0,142.0,5.06,2017-04-04 21:12:38,2017-04-04 21:31:57,0.5,22.8,19,21,Tuesday
23683,1,249.0,148.0,1.4,2017-04-06 21:09:35,2017-04-06 21:20:46,0.5,11.75,11,21,Thursday
124319,1,43.0,143.0,1.0,2017-04-03 21:41:50,2017-04-03 21:47:12,0.5,8.75,5,21,Monday
52746,2,48.0,90.0,1.86,2017-04-04 21:04:46,2017-04-04 21:12:27,0.5,11.16,7,21,Tuesday
940056,2,238.0,238.0,0.72,2017-04-03 21:14:13,2017-04-03 21:16:59,0.5,6.96,2,21,Monday
564287,2,234.0,158.0,1.09,2017-04-03 21:14:05,2017-04-03 21:20:21,0.5,8.03,6,21,Monday
62063,1,236.0,238.0,1.6,2017-04-06 21:05:52,2017-04-06 21:11:49,0.5,9.35,5,21,Thursday
1036506,1,52.0,33.0,0.5,2017-04-04 21:32:57,2017-04-04 21:35:10,0.5,6.35,2,21,Tuesday
299232,2,162.0,255.0,6.05,2017-04-05 21:40:29,2017-04-05 22:05:10,0.5,27.96,24,21,Wednesday
202911,2,230.0,148.0,3.56,2017-04-03 21:19:44,2017-04-03 21:38:15,0.5,17.38,18,21,Monday
224526,1,132.0,164.0,17.0,2017-04-06 21:17:18,2017-04-06 22:01:15,0.0,76.11,43,21,Thursday
383118,1,107.0,141.0,2.1,2017-04-04 21:37:06,2017-04-04 21:48:06,0.5,11.3,11,21,Tuesday
831862,1,141.0,48.0,1.6,2017-04-06 21:23:28,2017-04-06 21:34:47,0.5,12.35,11,21,Thursday
688618,1,43.0,141.0,0.9,2017-04-04 21:56:13,2017-04-04 22:01:14,0.5,8.8,5,21,Tuesday
1024929,2,164.0,234.0,0.7,2017-04-06 21:38:14,2017-04-06 21:41:45,0.5,6.8,3,21,Thursday
197303,2,163.0,164.0,1.86,2017-04-05 21:00:35,2017-04-05 21:12:56,0.5,12.96,12,21,Wednesday
398568,1,132.0,255.0,18.8,2017-04-04 21:12:44,2017-04-04 21:46:46,0.5,52.8,34,21,Tuesday
999602,1,42.0,116.0,1.2,2017-04-05 21:47:09,2017-04-05 21:54:53,0.5,8.3,7,21,Wednesday
798902,1,125.0,231.0,0.7,2017-04-04 21:10:34,2017-04-04 21:16:10,0.5,6.8,5,21,Tuesday
236606,2,161.0,141.0,0.92,2017-04-03 21:48:09,2017-04-03 21:54:18,0.5,9.49,6,21,Monday
534340,2,162.0,170.0,0.82,2017-04-06 21:10:10,2017-04-06 21:13:45,0.5,5.8,3,21,Thursday
1040473,2,234.0,107.0,0.62,2017-04-04 21:28:44,2017-04-04 21:32:31,0.5,9.8,3,21,Tuesday
809883,1,90.0,68.0,0.8,2017-04-04 21:15:04,2017-04-04 21:21:16,0.5,8.75,6,21,Tuesday
809047,1,90.0,161.0,1.9,2017-04-06 21:35:17,2017-04-06 21:44:49,0.5,12.35,9,21,Thursday
957356,1,43.0,49.0,10.8,2017-04-03 21:41:40,2017-04-03 22:09:54,0.5,41.75,28,21,Monday
693515,1,114.0,232.0,0.8,2017-04-06 21:06:08,2017-04-06 21:13:51,0.5,9.35,7,21,Thursday
525508,2,43.0,186.0,0.98,2017-04-03 21:58:54,2017-04-03 22:05:05,0.5,8.3,6,21,Monday
54082,2,263.0,236.0,0.9,2017-04-04 21:47:18,2017-04-04 21:51:08,0.5,7.56,3,21,Tuesday
1023219,1,100.0,95.0,8.5,2017-04-05 21:02:56,2017-04-05 21:26:56,0.5,34.75,24,21,Wednesday
551207,1,13.0,233.0,6.2,2017-04-06 21:52:17,2017-04-06 22:04:50,0.5,21.3,12,21,Thursday
329060,2,144.0,140.0,4.46,2017-04-05 21:00:27,2017-04-05 21:19:38,0.5,21.36,19,21,Wednesday
1033918,2,144.0,107.0,1.03,2017-04-06 21:19:56,2017-04-06 21:29:00,0.5,8.8,9,21,Thursday
522829,1,231.0,45.0,2.2,2017-04-06 21:09:15,2017-04-06 21:26:03,0.5,15.95,16,21,Thursday
731810,1,231.0,144.0,1.1,2017-04-06 21:59:08,2017-04-06 22:09:06,0.5,11.0,9,21,Thursday
35490,2,50.0,162.0,1.53,2017-04-05 21:21:10,2017-04-05 21:33:24,0.5,12.96,12,21,Wednesday
414392,1,137.0,79.0,0.8,2017-04-06 21:47:28,2017-04-06 21:50:12,0.5,6.95,2,21,Thursday
1009295,2,148.0,107.0,1.74,2017-04-03 21:02:54,2017-04-03 21:09:36,0.5,10.56,6,21,Monday
325660,2,230.0,161.0,0.69,2017-04-03 21:12:48,2017-04-03 21:20:56,0.5,9.36,8,21,Monday
966436,1,161.0,249.0,2.5,2017-04-06 21:41:30,2017-04-06 21:57:15,0.5,15.95,15,21,Thursday
713500,2,138.0,236.0,7.91,2017-04-05 21:39:28,2017-04-05 22:00:38,0.5,38.06,21,21,Wednesday
837869,1,163.0,246.0,1.2,2017-04-03 21:39:10,2017-04-03 21:45:04,0.5,9.35,5,21,Monday
62489,1,138.0,230.0,11.3,2017-04-03 21:57:25,2017-04-03 22:23:07,0.5,40.06,25,21,Monday
319997,2,237.0,236.0,1.37,2017-04-03 21:28:55,2017-04-03 21:39:59,0.5,10.3,11,21,Monday
5871,1,246.0,48.0,1.1,2017-04-05 21:07:36,2017-04-05 21:14:37,0.5,7.8,7,21,Wednesday
923274,1,142.0,48.0,1.5,2017-04-05 21:41:35,2017-04-05 21:49:29,0.5,10.8,7,21,Wednesday
938780,2,113.0,236.0,3.99,2017-04-06 21:12:12,2017-04-06 21:32:34,0.5,21.36,20,21,Thursday
454321,2,234.0,107.0,0.51,2017-04-05 21:01:15,2017-04-05 21:06:26,0.5,7.56,5,21,Wednesday
538876,2,144.0,148.0,0.64,2017-04-05 21:37:00,2017-04-05 21:43:02,0.5,6.8,6,21,Wednesday
657220,1,90.0,170.0,2.0,2017-04-03 21:19:28,2017-04-03 21:32:18,0.5,14.15,12,21,Monday
656004,1,113.0,48.0,2.5,2017-04-03 21:40:10,2017-04-03 21:54:48,0.5,15.35,14,21,Monday
408785,1,163.0,263.0,1.7,2017-04-06 21:11:27,2017-04-06 21:18:43,0.5,10.55,7,21,Thursday
4985,1,163.0,43.0,0.9,2017-04-04 21:30:01,2017-04-04 21:35:25,0.5,6.8,5,21,Tuesday
870241,1,79.0,68.0,2.2,2017-04-06 21:59:11,2017-04-06 22:11:17,0.5,13.55,12,21,Thursday
679403,2,138.0,13.0,13.52,2017-04-03 21:36:54,2017-04-03 22:05:04,0.5,39.8,28,21,Monday
951744,1,132.0,90.0,18.2,2017-04-03 21:11:56,2017-04-03 21:51:40,0.0,68.56,39,21,Monday
792749,2,237.0,236.0,0.71,2017-04-06 21:19:21,2017-04-06 21:22:43,0.5,6.96,3,21,Thursday
665032,2,142.0,41.0,4.09,2017-04-04 21:55:10,2017-04-04 22:13:41,0.5,20.8,18,21,Tuesday
631946,1,142.0,239.0,1.2,2017-04-03 21:01:02,2017-04-03 21:06:46,0.5,9.35,5,21,Monday
469377,2,161.0,233.0,1.38,2017-04-05 21:25:47,2017-04-05 21:33:41,0.5,11.0,7,21,Wednesday
716106,2,125.0,68.0,1.25,2017-04-06 21:11:22,2017-04-06 21:16:47,0.5,9.12,5,21,Thursday
885687,2,68.0,43.0,3.8,2017-04-04 21:00:46,2017-04-04 21:24:43,0.5,23.79,23,21,Tuesday
639371,2,162.0,246.0,2.19,2017-04-04 21:19:52,2017-04-04 21:34:48,0.5,14.76,14,21,Tuesday
74718,2,113.0,181.0,4.64,2017-04-03 21:14:49,2017-04-03 21:35:37,0.5,19.8,20,21,Monday
264261,1,234.0,164.0,0.8,2017-04-04 21:10:24,2017-04-04 21:16:06,0.5,9.3,5,21,Tuesday
1024676,2,138.0,161.0,10.6,2017-04-05 21:30:34,2017-04-05 21:54:24,0.5,48.82,23,21,Wednesday
479589,2,148.0,107.0,1.72,2017-04-03 21:47:07,2017-04-03 21:53:47,0.5,10.56,6,21,Monday
766946,2,141.0,75.0,1.41,2017-04-05 21:50:22,2017-04-05 21:56:18,0.5,9.3,5,21,Wednesday
216067,2,107.0,249.0,1.33,2017-04-06 21:42:28,2017-04-06 21:50:37,0.5,9.96,8,21,Thursday
243754,1,107.0,68.0,1.7,2017-04-06 21:50:21,2017-04-06 21:59:45,0.5,11.05,9,21,Thursday
914472,1,161.0,231.0,3.9,2017-04-04 21:10:09,2017-04-04 21:33:50,0.5,20.8,23,21,Tuesday
945949,1,170.0,164.0,0.7,2017-04-06 21:31:42,2017-04-06 21:36:38,0.5,7.55,4,21,Thursday
112164,2,249.0,230.0,1.95,2017-04-05 21:40:22,2017-04-05 21:52:44,0.5,13.56,12,21,Wednesday
221384,1,229.0,100.0,1.7,2017-04-05 21:29:08,2017-04-05 21:38:29,0.5,12.25,9,21,Wednesday
12014,1,132.0,68.0,18.4,2017-04-03 21:31:00,2017-04-03 22:12:13,0.0,67.37,41,21,Monday
744033,1,50.0,234.0,2.6,2017-04-05 21:14:27,2017-04-05 21:24:37,0.5,11.8,10,21,Wednesday
172097,2,238.0,48.0,2.01,2017-04-05 21:06:22,2017-04-05 21:14:58,0.5,11.76,8,21,Wednesday
787654,2,158.0,158.0,1.93,2017-04-04 21:33:23,2017-04-04 21:43:20,0.5,9.3,9,21,Tuesday
374062,1,107.0,113.0,0.8,2017-04-06 21:42:45,2017-04-06 21:49:07,0.5,8.75,6,21,Thursday
154822,1,132.0,261.0,19.1,2017-04-03 21:41:59,2017-04-03 22:15:56,0.0,66.0,33,21,Monday
21235,2,87.0,256.0,3.38,2017-04-05 21:11:27,2017-04-05 21:26:50,0.5,17.76,15,21,Wednesday
532357,2,138.0,239.0,10.45,2017-04-03 22:17:27,2017-04-03 22:43:43,0.5,48.2,26,22,Monday
717192,2,48.0,68.0,1.67,2017-04-03 22:08:30,2017-04-03 22:14:37,0.5,10.0,6,22,Monday
687377,1,161.0,238.0,3.0,2017-04-05 22:42:35,2017-04-05 22:56:12,0.5,17.9,13,22,Wednesday
672410,2,233.0,137.0,1.27,2017-04-06 22:07:34,2017-04-06 22:15:05,0.5,10.3,7,22,Thursday
331396,1,161.0,50.0,1.4,2017-04-06 22:38:05,2017-04-06 22:48:11,0.5,9.8,10,22,Thursday
262292,2,79.0,107.0,0.93,2017-04-06 22:33:39,2017-04-06 22:39:33,0.5,8.76,5,22,Thursday
914325,2,148.0,37.0,4.03,2017-04-06 22:54:20,2017-04-06 23:12:24,0.5,20.76,18,22,Thursday
338566,1,75.0,236.0,0.8,2017-04-06 22:48:17,2017-04-06 22:50:34,0.5,6.95,2,22,Thursday
1044537,1,211.0,144.0,0.7,2017-04-05 22:48:19,2017-04-05 22:52:55,0.5,8.3,4,22,Wednesday
248963,1,125.0,87.0,1.5,2017-04-04 22:35:17,2017-04-04 22:43:43,0.5,8.8,8,22,Tuesday
185618,2,87.0,263.0,8.01,2017-04-05 22:40:49,2017-04-05 22:57:37,0.5,30.36,16,22,Wednesday
377122,1,234.0,62.0,6.4,2017-04-06 22:04:11,2017-04-06 22:32:14,0.5,26.8,28,22,Thursday
689555,2,138.0,230.0,10.34,2017-04-05 22:55:56,2017-04-05 23:20:54,0.5,45.67,24,22,Wednesday
189056,1,264.0,239.0,5.1,2017-04-03 22:02:36,2017-04-03 22:27:01,0.5,24.3,24,22,Monday
255815,2,162.0,249.0,4.0,2017-04-04 22:22:53,2017-04-04 22:42:36,0.5,19.3,19,22,Tuesday
84847,2,90.0,233.0,2.37,2017-04-05 22:09:33,2017-04-05 22:24:50,0.5,15.36,15,22,Wednesday
637615,2,239.0,239.0,0.54,2017-04-03 22:50:29,2017-04-03 22:53:01,0.5,5.3,2,22,Monday
356206,1,148.0,52.0,3.5,2017-04-06 22:56:52,2017-04-06 23:11:12,0.5,18.35,14,22,Thursday
685585,1,230.0,236.0,2.3,2017-04-06 22:04:33,2017-04-06 22:16:23,0.5,14.16,11,22,Thursday
364578,2,234.0,112.0,6.37,2017-04-06 22:19:58,2017-04-06 22:53:55,0.5,35.38,33,22,Thursday
966247,1,230.0,231.0,3.4,2017-04-06 22:08:28,2017-04-06 22:32:36,0.5,21.0,24,22,Thursday
890683,2,141.0,140.0,1.35,2017-04-03 22:04:56,2017-04-03 22:11:28,0.5,9.96,6,22,Monday
1011750,2,138.0,162.0,11.17,2017-04-05 22:50:00,2017-04-05 23:10:01,0.5,48.82,20,22,Wednesday
981414,2,234.0,257.0,8.16,2017-04-03 22:24:02,2017-04-03 22:47:32,0.5,32.16,23,22,Monday
79317,1,24.0,226.0,7.0,2017-04-04 22:41:13,2017-04-04 23:13:45,0.5,33.36,32,22,Tuesday
803627,2,132.0,239.0,18.96,2017-04-06 22:13:42,2017-04-06 22:53:58,0.0,63.36,40,22,Thursday
668689,2,114.0,79.0,1.22,2017-04-03 22:31:44,2017-04-03 22:38:24,0.5,9.36,6,22,Monday
524564,2,234.0,261.0,4.07,2017-04-04 22:31:19,2017-04-04 22:51:18,0.5,17.8,19,22,Tuesday
815557,2,246.0,133.0,9.02,2017-04-04 22:53:49,2017-04-04 23:15:06,0.5,34.06,21,22,Tuesday
477521,1,100.0,48.0,0.8,2017-04-03 22:20:57,2017-04-03 22:26:31,0.5,8.8,5,22,Monday
102312,2,79.0,237.0,2.96,2017-04-05 22:57:15,2017-04-05 23:08:33,0.5,15.36,11,22,Wednesday
726109,2,237.0,236.0,1.55,2017-04-04 22:45:52,2017-04-04 22:53:10,0.5,8.8,7,22,Tuesday
386913,1,125.0,234.0,1.3,2017-04-03 22:01:14,2017-04-03 22:06:12,0.5,9.1,4,22,Monday
798732,1,90.0,33.0,4.0,2017-04-05 22:48:34,2017-04-05 23:08:27,0.5,19.9,19,22,Wednesday
679584,1,164.0,262.0,3.5,2017-04-06 22:13:01,2017-04-06 22:28:26,0.5,15.3,15,22,Thursday
824003,2,142.0,262.0,3.34,2017-04-05 22:18:50,2017-04-05 22:35:18,0.5,17.3,16,22,Wednesday
762216,1,239.0,170.0,3.6,2017-04-05 22:39:03,2017-04-05 22:56:55,0.5,17.55,17,22,Wednesday
24539,2,142.0,239.0,1.23,2017-04-06 22:27:45,2017-04-06 22:33:55,0.5,9.75,6,22,Thursday
103419,1,186.0,145.0,4.2,2017-04-04 22:47:25,2017-04-04 23:18:27,0.5,24.8,31,22,Tuesday
159338,2,249.0,48.0,1.32,2017-04-04 22:56:13,2017-04-04 23:03:21,0.5,8.8,7,22,Tuesday
21401,1,132.0,196.0,9.3,2017-04-05 22:20:53,2017-04-05 22:39:31,0.5,28.8,18,22,Wednesday
759579,1,230.0,107.0,2.2,2017-04-03 22:43:14,2017-04-03 22:53:43,0.5,13.5,10,22,Monday
424621,2,170.0,113.0,1.51,2017-04-04 22:34:28,2017-04-04 22:39:56,0.5,9.36,5,22,Tuesday
72658,2,148.0,107.0,1.37,2017-04-05 22:27:56,2017-04-05 22:35:31,0.5,10.38,7,22,Wednesday
412187,1,163.0,114.0,3.2,2017-04-03 22:13:38,2017-04-03 22:30:20,0.5,17.75,16,22,Monday
62192,2,163.0,230.0,1.05,2017-04-06 22:11:49,2017-04-06 22:20:31,0.5,9.96,8,22,Thursday
399031,1,132.0,117.0,11.8,2017-04-06 22:12:55,2017-04-06 22:41:46,0.5,37.96,28,22,Thursday
116658,2,161.0,237.0,1.92,2017-04-04 22:13:16,2017-04-04 22:21:50,0.5,11.76,8,22,Tuesday
660876,2,229.0,143.0,2.38,2017-04-06 22:03:10,2017-04-06 22:14:50,0.5,14.16,11,22,Thursday
432237,2,79.0,223.0,9.34,2017-04-05 22:43:56,2017-04-05 23:08:36,0.5,42.67,24,22,Wednesday
748535,2,230.0,236.0,2.76,2017-04-06 22:34:17,2017-04-06 22:48:34,0.5,13.3,14,22,Thursday
86227,2,229.0,142.0,2.23,2017-04-04 22:14:10,2017-04-04 22:26:28,0.5,14.16,12,22,Tuesday
292771,2,48.0,228.0,10.65,2017-04-05 22:48:23,2017-04-05 23:12:22,0.5,45.67,23,22,Wednesday
114387,2,163.0,236.0,1.94,2017-04-03 22:28:44,2017-04-03 22:36:55,0.5,11.76,8,22,Monday
622076,1,141.0,142.0,2.2,2017-04-06 22:17:58,2017-04-06 22:32:10,0.5,12.04,14,22,Thursday
310288,1,211.0,181.0,4.3,2017-04-06 22:08:06,2017-04-06 22:25:21,0.5,21.6,17,22,Thursday
471438,1,114.0,65.0,2.7,2017-04-03 22:32:16,2017-04-03 22:46:23,0.5,14.8,14,22,Monday
172250,2,144.0,164.0,2.23,2017-04-06 22:17:25,2017-04-06 22:30:08,0.5,14.12,12,22,Thursday
726791,1,138.0,230.0,11.7,2017-04-05 22:41:17,2017-04-05 23:08:11,0.5,46.06,26,22,Wednesday
662735,2,231.0,233.0,4.42,2017-04-06 22:46:51,2017-04-06 23:08:56,0.5,21.3,22,22,Thursday
651975,2,50.0,7.0,5.49,2017-04-04 22:38:19,2017-04-04 23:03:32,0.5,27.88,25,22,Tuesday
237420,2,113.0,262.0,4.38,2017-04-04 22:14:47,2017-04-04 22:35:20,0.5,18.3,20,22,Tuesday
1014237,1,161.0,163.0,0.7,2017-04-05 22:50:15,2017-04-05 22:56:23,0.5,6.8,6,22,Wednesday
743270,2,48.0,239.0,1.89,2017-04-05 22:59:37,2017-04-05 23:10:45,0.5,12.96,11,22,Wednesday
543629,2,262.0,238.0,1.76,2017-04-05 22:10:53,2017-04-05 22:18:21,0.5,11.16,7,22,Wednesday
582604,1,237.0,162.0,0.6,2017-04-05 22:36:02,2017-04-05 22:39:53,0.5,5.8,3,22,Wednesday
377238,2,162.0,236.0,1.54,2017-04-06 22:05:40,2017-04-06 22:11:13,0.5,10.38,5,22,Thursday
140185,1,237.0,162.0,0.9,2017-04-06 22:26:06,2017-04-06 22:32:42,0.5,8.3,6,22,Thursday
419764,1,230.0,79.0,3.1,2017-04-06 22:52:55,2017-04-06 23:10:23,0.5,19.1,17,22,Thursday
521388,1,170.0,234.0,1.2,2017-04-06 22:35:00,2017-04-06 22:41:06,0.5,9.75,6,22,Thursday
362815,2,132.0,166.0,17.93,2017-04-03 22:21:23,2017-04-03 22:51:49,0.0,58.56,30,22,Monday
88332,1,246.0,113.0,2.0,2017-04-03 22:12:32,2017-04-03 22:22:35,0.5,12.35,10,22,Monday
906237,1,48.0,68.0,0.5,2017-04-05 22:10:21,2017-04-05 22:12:46,0.5,5.3,2,22,Wednesday
947818,1,132.0,239.0,20.6,2017-04-03 22:28:02,2017-04-03 23:06:03,0.0,70.26,38,22,Monday
77486,1,79.0,162.0,2.2,2017-04-04 22:19:27,2017-04-04 22:29:51,0.5,13.55,10,22,Tuesday
688283,2,162.0,146.0,2.51,2017-04-06 22:58:29,2017-04-06 23:24:16,0.5,21.36,25,22,Thursday
886207,1,161.0,100.0,1.6,2017-04-03 22:31:48,2017-04-03 22:41:08,0.5,9.3,9,22,Monday
562602,2,249.0,148.0,1.82,2017-04-05 22:51:13,2017-04-05 23:06:36,0.5,15.8,15,22,Wednesday
132673,2,229.0,151.0,4.06,2017-04-04 22:11:48,2017-04-04 22:26:47,0.5,17.3,14,22,Tuesday
524092,2,234.0,114.0,1.33,2017-04-04 22:46:42,2017-04-04 22:54:32,0.5,8.8,7,22,Tuesday
285534,1,132.0,13.0,22.1,2017-04-06 22:49:54,2017-04-06 23:34:19,0.0,52.8,44,22,Thursday
893873,1,100.0,144.0,3.2,2017-04-04 22:48:09,2017-04-04 23:04:18,0.5,14.3,16,22,Tuesday
720955,2,234.0,234.0,1.28,2017-04-03 22:52:11,2017-04-03 22:58:38,0.5,9.96,6,22,Monday
389742,2,239.0,141.0,1.82,2017-04-06 22:02:50,2017-04-06 22:15:06,0.5,11.3,12,22,Thursday
344800,2,170.0,148.0,1.97,2017-04-04 22:07:59,2017-04-04 22:22:45,0.5,14.8,14,22,Tuesday
548108,2,161.0,113.0,2.48,2017-04-05 22:18:19,2017-04-05 22:32:12,0.5,16.64,13,22,Wednesday
431601,2,144.0,79.0,1.03,2017-04-03 22:14:19,2017-04-03 22:19:26,0.5,8.16,5,22,Monday
824553,2,161.0,79.0,2.59,2017-04-06 22:26:13,2017-04-06 22:39:10,0.5,14.6,12,22,Thursday
941896,1,132.0,145.0,15.7,2017-04-04 22:56:37,2017-04-04 23:19:43,0.5,53.15,23,22,Tuesday
314639,1,50.0,143.0,1.0,2017-04-06 22:55:29,2017-04-06 22:59:00,0.5,8.0,3,22,Thursday
510453,2,239.0,238.0,1.41,2017-04-04 22:18:23,2017-04-04 22:27:03,0.5,10.7,8,22,Tuesday
506355,1,138.0,142.0,10.2,2017-04-04 22:16:53,2017-04-04 22:41:56,0.5,37.56,25,22,Tuesday
1047756,2,233.0,48.0,1.56,2017-04-05 22:36:52,2017-04-05 22:50:37,0.5,13.56,13,22,Wednesday
172211,2,88.0,233.0,4.87,2017-04-05 22:56:24,2017-04-05 23:09:58,0.5,21.62,13,22,Wednesday
145106,2,164.0,162.0,1.32,2017-04-04 22:12:06,2017-04-04 22:18:06,0.5,9.36,6,22,Tuesday
685679,2,237.0,140.0,1.02,2017-04-04 22:10:26,2017-04-04 22:19:32,0.5,8.8,9,22,Tuesday
997464,2,170.0,223.0,6.54,2017-04-05 22:58:52,2017-04-05 23:48:20,0.5,38.8,49,22,Wednesday
49841,1,239.0,142.0,1.2,2017-04-06 22:32:23,2017-04-06 22:40:14,0.5,9.8,7,22,Thursday
237629,2,230.0,151.0,2.97,2017-04-05 22:05:35,2017-04-05 22:17:58,0.5,15.36,12,22,Wednesday
631066,2,161.0,137.0,1.38,2017-04-04 22:14:45,2017-04-04 22:21:11,0.5,9.36,6,22,Tuesday
946929,1,186.0,107.0,1.4,2017-04-03 22:36:42,2017-04-03 22:41:14,0.5,8.75,4,22,Monday
250462,1,164.0,231.0,2.3,2017-04-06 22:09:22,2017-04-06 22:20:57,0.5,11.3,11,22,Thursday
134226,1,79.0,114.0,0.9,2017-04-05 22:17:54,2017-04-05 22:25:42,0.5,9.96,7,22,Wednesday
419460,2,141.0,71.0,12.49,2017-04-06 22:47:09,2017-04-06 23:28:07,0.5,40.8,40,22,Thursday
920880,1,234.0,68.0,1.1,2017-04-06 22:35:57,2017-04-06 22:42:16,0.5,9.35,6,22,Thursday
874731,1,79.0,132.0,19.6,2017-04-06 22:07:52,2017-04-06 22:54:53,0.0,63.35,47,22,Thursday
798643,2,140.0,162.0,1.32,2017-04-06 22:20:10,2017-04-06 22:27:37,0.5,9.96,7,22,Thursday
671859,1,230.0,143.0,2.1,2017-04-06 22:18:45,2017-04-06 22:32:01,0.5,14.75,13,22,Thursday
14307,1,148.0,125.0,1.0,2017-04-06 22:36:35,2017-04-06 22:46:08,0.5,11.6,9,22,Thursday
862030,2,237.0,137.0,2.17,2017-04-04 22:41:59,2017-04-04 22:56:15,0.5,12.8,14,22,Tuesday
513546,1,144.0,249.0,0.9,2017-04-05 22:45:25,2017-04-05 22:51:22,0.0,7.8,5,22,Wednesday
573789,1,246.0,234.0,1.6,2017-04-06 22:54:32,2017-04-06 23:01:08,0.5,10.0,6,22,Thursday
277754,2,141.0,263.0,1.8,2017-04-05 22:29:38,2017-04-05 22:36:11,0.5,10.56,6,22,Wednesday
539810,2,162.0,162.0,0.0,2017-04-04 22:11:06,2017-04-04 22:11:16,0.5,3.8,0,22,Tuesday
55178,2,114.0,238.0,6.01,2017-04-03 22:16:57,2017-04-03 22:41:20,0.5,25.8,24,22,Monday
230082,2,161.0,48.0,0.84,2017-04-04 22:22:16,2017-04-04 22:32:36,0.5,8.8,10,22,Tuesday
924386,2,186.0,79.0,1.9,2017-04-05 22:59:49,2017-04-05 23:12:40,0.5,13.56,12,22,Wednesday
492693,2,234.0,68.0,0.58,2017-04-03 22:26:35,2017-04-03 22:31:07,0.5,7.56,4,22,Monday
65225,2,230.0,244.0,7.04,2017-04-06 22:53:36,2017-04-06 23:12:50,0.5,24.3,19,22,Thursday
657188,1,237.0,141.0,0.3,2017-04-05 22:52:30,2017-04-05 22:55:08,0.5,6.35,2,22,Wednesday
531717,2,238.0,151.0,0.96,2017-04-04 22:40:54,2017-04-04 22:46:44,0.5,7.3,5,22,Tuesday
19214,1,234.0,68.0,0.8,2017-04-05 22:48:14,2017-04-05 22:53:39,0.5,6.8,5,22,Wednesday
929176,2,164.0,237.0,2.2,2017-04-06 22:36:05,2017-04-06 22:47:15,0.5,13.56,11,22,Thursday
383947,2,48.0,42.0,7.75,2017-04-06 22:58:27,2017-04-06 23:31:01,0.5,37.88,32,22,Thursday
797346,2,249.0,50.0,2.8,2017-04-06 22:10:07,2017-04-06 22:24:01,0.5,13.3,13,22,Thursday
452489,2,140.0,129.0,7.4,2017-04-04 22:07:59,2017-04-04 22:41:13,0.5,28.3,33,22,Tuesday
167548,1,125.0,249.0,0.4,2017-04-03 22:38:34,2017-04-03 22:40:02,0.5,5.75,1,22,Monday
749915,2,162.0,262.0,2.34,2017-04-03 22:14:15,2017-04-03 22:23:22,0.5,12.96,9,22,Monday
150218,2,138.0,230.0,11.71,2017-04-03 22:20:09,2017-04-03 22:46:07,0.5,51.32,25,22,Monday
740693,2,236.0,161.0,1.87,2017-04-04 22:37:59,2017-04-04 22:46:07,0.5,9.8,8,22,Tuesday
1023746,1,162.0,170.0,0.9,2017-04-06 22:40:22,2017-04-06 22:47:05,0.5,8.75,6,22,Thursday
71161,2,114.0,263.0,5.15,2017-04-06 22:16:30,2017-04-06 22:38:57,0.5,24.36,22,22,Thursday
150416,1,48.0,239.0,1.4,2017-04-05 22:21:42,2017-04-05 22:29:18,0.5,10.55,7,22,Wednesday
411299,1,138.0,162.0,9.8,2017-04-04 22:04:50,2017-04-04 22:24:54,0.5,36.06,20,22,Tuesday
826784,1,186.0,43.0,3.2,2017-04-04 22:10:28,2017-04-04 22:24:07,0.5,13.8,13,22,Tuesday
345554,1,261.0,148.0,2.2,2017-04-05 22:04:30,2017-04-05 22:15:56,0.5,13.3,11,22,Wednesday
362042,2,68.0,231.0,1.69,2017-04-05 22:40:30,2017-04-05 22:51:10,0.5,9.8,10,22,Wednesday
448471,1,236.0,43.0,1.0,2017-04-04 22:57:22,2017-04-04 23:01:11,0.5,6.8,3,22,Tuesday
260999,2,186.0,75.0,3.87,2017-04-04 22:37:53,2017-04-04 22:55:42,0.5,16.3,17,22,Tuesday
11594,1,249.0,68.0,1.2,2017-04-03 22:42:39,2017-04-03 22:48:33,0.5,8.3,5,22,Monday
1022604,2,138.0,198.0,8.33,2017-04-05 22:16:13,2017-04-05 22:36:42,0.5,32.16,20,22,Wednesday
763912,2,161.0,143.0,1.78,2017-04-04 22:22:23,2017-04-04 22:33:16,0.5,13.39,10,22,Tuesday
601986,1,113.0,142.0,3.6,2017-04-05 22:00:13,2017-04-05 22:16:55,0.5,18.35,16,22,Wednesday
720022,2,164.0,48.0,1.93,2017-04-06 22:19:06,2017-04-06 22:32:10,0.5,14.16,13,22,Thursday
296974,2,138.0,189.0,11.06,2017-04-05 22:26:19,2017-04-05 22:50:06,0.5,39.96,23,22,Wednesday
340084,1,246.0,239.0,3.0,2017-04-06 22:54:55,2017-04-06 23:11:17,0.5,16.8,16,22,Thursday
185388,1,186.0,48.0,1.9,2017-04-03 22:10:48,2017-04-03 22:19:32,0.5,9.8,8,22,Monday
564268,2,237.0,140.0,0.8,2017-04-05 22:04:46,2017-04-05 22:08:21,0.5,5.8,3,22,Wednesday
34899,2,144.0,224.0,1.54,2017-04-05 22:26:49,2017-04-05 22:34:33,0.5,8.8,7,22,Wednesday
728597,2,68.0,161.0,2.46,2017-04-05 22:54:56,2017-04-05 23:06:50,0.5,14.16,11,22,Wednesday
691819,1,4.0,249.0,1.4,2017-04-03 22:10:41,2017-04-03 22:17:14,0.5,8.3,6,22,Monday
336430,1,186.0,236.0,3.2,2017-04-04 22:30:27,2017-04-04 22:46:30,0.5,17.75,16,22,Tuesday
907812,1,144.0,231.0,0.8,2017-04-05 22:33:57,2017-04-05 22:39:17,0.5,6.8,5,22,Wednesday
809692,2,164.0,249.0,1.82,2017-04-04 22:46:34,2017-04-04 22:56:43,0.5,12.36,10,22,Tuesday
310107,1,263.0,170.0,2.7,2017-04-05 22:17:44,2017-04-05 22:29:08,0.5,14.75,11,22,Wednesday
360034,2,233.0,74.0,4.3,2017-04-03 22:58:20,2017-04-03 23:08:50,0.5,14.8,10,22,Monday
572775,1,263.0,141.0,0.9,2017-04-05 22:59:08,2017-04-05 23:03:44,0.5,8.5,4,22,Wednesday
954005,2,144.0,79.0,0.63,2017-04-05 22:42:52,2017-04-05 22:46:13,0.5,5.8,3,22,Wednesday
420656,2,211.0,68.0,2.66,2017-04-04 22:26:58,2017-04-04 22:38:46,0.5,14.16,11,22,Tuesday
132346,2,263.0,237.0,1.05,2017-04-06 22:15:13,2017-04-06 22:19:30,0.5,7.8,4,22,Thursday
585740,2,236.0,140.0,0.46,2017-04-06 22:03:00,2017-04-06 22:06:12,0.5,5.3,3,22,Thursday
363696,1,48.0,189.0,6.2,2017-04-06 22:11:23,2017-04-06 22:37:35,0.5,28.55,26,22,Thursday
177674,2,48.0,146.0,3.28,2017-04-03 22:43:48,2017-04-03 22:55:12,0.5,13.3,11,22,Monday
239828,1,234.0,116.0,8.1,2017-04-03 22:41:08,2017-04-03 23:03:38,0.5,32.15,22,22,Monday
987244,1,249.0,229.0,3.5,2017-04-03 22:01:41,2017-04-03 22:19:06,0.5,18.95,17,22,Monday
459427,2,158.0,161.0,2.99,2017-04-06 22:46:48,2017-04-06 23:01:04,0.5,16.62,14,22,Thursday
467966,2,230.0,43.0,1.93,2017-04-03 22:24:15,2017-04-03 22:32:17,0.5,11.76,8,22,Monday
126269,2,263.0,198.0,7.65,2017-04-06 22:11:23,2017-04-06 22:45:12,0.5,34.56,33,22,Thursday
689211,2,230.0,263.0,3.32,2017-04-04 22:07:57,2017-04-04 22:22:49,0.5,13.8,14,22,Tuesday
557674,1,79.0,113.0,1.3,2017-04-04 22:16:54,2017-04-04 22:24:13,0.5,10.55,7,22,Tuesday
373635,2,255.0,80.0,1.33,2017-04-04 22:50:12,2017-04-04 22:56:59,0.5,9.75,6,22,Tuesday
788906,1,48.0,239.0,1.4,2017-04-06 22:22:06,2017-04-06 22:28:39,0.5,10.75,6,22,Thursday
90750,1,48.0,13.0,4.3,2017-04-04 22:55:15,2017-04-04 23:10:19,0.5,20.15,15,22,Tuesday
175849,1,230.0,137.0,1.6,2017-04-06 22:48:09,2017-04-06 22:56:21,0.5,9.3,8,22,Thursday
610482,2,263.0,239.0,1.32,2017-04-05 22:49:29,2017-04-05 22:53:11,0.5,8.0,3,22,Wednesday
726793,2,161.0,262.0,2.99,2017-04-06 22:52:46,2017-04-06 23:09:39,0.5,14.3,16,22,Thursday
419767,2,41.0,166.0,1.04,2017-04-05 22:09:58,2017-04-05 22:15:27,0.5,7.3,5,22,Wednesday
272183,2,230.0,144.0,3.01,2017-04-06 22:38:52,2017-04-06 22:54:20,0.5,13.8,15,22,Thursday
291579,2,68.0,148.0,2.18,2017-04-05 22:17:59,2017-04-05 22:35:56,0.5,16.56,17,22,Wednesday
828162,2,230.0,142.0,0.99,2017-04-06 22:05:24,2017-04-06 22:12:26,0.5,9.75,7,22,Thursday
519398,2,148.0,112.0,4.63,2017-04-03 22:21:35,2017-04-03 22:35:36,0.5,20.76,14,22,Monday
753337,1,249.0,113.0,0.8,2017-04-05 22:23:29,2017-04-05 22:27:09,0.5,6.3,3,22,Wednesday
976598,2,237.0,262.0,1.54,2017-04-03 22:24:09,2017-04-03 22:31:27,0.5,10.56,7,22,Monday
978334,2,230.0,170.0,1.74,2017-04-03 22:44:25,2017-04-03 22:55:18,0.5,11.66,10,22,Monday
31754,2,125.0,33.0,3.2,2017-04-06 22:23:30,2017-04-06 22:39:24,0.5,17.16,15,22,Thursday
317276,1,163.0,264.0,2.2,2017-04-03 22:20:43,2017-04-03 22:31:31,0.5,12.95,10,22,Monday
1026882,1,43.0,229.0,1.7,2017-04-06 22:01:41,2017-04-06 22:12:26,0.5,12.85,10,22,Thursday
328794,2,148.0,232.0,0.51,2017-04-05 22:39:39,2017-04-05 22:42:48,0.5,5.3,3,22,Wednesday
707916,1,239.0,48.0,2.2,2017-04-04 22:18:06,2017-04-04 22:28:25,0.5,10.8,10,22,Tuesday
872654,1,249.0,161.0,3.2,2017-04-04 22:37:08,2017-04-04 22:55:35,0.5,17.8,18,22,Tuesday
119555,1,239.0,238.0,0.4,2017-04-05 22:33:46,2017-04-05 22:39:01,0.5,6.3,5,22,Wednesday
312333,1,263.0,224.0,3.2,2017-04-06 22:15:35,2017-04-06 22:30:32,0.5,14.8,14,22,Thursday
950597,2,237.0,48.0,1.67,2017-04-06 22:58:08,2017-04-06 23:14:14,0.5,15.36,16,22,Thursday
699230,2,79.0,158.0,1.63,2017-04-04 22:21:22,2017-04-04 22:32:50,0.5,13.5,11,22,Tuesday
570225,2,236.0,151.0,1.71,2017-04-06 22:57:58,2017-04-06 23:05:52,0.5,9.3,7,22,Thursday
353780,2,186.0,164.0,0.79,2017-04-03 22:44:19,2017-04-03 22:47:39,0.5,5.8,3,22,Monday
539275,1,142.0,142.0,0.4,2017-04-03 22:21:44,2017-04-03 22:23:40,0.5,4.8,1,22,Monday
31512,2,246.0,100.0,0.93,2017-04-06 22:27:50,2017-04-06 22:33:50,0.5,8.76,6,22,Thursday
717588,1,158.0,90.0,0.9,2017-04-04 22:47:03,2017-04-04 22:52:49,0.5,8.75,5,22,Tuesday
835171,1,246.0,141.0,2.5,2017-04-05 22:38:56,2017-04-05 22:55:45,0.5,16.55,16,22,Wednesday
281541,2,237.0,116.0,5.06,2017-04-04 22:07:06,2017-04-04 22:24:31,0.5,21.96,17,22,Tuesday
1036255,2,113.0,181.0,4.28,2017-04-05 22:17:50,2017-04-05 22:57:02,0.5,33.36,39,22,Wednesday
524437,2,162.0,163.0,1.33,2017-04-06 22:12:38,2017-04-06 22:22:38,0.5,11.62,10,22,Thursday
298096,1,137.0,236.0,3.6,2017-04-05 22:16:14,2017-04-05 22:30:20,0.5,17.75,14,22,Wednesday
738024,2,13.0,61.0,6.24,2017-04-05 22:21:28,2017-04-05 22:57:59,0.5,29.67,36,22,Wednesday
101504,1,162.0,231.0,4.0,2017-04-06 22:06:43,2017-04-06 22:31:30,0.5,25.05,24,22,Thursday
311661,1,263.0,74.0,2.1,2017-04-06 22:39:01,2017-04-06 22:45:58,0.5,11.15,6,22,Thursday
729816,1,148.0,255.0,2.7,2017-04-06 22:48:25,2017-04-06 22:57:16,0.5,16.8,8,22,Thursday
640270,2,263.0,141.0,0.78,2017-04-04 22:31:31,2017-04-04 22:36:34,0.5,6.3,5,22,Tuesday
15346,2,132.0,10.0,3.82,2017-04-04 22:56:04,2017-04-04 23:04:03,0.5,16.56,7,22,Tuesday
533352,2,161.0,170.0,1.08,2017-04-04 22:22:38,2017-04-04 22:27:46,0.5,8.84,5,22,Tuesday
321866,1,114.0,144.0,0.3,2017-04-05 22:48:01,2017-04-05 22:49:20,0.5,4.3,1,22,Wednesday
955267,2,68.0,7.0,6.84,2017-04-04 22:05:54,2017-04-04 22:34:51,0.5,30.36,28,22,Tuesday
231803,2,48.0,50.0,0.52,2017-04-06 22:20:44,2017-04-06 22:23:09,0.5,6.62,2,22,Thursday
94202,2,114.0,186.0,2.24,2017-04-04 22:39:39,2017-04-04 22:50:33,0.5,13.56,10,22,Tuesday
127408,1,229.0,170.0,1.0,2017-04-06 22:16:32,2017-04-06 22:21:24,0.5,8.15,4,22,Thursday
778543,1,263.0,263.0,0.6,2017-04-04 22:06:20,2017-04-04 22:08:29,0.5,6.3,2,22,Tuesday
450274,2,142.0,162.0,1.72,2017-04-03 22:14:33,2017-04-03 22:32:10,0.5,13.3,17,22,Monday
248402,1,230.0,171.0,13.0,2017-04-05 22:19:36,2017-04-05 22:52:11,0.5,55.26,32,22,Wednesday
855664,1,230.0,142.0,0.6,2017-04-05 22:17:18,2017-04-05 22:20:25,0.5,6.95,3,22,Wednesday
775811,1,161.0,164.0,0.8,2017-04-04 22:34:21,2017-04-04 22:37:47,0.5,6.8,3,22,Tuesday
908518,1,237.0,163.0,0.8,2017-04-05 22:27:25,2017-04-05 22:37:47,0.5,11.6,10,22,Wednesday
615892,1,236.0,237.0,1.7,2017-04-05 22:59:23,2017-04-05 23:06:58,0.5,10.7,7,22,Wednesday
275407,2,107.0,140.0,3.09,2017-04-06 22:57:09,2017-04-06 23:11:12,0.5,16.56,14,22,Thursday
690890,1,186.0,261.0,3.9,2017-04-05 22:54:47,2017-04-05 23:10:29,0.5,19.55,15,22,Wednesday
271529,2,138.0,216.0,10.93,2017-04-06 22:06:47,2017-04-06 22:26:51,0.5,40.3,20,22,Thursday
433402,2,231.0,87.0,1.61,2017-04-06 22:27:16,2017-04-06 22:42:31,0.5,15.99,15,22,Thursday
736728,1,144.0,142.0,4.3,2017-04-05 22:07:39,2017-04-05 22:27:56,0.5,17.8,20,22,Wednesday
876014,2,234.0,239.0,3.47,2017-04-04 22:54:51,2017-04-04 23:06:28,0.5,13.8,11,22,Tuesday
928115,1,231.0,231.0,1.0,2017-04-06 22:24:57,2017-04-06 22:31:03,0.5,8.3,6,22,Thursday
218665,2,158.0,45.0,2.68,2017-04-06 22:23:43,2017-04-06 22:44:23,0.5,19.89,20,22,Thursday
233664,2,144.0,162.0,2.81,2017-04-05 22:03:36,2017-04-05 22:22:24,0.5,14.8,18,22,Wednesday
240215,1,68.0,68.0,1.6,2017-04-06 22:02:25,2017-04-06 22:09:11,0.5,11.0,6,22,Thursday
270159,1,231.0,79.0,2.3,2017-04-06 22:22:22,2017-04-06 22:36:48,0.5,15.35,14,22,Thursday
688776,1,186.0,107.0,1.0,2017-04-04 22:43:36,2017-04-04 22:50:18,0.5,7.8,6,22,Tuesday
146175,2,163.0,141.0,1.8,2017-04-05 22:49:31,2017-04-05 23:00:18,0.5,12.36,10,22,Wednesday
975096,1,230.0,186.0,0.8,2017-04-05 22:20:37,2017-04-05 22:24:12,0.5,6.8,3,22,Wednesday
950235,2,229.0,237.0,1.15,2017-04-04 22:02:02,2017-04-04 22:07:21,0.5,8.76,5,22,Tuesday
477553,2,161.0,141.0,1.31,2017-04-03 22:11:15,2017-04-03 22:18:13,0.5,9.36,6,22,Monday
297892,2,158.0,246.0,1.73,2017-04-03 22:26:08,2017-04-03 22:32:08,0.5,8.8,6,22,Monday
337429,1,263.0,75.0,1.6,2017-04-05 22:25:33,2017-04-05 22:30:37,0.5,8.3,5,22,Wednesday
777362,2,239.0,244.0,5.43,2017-04-06 22:04:20,2017-04-06 22:15:31,0.5,20.0,11,22,Thursday
686379,2,113.0,231.0,1.4,2017-04-06 22:14:34,2017-04-06 22:21:53,0.5,10.0,7,22,Thursday
512343,1,151.0,48.0,2.7,2017-04-03 22:06:50,2017-04-03 22:15:23,0.5,13.3,8,22,Monday
320937,2,262.0,114.0,5.24,2017-04-06 22:56:40,2017-04-06 23:15:59,0.5,21.8,19,22,Thursday
548078,2,246.0,160.0,10.11,2017-04-04 22:06:44,2017-04-04 22:44:04,0.5,41.06,37,22,Tuesday
141452,2,138.0,263.0,8.9,2017-04-06 22:26:44,2017-04-06 23:00:37,0.5,45.67,33,22,Thursday
144327,1,79.0,87.0,1.7,2017-04-06 22:57:48,2017-04-06 23:09:28,0.5,11.8,11,22,Thursday
982591,2,142.0,261.0,5.89,2017-04-05 22:24:08,2017-04-05 22:58:43,0.5,30.96,34,22,Wednesday
668933,2,264.0,230.0,0.0,2017-04-06 22:35:11,2017-04-06 22:35:16,0.0,63.36,0,22,Thursday
1004983,2,231.0,234.0,2.01,2017-04-06 22:42:34,2017-04-06 22:52:29,0.5,12.88,9,22,Thursday
992842,2,114.0,113.0,0.72,2017-04-04 22:21:58,2017-04-04 22:26:06,0.5,7.3,4,22,Tuesday
247999,1,230.0,107.0,2.6,2017-04-06 22:28:46,2017-04-06 22:45:26,0.5,14.3,16,22,Thursday
281467,1,61.0,17.0,2.0,2017-04-06 22:40:00,2017-04-06 22:50:20,0.5,12.95,10,22,Thursday
480732,1,113.0,230.0,2.6,2017-04-05 22:03:07,2017-04-05 22:16:10,0.5,12.3,13,22,Wednesday
236617,2,132.0,139.0,6.01,2017-04-04 22:48:25,2017-04-04 23:00:58,0.5,19.8,12,22,Tuesday
769226,1,239.0,75.0,2.1,2017-04-04 22:43:27,2017-04-04 22:50:15,0.5,9.8,6,22,Tuesday
780618,2,132.0,148.0,18.86,2017-04-04 22:44:23,2017-04-04 23:25:08,0.0,58.56,40,22,Tuesday
67649,1,261.0,231.0,1.0,2017-04-05 22:20:04,2017-04-05 22:25:06,0.5,6.8,5,22,Wednesday
570926,2,107.0,77.0,11.84,2017-04-06 22:33:03,2017-04-06 23:20:32,0.5,53.5,47,22,Thursday
160915,1,263.0,151.0,2.2,2017-04-06 22:18:42,2017-04-06 22:30:24,0.5,14.15,11,22,Thursday
80416,1,79.0,164.0,1.4,2017-04-03 22:23:25,2017-04-03 22:32:02,0.5,12.05,8,22,Monday
757465,1,264.0,264.0,0.4,2017-04-06 22:59:20,2017-04-06 23:01:56,0.5,6.3,2,22,Thursday
516343,2,142.0,41.0,3.28,2017-04-06 22:51:11,2017-04-06 23:02:41,0.5,16.0,11,22,Thursday
120797,1,113.0,237.0,3.9,2017-04-04 22:36:00,2017-04-04 22:58:53,0.5,21.05,22,22,Tuesday
748277,1,107.0,170.0,0.5,2017-04-04 22:22:39,2017-04-04 22:26:22,0.5,6.95,3,22,Tuesday
531735,2,186.0,161.0,1.48,2017-04-04 22:34:28,2017-04-04 22:43:06,0.5,11.16,8,22,Tuesday
354068,2,230.0,163.0,1.33,2017-04-06 22:36:46,2017-04-06 22:45:02,0.5,9.8,8,22,Thursday
780024,2,79.0,79.0,0.56,2017-04-04 22:26:32,2017-04-04 22:28:46,0.5,6.36,2,22,Tuesday
489914,2,164.0,87.0,4.8,2017-04-04 22:25:57,2017-04-04 22:47:00,0.5,19.8,21,22,Tuesday
277443,2,237.0,230.0,1.22,2017-04-05 22:19:23,2017-04-05 22:28:54,0.5,11.16,9,22,Wednesday
686754,1,234.0,90.0,0.4,2017-04-05 22:49:58,2017-04-05 22:50:56,0.5,5.8,0,22,Wednesday
783668,2,13.0,202.0,10.71,2017-04-03 22:26:47,2017-04-03 22:59:57,0.5,46.54,33,22,Monday
259126,2,79.0,249.0,1.08,2017-04-05 22:51:19,2017-04-05 22:59:45,0.5,9.96,8,22,Wednesday
877459,1,132.0,112.0,17.8,2017-04-06 22:59:02,2017-04-06 23:26:15,0.5,49.8,27,22,Thursday
984570,2,48.0,249.0,2.04,2017-04-03 22:47:43,2017-04-03 22:55:08,0.5,11.62,7,22,Monday
29640,2,13.0,41.0,8.48,2017-04-04 22:19:20,2017-04-04 22:49:12,0.5,37.25,29,22,Tuesday
1024196,1,161.0,190.0,9.0,2017-04-04 22:44:56,2017-04-04 23:22:24,0.5,39.35,37,22,Tuesday
630086,1,239.0,48.0,1.9,2017-04-03 22:12:15,2017-04-03 22:20:47,0.5,11.3,8,22,Monday
146472,2,161.0,90.0,1.55,2017-04-04 22:25:57,2017-04-04 22:36:06,0.5,12.36,10,22,Tuesday
141218,1,48.0,238.0,3.1,2017-04-06 22:53:04,2017-04-06 23:03:08,0.5,13.3,10,22,Thursday
304426,2,170.0,262.0,3.09,2017-04-05 22:11:03,2017-04-05 22:24:18,0.5,16.62,13,22,Wednesday
974497,1,164.0,239.0,3.2,2017-04-05 22:00:54,2017-04-05 22:18:19,0.5,15.3,17,22,Wednesday
530462,2,237.0,163.0,1.45,2017-04-04 22:08:18,2017-04-04 22:16:15,0.5,10.56,7,22,Tuesday
564147,2,48.0,43.0,1.73,2017-04-05 22:54:37,2017-04-05 23:01:13,0.5,9.8,6,22,Wednesday
915785,2,161.0,161.0,0.51,2017-04-05 22:17:23,2017-04-05 22:20:06,0.5,5.3,2,22,Wednesday
247669,2,142.0,226.0,4.37,2017-04-06 22:59:25,2017-04-06 23:36:19,0.5,32.89,36,22,Thursday
188999,1,264.0,231.0,3.0,2017-04-04 22:16:02,2017-04-04 22:34:32,0.5,17.75,18,22,Tuesday
428593,2,263.0,237.0,1.33,2017-04-03 22:32:04,2017-04-03 22:38:30,0.5,8.8,6,22,Monday
863578,1,225.0,198.0,1.4,2017-04-05 22:49:58,2017-04-05 22:58:57,0.5,11.6,8,22,Wednesday
888422,2,138.0,100.0,8.65,2017-04-03 22:16:12,2017-04-03 22:37:11,0.5,40.27,20,22,Monday
774820,1,138.0,97.0,12.3,2017-04-03 22:50:13,2017-04-03 23:37:24,0.5,54.95,47,22,Monday
40005,1,107.0,40.0,4.6,2017-04-05 22:06:57,2017-04-05 22:30:14,0.5,24.3,23,22,Wednesday
17723,2,230.0,239.0,2.2,2017-04-04 22:09:38,2017-04-04 22:19:05,0.5,10.3,9,22,Tuesday
13770,2,230.0,141.0,2.5,2017-04-06 22:02:07,2017-04-06 22:19:42,0.5,17.16,17,22,Thursday
129514,1,163.0,230.0,0.9,2017-04-04 22:59:58,2017-04-04 23:05:08,0.5,8.15,5,22,Tuesday
370340,2,79.0,100.0,2.73,2017-04-03 22:56:47,2017-04-03 23:10:38,0.5,12.8,13,22,Monday
173222,2,68.0,166.0,4.21,2017-04-03 22:12:26,2017-04-03 22:28:55,0.5,18.8,16,22,Monday
870238,1,138.0,79.0,9.9,2017-04-03 22:17:06,2017-04-03 22:37:25,0.5,44.45,20,22,Monday
290747,2,138.0,260.0,3.89,2017-04-04 22:34:41,2017-04-04 22:46:04,0.5,15.3,11,22,Tuesday
492113,2,113.0,50.0,2.97,2017-04-03 22:26:00,2017-04-03 22:38:55,0.5,12.8,12,22,Monday
538040,1,140.0,236.0,0.8,2017-04-04 22:20:15,2017-04-04 22:26:50,0.5,7.8,6,22,Tuesday
499032,2,148.0,33.0,2.95,2017-04-04 22:16:20,2017-04-04 22:29:29,0.5,15.36,13,22,Tuesday
203818,2,164.0,17.0,5.54,2017-04-04 22:33:06,2017-04-04 23:03:21,0.5,23.3,30,22,Tuesday
838675,2,223.0,141.0,8.18,2017-04-04 22:08:41,2017-04-04 22:21:14,0.5,36.07,12,22,Tuesday
357385,2,186.0,246.0,0.69,2017-04-03 22:59:56,2017-04-03 23:04:15,0.5,7.56,4,22,Monday
1007308,1,142.0,161.0,1.4,2017-04-03 22:17:17,2017-04-03 22:25:08,0.5,8.8,7,22,Monday
838810,2,162.0,186.0,1.43,2017-04-03 22:06:21,2017-04-03 22:14:34,0.5,10.56,8,22,Monday
404821,1,125.0,234.0,1.3,2017-04-06 22:26:37,2017-04-06 22:33:03,0.5,8.3,6,22,Thursday
425879,2,142.0,236.0,2.33,2017-04-05 22:52:06,2017-04-05 23:02:31,0.5,13.0,10,22,Wednesday
282416,1,90.0,165.0,11.0,2017-04-05 22:34:10,2017-04-05 23:13:47,0.5,44.75,39,22,Wednesday
469865,1,162.0,141.0,1.1,2017-04-03 22:02:29,2017-04-03 22:06:21,0.5,7.8,3,22,Monday
77800,2,170.0,148.0,2.66,2017-04-03 22:59:58,2017-04-03 23:14:10,0.5,15.96,14,22,Monday
226643,2,158.0,231.0,2.61,2017-04-06 22:52:47,2017-04-06 23:07:34,0.5,12.8,14,22,Thursday
269081,1,48.0,48.0,0.4,2017-04-05 22:04:14,2017-04-05 22:05:58,0.5,5.8,1,22,Wednesday
722653,2,68.0,68.0,0.99,2017-04-04 22:00:36,2017-04-04 22:03:42,0.5,7.3,3,22,Tuesday
955311,2,261.0,4.0,2.37,2017-04-05 22:07:03,2017-04-05 22:18:28,0.5,11.3,11,22,Wednesday
498668,1,90.0,257.0,7.9,2017-04-03 22:40:03,2017-04-03 23:01:18,0.5,38.46,21,22,Monday
224418,1,230.0,264.0,0.0,2017-04-04 22:47:17,2017-04-04 22:47:17,0.5,6.3,0,22,Tuesday
964465,1,161.0,239.0,2.0,2017-04-04 22:42:08,2017-04-04 22:51:11,0.5,10.3,9,22,Tuesday
56948,2,164.0,233.0,1.17,2017-04-06 22:33:55,2017-04-06 22:42:19,0.5,8.3,8,22,Thursday
914179,2,140.0,75.0,1.79,2017-04-03 22:18:31,2017-04-03 22:22:14,0.5,8.3,3,22,Monday
191133,2,161.0,229.0,1.45,2017-04-05 22:44:28,2017-04-05 22:53:27,0.5,12.09,8,22,Wednesday
274048,2,144.0,112.0,4.45,2017-04-06 22:18:29,2017-04-06 22:30:47,0.5,19.56,12,22,Thursday
160277,1,138.0,264.0,0.0,2017-04-04 22:07:53,2017-04-04 22:07:53,0.5,43.3,0,22,Tuesday
813263,1,100.0,238.0,2.3,2017-04-05 22:56:58,2017-04-05 23:08:31,0.5,14.75,11,22,Wednesday
865807,1,144.0,231.0,1.7,2017-04-03 22:19:24,2017-04-03 22:28:54,0.5,11.8,9,22,Monday
410162,2,114.0,68.0,1.66,2017-04-06 22:00:04,2017-04-06 22:09:48,0.5,8.8,9,22,Thursday
459758,1,161.0,48.0,1.1,2017-04-03 22:28:55,2017-04-03 22:37:38,0.5,10.8,8,22,Monday
775132,2,239.0,202.0,5.4,2017-04-06 22:34:33,2017-04-06 23:14:55,0.5,33.36,40,22,Thursday
1044262,2,164.0,137.0,1.07,2017-04-06 22:09:11,2017-04-06 22:18:18,0.5,11.0,9,22,Thursday
914759,2,162.0,255.0,5.65,2017-04-05 22:45:58,2017-04-05 23:13:11,0.5,26.76,27,22,Wednesday
430849,2,114.0,113.0,0.89,2017-04-04 22:15:49,2017-04-04 22:19:17,0.5,8.19,3,22,Tuesday
284705,1,263.0,229.0,2.1,2017-04-06 22:24:40,2017-04-06 22:36:20,0.5,14.65,11,22,Thursday
912464,2,166.0,263.0,2.86,2017-04-05 22:57:38,2017-04-05 23:08:44,0.5,14.1,11,22,Wednesday
627141,1,264.0,264.0,1.5,2017-04-03 22:12:17,2017-04-03 22:16:22,0.5,9.0,4,22,Monday
56621,1,148.0,90.0,3.2,2017-04-05 22:02:41,2017-04-05 22:24:47,0.5,16.8,22,22,Wednesday
128775,1,138.0,237.0,10.4,2017-04-06 22:55:23,2017-04-06 23:21:27,0.5,38.06,26,22,Thursday
728727,1,161.0,233.0,1.1,2017-04-04 22:31:45,2017-04-04 22:38:35,0.5,9.8,6,22,Tuesday
767854,1,151.0,114.0,7.7,2017-04-05 22:27:01,2017-04-05 22:54:05,0.5,32.75,27,22,Wednesday
287361,2,125.0,144.0,1.21,2017-04-03 22:43:33,2017-04-03 22:51:18,0.5,9.3,7,22,Monday
1020946,2,100.0,143.0,1.67,2017-04-05 22:44:42,2017-04-05 22:52:29,0.5,10.56,7,22,Wednesday
782261,2,230.0,107.0,2.29,2017-04-04 22:27:39,2017-04-04 22:37:51,0.5,10.8,10,22,Tuesday
196046,1,148.0,113.0,0.5,2017-04-03 22:29:24,2017-04-03 22:32:48,0.5,5.8,3,22,Monday
946199,2,170.0,263.0,2.94,2017-04-06 22:10:00,2017-04-06 22:25:32,0.5,15.96,15,22,Thursday
951908,1,230.0,142.0,0.7,2017-04-05 22:49:56,2017-04-05 22:55:25,0.5,8.15,5,22,Wednesday
945746,1,45.0,231.0,1.0,2017-04-03 22:14:31,2017-04-03 22:21:20,0.5,7.8,6,22,Monday
484643,1,100.0,143.0,2.2,2017-04-04 22:26:15,2017-04-04 22:38:17,0.5,12.3,12,22,Tuesday
756768,1,82.0,134.0,3.4,2017-04-04 22:57:46,2017-04-04 23:07:22,0.5,15.3,9,22,Tuesday
668871,2,186.0,255.0,6.92,2017-04-06 22:07:16,2017-04-06 22:38:50,0.5,37.06,31,22,Thursday
592887,2,186.0,232.0,3.07,2017-04-03 22:05:23,2017-04-03 22:17:14,0.5,15.96,11,22,Monday
78583,2,142.0,189.0,10.86,2017-04-06 22:18:57,2017-04-06 22:49:03,0.5,41.16,30,22,Thursday
487248,2,113.0,166.0,8.41,2017-04-04 22:49:30,2017-04-04 23:12:53,0.5,32.8,23,22,Tuesday
928894,1,236.0,75.0,0.7,2017-04-03 22:04:23,2017-04-03 22:06:22,0.5,6.95,1,22,Monday
993441,1,148.0,40.0,3.7,2017-04-03 22:49:51,2017-04-03 23:04:07,0.5,17.3,14,22,Monday
671303,2,231.0,79.0,1.9,2017-04-04 22:33:23,2017-04-04 22:44:27,0.5,13.5,11,22,Tuesday
434585,2,230.0,68.0,2.0,2017-04-05 22:28:12,2017-04-05 22:38:13,0.5,12.36,10,22,Wednesday
53444,1,48.0,100.0,0.8,2017-04-03 22:31:13,2017-04-03 22:36:00,0.5,6.3,4,22,Monday
762722,2,229.0,179.0,3.71,2017-04-05 22:01:41,2017-04-05 22:16:17,0.5,15.3,14,22,Wednesday
1018918,2,138.0,162.0,8.61,2017-04-04 22:59:52,2017-04-04 23:18:51,0.5,39.67,18,22,Tuesday
719827,2,132.0,13.0,20.82,2017-04-05 22:07:01,2017-04-05 22:46:54,0.0,63.36,39,22,Wednesday
795643,2,138.0,265.0,27.13,2017-04-03 22:02:40,2017-04-03 22:33:50,0.5,131.8,31,22,Monday
795246,1,137.0,186.0,1.2,2017-04-06 22:09:38,2017-04-06 22:19:18,0.5,13.5,9,22,Thursday
532424,2,249.0,234.0,2.48,2017-04-05 22:06:43,2017-04-05 22:21:29,0.5,12.8,14,22,Wednesday
726235,2,165.0,178.0,1.38,2017-04-03 22:32:17,2017-04-03 22:39:52,0.5,8.3,7,22,Monday
887233,1,230.0,79.0,2.8,2017-04-05 22:01:49,2017-04-05 22:19:20,0.5,14.3,17,22,Wednesday
455957,2,74.0,113.0,6.62,2017-04-03 22:33:53,2017-04-03 22:51:51,0.5,27.36,17,22,Monday
793397,2,230.0,163.0,0.86,2017-04-03 22:52:45,2017-04-03 22:58:06,0.5,6.8,5,22,Monday
624228,2,113.0,142.0,3.66,2017-04-03 22:16:14,2017-04-03 22:30:29,0.5,17.16,14,22,Monday
815638,1,163.0,43.0,1.8,2017-04-04 22:44:20,2017-04-04 22:52:17,0.5,11.3,7,22,Tuesday
823652,1,113.0,261.0,2.1,2017-04-03 22:59:20,2017-04-03 23:10:30,0.5,12.42,11,22,Monday
14048,1,90.0,158.0,0.7,2017-04-06 22:01:08,2017-04-06 22:05:00,0.5,7.85,3,22,Thursday
751501,2,164.0,170.0,1.19,2017-04-06 22:48:42,2017-04-06 22:56:56,0.5,8.3,8,22,Thursday
811564,2,79.0,137.0,0.94,2017-04-04 22:42:07,2017-04-04 22:46:21,0.5,8.16,4,22,Tuesday
78778,2,237.0,236.0,14.51,2017-04-04 22:45:04,2017-04-04 23:31:56,0.5,51.3,46,22,Tuesday
1016349,1,45.0,261.0,1.0,2017-04-03 22:26:42,2017-04-03 22:33:11,0.5,9.45,6,22,Monday
178273,1,170.0,158.0,2.6,2017-04-04 22:45:33,2017-04-04 22:57:09,0.5,14.16,11,22,Tuesday
245383,2,79.0,226.0,5.15,2017-04-03 22:20:31,2017-04-03 22:39:55,0.5,29.47,19,22,Monday
195462,2,79.0,148.0,0.87,2017-04-04 22:21:08,2017-04-04 22:27:03,0.5,7.3,5,22,Tuesday
61383,1,163.0,75.0,2.4,2017-04-03 22:15:27,2017-04-03 22:25:34,0.5,13.3,10,22,Monday
315136,1,262.0,263.0,0.5,2017-04-03 22:20:24,2017-04-03 22:23:06,0.5,5.3,2,22,Monday
942631,2,144.0,137.0,1.83,2017-04-03 22:04:33,2017-04-03 22:13:27,0.5,9.8,8,22,Monday
74894,1,234.0,140.0,3.7,2017-04-06 22:44:29,2017-04-06 23:00:18,0.5,18.95,15,22,Thursday
409192,1,236.0,140.0,1.3,2017-04-05 22:11:48,2017-04-05 22:19:18,0.5,10.55,7,22,Wednesday
1030897,2,170.0,237.0,1.77,2017-04-04 22:49:28,2017-04-04 22:58:16,0.5,10.8,8,22,Tuesday
94130,2,229.0,234.0,1.77,2017-04-05 22:28:58,2017-04-05 22:37:05,0.5,11.16,8,22,Wednesday
574132,1,87.0,79.0,3.7,2017-04-06 22:20:37,2017-04-06 22:33:37,0.5,18.5,13,22,Thursday
533552,2,236.0,140.0,1.43,2017-04-05 22:45:28,2017-04-05 22:49:57,0.5,7.3,4,22,Wednesday
4515,2,100.0,48.0,0.2,2017-04-03 22:37:20,2017-04-03 22:40:21,0.5,5.3,3,22,Monday
946778,2,234.0,158.0,1.97,2017-04-03 22:47:30,2017-04-03 22:58:00,0.5,10.3,10,22,Monday
349241,2,231.0,43.0,3.75,2017-04-06 22:41:35,2017-04-06 22:58:51,0.5,19.75,17,22,Thursday
962948,2,224.0,90.0,1.46,2017-04-04 22:54:11,2017-04-04 23:06:50,0.5,12.3,12,22,Tuesday
13684,2,249.0,48.0,2.65,2017-04-06 22:51:53,2017-04-06 23:06:10,0.5,14.3,14,22,Thursday
686163,1,239.0,151.0,1.8,2017-04-04 22:25:47,2017-04-04 22:33:33,0.5,12.05,7,22,Tuesday
836513,1,230.0,143.0,1.2,2017-04-04 22:17:41,2017-04-04 22:23:37,0.5,7.8,5,22,Tuesday
95404,2,162.0,263.0,1.9,2017-04-06 22:07:49,2017-04-06 22:15:27,0.5,11.16,7,22,Thursday
1013648,2,138.0,255.0,10.31,2017-04-04 22:51:32,2017-04-04 23:07:38,0.5,38.74,16,22,Tuesday
720258,2,231.0,186.0,2.41,2017-04-04 22:27:46,2017-04-04 22:37:46,0.5,11.8,10,22,Tuesday
1029823,1,234.0,186.0,0.7,2017-04-05 22:35:30,2017-04-05 22:39:22,0.5,7.55,3,22,Wednesday
637078,1,264.0,264.0,0.8,2017-04-06 22:48:29,2017-04-06 22:51:56,0.5,7.55,3,22,Thursday
1047947,1,186.0,262.0,3.8,2017-04-04 22:33:28,2017-04-04 22:50:59,0.5,19.3,17,22,Tuesday
964296,2,234.0,263.0,4.71,2017-04-04 22:05:29,2017-04-04 22:21:49,0.5,21.36,16,22,Tuesday
1035067,1,100.0,162.0,1.3,2017-04-06 22:46:17,2017-04-06 23:01:49,0.5,15.35,15,22,Thursday
393122,1,161.0,141.0,1.7,2017-04-05 22:17:00,2017-04-05 22:26:35,0.5,11.8,9,22,Wednesday
563895,2,100.0,230.0,0.52,2017-04-05 22:51:03,2017-04-05 22:54:13,0.5,7.0,3,22,Wednesday
785687,1,237.0,239.0,1.7,2017-04-04 22:39:18,2017-04-04 22:48:30,0.5,11.5,9,22,Tuesday
621918,2,234.0,234.0,0.59,2017-04-03 22:52:34,2017-04-03 22:55:47,0.5,5.3,3,22,Monday
158938,1,148.0,7.0,7.9,2017-04-04 22:27:59,2017-04-04 22:46:52,0.5,26.3,18,22,Tuesday
706296,2,249.0,230.0,1.62,2017-04-06 22:06:40,2017-04-06 22:24:40,0.5,12.3,18,22,Thursday
867167,2,90.0,4.0,1.76,2017-04-06 22:39:07,2017-04-06 22:49:23,0.5,10.3,10,22,Thursday
653359,2,230.0,231.0,4.71,2017-04-03 22:15:41,2017-04-03 22:35:01,0.5,24.12,19,22,Monday
820802,2,132.0,40.0,21.16,2017-04-06 22:32:15,2017-04-06 23:13:04,0.5,75.38,40,22,Thursday
712904,1,234.0,227.0,9.8,2017-04-05 22:14:19,2017-04-05 22:51:26,0.5,41.15,37,22,Wednesday
707355,1,230.0,249.0,2.3,2017-04-05 22:33:26,2017-04-05 22:44:56,0.5,13.0,11,22,Wednesday
890359,2,233.0,229.0,0.91,2017-04-03 22:18:22,2017-04-03 22:24:11,0.5,8.76,5,22,Monday
903808,2,237.0,113.0,4.85,2017-04-05 22:34:05,2017-04-05 23:01:33,0.5,26.62,27,22,Wednesday
636197,2,163.0,162.0,1.04,2017-04-04 22:20:44,2017-04-04 22:28:16,0.5,8.3,7,22,Tuesday
78724,2,234.0,87.0,5.12,2017-04-04 22:53:12,2017-04-04 23:15:38,0.5,23.0,22,22,Tuesday
621055,1,163.0,90.0,1.5,2017-04-06 22:27:51,2017-04-06 22:35:35,0.5,10.55,7,22,Thursday
938502,1,230.0,231.0,3.6,2017-04-04 22:07:42,2017-04-04 22:29:20,0.5,18.8,21,22,Tuesday
57863,2,234.0,79.0,1.19,2017-04-04 22:52:54,2017-04-04 22:59:04,0.5,8.8,6,22,Tuesday
47310,1,234.0,233.0,1.9,2017-04-03 22:38:06,2017-04-03 22:45:29,0.5,11.0,7,22,Monday
82690,1,68.0,90.0,1.1,2017-04-06 22:35:03,2017-04-06 22:40:22,0.5,9.1,5,22,Thursday
546198,2,144.0,61.0,4.87,2017-04-06 22:29:25,2017-04-06 22:48:54,0.5,22.56,19,22,Thursday
142600,2,230.0,137.0,1.78,2017-04-05 22:34:05,2017-04-05 22:44:03,0.5,12.36,9,22,Wednesday
529801,2,79.0,249.0,1.08,2017-04-06 22:47:05,2017-04-06 22:53:15,0.5,7.3,6,22,Thursday
227809,1,79.0,107.0,0.7,2017-04-06 22:31:27,2017-04-06 22:35:44,0.5,7.55,4,22,Thursday
533408,2,186.0,181.0,9.65,2017-04-03 22:10:48,2017-04-03 22:36:38,0.5,46.32,25,22,Monday
470545,1,68.0,246.0,1.0,2017-04-04 22:33:22,2017-04-04 22:40:16,0.5,9.8,6,22,Tuesday
559671,1,164.0,162.0,1.1,2017-04-03 22:08:39,2017-04-03 22:14:55,0.5,7.3,6,22,Monday
172831,1,68.0,89.0,9.8,2017-04-05 22:22:04,2017-04-05 22:52:40,0.5,37.55,30,22,Wednesday
603523,1,231.0,90.0,1.9,2017-04-06 22:28:00,2017-04-06 22:35:32,0.5,11.15,7,22,Thursday
713795,2,107.0,170.0,0.62,2017-04-04 22:55:28,2017-04-04 22:58:49,0.5,5.8,3,22,Tuesday
454288,2,49.0,65.0,1.51,2017-04-06 22:44:48,2017-04-06 22:52:51,0.5,8.8,8,22,Thursday
999930,2,163.0,143.0,0.94,2017-04-03 22:38:38,2017-04-03 22:44:22,0.5,8.03,5,22,Monday
704525,2,90.0,137.0,1.09,2017-04-04 22:54:25,2017-04-04 22:59:05,0.5,6.8,4,22,Tuesday
350046,1,162.0,48.0,1.1,2017-04-05 22:04:46,2017-04-05 22:14:05,0.5,10.55,9,22,Wednesday
722008,1,234.0,186.0,1.0,2017-04-06 22:37:02,2017-04-06 22:46:31,0.5,8.8,9,22,Thursday
451036,2,138.0,148.0,9.42,2017-04-06 22:16:32,2017-04-06 22:43:25,0.5,37.56,26,22,Thursday
677026,2,262.0,7.0,5.23,2017-04-05 22:33:31,2017-04-05 22:43:37,0.5,23.06,10,22,Wednesday
919362,1,211.0,237.0,4.4,2017-04-04 22:05:45,2017-04-04 22:25:03,0.5,17.8,19,22,Tuesday
794315,1,25.0,54.0,0.8,2017-04-04 22:16:03,2017-04-04 22:19:46,0.5,6.3,3,22,Tuesday
981307,2,230.0,234.0,1.46,2017-04-04 22:31:27,2017-04-04 22:41:04,0.5,8.8,9,22,Tuesday
298480,2,249.0,211.0,1.37,2017-04-06 22:44:50,2017-04-06 22:51:06,0.5,9.36,6,22,Thursday
380144,2,170.0,151.0,4.39,2017-04-06 22:09:11,2017-04-06 22:28:34,0.5,21.96,19,22,Thursday
320228,2,170.0,186.0,3.77,2017-04-06 22:05:59,2017-04-06 22:32:48,0.5,20.54,26,22,Thursday
478663,1,50.0,143.0,1.4,2017-04-03 22:13:16,2017-04-03 22:21:15,0.5,10.3,7,22,Monday
729981,1,230.0,43.0,1.4,2017-04-03 22:02:14,2017-04-03 22:08:38,0.5,8.3,6,22,Monday
694659,2,142.0,239.0,1.37,2017-04-03 22:52:56,2017-04-03 23:00:11,0.5,8.3,7,22,Monday
621931,1,231.0,13.0,0.5,2017-04-04 22:56:32,2017-04-04 23:00:38,0.5,6.8,4,22,Tuesday
996734,2,68.0,231.0,3.1,2017-04-06 22:21:20,2017-04-06 22:37:14,0.5,17.3,15,22,Thursday
100153,2,113.0,50.0,2.77,2017-04-05 22:00:04,2017-04-05 22:12:18,0.5,13.3,12,22,Wednesday
469642,1,45.0,88.0,0.7,2017-04-05 22:54:38,2017-04-05 22:57:48,0.5,5.8,3,22,Wednesday
157262,2,140.0,140.0,0.15,2017-04-05 22:41:42,2017-04-05 22:42:55,0.5,4.3,1,22,Wednesday
968614,1,48.0,238.0,2.3,2017-04-04 22:45:31,2017-04-04 22:54:46,0.5,12.95,9,22,Tuesday
223875,2,161.0,239.0,2.53,2017-04-06 22:11:33,2017-04-06 22:20:58,0.5,13.3,9,22,Thursday
195316,2,233.0,48.0,1.77,2017-04-06 22:33:51,2017-04-06 22:46:01,0.5,12.36,12,22,Thursday
729725,1,256.0,61.0,3.5,2017-04-05 22:56:51,2017-04-05 23:16:24,0.5,21.0,19,22,Wednesday
676567,1,224.0,79.0,0.4,2017-04-06 22:06:55,2017-04-06 22:10:37,0.5,5.81,3,22,Thursday
300930,1,138.0,4.0,10.6,2017-04-04 22:12:47,2017-04-04 22:35:12,0.5,39.35,22,22,Tuesday
962774,1,132.0,139.0,7.1,2017-04-05 22:31:51,2017-04-05 22:45:25,0.5,22.3,13,22,Wednesday
653548,1,48.0,164.0,2.4,2017-04-04 22:05:46,2017-04-04 22:23:28,0.5,16.55,17,22,Tuesday
582239,2,142.0,68.0,1.42,2017-04-04 22:43:54,2017-04-04 22:51:25,0.5,10.38,7,22,Tuesday
119366,2,237.0,262.0,0.75,2017-04-05 22:15:15,2017-04-05 22:18:52,0.5,7.3,3,22,Wednesday
588323,1,161.0,170.0,1.0,2017-04-06 22:33:36,2017-04-06 22:42:55,0.5,8.8,9,22,Thursday
27365,2,162.0,163.0,0.96,2017-04-03 22:46:32,2017-04-03 22:53:05,0.5,8.76,6,22,Monday
971938,1,141.0,42.0,4.6,2017-04-03 22:07:42,2017-04-03 22:23:27,0.5,19.55,15,22,Monday
659498,2,161.0,164.0,0.68,2017-04-04 22:53:18,2017-04-04 22:56:30,0.5,5.8,3,22,Tuesday
316482,2,107.0,13.0,5.3,2017-04-04 22:03:52,2017-04-04 22:18:27,0.5,22.56,14,22,Tuesday
748955,1,229.0,263.0,1.8,2017-04-04 22:51:03,2017-04-04 22:58:18,0.5,11.4,7,22,Tuesday
66712,2,142.0,163.0,0.88,2017-04-03 22:00:39,2017-04-03 22:05:00,0.5,7.56,4,22,Monday
186149,1,68.0,249.0,0.4,2017-04-06 22:02:34,2017-04-06 22:04:53,0.5,5.85,2,22,Thursday
806856,2,107.0,162.0,1.62,2017-04-05 22:02:51,2017-04-05 22:13:03,0.5,12.36,10,22,Wednesday
783685,1,66.0,152.0,11.0,2017-04-04 22:31:31,2017-04-04 22:59:34,0.5,40.55,28,22,Tuesday
669756,2,88.0,211.0,1.94,2017-04-04 22:29:44,2017-04-04 22:41:18,0.5,13.5,11,22,Tuesday
466167,2,186.0,238.0,3.12,2017-04-03 22:03:33,2017-04-03 22:19:10,0.5,20.8,15,22,Monday
636053,2,100.0,186.0,0.21,2017-04-05 22:12:29,2017-04-05 22:13:15,0.5,4.3,0,22,Wednesday
795354,2,144.0,186.0,2.56,2017-04-03 22:21:34,2017-04-03 22:32:30,0.5,11.8,10,22,Monday
727316,2,170.0,141.0,2.42,2017-04-06 22:25:16,2017-04-06 22:38:05,0.5,14.14,12,22,Thursday
134350,2,261.0,263.0,7.54,2017-04-06 22:34:23,2017-04-06 22:52:36,0.5,24.3,18,22,Thursday
693150,1,234.0,79.0,0.7,2017-04-05 22:35:01,2017-04-05 22:40:26,0.5,6.8,5,22,Wednesday
734813,2,186.0,48.0,1.66,2017-04-05 22:21:39,2017-04-05 22:29:44,0.5,10.56,8,22,Wednesday
364708,1,79.0,224.0,0.5,2017-04-03 22:31:09,2017-04-03 22:32:25,0.5,5.8,1,22,Monday
217793,1,142.0,161.0,1.9,2017-04-04 22:57:21,2017-04-04 23:06:58,0.5,10.3,9,22,Tuesday
872358,2,249.0,50.0,1.76,2017-04-03 23:27:58,2017-04-03 23:36:01,0.5,9.3,8,23,Monday
30048,1,231.0,13.0,1.0,2017-04-05 23:39:38,2017-04-05 23:45:12,0.5,8.3,5,23,Wednesday
704785,1,233.0,247.0,6.5,2017-04-05 23:06:06,2017-04-05 23:21:23,0.5,20.8,15,23,Wednesday
153910,2,229.0,233.0,0.59,2017-04-03 23:16:07,2017-04-03 23:18:34,0.5,5.3,2,23,Monday
779724,2,230.0,48.0,1.11,2017-04-05 23:11:51,2017-04-05 23:19:15,0.5,9.96,7,23,Wednesday
970943,1,162.0,140.0,2.1,2017-04-06 23:22:41,2017-04-06 23:31:38,0.5,12.35,8,23,Thursday
368094,1,148.0,164.0,2.4,2017-04-05 23:16:50,2017-04-05 23:30:52,0.5,12.8,14,23,Wednesday
226856,1,113.0,148.0,1.4,2017-04-03 23:21:11,2017-04-03 23:27:31,0.5,7.8,6,23,Monday
889777,2,158.0,87.0,2.16,2017-04-04 23:34:53,2017-04-04 23:45:54,0.5,12.96,11,23,Tuesday
1019718,2,137.0,87.0,4.25,2017-04-06 23:55:33,2017-04-07 00:09:12,0.5,16.3,13,23,Thursday
13661,2,132.0,234.0,17.39,2017-04-05 23:01:24,2017-04-05 23:25:52,0.0,70.27,24,23,Wednesday
644576,2,144.0,256.0,2.2,2017-04-04 23:38:25,2017-04-04 23:44:55,0.5,10.3,6,23,Tuesday
121920,2,132.0,263.0,19.23,2017-04-06 23:16:05,2017-04-06 23:56:21,0.0,68.56,40,23,Thursday
769057,1,132.0,188.0,11.7,2017-04-06 23:25:09,2017-04-06 23:56:18,0.5,37.3,31,23,Thursday
577348,2,100.0,43.0,3.12,2017-04-06 23:06:51,2017-04-06 23:21:46,0.5,16.3,14,23,Thursday
209475,1,48.0,113.0,2.3,2017-04-05 23:06:15,2017-04-05 23:17:56,0.5,14.15,11,23,Wednesday
953070,2,113.0,48.0,3.64,2017-04-03 23:35:49,2017-04-03 23:54:14,0.5,16.3,18,23,Monday
274753,2,234.0,107.0,0.66,2017-04-05 23:30:22,2017-04-05 23:36:02,0.5,8.16,5,23,Wednesday
591294,2,237.0,43.0,1.3,2017-04-05 23:06:26,2017-04-05 23:09:20,0.5,6.8,2,23,Wednesday
183027,2,79.0,230.0,2.75,2017-04-06 23:13:57,2017-04-06 23:27:08,0.5,13.8,13,23,Thursday
199771,1,148.0,170.0,2.0,2017-04-04 23:38:38,2017-04-04 23:53:24,0.5,14.3,14,23,Tuesday
305837,1,79.0,90.0,1.9,2017-04-06 23:42:36,2017-04-06 23:54:55,0.5,12.3,12,23,Thursday
922049,2,265.0,265.0,0.0,2017-04-03 23:39:56,2017-04-03 23:40:44,0.0,74.3,0,23,Monday
880971,2,231.0,100.0,3.12,2017-04-06 23:53:57,2017-04-07 00:06:54,0.5,13.3,12,23,Thursday
670510,2,141.0,163.0,1.59,2017-04-05 23:14:24,2017-04-05 23:21:57,0.5,8.8,7,23,Wednesday
161370,1,107.0,141.0,2.6,2017-04-06 23:10:28,2017-04-06 23:22:10,0.5,13.3,11,23,Thursday
697488,2,264.0,193.0,0.0,2017-04-06 23:34:57,2017-04-06 23:35:02,0.5,3.8,0,23,Thursday
929990,2,68.0,239.0,2.84,2017-04-04 23:20:50,2017-04-04 23:31:19,0.5,14.76,10,23,Tuesday
528087,2,237.0,237.0,1.12,2017-04-06 23:12:42,2017-04-06 23:17:14,0.5,6.8,4,23,Thursday
334999,1,158.0,170.0,2.3,2017-04-04 23:29:43,2017-04-04 23:42:16,0.5,14.16,12,23,Tuesday
864939,1,145.0,223.0,3.1,2017-04-06 23:09:29,2017-04-06 23:23:27,0.5,17.85,13,23,Thursday
13615,1,230.0,163.0,1.3,2017-04-04 23:01:04,2017-04-04 23:12:09,0.5,11.75,11,23,Tuesday
780269,1,164.0,25.0,6.7,2017-04-06 23:54:05,2017-04-07 00:17:57,0.5,30.35,23,23,Thursday
701607,1,107.0,232.0,2.4,2017-04-04 23:36:23,2017-04-04 23:45:14,0.5,13.55,8,23,Tuesday
170896,2,142.0,238.0,1.91,2017-04-03 23:21:09,2017-04-03 23:29:28,0.5,12.25,8,23,Monday
561612,1,237.0,162.0,0.8,2017-04-04 23:22:25,2017-04-04 23:27:40,0.5,6.8,5,23,Tuesday
665922,2,234.0,260.0,7.02,2017-04-05 23:32:31,2017-04-05 23:59:57,0.5,32.06,27,23,Wednesday
162558,2,68.0,88.0,3.2,2017-04-03 23:10:11,2017-04-03 23:23:42,0.5,13.3,13,23,Monday
288502,1,50.0,230.0,1.5,2017-04-03 23:43:59,2017-04-03 23:56:54,0.5,11.3,12,23,Monday
311875,2,48.0,244.0,7.4,2017-04-06 23:14:07,2017-04-06 23:34:39,0.5,30.36,20,23,Thursday
552602,1,233.0,263.0,2.2,2017-04-05 23:29:06,2017-04-05 23:36:40,0.5,9.8,7,23,Wednesday
125497,1,230.0,243.0,7.8,2017-04-04 23:01:51,2017-04-04 23:19:00,0.5,30.35,17,23,Tuesday
1039754,1,151.0,263.0,2.7,2017-04-05 23:50:23,2017-04-06 00:08:21,0.5,18.35,17,23,Wednesday
315643,2,142.0,164.0,2.65,2017-04-03 23:25:33,2017-04-03 23:38:16,0.5,14.76,12,23,Monday
544354,2,132.0,35.0,10.03,2017-04-05 23:28:28,2017-04-05 23:50:08,0.5,39.12,21,23,Wednesday
410450,1,161.0,107.0,1.2,2017-04-04 23:47:50,2017-04-04 23:52:28,0.5,8.75,4,23,Tuesday
426965,1,151.0,74.0,2.6,2017-04-06 23:01:01,2017-04-06 23:14:39,0.5,15.95,13,23,Thursday
130418,1,148.0,7.0,8.9,2017-04-06 23:59:15,2017-04-07 00:18:57,0.5,30.8,19,23,Thursday
759290,2,231.0,155.0,10.01,2017-04-05 23:39:48,2017-04-06 00:19:31,0.5,34.3,39,23,Wednesday
621364,2,170.0,229.0,0.87,2017-04-05 23:19:47,2017-04-05 23:25:34,0.5,7.3,5,23,Wednesday
915808,2,234.0,50.0,1.7,2017-04-04 23:44:37,2017-04-04 23:52:25,0.5,10.56,7,23,Tuesday
461787,2,79.0,82.0,7.87,2017-04-03 23:04:50,2017-04-03 23:32:53,0.5,31.3,28,23,Monday
976463,1,68.0,137.0,1.4,2017-04-04 23:18:47,2017-04-04 23:27:46,0.5,9.3,8,23,Tuesday
21072,2,107.0,230.0,1.76,2017-04-05 23:07:08,2017-04-05 23:17:00,0.5,9.8,9,23,Wednesday
900078,2,24.0,238.0,1.17,2017-04-04 23:14:00,2017-04-04 23:19:30,0.5,7.8,5,23,Tuesday
144146,2,87.0,69.0,11.64,2017-04-04 23:49:59,2017-04-05 00:14:20,0.5,34.3,24,23,Tuesday
896959,1,239.0,41.0,3.9,2017-04-03 23:48:30,2017-04-03 23:59:02,0.5,17.15,10,23,Monday
77107,2,164.0,68.0,1.1,2017-04-05 23:10:31,2017-04-05 23:17:44,0.5,9.36,7,23,Wednesday
14577,1,223.0,223.0,0.8,2017-04-05 23:45:24,2017-04-05 23:49:29,0.5,6.3,4,23,Wednesday
244712,2,138.0,170.0,8.49,2017-04-04 23:17:05,2017-04-04 23:35:08,0.5,37.56,18,23,Tuesday
119979,1,142.0,262.0,2.6,2017-04-05 23:01:03,2017-04-05 23:12:45,0.5,13.8,11,23,Wednesday
846882,2,164.0,236.0,2.79,2017-04-05 23:35:16,2017-04-05 23:46:45,0.5,14.76,11,23,Wednesday
860815,2,162.0,95.0,14.63,2017-04-06 23:14:11,2017-04-06 23:42:49,0.5,63.13,28,23,Thursday
62448,1,162.0,246.0,2.8,2017-04-03 23:19:14,2017-04-03 23:33:54,0.5,15.95,14,23,Monday
925365,2,233.0,229.0,1.24,2017-04-04 23:54:03,2017-04-04 23:57:21,0.5,8.16,3,23,Tuesday
95172,2,170.0,142.0,3.11,2017-04-04 23:47:54,2017-04-05 00:01:14,0.5,17.25,13,23,Tuesday
987562,2,234.0,144.0,2.15,2017-04-03 23:18:58,2017-04-03 23:29:05,0.5,10.3,10,23,Monday
472748,1,114.0,21.0,15.6,2017-04-06 23:11:38,2017-04-06 23:49:55,0.5,48.3,38,23,Thursday
58426,1,211.0,170.0,2.3,2017-04-06 23:49:06,2017-04-06 23:59:30,0.5,10.8,10,23,Thursday
974079,1,186.0,112.0,6.5,2017-04-03 23:29:38,2017-04-03 23:58:18,0.5,24.3,28,23,Monday
580338,1,162.0,249.0,2.8,2017-04-04 23:11:46,2017-04-04 23:27:43,0.5,13.8,15,23,Tuesday
1000217,1,229.0,186.0,2.0,2017-04-03 23:31:55,2017-04-03 23:41:42,0.5,10.3,9,23,Monday
354112,2,262.0,236.0,0.73,2017-04-03 23:33:26,2017-04-03 23:39:04,0.5,7.8,5,23,Monday
526843,2,231.0,112.0,4.41,2017-04-05 23:47:59,2017-04-06 00:04:27,0.5,21.36,16,23,Wednesday
354929,2,186.0,114.0,1.59,2017-04-06 23:31:37,2017-04-06 23:40:40,0.5,9.3,9,23,Thursday
2397,2,48.0,186.0,1.25,2017-04-05 23:35:11,2017-04-05 23:38:25,0.5,8.16,3,23,Wednesday
742177,2,231.0,79.0,1.83,2017-04-06 23:04:08,2017-04-06 23:14:32,0.5,11.76,10,23,Thursday
723262,2,164.0,170.0,0.66,2017-04-04 23:20:37,2017-04-04 23:24:18,0.5,5.8,3,23,Tuesday
1031174,2,138.0,40.0,12.26,2017-04-06 23:09:08,2017-04-06 23:33:11,0.5,39.93,24,23,Thursday
227279,1,88.0,114.0,2.3,2017-04-05 23:38:31,2017-04-05 23:48:55,0.5,13.55,10,23,Wednesday
791859,1,164.0,148.0,2.9,2017-04-04 23:21:51,2017-04-04 23:35:56,0.5,15.95,14,23,Tuesday
63025,1,264.0,95.0,8.5,2017-04-05 23:45:06,2017-04-06 00:11:32,0.5,39.56,26,23,Wednesday
444913,1,107.0,249.0,1.5,2017-04-06 23:40:07,2017-04-06 23:49:46,0.5,11.15,9,23,Thursday
675017,2,233.0,234.0,1.23,2017-04-03 23:47:46,2017-04-03 23:54:40,0.5,9.36,6,23,Monday
902692,2,211.0,79.0,0.66,2017-04-04 23:57:17,2017-04-05 00:02:41,0.5,8.16,5,23,Tuesday
183066,1,68.0,146.0,5.2,2017-04-05 23:42:14,2017-04-06 00:24:37,0.5,30.8,42,23,Wednesday
386559,1,148.0,158.0,2.4,2017-04-05 23:33:30,2017-04-05 23:43:21,0.5,14.3,9,23,Wednesday
55038,1,249.0,256.0,5.4,2017-04-03 23:46:13,2017-04-04 00:12:42,0.5,27.35,26,23,Monday
228902,1,163.0,143.0,0.8,2017-04-05 23:45:24,2017-04-05 23:50:08,0.5,8.3,4,23,Wednesday
378889,1,162.0,186.0,1.3,2017-04-06 23:43:28,2017-04-06 23:48:43,0.5,7.8,5,23,Thursday
909359,1,238.0,151.0,0.7,2017-04-05 23:14:56,2017-04-05 23:18:08,0.5,5.8,3,23,Wednesday
520086,2,68.0,164.0,1.84,2017-04-03 23:21:44,2017-04-03 23:29:36,0.5,11.16,7,23,Monday
340978,1,186.0,249.0,1.1,2017-04-05 23:01:36,2017-04-05 23:07:58,0.5,8.8,6,23,Wednesday
137001,2,127.0,127.0,0.32,2017-04-06 23:57:58,2017-04-06 23:59:06,0.5,4.3,1,23,Thursday
690700,2,132.0,161.0,17.88,2017-04-03 23:38:20,2017-04-04 00:10:43,0.0,63.56,32,23,Monday
958504,2,114.0,25.0,4.39,2017-04-03 23:08:21,2017-04-03 23:25:56,0.5,17.3,17,23,Monday
301430,2,231.0,100.0,3.35,2017-04-06 23:26:44,2017-04-06 23:39:08,0.5,13.8,12,23,Thursday
35545,1,164.0,48.0,0.6,2017-04-05 23:48:23,2017-04-05 23:51:58,0.5,6.95,3,23,Wednesday
149698,2,237.0,262.0,1.85,2017-04-03 23:57:26,2017-04-04 00:05:56,0.5,11.76,8,23,Monday
418171,2,114.0,112.0,3.91,2017-04-03 23:41:54,2017-04-03 23:53:38,0.5,17.76,11,23,Monday
835131,1,231.0,88.0,1.0,2017-04-03 23:47:55,2017-04-03 23:53:11,0.5,8.75,5,23,Monday
581175,2,138.0,17.0,8.79,2017-04-05 23:48:51,2017-04-06 00:07:00,0.5,27.3,18,23,Wednesday
342710,1,229.0,100.0,1.0,2017-04-05 23:12:15,2017-04-05 23:19:16,0.5,9.35,7,23,Wednesday
266247,2,164.0,162.0,0.63,2017-04-06 23:21:56,2017-04-06 23:24:36,0.5,7.6,2,23,Thursday
848339,1,113.0,158.0,0.6,2017-04-03 23:36:01,2017-04-03 23:42:09,0.5,8.15,6,23,Monday
792882,1,141.0,162.0,1.1,2017-04-04 23:49:44,2017-04-05 00:01:57,0.5,11.3,12,23,Tuesday
201909,1,141.0,262.0,0.8,2017-04-04 23:09:22,2017-04-04 23:11:28,0.5,6.67,2,23,Tuesday
480759,1,234.0,66.0,4.0,2017-04-04 23:24:51,2017-04-04 23:46:13,0.5,16.8,21,23,Tuesday
243398,2,161.0,170.0,1.07,2017-04-04 23:20:53,2017-04-04 23:27:17,0.5,9.36,6,23,Tuesday
783466,2,162.0,260.0,3.91,2017-04-04 23:13:03,2017-04-04 23:28:25,0.5,15.8,15,23,Tuesday
525302,1,237.0,41.0,2.9,2017-04-05 23:03:56,2017-04-05 23:14:17,0.5,14.15,10,23,Wednesday
531479,1,144.0,79.0,0.7,2017-04-05 23:31:16,2017-04-05 23:35:53,0.5,7.55,4,23,Wednesday
306916,2,224.0,232.0,1.71,2017-04-06 23:37:47,2017-04-06 23:47:09,0.5,9.8,9,23,Thursday
378362,2,163.0,255.0,7.45,2017-04-06 23:00:33,2017-04-06 23:34:27,0.5,28.8,33,23,Thursday
437871,1,264.0,264.0,3.8,2017-04-06 23:49:31,2017-04-07 00:04:52,0.5,18.95,15,23,Thursday
512590,2,68.0,142.0,3.76,2017-04-05 23:17:29,2017-04-05 23:41:58,0.5,23.16,24,23,Wednesday
902578,1,68.0,164.0,1.7,2017-04-06 23:41:48,2017-04-06 23:53:53,0.5,12.95,12,23,Thursday
728964,1,161.0,186.0,1.3,2017-04-03 23:33:08,2017-04-03 23:40:20,0.5,8.3,7,23,Monday
723118,1,132.0,54.0,20.5,2017-04-04 23:59:36,2017-04-05 00:28:54,0.5,66.95,29,23,Tuesday
958235,2,107.0,55.0,15.31,2017-04-03 23:26:41,2017-04-03 23:56:34,0.5,61.95,29,23,Monday
117860,1,249.0,79.0,1.2,2017-04-04 23:08:43,2017-04-04 23:18:51,0.5,11.75,10,23,Tuesday
478878,1,263.0,260.0,4.6,2017-04-06 23:24:48,2017-04-06 23:51:32,0.5,21.3,26,23,Thursday
937524,2,230.0,229.0,1.9,2017-04-04 23:04:42,2017-04-04 23:18:51,0.5,12.3,14,23,Tuesday
581387,2,230.0,238.0,2.56,2017-04-06 23:14:58,2017-04-06 23:29:01,0.5,15.96,14,23,Thursday
486473,2,237.0,236.0,0.78,2017-04-05 23:49:29,2017-04-05 23:52:05,0.5,5.8,2,23,Wednesday
423843,1,138.0,141.0,7.9,2017-04-06 23:20:49,2017-04-06 23:52:41,0.5,42.66,31,23,Thursday
48276,1,237.0,239.0,1.9,2017-04-06 23:23:12,2017-04-06 23:32:47,0.5,10.3,9,23,Thursday
525233,2,232.0,232.0,2.46,2017-04-06 23:24:41,2017-04-06 23:41:59,0.5,14.3,17,23,Thursday
920034,1,142.0,238.0,1.4,2017-04-05 23:10:02,2017-04-05 23:16:09,0.5,7.8,6,23,Wednesday
358220,1,162.0,146.0,3.0,2017-04-05 23:07:41,2017-04-05 23:31:09,0.5,18.55,23,23,Wednesday
329036,1,143.0,143.0,0.8,2017-04-06 23:35:49,2017-04-06 23:42:48,0.5,8.8,6,23,Thursday
547876,2,142.0,164.0,2.69,2017-04-06 23:59:15,2017-04-07 00:10:14,0.5,13.8,10,23,Thursday
64132,1,142.0,36.0,9.7,2017-04-06 23:08:23,2017-04-06 23:54:44,0.5,48.45,46,23,Thursday
51460,1,148.0,113.0,0.9,2017-04-06 23:50:17,2017-04-06 23:57:18,0.5,8.75,7,23,Thursday
531616,2,132.0,181.0,24.94,2017-04-06 23:57:42,2017-04-07 00:26:29,0.5,80.16,28,23,Thursday
638614,2,132.0,79.0,18.26,2017-04-04 23:33:52,2017-04-05 00:02:57,0.5,55.33,29,23,Tuesday
847010,1,158.0,13.0,1.6,2017-04-05 23:02:16,2017-04-05 23:08:20,0.5,9.96,6,23,Wednesday
227819,1,41.0,238.0,1.8,2017-04-05 23:11:11,2017-04-05 23:17:16,0.5,10.75,6,23,Wednesday
294498,1,144.0,45.0,0.8,2017-04-06 23:41:03,2017-04-06 23:48:36,0.5,7.8,7,23,Thursday
266261,2,125.0,164.0,1.99,2017-04-05 23:56:25,2017-04-06 00:06:34,0.5,10.3,10,23,Wednesday
210962,2,132.0,95.0,7.91,2017-04-06 23:54:09,2017-04-07 00:10:26,0.5,29.76,16,23,Thursday
304842,1,161.0,230.0,0.8,2017-04-05 23:04:33,2017-04-05 23:10:46,0.5,8.03,6,23,Wednesday
55705,1,230.0,48.0,0.8,2017-04-06 23:00:51,2017-04-06 23:08:49,0.5,8.8,7,23,Thursday
790469,1,164.0,144.0,2.3,2017-04-05 23:16:48,2017-04-05 23:29:54,0.5,14.15,13,23,Wednesday
499873,1,158.0,229.0,3.5,2017-04-05 23:01:27,2017-04-05 23:19:48,0.5,19.55,18,23,Wednesday
265649,1,230.0,229.0,1.6,2017-04-05 23:54:41,2017-04-06 00:05:21,0.5,11.75,10,23,Wednesday
40821,1,230.0,239.0,1.8,2017-04-06 23:06:16,2017-04-06 23:14:02,0.5,11.15,7,23,Thursday
1013722,2,142.0,43.0,2.05,2017-04-05 23:08:52,2017-04-05 23:17:36,0.5,12.96,8,23,Wednesday
206751,2,45.0,188.0,5.22,2017-04-06 23:23:27,2017-04-06 23:42:59,0.5,26.39,19,23,Thursday
909477,2,230.0,188.0,10.62,2017-04-05 23:07:00,2017-04-05 23:47:22,0.5,36.3,40,23,Wednesday
620735,1,170.0,112.0,4.0,2017-04-06 23:54:13,2017-04-07 00:13:54,0.5,27.06,19,23,Thursday
74589,2,264.0,264.0,8.12,2017-04-06 23:23:19,2017-04-06 23:40:27,0.5,30.36,17,23,Thursday
347057,1,142.0,238.0,2.1,2017-04-04 23:02:32,2017-04-04 23:11:12,0.5,12.35,8,23,Tuesday
12422,1,230.0,43.0,0.7,2017-04-04 23:10:28,2017-04-04 23:14:54,0.5,7.55,4,23,Tuesday
63048,1,90.0,90.0,0.8,2017-04-03 23:08:30,2017-04-03 23:12:33,0.5,7.55,4,23,Monday
997995,2,142.0,229.0,1.85,2017-04-06 23:11:15,2017-04-06 23:24:20,0.5,14.75,13,23,Thursday
69171,1,68.0,113.0,1.6,2017-04-03 23:41:48,2017-04-03 23:52:09,0.5,12.85,10,23,Monday
862475,2,229.0,48.0,2.08,2017-04-05 23:07:11,2017-04-05 23:20:17,0.5,15.99,13,23,Wednesday
477715,1,113.0,33.0,4.3,2017-04-03 23:38:40,2017-04-03 23:56:44,0.5,20.15,18,23,Monday
821328,1,162.0,230.0,1.6,2017-04-04 23:15:46,2017-04-04 23:27:40,0.5,10.8,11,23,Tuesday
358933,2,186.0,238.0,3.09,2017-04-04 23:50:12,2017-04-05 00:04:31,0.5,13.8,14,23,Tuesday
890891,2,230.0,229.0,1.21,2017-04-05 23:35:53,2017-04-05 23:45:23,0.5,8.8,9,23,Wednesday
608804,1,164.0,230.0,0.9,2017-04-03 23:58:56,2017-04-04 00:03:43,0.5,8.15,4,23,Monday
773199,2,140.0,236.0,1.86,2017-04-03 23:04:19,2017-04-03 23:11:21,0.5,11.16,7,23,Monday
416753,1,137.0,137.0,0.4,2017-04-05 23:03:17,2017-04-05 23:05:52,0.5,6.35,2,23,Wednesday
811930,2,164.0,141.0,2.33,2017-04-03 23:51:15,2017-04-04 00:01:30,0.5,11.3,10,23,Monday
793581,2,68.0,220.0,10.9,2017-04-05 23:18:05,2017-04-05 23:43:55,0.5,44.33,25,23,Wednesday
871503,1,230.0,68.0,1.0,2017-04-03 23:33:04,2017-04-03 23:38:12,0.5,7.3,5,23,Monday
226515,2,148.0,62.0,4.46,2017-04-06 23:02:25,2017-04-06 23:22:26,0.5,21.96,20,23,Thursday
389989,2,161.0,189.0,6.08,2017-04-06 23:00:42,2017-04-06 23:27:06,0.5,24.3,26,23,Thursday
452725,1,262.0,262.0,5.2,2017-04-04 23:11:44,2017-04-04 23:11:45,0.5,51.0,0,23,Tuesday
1033969,1,237.0,141.0,0.5,2017-04-03 23:55:24,2017-04-04 00:00:33,0.5,6.3,5,23,Monday
138353,1,170.0,87.0,5.1,2017-04-05 23:25:00,2017-04-05 23:45:00,0.5,24.95,20,23,Wednesday
71257,2,79.0,100.0,2.27,2017-04-06 23:45:20,2017-04-06 23:58:49,0.5,12.3,13,23,Thursday
209992,1,48.0,163.0,0.7,2017-04-06 23:19:23,2017-04-06 23:21:40,0.5,6.35,2,23,Thursday
473017,2,141.0,164.0,1.8,2017-04-06 23:45:13,2017-04-06 23:52:03,0.5,10.56,6,23,Thursday
713050,1,230.0,161.0,0.7,2017-04-05 23:33:07,2017-04-05 23:40:42,0.5,7.8,7,23,Wednesday
667466,2,107.0,107.0,23.35,2017-04-06 23:07:24,2017-04-06 23:50:49,0.5,90.08,43,23,Thursday
113860,1,237.0,141.0,1.2,2017-04-05 23:15:58,2017-04-05 23:24:43,0.5,10.55,8,23,Wednesday
6774,1,48.0,209.0,4.6,2017-04-05 23:44:20,2017-04-06 00:04:25,0.5,21.35,20,23,Wednesday
989094,2,138.0,25.0,10.06,2017-04-06 23:06:44,2017-04-06 23:40:37,0.5,43.56,33,23,Thursday
987619,2,90.0,48.0,1.34,2017-04-03 23:15:31,2017-04-03 23:22:17,0.5,8.3,6,23,Monday
854894,2,74.0,235.0,5.6,2017-04-04 23:49:38,2017-04-05 00:01:53,0.5,19.3,12,23,Tuesday
814375,2,161.0,229.0,1.21,2017-04-03 23:04:22,2017-04-03 23:12:44,0.5,11.0,8,23,Monday
433979,2,132.0,41.0,18.13,2017-04-06 23:24:49,2017-04-07 00:03:26,0.0,70.27,38,23,Thursday
679668,1,234.0,181.0,5.3,2017-04-04 23:39:20,2017-04-05 00:03:59,0.5,26.75,24,23,Tuesday
192874,2,48.0,229.0,1.15,2017-04-06 23:22:43,2017-04-06 23:32:46,0.5,11.62,10,23,Thursday
898825,1,164.0,52.0,6.6,2017-04-06 23:43:59,2017-04-07 00:06:24,0.5,27.95,22,23,Thursday
747259,2,114.0,41.0,6.16,2017-04-05 23:06:32,2017-04-05 23:29:14,0.5,27.88,22,23,Wednesday
385276,1,148.0,80.0,3.8,2017-04-05 23:18:16,2017-04-05 23:32:29,0.5,16.3,14,23,Wednesday
816314,1,231.0,48.0,3.9,2017-04-03 23:52:38,2017-04-04 00:05:00,0.5,17.75,12,23,Monday
529802,2,48.0,7.0,5.61,2017-04-06 23:54:17,2017-04-07 00:46:22,0.5,39.96,52,23,Thursday
922575,1,254.0,200.0,4.3,2017-04-03 23:22:06,2017-04-03 23:32:05,0.5,17.3,9,23,Monday
1012160,2,246.0,246.0,0.53,2017-04-06 23:26:39,2017-04-06 23:29:20,0.5,6.36,2,23,Thursday
708991,2,263.0,262.0,0.42,2017-04-03 23:43:23,2017-04-03 23:45:20,0.5,5.76,1,23,Monday
69055,2,138.0,79.0,10.58,2017-04-06 23:57:23,2017-04-07 00:20:12,0.5,38.76,22,23,Thursday
421795,1,113.0,4.0,1.2,2017-04-03 23:27:23,2017-04-03 23:35:51,0.5,10.55,8,23,Monday
664660,1,234.0,249.0,1.3,2017-04-03 23:56:45,2017-04-04 00:05:15,0.5,11.6,8,23,Monday
782745,1,141.0,90.0,5.6,2017-04-05 23:40:00,2017-04-06 00:04:48,0.5,22.3,24,23,Wednesday
748855,1,41.0,74.0,0.8,2017-04-05 23:57:26,2017-04-06 00:00:05,0.5,6.8,2,23,Wednesday
129785,1,170.0,142.0,2.5,2017-04-03 23:54:21,2017-04-04 00:04:37,0.5,13.56,10,23,Monday
397017,2,141.0,238.0,2.18,2017-04-04 23:17:01,2017-04-04 23:27:30,0.5,13.56,10,23,Tuesday
333656,1,142.0,239.0,0.9,2017-04-03 23:20:13,2017-04-03 23:25:44,0.5,8.75,5,23,Monday
139919,1,249.0,68.0,1.0,2017-04-05 23:46:22,2017-04-05 23:51:16,0.5,8.3,4,23,Wednesday
822028,2,68.0,231.0,1.98,2017-04-06 23:14:12,2017-04-06 23:25:06,0.5,11.8,10,23,Thursday
289591,1,264.0,129.0,10.3,2017-04-05 23:16:17,2017-04-06 00:01:58,0.5,55.86,45,23,Wednesday
402393,2,236.0,236.0,2.31,2017-04-05 23:32:18,2017-04-05 23:42:00,0.5,11.3,9,23,Wednesday
104757,1,264.0,264.0,18.1,2017-04-03 23:57:25,2017-04-04 00:25:40,0.0,64.56,28,23,Monday
730041,1,48.0,234.0,2.0,2017-04-06 23:30:42,2017-04-06 23:47:18,0.5,13.3,16,23,Thursday
918615,2,170.0,231.0,3.68,2017-04-04 23:15:41,2017-04-04 23:31:03,0.5,17.76,15,23,Tuesday
147289,1,234.0,255.0,3.8,2017-04-03 23:48:36,2017-04-04 00:09:24,0.5,17.81,20,23,Monday
984911,1,68.0,148.0,2.2,2017-04-03 23:41:50,2017-04-03 23:53:39,0.5,12.98,11,23,Monday
389719,2,48.0,68.0,2.48,2017-04-05 23:30:04,2017-04-05 23:41:23,0.5,13.56,11,23,Wednesday
45691,1,237.0,161.0,1.9,2017-04-03 23:32:38,2017-04-03 23:43:31,0.5,10.8,10,23,Monday
865328,2,163.0,249.0,2.8,2017-04-04 23:08:59,2017-04-04 23:22:14,0.5,15.36,13,23,Tuesday
138033,2,234.0,170.0,0.81,2017-04-06 23:34:29,2017-04-06 23:38:20,0.5,7.88,3,23,Thursday
783802,2,263.0,237.0,1.45,2017-04-03 23:01:43,2017-04-03 23:09:04,0.5,10.56,7,23,Monday
148507,2,158.0,90.0,1.46,2017-04-06 23:33:48,2017-04-06 23:50:00,0.5,14.0,16,23,Thursday
667538,1,262.0,75.0,0.4,2017-04-05 23:21:44,2017-04-05 23:23:36,0.5,4.8,1,23,Wednesday
881161,2,161.0,232.0,4.16,2017-04-05 23:40:21,2017-04-05 23:59:08,0.5,22.25,18,23,Wednesday
699099,1,249.0,50.0,2.7,2017-04-05 23:21:11,2017-04-05 23:32:25,0.5,13.8,11,23,Wednesday
653860,2,48.0,239.0,0.87,2017-04-03 23:23:53,2017-04-03 23:28:01,0.5,6.3,4,23,Monday
205963,1,263.0,238.0,1.6,2017-04-06 23:35:46,2017-04-06 23:45:09,0.5,11.75,9,23,Thursday
656433,2,68.0,90.0,0.71,2017-04-04 23:04:14,2017-04-04 23:09:52,0.5,8.76,5,23,Tuesday
566534,2,181.0,144.0,3.54,2017-04-06 23:38:14,2017-04-06 23:51:38,0.5,17.16,13,23,Thursday
18107,2,198.0,22.0,11.78,2017-04-04 23:56:19,2017-04-05 00:28:16,0.5,37.8,31,23,Tuesday
362614,2,234.0,226.0,5.52,2017-04-04 23:35:45,2017-04-05 00:16:04,0.5,32.26,40,23,Tuesday
333607,2,79.0,137.0,1.22,2017-04-03 23:02:16,2017-04-03 23:08:43,0.5,7.8,6,23,Monday
657897,1,249.0,231.0,1.8,2017-04-04 23:25:00,2017-04-04 23:36:21,0.5,10.8,11,23,Tuesday
118723,2,48.0,140.0,3.16,2017-04-06 23:43:54,2017-04-06 23:57:31,0.5,16.56,13,23,Thursday
73155,1,113.0,112.0,4.7,2017-04-05 23:29:09,2017-04-05 23:48:55,0.5,24.75,19,23,Wednesday
419964,1,239.0,230.0,2.3,2017-04-03 23:32:14,2017-04-03 23:43:32,0.5,13.55,11,23,Monday
155744,2,230.0,162.0,1.2,2017-04-03 23:57:18,2017-04-04 00:05:17,0.5,8.3,7,23,Monday
185002,1,163.0,164.0,1.6,2017-04-05 23:19:52,2017-04-05 23:33:11,0.5,11.3,13,23,Wednesday
403275,2,189.0,225.0,3.14,2017-04-05 23:40:01,2017-04-05 23:53:50,0.5,13.8,13,23,Wednesday
172790,2,158.0,231.0,1.21,2017-04-04 23:08:29,2017-04-04 23:17:16,0.5,10.56,8,23,Tuesday
214591,2,138.0,189.0,10.65,2017-04-05 23:03:05,2017-04-05 23:30:10,0.5,42.25,27,23,Wednesday
994662,2,164.0,141.0,2.81,2017-04-05 23:36:49,2017-04-05 23:47:31,0.5,14.16,10,23,Wednesday
12881,1,263.0,137.0,2.9,2017-04-06 23:00:04,2017-04-06 23:12:42,0.5,14.55,12,23,Thursday
224516,2,79.0,79.0,0.72,2017-04-04 23:53:04,2017-04-04 23:57:11,0.5,7.56,4,23,Tuesday
888149,2,181.0,66.0,1.53,2017-04-06 23:35:26,2017-04-06 23:42:49,0.5,8.8,7,23,Thursday
645032,2,230.0,170.0,0.86,2017-04-05 23:11:04,2017-04-05 23:15:47,0.5,6.3,4,23,Wednesday
248590,2,230.0,186.0,0.55,2017-04-06 23:03:41,2017-04-06 23:06:38,0.5,5.3,2,23,Thursday
592949,1,48.0,48.0,0.9,2017-04-06 23:11:32,2017-04-06 23:18:20,0.5,8.75,6,23,Thursday
114962,2,249.0,234.0,1.29,2017-04-04 23:47:29,2017-04-04 23:52:47,0.5,9.12,5,23,Tuesday
666353,2,237.0,75.0,2.67,2017-04-03 23:44:13,2017-04-03 23:52:47,0.5,11.3,8,23,Monday
699027,1,162.0,140.0,0.8,2017-04-03 23:06:31,2017-04-03 23:11:22,0.5,8.15,4,23,Monday
7702,2,164.0,200.0,13.4,2017-04-03 23:26:37,2017-04-03 23:54:48,0.5,42.94,28,23,Monday
355841,1,25.0,158.0,4.6,2017-04-06 23:21:34,2017-04-06 23:41:52,0.5,19.3,20,23,Thursday
907090,2,238.0,238.0,0.54,2017-04-06 23:44:06,2017-04-06 23:46:45,0.5,6.36,2,23,Thursday
1023508,2,138.0,230.0,10.03,2017-04-06 23:29:02,2017-04-06 23:56:27,0.5,51.06,27,23,Thursday
429249,2,79.0,237.0,3.62,2017-04-05 23:43:46,2017-04-05 23:58:09,0.5,17.76,14,23,Wednesday
386200,2,229.0,49.0,7.89,2017-04-06 23:48:56,2017-04-07 00:16:14,0.5,33.36,27,23,Thursday
685683,2,166.0,234.0,6.23,2017-04-03 23:03:50,2017-04-03 23:23:09,0.5,22.3,19,23,Monday
991573,2,148.0,233.0,2.58,2017-04-03 23:47:47,2017-04-03 23:57:39,0.5,14.16,9,23,Monday
509704,2,143.0,75.0,3.63,2017-04-03 23:09:52,2017-04-03 23:24:16,0.5,18.36,14,23,Monday
381282,1,237.0,236.0,0.8,2017-04-05 23:26:21,2017-04-05 23:28:26,0.5,5.8,2,23,Wednesday
421637,1,79.0,137.0,1.6,2017-04-06 23:45:28,2017-04-06 23:58:14,0.5,11.3,12,23,Thursday
673380,2,239.0,161.0,1.43,2017-04-03 23:15:56,2017-04-03 23:25:39,0.5,12.25,9,23,Monday
479179,1,189.0,148.0,3.3,2017-04-04 23:30:33,2017-04-04 23:40:25,0.5,15.0,9,23,Tuesday
341850,1,141.0,148.0,4.5,2017-04-05 23:44:29,2017-04-05 23:58:56,0.5,17.3,14,23,Wednesday
319554,2,132.0,232.0,17.68,2017-04-05 23:58:58,2017-04-06 00:29:25,0.0,63.36,30,23,Wednesday
509338,1,148.0,42.0,9.5,2017-04-06 23:38:46,2017-04-07 00:03:13,0.5,38.15,24,23,Thursday
637735,2,107.0,87.0,4.01,2017-04-05 23:53:50,2017-04-06 00:04:59,0.5,19.12,11,23,Wednesday
246534,2,256.0,217.0,0.66,2017-04-03 23:28:10,2017-04-03 23:30:58,0.5,5.8,2,23,Monday
38932,2,164.0,230.0,1.36,2017-04-03 23:25:20,2017-04-03 23:34:32,0.5,11.16,9,23,Monday
852499,1,163.0,230.0,1.3,2017-04-05 23:58:21,2017-04-06 00:05:20,0.5,9.95,6,23,Wednesday
881897,1,113.0,262.0,4.8,2017-04-04 23:52:18,2017-04-05 00:11:47,0.5,22.85,19,23,Tuesday
735927,2,211.0,148.0,1.15,2017-04-05 23:30:59,2017-04-05 23:38:38,0.5,11.0,7,23,Wednesday
652556,2,234.0,186.0,1.1,2017-04-05 23:21:24,2017-04-05 23:27:45,0.5,9.75,6,23,Wednesday
771950,2,224.0,79.0,0.58,2017-04-06 23:52:01,2017-04-06 23:55:47,0.5,6.96,3,23,Thursday
168907,1,230.0,75.0,3.6,2017-04-05 23:50:02,2017-04-06 00:02:01,0.5,17.25,11,23,Wednesday
734188,2,144.0,231.0,1.09,2017-04-06 23:40:29,2017-04-06 23:44:53,0.5,8.0,4,23,Thursday
966114,1,90.0,79.0,1.3,2017-04-05 23:43:24,2017-04-05 23:51:48,0.5,11.0,8,23,Wednesday
170011,1,144.0,179.0,6.3,2017-04-03 23:05:47,2017-04-03 23:31:08,0.5,27.95,25,23,Monday
651550,1,233.0,170.0,0.3,2017-04-03 23:14:12,2017-04-03 23:15:09,0.5,4.3,0,23,Monday
982740,1,186.0,161.0,0.9,2017-04-03 23:00:10,2017-04-03 23:06:21,0.5,8.75,6,23,Monday
976373,1,79.0,107.0,1.2,2017-04-05 23:25:05,2017-04-05 23:29:58,0.5,7.3,4,23,Wednesday
64195,1,229.0,140.0,1.3,2017-04-05 23:55:35,2017-04-06 00:00:41,0.5,8.8,5,23,Wednesday
62476,2,100.0,13.0,3.71,2017-04-05 23:42:23,2017-04-05 23:57:56,0.5,18.36,15,23,Wednesday
132878,2,262.0,114.0,5.93,2017-04-03 23:52:33,2017-04-04 00:07:02,0.5,23.76,14,23,Monday
481619,1,132.0,89.0,15.2,2017-04-05 23:05:55,2017-04-05 23:36:32,0.5,44.3,30,23,Wednesday
810004,2,186.0,236.0,3.65,2017-04-04 23:18:43,2017-04-04 23:31:14,0.5,17.16,12,23,Tuesday
1013372,2,68.0,265.0,4.41,2017-04-06 23:20:49,2017-04-06 23:35:00,0.0,76.0,14,23,Thursday
497261,1,161.0,170.0,0.6,2017-04-03 23:39:27,2017-04-03 23:41:54,0.5,5.3,2,23,Monday
342015,2,186.0,236.0,3.98,2017-04-06 23:22:00,2017-04-06 23:38:16,0.5,20.16,16,23,Thursday
789427,2,68.0,186.0,0.41,2017-04-06 23:05:01,2017-04-06 23:08:41,0.5,5.8,3,23,Thursday
35974,1,237.0,162.0,0.9,2017-04-03 23:17:58,2017-04-03 23:22:53,0.5,8.15,4,23,Monday
685347,2,162.0,107.0,2.46,2017-04-04 23:33:40,2017-04-04 23:44:22,0.5,13.56,10,23,Tuesday
686306,2,230.0,28.0,11.63,2017-04-04 23:17:47,2017-04-04 23:42:58,0.5,40.06,25,23,Tuesday
98094,1,138.0,163.0,12.6,2017-04-06 23:06:57,2017-04-06 23:39:19,0.5,47.75,32,23,Thursday
194051,2,164.0,137.0,0.64,2017-04-05 23:22:04,2017-04-05 23:26:08,0.5,7.3,4,23,Wednesday
98311,1,4.0,114.0,1.6,2017-04-05 23:52:55,2017-04-06 00:04:39,0.5,12.35,11,23,Wednesday
194042,2,231.0,48.0,4.98,2017-04-06 23:25:25,2017-04-07 00:07:14,0.5,32.3,41,23,Thursday
767085,1,43.0,143.0,1.0,2017-04-06 23:11:19,2017-04-06 23:17:31,0.5,7.8,6,23,Thursday
581274,1,186.0,246.0,0.5,2017-04-03 23:37:11,2017-04-03 23:40:44,0.5,5.8,3,23,Monday
190255,1,68.0,100.0,0.8,2017-04-06 23:22:17,2017-04-06 23:26:18,0.5,9.3,4,23,Thursday
102414,2,164.0,125.0,2.65,2017-04-05 23:50:29,2017-04-06 00:07:01,0.5,18.59,16,23,Wednesday
378142,2,186.0,223.0,7.18,2017-04-03 23:34:20,2017-04-04 00:03:03,0.5,30.3,28,23,Monday
245495,2,132.0,33.0,19.76,2017-04-03 23:40:26,2017-04-04 00:08:39,0.5,64.56,28,23,Monday
1024757,2,142.0,127.0,9.47,2017-04-04 23:19:01,2017-04-04 23:35:55,0.5,28.3,16,23,Tuesday
349650,1,48.0,233.0,1.3,2017-04-06 23:15:15,2017-04-06 23:26:29,0.5,11.3,11,23,Thursday
340856,2,233.0,79.0,1.85,2017-04-06 23:12:54,2017-04-06 23:21:01,0.5,11.76,8,23,Thursday
516925,1,186.0,246.0,1.2,2017-04-06 23:08:47,2017-04-06 23:15:19,0.5,7.8,6,23,Thursday
490278,1,162.0,141.0,2.1,2017-04-06 23:21:11,2017-04-06 23:34:58,0.5,14.75,13,23,Thursday
661350,1,144.0,79.0,0.5,2017-04-04 23:26:39,2017-04-04 23:30:54,0.5,7.55,4,23,Tuesday
263146,1,256.0,148.0,1.7,2017-04-06 23:34:19,2017-04-06 23:39:58,0.5,11.15,5,23,Thursday
319856,1,231.0,231.0,0.2,2017-04-04 23:04:35,2017-04-04 23:06:52,0.5,4.8,2,23,Tuesday
173280,2,161.0,255.0,6.13,2017-04-03 23:23:20,2017-04-03 23:52:43,0.5,30.36,29,23,Monday
248657,2,107.0,170.0,0.64,2017-04-03 23:37:57,2017-04-03 23:44:00,0.5,8.16,6,23,Monday
607597,2,239.0,48.0,1.58,2017-04-06 23:39:31,2017-04-06 23:46:48,0.5,10.56,7,23,Thursday
623403,1,100.0,87.0,5.3,2017-04-03 23:56:20,2017-04-04 00:20:42,0.5,21.8,24,23,Monday
879066,1,255.0,217.0,1.0,2017-04-03 23:08:31,2017-04-03 23:13:58,0.5,8.8,5,23,Monday
435446,2,79.0,45.0,3.15,2017-04-06 23:06:33,2017-04-06 23:30:31,0.5,22.25,23,23,Thursday
1033003,2,249.0,233.0,2.68,2017-04-03 23:31:14,2017-04-03 23:45:04,0.5,15.36,13,23,Monday
674220,2,170.0,137.0,1.21,2017-04-06 23:37:18,2017-04-06 23:41:38,0.5,8.3,4,23,Thursday
432545,2,138.0,234.0,9.1,2017-04-03 23:54:21,2017-04-04 00:20:12,0.5,43.27,25,23,Monday
931046,1,68.0,233.0,1.3,2017-04-05 23:12:51,2017-04-05 23:22:10,0.5,9.3,9,23,Wednesday
628388,1,142.0,238.0,2.0,2017-04-05 23:42:00,2017-04-05 23:53:27,0.5,13.56,11,23,Wednesday
367114,2,237.0,137.0,2.14,2017-04-06 23:04:28,2017-04-06 23:14:30,0.5,10.3,10,23,Thursday
176474,1,107.0,48.0,2.0,2017-04-06 23:55:32,2017-04-07 00:07:12,0.5,13.55,11,23,Thursday
510195,2,88.0,25.0,3.77,2017-04-05 23:57:47,2017-04-06 00:13:05,0.5,19.75,15,23,Wednesday
476171,1,79.0,232.0,1.2,2017-04-04 23:58:17,2017-04-05 00:04:58,0.5,9.95,6,23,Tuesday
939072,1,113.0,211.0,0.6,2017-04-05 23:57:28,2017-04-06 00:00:47,0.5,6.3,3,23,Wednesday
40856,1,232.0,79.0,1.5,2017-04-03 23:26:17,2017-04-03 23:34:29,0.5,10.3,8,23,Monday
225336,2,125.0,151.0,6.47,2017-04-04 23:47:31,2017-04-05 00:08:56,0.5,29.0,21,23,Tuesday
423264,2,138.0,95.0,6.18,2017-04-03 23:17:47,2017-04-03 23:44:47,0.5,25.8,27,23,Monday
74940,1,162.0,246.0,2.4,2017-04-03 23:21:58,2017-04-03 23:32:19,0.5,14.0,10,23,Monday
655279,1,234.0,4.0,2.0,2017-04-03 23:54:49,2017-04-04 00:11:24,0.5,15.95,16,23,Monday
809490,1,229.0,170.0,0.7,2017-04-03 23:56:09,2017-04-03 23:59:49,0.5,6.3,3,23,Monday
361099,2,164.0,4.0,2.33,2017-04-05 23:34:06,2017-04-05 23:49:08,0.5,15.36,15,23,Wednesday
529332,2,140.0,263.0,1.52,2017-04-04 23:31:55,2017-04-04 23:36:57,0.5,8.3,5,23,Tuesday
469551,2,142.0,164.0,4.24,2017-04-03 23:22:21,2017-04-03 23:47:37,0.5,14.3,25,23,Monday
939336,2,239.0,238.0,0.91,2017-04-03 23:01:24,2017-04-03 23:04:44,0.5,7.56,3,23,Monday
8057,2,230.0,249.0,2.12,2017-04-04 23:40:28,2017-04-04 23:50:51,0.5,10.8,10,23,Tuesday
618555,2,238.0,249.0,6.34,2017-04-03 23:37:08,2017-04-03 23:55:49,0.5,26.16,18,23,Monday
165213,2,151.0,142.0,2.33,2017-04-06 23:09:22,2017-04-06 23:24:07,0.5,17.29,14,23,Thursday
8350,2,50.0,140.0,2.85,2017-04-06 23:50:35,2017-04-07 00:00:40,0.5,14.76,10,23,Thursday
35161,1,162.0,48.0,0.9,2017-04-04 23:14:09,2017-04-04 23:19:38,0.5,8.75,5,23,Tuesday
919377,1,263.0,48.0,4.0,2017-04-05 23:02:24,2017-04-05 23:19:16,0.5,19.55,16,23,Wednesday
645495,2,263.0,137.0,3.54,2017-04-05 23:15:36,2017-04-05 23:25:38,0.5,17.16,10,23,Wednesday
909859,2,170.0,87.0,3.58,2017-04-05 23:55:54,2017-04-06 00:12:37,0.5,16.3,16,23,Wednesday
357497,2,138.0,188.0,12.97,2017-04-06 23:25:36,2017-04-07 00:11:39,0.5,44.8,46,23,Thursday
71292,2,107.0,144.0,1.18,2017-04-06 23:15:40,2017-04-06 23:23:45,0.5,9.96,8,23,Thursday
407179,1,75.0,137.0,4.0,2017-04-05 23:26:10,2017-04-05 23:36:45,0.5,14.8,10,23,Wednesday
1010364,2,234.0,37.0,7.07,2017-04-05 23:40:12,2017-04-06 00:14:32,0.5,33.36,34,23,Wednesday
867887,1,132.0,79.0,17.5,2017-04-05 23:04:21,2017-04-05 23:33:12,0.0,76.11,28,23,Wednesday
206109,2,50.0,90.0,1.97,2017-04-05 23:32:16,2017-04-05 23:38:13,0.5,11.44,5,23,Wednesday
35359,2,79.0,186.0,2.68,2017-04-05 23:09:54,2017-04-05 23:26:15,0.5,16.56,16,23,Wednesday
339682,1,48.0,164.0,1.2,2017-04-06 23:24:42,2017-04-06 23:30:31,0.5,7.3,5,23,Thursday
135846,2,163.0,68.0,2.3,2017-04-04 23:09:24,2017-04-04 23:21:04,0.5,13.56,11,23,Tuesday
902977,2,186.0,265.0,21.33,2017-04-03 23:43:49,2017-04-04 00:12:03,0.0,92.3,28,23,Monday
38784,1,148.0,79.0,1.1,2017-04-06 23:41:57,2017-04-06 23:47:55,0.5,7.3,5,23,Thursday
357244,2,162.0,234.0,1.66,2017-04-05 23:51:15,2017-04-05 23:59:36,0.5,10.56,8,23,Wednesday
413788,2,141.0,234.0,3.2,2017-04-05 23:27:25,2017-04-05 23:41:11,0.5,17.88,13,23,Wednesday
259183,1,256.0,198.0,1.8,2017-04-03 23:41:55,2017-04-03 23:48:15,0.5,8.8,6,23,Monday
6199,1,158.0,88.0,2.9,2017-04-06 23:37:16,2017-04-06 23:50:34,0.5,16.6,13,23,Thursday
304505,2,107.0,238.0,5.15,2017-04-06 23:33:05,2017-04-06 23:50:20,0.5,22.8,17,23,Thursday
128303,1,132.0,36.0,14.8,2017-04-03 23:08:17,2017-04-03 23:35:27,0.5,50.15,27,23,Monday
636179,2,231.0,211.0,0.79,2017-04-03 23:59:50,2017-04-04 00:04:49,0.5,7.82,4,23,Monday
452396,2,236.0,75.0,0.7,2017-04-04 23:13:28,2017-04-04 23:16:19,0.5,6.96,2,23,Tuesday
939945,2,107.0,79.0,0.81,2017-04-04 23:00:53,2017-04-04 23:05:37,0.5,6.8,4,23,Tuesday
376380,1,68.0,50.0,1.1,2017-04-03 23:17:51,2017-04-03 23:21:16,0.5,7.48,3,23,Monday
162846,1,148.0,249.0,1.7,2017-04-03 23:58:27,2017-04-04 00:09:15,0.5,12.3,10,23,Monday
537130,1,237.0,162.0,1.5,2017-04-03 23:23:06,2017-04-03 23:33:56,0.5,10.3,10,23,Monday
871496,1,137.0,148.0,1.9,2017-04-04 23:12:44,2017-04-04 23:24:25,0.5,11.3,11,23,Tuesday
594873,1,143.0,142.0,1.0,2017-04-03 23:51:11,2017-04-03 23:55:56,0.5,8.15,4,23,Monday
551075,1,230.0,90.0,1.8,2017-04-05 23:54:11,2017-04-06 00:00:03,0.5,9.95,5,23,Wednesday
389614,1,186.0,49.0,5.5,2017-04-04 23:08:33,2017-04-04 23:41:06,0.5,31.0,32,23,Tuesday
