id,title,type,release_year,age_certification,runtime,genres,production_countries,imdb_score
tm84618,Taxi Driver,MOVIE,1976,R,114,"['drama', 'crime']",['US'],8.2
tm154986,Deliverance,MOVIE,1972,R,109,"['drama', 'action', 'thriller', 'european']",['US'],7.7
tm127384,Monty Python and the Holy Grail,MOVIE,1975,PG,91,"['fantasy', 'action', 'comedy']",['GB'],8.2
tm120801,The Dirty Dozen,MOVIE,1967,Not Availavle,150,"['war', 'action']","['GB', 'US']",7.7
ts22164,Monty Python's Flying Circus,SHOW,1969,TV-14,30,"['comedy', 'european']",['GB'],8.8
tm70993,Life of Brian,MOVIE,1979,R,94,['comedy'],['GB'],8.0
tm14873,Dirty Harry,MOVIE,1971,R,102,"['thriller', 'action', 'crime']",['US'],7.7
tm119281,Bonnie and Clyde,MOVIE,1967,R,110,"['crime', 'drama', 'action']",['US'],7.7
tm98978,The Blue Lagoon,MOVIE,1980,R,104,"['romance', 'action', 'drama']",['US'],5.8
tm44204,The Guns of Navarone,MOVIE,1961,Not Availavle,158,"['action', 'drama', 'war']","['GB', 'US']",7.5
tm67378,The Professionals,MOVIE,1966,PG-13,117,"['western', 'action', 'european']",['US'],7.3
tm69997,Richard Pryor: Live in Concert,MOVIE,1979,R,78,"['comedy', 'documentation']",['US'],8.1
tm16479,White Christmas,MOVIE,1954,Not Availavle,115,"['romance', 'comedy']",['US'],7.5
tm135083,Cairo Station,MOVIE,1958,Not Availavle,77,"['drama', 'crime', 'comedy']",['EG'],7.5
tm89386,Hitler: A Career,MOVIE,1977,PG,150,"['history', 'documentation', 'european']",['DE'],7.5
tm156453,FTA,MOVIE,1972,R,97,"['war', 'documentation', 'music', 'comedy']",['US'],6.2
tm14350,Alexandria… Why?,MOVIE,1979,Not Availavle,133,['drama'],['EG'],7.2
tm81728,The Land,MOVIE,1969,Not Availavle,129,['drama'],['EG'],8.1
tm94651,Dostana,MOVIE,1980,Not Availavle,161,"['drama', 'comedy', 'crime', 'romance', 'action']",['IN'],2.1
tm27298,Saladin the Victorious,MOVIE,1963,Not Availavle,186,"['action', 'drama', 'war', 'history', 'romance']",['EG'],7.6
tm100027,Alibaba Aur 40 Chor,MOVIE,1979,Not Availavle,146,"['drama', 'romance', 'action', 'fantasy', 'family']","['SU', 'IN']",6.2
tm19608,The Blazing Sun,MOVIE,1954,Not Availavle,100,"['crime', 'romance', 'drama']",['EG'],7.4
tm204541,Dark Waters,MOVIE,1956,Not Availavle,120,"['action', 'drama', 'romance', 'thriller']",['EG'],6.7
tm259855,We Are All for the Fatherland,MOVIE,1979,Not Availavle,74,['documentation'],"['LB', 'CA', 'FR']",6.1
tm356209,Singapore,MOVIE,1960,Not Availavle,158,"['drama', 'thriller', 'crime']",['IN'],6.4
ts45948,Monty Python's Fliegender Zirkus,SHOW,1972,TV-MA,43,['comedy'],[],8.1
tm200475,"Beirut, Oh Beirut",MOVIE,1975,Not Availavle,110,['drama'],['LB'],6.4
tm90896,The Return of the Prodigal Son,MOVIE,1976,Not Availavle,124,"['music', 'drama', 'crime']","['DZ', 'EG']",7.2
tm336403,Khoon Khoon,MOVIE,1973,Not Availavle,131,"['crime', 'thriller']",['IN'],5.1
tm107372,Manoranjan,MOVIE,1974,Not Availavle,162,"['romance', 'drama', 'comedy']",['IN'],6.5
tm358653,Ujala,MOVIE,1959,Not Availavle,142,"['romance', 'crime', 'drama']",['IN'],6.6
tm259684,Whispers,MOVIE,1980,Not Availavle,93,['documentation'],"['CA', 'FR', 'LB']",7.8
tm403346,Chadi Jawani Budhe Nu,MOVIE,1976,Not Availavle,135,['romance'],['IN'],4.6
tm16812,Bandie,MOVIE,1978,Not Availavle,141,"['drama', 'action', 'romance']",['IN'],4.4
ts20681,Seinfeld,SHOW,1989,TV-PG,24,['comedy'],['US'],8.9
tm155787,GoodFellas,MOVIE,1990,R,145,"['drama', 'crime']",['US'],8.7
tm22327,Full Metal Jacket,MOVIE,1987,R,117,"['war', 'drama']","['US', 'GB']",8.3
tm180542,Once Upon a Time in America,MOVIE,1984,R,139,"['crime', 'drama', 'european']","['US', 'IT']",8.3
tm138875,When Harry Met Sally...,MOVIE,1989,R,96,"['comedy', 'romance', 'drama']",['US'],7.7
tm2386,A Nightmare on Elm Street,MOVIE,1984,R,91,['horror'],"['GB', 'US']",7.4
tm133087,Steel Magnolias,MOVIE,1989,PG,119,"['comedy', 'drama', 'romance']",['US'],7.3
tm177480,Police Academy,MOVIE,1984,R,97,"['crime', 'comedy']",['US'],6.7
tm54450,Christine,MOVIE,1983,R,110,"['horror', 'thriller', 'european']",['US'],6.7
ts22082,Knight Rider,SHOW,1982,TV-PG,51,"['scifi', 'action', 'crime', 'drama']",['US'],6.9
ts21715,Thomas & Friends,SHOW,1984,TV-Y,10,"['animation', 'family', 'comedy', 'fantasy', 'drama', 'action', 'music']",['GB'],6.5
ts20678,Saved by the Bell,SHOW,1989,TV-G,23,"['family', 'comedy', 'romance']",['US'],7.1
tm145608,Awakenings,MOVIE,1990,PG-13,120,"['drama', 'european']",['US'],7.8
ts25028,Wheel of Fortune,SHOW,1983,TV-G,26,['family'],['US'],6.7
tm147710,National Lampoon's Christmas Vacation,MOVIE,1989,PG-13,97,"['comedy', 'european']",['US'],7.5
tm142895,Lean On Me,MOVIE,1989,PG-13,105,['drama'],['US'],7.4
tm20712,Eddie Murphy Raw,MOVIE,1987,R,90,"['comedy', 'documentation']",['US'],7.6
tm117580,She's Gotta Have It,MOVIE,1986,R,84,"['romance', 'comedy']",['US'],6.7
ts23753,Major Dad,SHOW,1989,TV-PG,24,"['comedy', 'family']",['US'],6.5
tm130586,Endless Love,MOVIE,1981,R,116,"['romance', 'drama']",['US'],4.9
ts987,Danger Mouse,SHOW,1981,TV-Y,14,"['animation', 'comedy', 'family', 'scifi', 'european']",['GB'],7.4
tm721687,Vaashi,MOVIE,1983,Not Availavle,123,"['drama', 'thriller']",['IN'],6.7
tm40103,Mobile Suit Gundam: Char's Counterattack,MOVIE,1988,Not Availavle,119,"['scifi', 'animation', 'action', 'drama', 'war']",['JP'],7.3
tm125985,Mobile Suit Gundam II: Soldiers of Sorrow,MOVIE,1981,Not Availavle,133,"['animation', 'scifi', 'action', 'drama', 'war']",['JP'],7.2
ts2760,Fireman Sam,SHOW,1987,TV-Y,10,"['animation', 'comedy', 'family', 'crime', 'european']",['GB'],6.1
tm21953,Sam Kinison: Breaking the Rules,MOVIE,1987,R,50,"['comedy', 'documentation']",['US'],7.2
tm126769,Waiting for the Hearse,MOVIE,1985,Not Availavle,87,['comedy'],['AR'],8.0
tm152839,Tim Allen: Men Are Pigs,MOVIE,1990,Not Availavle,30,"['comedy', 'documentation']",['US'],6.1
tm49037,Mobile Suit Gundam III: Encounters in Space,MOVIE,1982,Not Availavle,144,"['action', 'drama', 'war', 'animation', 'scifi']",['JP'],7.6
tm62924,Monty Python Live at the Hollywood Bowl,MOVIE,1982,R,81,"['comedy', 'documentation']",['GB'],7.9
tm52815,Disco Dancer,MOVIE,1982,Not Availavle,106,"['drama', 'romance']",['IN'],6.4
tm159912,Agneepath,MOVIE,1990,Not Availavle,174,"['drama', 'action', 'crime']",['IN'],7.6
tm133914,Parrot Sketch Not Included: Twenty Years of Monty Python,MOVIE,1989,Not Availavle,72,['comedy'],['GB'],8.1
tm38736,Too Young The Hero,MOVIE,1988,Not Availavle,100,"['drama', 'war']",['US'],6.7
tm51083,A Stoning in Fulham County,MOVIE,1988,Not Availavle,120,"['thriller', 'crime', 'drama']",['US'],5.9
tm137013,The Ryan White Story,MOVIE,1989,Not Availavle,102,['drama'],['US'],7.2
tm157603,Dil,MOVIE,1990,Not Availavle,172,"['drama', 'comedy', 'romance']",['IN'],6.6
tm258072,Adam: His Song Continues,MOVIE,1986,Not Availavle,100,"['crime', 'drama']",['US'],7.0
tm114356,The George McKenna Story,MOVIE,1988,Not Availavle,100,['drama'],['US'],6.0
tm157853,In Defense of a Married Man,MOVIE,1990,Not Availavle,94,"['drama', 'crime']",['US'],5.6
tm446654,Mujrim,MOVIE,1989,Not Availavle,162,"['drama', 'action', 'crime']",['IN'],5.4
tm348735,Aakhri Adaalat,MOVIE,1988,Not Availavle,148,"['action', 'crime', 'thriller']",['IN'],5.1
tm151332,"Alexandria, Again and Forever",MOVIE,1989,Not Availavle,105,['drama'],"['FR', 'EG']",6.5
tm342996,Duniya,MOVIE,1984,Not Availavle,170,"['action', 'drama']",['IN'],6.3
tm24110,Strange Voices,MOVIE,1987,Not Availavle,100,['drama'],['US'],6.3
tm371359,Jaal,MOVIE,1986,Not Availavle,159,"['action', 'drama', 'thriller']",['IN'],5.2
tm55091,Quiet Victory: The Charlie Wedemeyer Story,MOVIE,1988,Not Availavle,100,['drama'],['US'],7.2
ts63001,High Risk,SHOW,1988,TV-PG,50,['comedy'],['US'],3.8
tm311264,Muqaddar Ka Faisla,MOVIE,1987,Not Availavle,172,"['action', 'comedy', 'drama', 'family']",['IN'],4.8
tm411457,Pyar Ke Do Pal,MOVIE,1986,Not Availavle,125,"['drama', 'action']",['IN'],6.1
tm172482,Sohni Mahiwal,MOVIE,1984,Not Availavle,160,"['romance', 'drama', 'action']",['IN'],6.1
tm419052,Ek Jaan Hain Hum,MOVIE,1983,Not Availavle,151,"['family', 'romance']",['IN'],6.3
tm47673,An Egyptian Story,MOVIE,1982,Not Availavle,129,"['drama', 'fantasy']",['EG'],7.3
tm52274,The Little Wars,MOVIE,1982,Not Availavle,108,"['war', 'drama', 'european']","['FR', 'LB']",6.3
tm147829,Unspeakable Acts,MOVIE,1990,Not Availavle,100,['drama'],['US'],6.1
ts20981,Survivor,SHOW,2000,TV-PG,48,['reality'],['US'],7.4
tm107744,Mission: Impossible,MOVIE,1996,PG-13,110,"['thriller', 'action']",['US'],7.1
ts22176,Stargate SG-1,SHOW,1997,TV-PG,44,"['scifi', 'drama', 'action']","['CA', 'US']",8.4
tm15897,Se7en,MOVIE,1995,R,127,"['crime', 'thriller', 'drama']",['US'],8.6
ts21223,Pokémon,SHOW,1997,TV-Y7,22,"['action', 'scifi', 'animation', 'comedy', 'fantasy', 'family']",['JP'],7.4
tm191013,Boogie Nights,MOVIE,1997,R,156,['drama'],['US'],7.9
tm122434,Forrest Gump,MOVIE,1994,PG-13,142,"['drama', 'romance']",['US'],8.8
tm25947,Snatch,MOVIE,2000,R,103,"['crime', 'comedy']","['US', 'GB']",8.3
tm43808,The Talented Mr. Ripley,MOVIE,1999,R,139,"['thriller', 'drama', 'crime']",['US'],7.4
ts20339,One Piece,SHOW,1999,TV-14,23,"['animation', 'action', 'comedy', 'drama', 'fantasy']",['JP'],8.8
ts5145,The Challenge,SHOW,1998,TV-14,40,"['reality', 'comedy', 'drama', 'scifi']",['US'],7.8
tm191110,Titanic,MOVIE,1997,PG-13,194,"['drama', 'romance']",['US'],7.9
ts34435,Cowboy Bebop,SHOW,1998,TV-14,25,"['animation', 'action', 'scifi', 'western', 'comedy', 'drama', 'thriller']",['JP'],8.9
tm192037,Starship Troopers,MOVIE,1997,R,129,"['scifi', 'action', 'thriller']",['US'],7.3
tm27395,Mission: Impossible II,MOVIE,2000,PG-13,123,"['thriller', 'action']",['US'],6.1
tm113513,Dumb and Dumber,MOVIE,1994,PG-13,107,['comedy'],['US'],7.3
ts20983,Neon Genesis Evangelion,SHOW,1995,TV-14,24,"['drama', 'scifi', 'animation', 'action', 'fantasy', 'thriller']",['JP'],8.5
tm192405,Gattaca,MOVIE,1997,PG-13,106,"['scifi', 'thriller', 'romance', 'drama']",['US'],7.8
tm116655,Léon: The Professional,MOVIE,1994,R,111,"['crime', 'drama', 'action', 'thriller', 'european']","['US', 'FR']",8.5
ts21567,Gilmore Girls,SHOW,2000,TV-14,46,"['comedy', 'drama']",['US'],8.2
tm116488,Natural Born Killers,MOVIE,1994,R,118,"['thriller', 'drama', 'crime', 'action']",['US'],7.3
tm11556,The Quick and the Dead,MOVIE,1995,R,107,"['action', 'thriller', 'western', 'romance']","['JP', 'US']",6.5
tm56574,You've Got Mail,MOVIE,1998,PG,119,"['comedy', 'romance', 'drama']",['US'],6.7
ts20960,Power Rangers,SHOW,1993,TV-Y7,22,"['action', 'scifi', 'fantasy', 'family']",['US'],6.5
tm53991,Big Daddy,MOVIE,1999,PG-13,93,"['drama', 'comedy', 'european']",['US'],6.4
tm49178,Vampires,MOVIE,1998,R,104,"['fantasy', 'action', 'horror', 'thriller']",['US'],6.1
ts25252,Yu-Gi-Oh!,SHOW,1998,TV-Y,22,"['scifi', 'action', 'family', 'fantasy', 'animation', 'comedy', 'drama']",['JP'],7.3
tm191989,Donnie Brasco,MOVIE,1997,R,127,"['drama', 'thriller', 'crime']",['US'],7.7
ts22193,The Magic School Bus,SHOW,1994,TV-Y,26,"['animation', 'scifi', 'comedy', 'family', 'fantasy']","['CA', 'US']",7.8
ts22489,Goosebumps,SHOW,1995,TV-PG,22,"['scifi', 'thriller', 'family', 'fantasy', 'horror', 'music']","['US', 'CA']",7.6
ts21034,InuYasha,SHOW,2000,TV-14,25,"['scifi', 'action', 'fantasy', 'romance', 'animation', 'comedy', 'drama']",['JP'],7.9
tm121879,A River Runs Through It,MOVIE,1992,PG,123,['drama'],['US'],7.2
tm44402,"Girl, Interrupted",MOVIE,1999,R,127,"['drama', 'european']","['DE', 'US']",7.3
tm187187,Last Action Hero,MOVIE,1993,PG-13,131,"['action', 'fantasy', 'comedy', 'family']",['US'],6.4
ts16919,All That,SHOW,1994,TV-G,22,"['comedy', 'family', 'music']",['US'],7.5
tm6859,My Girl,MOVIE,1991,PG,103,"['drama', 'family', 'romance', 'comedy', 'european']",['US'],6.9
tm118238,Wyatt Earp,MOVIE,1994,PG-13,191,"['western', 'crime', 'action', 'drama']",['US'],6.7
tm111163,Eraser,MOVIE,1996,R,115,"['thriller', 'action', 'drama', 'crime']","['US', 'CA']",6.1
tm190835,Neon Genesis Evangelion: The End of Evangelion,MOVIE,1997,Not Availavle,87,"['action', 'drama', 'animation', 'scifi', 'fantasy']",['JP'],8.0
tm192769,Vegas Vacation,MOVIE,1997,PG,94,['comedy'],['US'],5.9
tm187791,In the Line of Fire,MOVIE,1993,R,128,"['drama', 'thriller', 'crime', 'action']",['US'],7.2
tm113576,Little Women,MOVIE,1994,PG,115,"['drama', 'romance', 'family']",['US'],7.3
tm65686,U.S. Marshals,MOVIE,1998,PG-13,131,"['thriller', 'crime', 'action']",['US'],6.5
ts8570,Barney & Friends,SHOW,1992,TV-G,28,"['comedy', 'family']",['US'],3.8
tm191387,Anaconda,MOVIE,1997,PG-13,89,"['horror', 'thriller', 'action']","['PE', 'US', 'BR']",4.8
ts27693,Kenan & Kel,SHOW,1996,TV-Y7,25,"['family', 'comedy']",['US'],7.8
tm19494,The Replacements,MOVIE,2000,PG-13,118,"['comedy', 'sport']",['US'],6.6
tm191772,Seven Years in Tibet,MOVIE,1997,PG-13,136,"['action', 'drama', 'history', 'war']",['US'],7.1
tm12499,The Net,MOVIE,1995,PG-13,114,"['thriller', 'action', 'crime', 'drama']",['US'],5.9
tm186589,Cliffhanger,MOVIE,1993,R,112,"['action', 'thriller', 'comedy', 'animation']","['IT', 'US', 'FR']",6.5
tm189764,Menace II Society,MOVIE,1993,R,97,"['drama', 'crime', 'thriller']",['US'],7.5
tm10739,Johnny Mnemonic,MOVIE,1995,R,97,"['action', 'drama', 'scifi', 'thriller']","['CA', 'US']",5.6
tm1822,3 Ninjas Kick Back,MOVIE,1994,PG,93,"['comedy', 'family', 'action', 'sport']","['JP', 'US']",4.5
tm55369,Edge of Seventeen,MOVIE,1998,R,104,"['romance', 'drama', 'comedy']",['US'],6.8
tm192431,The Devil's Own,MOVIE,1997,R,107,"['crime', 'thriller', 'drama', 'action', 'european']",['US'],6.2
ts22286,Cardcaptor Sakura,SHOW,1998,TV-Y7,25,"['scifi', 'animation', 'action', 'comedy', 'drama', 'family', 'fantasy', 'romance']",['JP'],8.0
tm192199,Spawn,MOVIE,1997,PG-13,96,"['scifi', 'action', 'drama', 'horror']",['US'],5.2
ts11397,Adventures of Sonic the Hedgehog,SHOW,1993,TV-Y7,22,"['scifi', 'animation', 'action', 'comedy', 'family', 'fantasy', 'western']",['US'],6.2
tm56033,Croupier,MOVIE,1998,R,94,"['drama', 'european', 'crime']","['IE', 'GB', 'DE', 'FR']",7.0
ts21581,Girlfriends,SHOW,2000,TV-PG,21,"['drama', 'comedy']",['US'],7.2
tm117488,The Next Karate Kid,MOVIE,1994,PG,107,"['action', 'drama', 'family', 'sport', 'romance']",['US'],4.5
tm190811,Geronimo: An American Legend,MOVIE,1993,PG-13,115,"['western', 'history', 'drama']",['US'],6.5
tm191431,Double Team,MOVIE,1997,R,93,"['action', 'scifi', 'comedy', 'thriller']","['HK', 'US']",4.8
tm10811,Heavy,MOVIE,1995,R,105,"['drama', 'romance']",['US'],6.8
tm49839,The Players Club,MOVIE,1998,R,104,"['comedy', 'drama']",['US'],5.9
ts20918,The Parkers,SHOW,1999,TV-PG,19,['comedy'],['US'],6.8
ts21693,"Sister, Sister",SHOW,1994,TV-PG,22,"['comedy', 'drama', 'family']",['US'],6.2
ts20939,Moesha,SHOW,1996,TV-PG,21,"['drama', 'comedy', 'family']",['US'],5.8
ts21684,Heartbreak High,SHOW,1994,TV-MA,45,"['drama', 'romance', 'comedy']",['AU'],7.8
ts22080,Oggy and the Cockroaches,SHOW,1999,TV-Y7,9,"['animation', 'comedy', 'family', 'action', 'european']",['FR'],7.4
tm67635,Kuch Kuch Hota Hai,MOVIE,1998,G,185,"['romance', 'comedy', 'drama']",['IN'],7.6
tm320211,Children of God,MOVIE,1994,Not Availavle,63,['documentation'],['GB'],6.3
tm7073,Knight Rider 2000,MOVIE,1991,G,91,"['action', 'scifi']",['US'],4.5
ts28516,Okupas,SHOW,2000,TV-MA,40,"['drama', 'crime']",['AR'],9.0
tm117873,Hum Aapke Hain Koun..!,MOVIE,1994,Not Availavle,206,"['drama', 'romance', 'comedy']",['IN'],7.5
tm55100,Dil Se..,MOVIE,1998,PG-13,163,"['drama', 'romance']",['IN'],7.5
tm64817,Jerry Seinfeld: I'm Telling You for the Last Time,MOVIE,1998,G,75,"['comedy', 'documentation']",['US'],7.9
ts22039,H,SHOW,1998,TV-MA,25,['comedy'],['FR'],7.4
tm188606,Sankofa,MOVIE,1993,Not Availavle,124,"['drama', 'european']","['DE', 'GH', 'GB', 'US', 'BF']",7.0
tm41525,Herod's Law,MOVIE,1999,R,123,"['comedy', 'crime', 'thriller']",['MX'],7.8
tm189171,Wild Tango,MOVIE,1993,R,124,"['drama', 'music', 'romance']","['ES', 'AR']",6.7
tm63514,The Last Days,MOVIE,1998,PG-13,87,"['drama', 'history', 'war', 'documentation']",['US'],7.9
tm21911,Sam Kinison: Live in Vegas,MOVIE,1991,Not Availavle,72,"['comedy', 'music', 'documentation']",['US'],6.6
tm188970,Bill Hicks: Revelations,MOVIE,1993,Not Availavle,74,"['comedy', 'documentation']",['GB'],8.5
tm12876,Bombay,MOVIE,1995,Not Availavle,141,"['drama', 'romance']",['IN'],8.1
tm62176,Mann,MOVIE,1999,Not Availavle,174,"['drama', 'romance']",['IN'],6.1
tm52871,Soldier,MOVIE,1998,Not Availavle,156,"['thriller', 'action', 'drama', 'romance']",['IN'],6.2
tm104933,Sinbad: Son of a Preacher Man,MOVIE,1996,Not Availavle,56,"['comedy', 'documentation']",['US'],6.8
tm184326,Damini,MOVIE,1993,Not Availavle,175,"['drama', 'crime']",['IN'],7.8
tm62385,Hum Saath Saath Hain,MOVIE,1999,G,177,"['romance', 'family', 'fantasy', 'drama']",['IN'],6.2
tm191614,Destiny,MOVIE,1997,Not Availavle,136,"['drama', 'history', 'comedy', 'romance']","['FR', 'EG']",7.1
tm110766,Chronicle of a Disappearance,MOVIE,1996,Not Availavle,88,['drama'],"['PS', 'US', 'FR', 'DE']",6.9
tm9898,Muthu,MOVIE,1995,G,165,"['comedy', 'drama', 'action', 'romance']",['IN'],7.6
tm47530,Jeans,MOVIE,1998,Not Availavle,175,"['comedy', 'drama', 'romance']",['IN'],6.4
tm57169,Monty Python: Live at Aspen,MOVIE,1998,Not Availavle,58,"['comedy', 'documentation']","['GB', 'US']",7.8
tm192301,Minsara Kanavu,MOVIE,1997,G,145,"['comedy', 'romance', 'drama']",['IN'],6.7
tm58893,Duplicate,MOVIE,1998,PG,165,"['comedy', 'action', 'crime', 'thriller']",['IN'],5.5
tm110160,Avvai Shanmugi,MOVIE,1996,PG-13,160,"['drama', 'comedy']",['IN'],7.9
tm118438,Anjaam,MOVIE,1994,Not Availavle,137,"['romance', 'crime', 'thriller', 'drama']",['IN'],6.6
tm424630,A Triumph of the Heart: The Ricky Bell Story,MOVIE,1991,Not Availavle,100,"['drama', 'sport']",['US'],7.2
tm27601,Phir Bhi Dil Hai Hindustani,MOVIE,2000,PG-13,160,"['comedy', 'romance', 'drama']",['IN'],6.1
tm203186,Children of Shatila,MOVIE,1999,Not Availavle,50,"['documentation', 'history']",['LB'],8.1
tm7951,Tim Allen: Rewires America,MOVIE,1991,PG,30,"['comedy', 'documentation']",['US'],6.0
tm52083,West Beirut,MOVIE,1998,PG-13,105,"['romance', 'drama', 'comedy', 'war', 'european']","['FR', 'NO', 'LB', 'BE']",7.6
tm340430,Govindha Govindha,MOVIE,1993,Not Availavle,145,"['drama', 'action', 'crime']",['IN'],6.6
tm7032,Out of Life,MOVIE,1991,Not Availavle,97,"['drama', 'war', 'crime', 'european']","['BE', 'FR', 'IT', 'LB']",6.9
tm256669,Gumrah,MOVIE,1993,Not Availavle,149,"['drama', 'action', 'crime', 'thriller']",['IN'],6.1
tm64729,Sinbad: Nothin' but the Funk,MOVIE,1998,Not Availavle,56,"['comedy', 'documentation']",['US'],6.3
tm184224,Sinbad: Afros and Bellbottoms,MOVIE,1993,PG-13,60,"['comedy', 'documentation']",['US'],7.8
tm25389,Fiza,MOVIE,2000,Not Availavle,170,"['romance', 'action', 'crime', 'drama', 'thriller']",['IN'],6.0
tm34391,Before the Flying Circus,MOVIE,2000,Not Availavle,55,"['comedy', 'documentation']",['GB'],7.3
tm44776,The Other,MOVIE,1999,Not Availavle,106,"['romance', 'european', 'drama']","['FR', 'EG']",5.9
tm334788,Yodha,MOVIE,1991,Not Availavle,142,"['action', 'drama']",['IN'],4.5
tm117840,The Emigrant,MOVIE,1994,Not Availavle,129,['drama'],"['FR', 'EG']",6.5
tm42397,Hello Brother,MOVIE,1999,Not Availavle,131,"['comedy', 'romance', 'fantasy', 'action']",['IN'],4.6
tm314602,Dushmani,MOVIE,1995,Not Availavle,156,"['romance', 'action', 'drama']",['IN'],5.0
tm7810,Nightmare in Columbia County,MOVIE,1991,Not Availavle,100,"['drama', 'thriller', 'crime']",['US'],5.5
tm449775,Shikari,MOVIE,1991,Not Availavle,162,"['drama', 'action']","['IN', 'SU']",5.8
ts4,Breaking Bad,SHOW,2008,TV-MA,48,"['drama', 'crime', 'thriller']",['US'],9.5
ts20371,Top Gear,SHOW,2002,TV-PG,58,"['comedy', 'reality', 'european', 'music']",['GB'],8.7
ts9,The Walking Dead,SHOW,2010,TV-MA,46,"['action', 'drama', 'scifi', 'horror', 'thriller']",['US'],8.2
ts21465,Supernatural,SHOW,2005,TV-14,45,"['scifi', 'horror', 'thriller', 'drama', 'fantasy']",['US'],8.4
tm74402,The Mist,MOVIE,2007,R,126,"['horror', 'scifi', 'thriller']",['US'],7.1
tm91952,Mean Girls,MOVIE,2004,PG-13,97,['comedy'],"['CA', 'US']",7.1
ts288536,The Great British Baking Show,SHOW,2010,TV-PG,57,"['reality', 'european']",['GB'],8.6
ts12724,30 Rock,SHOW,2006,TV-14,25,"['comedy', 'sport']",['US'],8.3
ts6644,Borgen,SHOW,2010,TV-MA,58,"['drama', 'european']",['DK'],8.5
ts8308,Community,SHOW,2009,TV-PG,23,['comedy'],['US'],8.5
tm111828,Catch Me If You Can,MOVIE,2002,PG-13,141,"['drama', 'crime']",['US'],8.1
ts21469,Grey's Anatomy,SHOW,2005,TV-14,49,"['drama', 'romance']",['US'],7.6
ts17156,Arrested Development,SHOW,2003,TV-MA,28,['comedy'],['US'],8.7
ts22011,Heartland,SHOW,2007,TV-PG,44,"['drama', 'family']",['CA'],8.4
ts26091,The Staircase,SHOW,2004,TV-MA,49,"['crime', 'documentation', 'drama']",['FR'],7.8
tm150112,Old School,MOVIE,2003,R,88,"['comedy', 'european']",['US'],7.0
ts22337,NCIS,SHOW,2003,TV-14,43,"['crime', 'action', 'thriller', 'drama', 'comedy']",['US'],7.8
ts3371,Avatar: The Last Airbender,SHOW,2005,TV-Y7,24,"['scifi', 'animation', 'action', 'family', 'fantasy']",['US'],9.3
tm80906,Anchorman: The Legend of Ron Burgundy,MOVIE,2004,PG-13,95,['comedy'],['US'],7.1
ts20604,Friday Night Lights,SHOW,2006,TV-14,43,"['drama', 'sport']",['US'],8.7
ts20573,The IT Crowd,SHOW,2006,TV-14,25,"['comedy', 'european']",['GB'],8.5
tm92641,Inception,MOVIE,2010,PG-13,148,"['action', 'scifi', 'music', 'thriller']","['US', 'GB']",8.8
ts22099,The Spectacular Spider-Man,SHOW,2008,TV-Y7,22,"['action', 'animation', 'family', 'scifi', 'comedy']",['US'],8.3
tm27911,The Departed,MOVIE,2006,R,151,"['drama', 'thriller', 'crime', 'action']",['US'],8.5
ts21464,Zoey 101,SHOW,2005,TV-G,25,"['drama', 'comedy', 'family', 'romance']",['US'],6.1
tm88465,Insidious,MOVIE,2010,PG-13,103,"['horror', 'thriller']","['CA', 'US']",6.8
tm172683,War of the Worlds,MOVIE,2005,PG-13,117,"['action', 'thriller', 'scifi']",['US'],6.5
ts11313,DEATH NOTE,SHOW,2006,TV-14,24,"['animation', 'thriller', 'scifi', 'drama', 'fantasy', 'crime']",['JP'],9.0
ts21247,The Vampire Diaries,SHOW,2009,TV-14,42,"['drama', 'scifi', 'horror', 'romance', 'thriller', 'fantasy']",['US'],7.7
ts20305,Naruto,SHOW,2002,TV-PG,23,"['animation', 'action', 'scifi', 'comedy', 'fantasy', 'thriller']",['JP'],8.4
tm42877,Wanted,MOVIE,2008,R,110,"['action', 'thriller', 'crime', 'fantasy']","['DE', 'US']",6.7
tm39030,Casino Royale,MOVIE,2006,Not Availavle,144,"['action', 'thriller', 'european']","['DE', 'GB', 'US', 'BS', 'CZ']",8.0
ts21511,My Little Pony: Friendship Is Magic,SHOW,2010,TV-Y7,22,"['comedy', 'scifi', 'animation', 'fantasy', 'family', 'drama', 'music']","['CA', 'US']",7.6
ts17942,Chappelle's Show,SHOW,2003,TV-14,21,"['comedy', 'music']",['US'],8.8
tm89677,The Terminal,MOVIE,2004,PG-13,128,"['drama', 'comedy', 'romance']",['US'],7.4
tm78592,Michael Clayton,MOVIE,2007,R,114,"['thriller', 'drama', 'crime']",['US'],7.2
tm105329,Road to Perdition,MOVIE,2002,R,117,"['thriller', 'documentation', 'drama', 'crime']",['US'],7.7
ts30311,Victorious,SHOW,2010,TV-G,25,"['comedy', 'family', 'drama', 'music', 'romance', 'sport']",['US'],6.9
tm139658,Big Fish,MOVIE,2003,PG-13,125,"['action', 'fantasy', 'drama', 'romance']",['US'],8.0
tm26327,The Hurt Locker,MOVIE,2008,R,131,"['thriller', 'drama', 'war']",['US'],7.5
tm95477,Troy,MOVIE,2004,R,163,"['action', 'history', 'war', 'drama', 'european']","['MT', 'GB', 'US']",7.3
tm154187,Sherlock Holmes,MOVIE,2009,PG-13,129,"['crime', 'thriller', 'action']","['AU', 'DE', 'GB', 'US']",7.6
ts22267,Trailer Park Boys,SHOW,2001,TV-MA,25,"['comedy', 'crime']",['CA'],8.6
tm133767,Love Actually,MOVIE,2003,R,135,"['drama', 'comedy', 'romance']","['GB', 'US']",7.6
ts2230,America's Next Top Model,SHOW,2003,TV-14,44,['reality'],['US'],5.6
tm45454,Get Smart,MOVIE,2008,PG-13,110,"['comedy', 'thriller', 'action']",['US'],6.5
tm26897,Quantum of Solace,MOVIE,2008,PG-13,106,"['thriller', 'action']","['GB', 'US']",6.6
tm133374,The Blind Side,MOVIE,2009,PG-13,129,"['drama', 'sport']",['US'],7.6
tm136808,Identity,MOVIE,2003,R,90,['thriller'],['US'],7.3
tm70807,I Am Legend,MOVIE,2007,PG-13,101,"['scifi', 'thriller', 'action', 'drama']",['US'],7.2
ts19036,The Fairly OddParents,SHOW,2001,TV-Y7,23,"['comedy', 'scifi', 'animation', 'family', 'fantasy']","['CA', 'US']",7.2
tm93055,Grown Ups,MOVIE,2010,PG-13,102,"['comedy', 'drama', 'european']",['US'],5.9
tm85811,The Girl Next Door,MOVIE,2004,Not Availavle,110,"['comedy', 'romance', 'drama']",['US'],6.7
ts22456,Ned's Declassified School Survival Guide,SHOW,2004,TV-G,25,"['family', 'comedy']",['US'],7.4
tm131038,Public Enemies,MOVIE,2009,R,140,"['action', 'crime', 'drama', 'history', 'european']","['US', 'JP']",7.0
tm58382,Not Another Teen Movie,MOVIE,2001,R,89,['comedy'],['US'],5.7
tm35463,Blow,MOVIE,2001,R,124,"['crime', 'drama']",['US'],7.5
tm30603,Hancock,MOVIE,2008,PG-13,92,"['fantasy', 'action', 'crime', 'drama']",['US'],6.4
ts22018,iCarly,SHOW,2007,TV-G,26,"['comedy', 'family', 'romance']",['US'],6.7
tm20959,The Pursuit of Happyness,MOVIE,2006,PG-13,117,"['drama', 'european']",['US'],8.0
tm136308,Monster,MOVIE,2003,R,110,"['crime', 'drama', 'thriller', 'european']",['US'],7.3
tm29737,Rambo,MOVIE,2008,R,92,"['action', 'thriller', 'war', 'european']","['DE', 'US']",7.0
tm148270,Something's Gotta Give,MOVIE,2003,PG-13,128,"['drama', 'comedy', 'romance']",['US'],6.7
tm89036,Harold & Kumar Go to White Castle,MOVIE,2004,R,83,['comedy'],['US'],7.0
tm46436,Thir13en Ghosts,MOVIE,2001,R,91,"['horror', 'thriller', 'fantasy']","['CA', 'US']",5.6
ts21197,Merlin,SHOW,2008,TV-PG,44,"['action', 'drama', 'scifi', 'fantasy', 'european']",['GB'],7.9
ts21544,Transformers: Prime,SHOW,2010,TV-Y7,22,"['action', 'animation', 'comedy', 'drama', 'family', 'scifi']",['US'],7.9
tm150260,Cloudy with a Chance of Meatballs,MOVIE,2009,PG,90,"['animation', 'comedy', 'family', 'fantasy', 'scifi', 'romance', 'drama']",['US'],6.9
ts31263,The Mole,SHOW,2001,TV-14,47,['reality'],"['BE', 'US']",7.6
ts30313,Offspring,SHOW,2010,Not Availavle,44,"['drama', 'comedy']",['AU'],8.3
tm79895,Halloween,MOVIE,2007,R,109,['horror'],['US'],6.0
ts12787,Code Geass: Lelouch of the Rebellion,SHOW,2006,TV-14,24,"['scifi', 'action', 'animation', 'drama', 'war', 'thriller']",['JP'],8.7
tm116324,Jackass: The Movie,MOVIE,2002,R,88,"['comedy', 'documentation', 'action']",['US'],6.6
tm39828,Semi-Pro,MOVIE,2008,R,94,"['comedy', 'sport', 'european']",['US'],5.8
tm23935,The Lake House,MOVIE,2006,PG,99,"['drama', 'thriller', 'fantasy', 'romance', 'documentation']",['US'],6.8
tm78067,The Girl Next Door,MOVIE,2007,R,91,"['crime', 'drama', 'horror', 'thriller']",['US'],6.5
tm95252,The Book of Eli,MOVIE,2010,R,118,"['scifi', 'action', 'thriller', 'drama', 'european']",['US'],6.8
tm32919,Blood Diamond,MOVIE,2006,R,143,"['drama', 'thriller', 'action']","['DE', 'US']",8.0
tm169949,Just Like Heaven,MOVIE,2005,PG-13,95,"['romance', 'drama', 'comedy', 'fantasy']",['US'],6.7
tm30205,Ip Man,MOVIE,2008,R,106,"['drama', 'fantasy', 'comedy', 'history', 'action']",['HK'],8.0
tm40009,21,MOVIE,2008,PG-13,123,"['crime', 'drama', 'history', 'thriller']",['US'],6.8
tm141390,Friday the 13th,MOVIE,2009,R,97,"['horror', 'thriller']",['US'],5.5
ts35155,Gurren Lagann,SHOW,2007,TV-14,24,"['action', 'scifi', 'animation', 'comedy', 'drama']",['JP'],8.3
tm94606,Let Me In,MOVIE,2010,R,116,"['drama', 'horror', 'thriller', 'fantasy', 'european']","['GB', 'US']",7.1
ts15986,Dead Set,SHOW,2008,TV-MA,141,"['scifi', 'reality', 'thriller', 'comedy', 'drama', 'horror', 'european']",['GB'],7.6
tm102337,A Nightmare on Elm Street,MOVIE,2010,R,95,"['horror', 'thriller', 'crime', 'drama']",['US'],5.2
ts22318,Winx Club,SHOW,2004,TV-G,23,"['animation', 'action', 'comedy', 'family', 'fantasy', 'thriller', 'european']",['IT'],6.2
tm159901,Miss Congeniality 2: Armed and Fabulous,MOVIE,2005,PG-13,115,"['action', 'comedy', 'crime']",['US'],5.1
tm74780,The Bucket List,MOVIE,2007,PG-13,97,"['drama', 'comedy', 'european']",['US'],7.4
ts30356,Octonauts,SHOW,2010,TV-Y,15,"['action', 'animation', 'comedy', 'family']",['GB'],7.6
ts32186,Sonic X,SHOW,2003,TV-Y7,21,"['family', 'animation', 'action', 'comedy', 'drama', 'thriller', 'fantasy', 'scifi']",['JP'],6.2
tm24088,Scary Movie 4,MOVIE,2006,PG-13,83,"['comedy', 'horror']",['US'],5.1
tm111600,The Sweetest Thing,MOVIE,2002,R,84,"['comedy', 'romance']",['US'],5.1
tm88045,How Do You Know,MOVIE,2010,PG-13,121,"['comedy', 'drama', 'romance']",['US'],5.4
tm78919,Mr. Bean's Holiday,MOVIE,2007,G,90,"['family', 'comedy', 'european']","['US', 'FR', 'DE', 'GB']",6.4
tm173066,The Interpreter,MOVIE,2005,PG-13,128,"['thriller', 'crime', 'european']","['GB', 'US', 'FR', 'DE']",6.4
tm118637,John Q,MOVIE,2002,PG-13,116,"['drama', 'thriller', 'crime']",['US'],7.0
tm142564,3 Idiots,MOVIE,2009,PG-13,170,"['drama', 'comedy']",['IN'],8.4
tm57190,The One,MOVIE,2001,PG-13,87,"['thriller', 'action', 'scifi']",['US'],5.9
ts21706,H2O: Just Add Water,SHOW,2006,TV-PG,25,"['scifi', 'drama', 'family', 'fantasy']",['AU'],7.2
tm137362,The Texas Chainsaw Massacre,MOVIE,2003,R,98,"['horror', 'crime']",['US'],6.2
ts24028,Still Game,SHOW,2002,TV-14,29,"['comedy', 'european']",['GB'],8.9
tm148379,The Cat in the Hat,MOVIE,2003,PG,82,"['family', 'fantasy', 'comedy', 'action']",['US'],4.0
tm137342,Tears of the Sun,MOVIE,2003,R,121,"['war', 'action', 'drama', 'thriller']",['US'],6.6
tm90864,Due Date,MOVIE,2010,R,95,"['comedy', 'drama']",['US'],6.5
ts21740,Black Butler,SHOW,2008,TV-MA,25,"['scifi', 'animation', 'drama', 'thriller', 'comedy', 'fantasy', 'action', 'horror', 'crime']",['JP'],8.2
tm32144,We Are Marshall,MOVIE,2006,PG,131,"['drama', 'sport']",['US'],7.0
tm141707,Blood and Bone,MOVIE,2009,R,93,"['thriller', 'sport', 'action', 'crime', 'drama']",['US'],6.7
tm150214,Freddy vs. Jason,MOVIE,2003,R,97,"['horror', 'action']","['IT', 'US']",5.7
tm81030,The Golden Compass,MOVIE,2007,PG-13,113,"['action', 'fantasy', 'family']","['GB', 'US']",6.1
ts687,The 4400,SHOW,2004,TV-14,44,"['drama', 'scifi', 'thriller']",['US'],7.3
tm147211,The Men Who Stare at Goats,MOVIE,2009,R,94,"['comedy', 'war']","['US', 'GB']",6.2
ts31514,Strawberry Shortcake,SHOW,2003,TV-Y,23,"['animation', 'family']",['US'],7.0
ts33559,Shaun the Sheep,SHOW,2007,TV-G,7,"['animation', 'comedy', 'family', 'european']",['GB'],8.1
tm78671,Cleaner,MOVIE,2007,R,88,"['thriller', 'crime']",['US'],6.1
ts26322,Toradora!,SHOW,2008,TV-14,30,"['animation', 'comedy', 'drama', 'romance']",['JP'],8.0
ts12815,Big Time Rush,SHOW,2009,TV-G,25,"['family', 'comedy']",['US'],6.3
tm27268,Monster House,MOVIE,2006,PG,91,"['animation', 'comedy', 'family', 'fantasy']",['US'],6.6
tm86189,Good Luck Chuck,MOVIE,2007,Not Availavle,101,"['comedy', 'romance']","['US', 'CA']",5.6
tm700,"10,000 BC",MOVIE,2008,PG-13,109,"['action', 'drama', 'fantasy', 'history', 'thriller']","['US', 'ZA']",5.1
tm101249,Cop Out,MOVIE,2010,R,107,"['crime', 'action', 'comedy', 'thriller']",['US'],5.5
tm161263,The Cave,MOVIE,2005,PG-13,97,"['horror', 'thriller', 'action', 'scifi', 'european']","['DE', 'US']",5.1
tm81270,Starsky & Hutch,MOVIE,2004,PG-13,101,"['comedy', 'crime']",['US'],6.1
tm89684,New York Minute,MOVIE,2004,PG,87,"['comedy', 'crime', 'family', 'romance']",['US'],4.9
tm165593,Rumor Has It...,MOVIE,2005,PG-13,97,"['romance', 'comedy', 'drama']","['DE', 'US']",5.5
tm112381,Comedian,MOVIE,2002,R,82,"['comedy', 'documentation']",['US'],6.9
tm39487,Catch and Release,MOVIE,2006,PG-13,111,"['drama', 'romance', 'comedy']",['US'],5.9
ts23752,Midnight Diner,SHOW,2009,TV-MA,27,"['drama', 'comedy']",['JP'],8.6
tm43399,Lagaan: Once Upon a Time in India,MOVIE,2001,PG,224,"['romance', 'drama', 'action', 'sport']",['IN'],8.1
ts21421,Pocoyo,SHOW,2005,TV-G,11,"['animation', 'family', 'comedy', 'european']","['GB', 'ES']",3.9
ts22005,Total Drama Island,SHOW,2007,TV-PG,23,"['war', 'reality', 'animation', 'action', 'comedy', 'drama', 'family']",['CA'],7.3
ts20398,Kath & Kim,SHOW,2002,Not Availavle,24,['comedy'],['AU'],8.3
tm29555,Friends with Money,MOVIE,2006,R,88,"['comedy', 'drama', 'romance']",['US'],5.8
tm103095,Ip Man 2,MOVIE,2010,R,108,"['drama', 'action', 'history', 'sport']","['HK', 'CN']",7.5
tm97070,Life As We Know It,MOVIE,2010,PG-13,114,"['comedy', 'romance', 'drama']",['US'],6.5
tm101334,Death at a Funeral,MOVIE,2010,R,92,"['comedy', 'drama']",['US'],5.7
tm183963,Dreamer: Inspired By a True Story,MOVIE,2005,PG,106,"['family', 'drama', 'sport', 'fantasy']",['US'],6.8
tm77649,Premonition,MOVIE,2007,PG-13,96,"['thriller', 'drama', 'fantasy']",['US'],5.9
tm86924,Soul Plane,MOVIE,2004,R,86,"['romance', 'comedy']",['US'],4.5
tm26638,The Texas Chainsaw Massacre: The Beginning,MOVIE,2006,R,91,"['thriller', 'horror', 'documentation']",['US'],5.8
ts20544,Ouran High School Host Club,SHOW,2006,TV-14,23,"['comedy', 'drama', 'animation', 'romance']",['JP'],8.2
ts23835,Masha and the Bear,SHOW,2009,TV-Y,7,"['family', 'action', 'animation', 'comedy']",['RU'],7.5
tm104880,Louis C.K.: Hilarious,MOVIE,2010,Not Availavle,84,['comedy'],['US'],8.4
ts30288,Mobile Suit Gundam Unicorn,SHOW,2010,TV-14,36,"['scifi', 'animation', 'action', 'drama', 'war']",['JP'],7.8
ts38159,Wakfu,SHOW,2008,TV-Y7,22,"['action', 'scifi', 'family', 'fantasy', 'animation', 'european']",['FR'],8.1
tm22294,Deck the Halls,MOVIE,2006,PG,93,"['family', 'comedy']",['US'],5.0
tm100015,Takers,MOVIE,2010,PG-13,107,"['action', 'crime', 'drama', 'thriller']",['US'],6.2
ts25765,Vampire Knight,SHOW,2008,TV-14,25,"['animation', 'drama', 'action', 'scifi', 'thriller', 'fantasy', 'horror', 'romance']",['JP'],7.3
ts21688,Boys Over Flowers,SHOW,2009,TV-14,64,"['comedy', 'drama', 'romance']",['KR'],7.9
tm83786,Like Stars on Earth,MOVIE,2007,PG,165,"['drama', 'family']",['IN'],8.3
tm130574,Did You Hear About the Morgans?,MOVIE,2009,PG-13,103,"['comedy', 'drama', 'romance']",['US'],4.9
tm114476,Stuart Little 2,MOVIE,2002,G,78,"['animation', 'comedy', 'family', 'action', 'fantasy']",['US'],5.5
ts20535,The Garfield Show,SHOW,2009,TV-G,17,"['animation', 'comedy', 'family', 'european']",['US'],5.4
ts1893,Ben & Holly's Little Kingdom,SHOW,2009,TV-G,14,"['animation', 'comedy', 'family', 'fantasy', 'european']",['GB'],7.4
tm118462,Half Past Dead,MOVIE,2002,PG-13,98,"['thriller', 'action', 'crime', 'european']","['DE', 'US']",4.6
ts12701,Code Lyoko,SHOW,2003,TV-G,24,"['action', 'animation', 'comedy', 'thriller', 'scifi', 'family', 'romance', 'fantasy']",['FR'],7.3
ts121176,DreamWorks Shrek's Swamp Stories,SHOW,2010,TV-PG,24,"['comedy', 'family', 'fantasy', 'horror', 'music', 'animation', 'scifi']",['US'],6.5
tm86995,Christmas with the Kranks,MOVIE,2004,PG,99,"['comedy', 'family']",['US'],5.4
ts20526,The Game,SHOW,2006,TV-14,22,"['drama', 'comedy', 'romance', 'sport']",['US'],6.6
ts23808,Monty Python: Almost the Truth (The Lawyer's Cut),SHOW,2009,TV-MA,55,"['comedy', 'documentation']",['US'],8.1
tm97544,Alpha and Omega,MOVIE,2010,PG,88,"['animation', 'family', 'comedy', 'action', 'romance']","['CA', 'US', 'IN']",5.1
ts31593,Pororo the Little Penguin,SHOW,2003,Not Availavle,9,"['scifi', 'family', 'animation', 'action']",['KR'],6.3
ts27459,The Legend of Bruce Lee,SHOW,2008,Not Availavle,45,"['action', 'drama']",['CN'],7.0
ts3666,Den-noh Coil,SHOW,2007,TV-Y7,25,"['scifi', 'animation', 'comedy', 'drama']",['JP'],7.8
tm164557,Initial D,MOVIE,2005,Not Availavle,107,"['crime', 'thriller', 'drama', 'action', 'animation', 'romance', 'comedy']","['JP', 'HK']",6.3
tm80059,Naruto Shippuden the Movie,MOVIE,2007,PG-13,94,"['animation', 'action', 'fantasy', 'family']",['JP'],6.7
tm135451,Gifted Hands: The Ben Carson Story,MOVIE,2009,Not Availavle,86,['drama'],['US'],7.6
tm71558,The Legend of the Nahuala,MOVIE,2007,PG,80,"['fantasy', 'animation', 'family']",['MX'],6.1
tm134235,One Piece: Strong World,MOVIE,2009,PG-13,114,"['fantasy', 'action', 'animation']",['JP'],7.5
tm160800,Chaos,MOVIE,2005,R,106,"['crime', 'drama', 'action', 'thriller', 'european']","['CA', 'GB', 'US']",6.4
tm22342,Waist Deep,MOVIE,2006,R,97,"['thriller', 'action', 'drama', 'crime']",['US'],5.8
ts42914,Zig and Sharko,SHOW,2010,Not Availavle,9,"['comedy', 'romance', 'action', 'animation', 'family', 'fantasy', 'european']",['FR'],6.8
tm22636,Trailer Park Boys: The Movie,MOVIE,2006,R,95,"['comedy', 'crime']",['CA'],7.1
ts21967,Johnny Test,SHOW,2005,TV-Y7,18,"['animation', 'comedy', 'drama', 'family', 'scifi', 'action']","['CA', 'US']",5.1
tm85549,Tito,MOVIE,2004,Not Availavle,120,"['documentation', 'crime', 'drama', 'romance', 'action']",['EG'],7.2
tm100688,Even the Rain,MOVIE,2010,Not Availavle,104,"['drama', 'european', 'history']","['FR', 'MX', 'ES']",7.4
tm22493,Katt Williams: The Pimp Chronicles Pt. 1,MOVIE,2006,Not Availavle,46,"['comedy', 'documentation']",['US'],7.6
ts14102,Bo on the Go!,SHOW,2007,Not Availavle,22,['animation'],['CA'],4.2
tm103732,Udaan,MOVIE,2010,R,138,['drama'],['IN'],8.1
tm73058,Om Shanti Om,MOVIE,2007,PG,162,"['thriller', 'drama', 'action', 'comedy', 'fantasy', 'romance']",['IN'],6.7
tm138497,Trailer Park Boys: Countdown to Liquor Day,MOVIE,2009,R,102,"['comedy', 'crime']",['CA'],7.3
ts20358,Half & Half,SHOW,2002,TV-14,21,['comedy'],['US'],7.0
tm36475,Kabhi Khushi Kabhie Gham,MOVIE,2001,G,210,"['drama', 'romance']",['IN'],7.4
tm144345,Kal Ho Naa Ho,MOVIE,2003,PG,186,"['drama', 'romance', 'comedy']",['IN'],7.9
tm76835,Jab We Met,MOVIE,2007,PG-13,144,"['romance', 'comedy', 'drama']",['IN'],7.9
tm38896,From Within,MOVIE,2008,R,89,"['horror', 'thriller', 'documentation', 'war', 'european']",['US'],5.6
tm86051,Black Friday,MOVIE,2004,R,161,"['crime', 'history', 'action', 'drama']",['IN'],8.4
ts74931,Kung Fu Panda Awesome Secrets,SHOW,2008,TV-PG,32,"['action', 'animation', 'comedy', 'family']",['US'],7.1
tm29269,Jodhaa Akbar,MOVIE,2008,PG-13,214,"['romance', 'history', 'war', 'action', 'drama']",['IN'],7.5
ts17028,Dinosaur King,SHOW,2007,Not Availavle,20,"['action', 'animation', 'scifi', 'comedy', 'family', 'western']",['JP'],5.6
tm91046,"Cairo 6,7,8",MOVIE,2010,Not Availavle,100,['drama'],['EG'],7.4
tm75022,Zach Galifianakis: Live at the Purple Onion,MOVIE,2007,Not Availavle,61,"['comedy', 'documentation']",['US'],7.2
tm41508,First Sunday,MOVIE,2008,PG-13,96,"['comedy', 'action', 'crime', 'drama']",['US'],4.5
ts67595,El Escamoso,SHOW,2001,TV-14,48,"['drama', 'comedy']",['CO'],7.5
tm49405,Inuyasha the Movie: Affections Touching Across Time,MOVIE,2001,PG-13,99,"['action', 'animation', 'fantasy']",['JP'],7.2
tm82765,Swades,MOVIE,2004,G,189,"['drama', 'european']","['IN', 'US']",8.1
tm33981,Bon Cop Bad Cop,MOVIE,2006,PG-13,116,"['comedy', 'crime', 'action', 'scifi', 'drama', 'thriller']",['CA'],6.5
ts52849,Horrid Henry,SHOW,2006,Not Availavle,13,"['animation', 'comedy', 'family', 'music', 'fantasy', 'european']",['GB'],6.3
tm95238,The Boy Who Cried Werewolf,MOVIE,2010,G,97,"['fantasy', 'horror', 'family', 'comedy']","['US', 'CA']",5.9
tm32885,Rang De Basanti,MOVIE,2006,PG-13,157,"['drama', 'history', 'comedy', 'crime']",['IN'],8.1
ts72322,The Mafia Dolls,SHOW,2009,TV-14,43,"['drama', 'action']",['CO'],6.6
ts63295,Vientos de agua,SHOW,2006,TV-MA,73,['drama'],"['AR', 'ES']",8.8
ts23319,Timmy Time,SHOW,2009,TV-Y,14,"['animation', 'comedy', 'family', 'fantasy', 'european']",['GB'],6.9
ts21695,Iris,SHOW,2009,TV-14,61,"['action', 'drama', 'comedy', 'reality', 'romance', 'thriller']",['KR'],7.8
tm72587,Guru,MOVIE,2007,PG-13,166,"['romance', 'documentation', 'drama', 'european']",['IN'],7.7
tm99776,Whitney Cummings: Money Shot,MOVIE,2010,Not Availavle,48,"['comedy', 'documentation']",['US'],6.2
tm83175,Welcome,MOVIE,2007,Not Availavle,160,"['drama', 'action', 'comedy', 'romance', 'crime']",['IN'],7.0
tm139349,Jim Gaffigan: King Baby,MOVIE,2009,Not Availavle,72,"['comedy', 'documentation']",['US'],7.7
tm59880,Mike Birbiglia: What I Should Have Said Was Nothing,MOVIE,2008,Not Availavle,60,['comedy'],['US'],7.6
ts56589,Tayo the Little Bus,SHOW,2010,TV-Y,11,"['animation', 'comedy', 'family']",['KR'],5.3
tm61056,Dil Chahta Hai,MOVIE,2001,G,184,"['romance', 'comedy', 'drama']",['IN'],8.1
tm129763,Anbe Sivam,MOVIE,2003,Not Availavle,160,"['comedy', 'drama']",['IN'],8.7
ts21664,One on One,SHOW,2001,TV-14,20,['comedy'],['US'],7.0
tm44378,Tony Manero,MOVIE,2008,Not Availavle,97,"['drama', 'music']",['CL'],6.8
tm25842,A Lion in the House,MOVIE,2006,Not Availavle,225,['documentation'],['US'],8.7
tm34846,Bleach the Movie: Fade to Black,MOVIE,2008,PG-13,94,"['fantasy', 'action', 'drama', 'animation']",['JP'],7.1
tm71119,Delta Farce,MOVIE,2007,PG-13,90,"['comedy', 'action']",['US'],3.6
tm170873,My Suicide,MOVIE,2009,R,110,"['drama', 'comedy']",['US'],7.0
tm22540,Phir Hera Pheri,MOVIE,2006,Not Availavle,155,"['comedy', 'crime']",['IN'],7.1
tm96037,Naruto Shippuden the Movie: The Lost Tower,MOVIE,2010,PG-13,85,"['animation', 'action', 'fantasy']",['JP'],6.8
tm110923,Divine Intervention,MOVIE,2002,Not Availavle,92,"['romance', 'comedy', 'drama', 'war']","['FR', 'MA', 'DE', 'PS']",6.6
tm168869,Da Kath & Kim Code,MOVIE,2005,Not Availavle,90,['comedy'],['AU'],7.3
ts37200,Trotro,SHOW,2004,TV-G,3,"['animation', 'family', 'european']",['FR'],6.3
tm147686,Kevin Hart: I'm a Grown Little Man,MOVIE,2009,R,73,"['comedy', 'documentation']",['US'],7.5
tm93612,Bleach the Movie: Hell Verse,MOVIE,2010,PG-13,94,"['fantasy', 'animation', 'action']",['JP'],7.4
tm36164,Naruto Shippuden the Movie: Bonds,MOVIE,2008,PG-13,90,"['fantasy', 'animation', 'action']",['JP'],6.8
tm30170,Don,MOVIE,2006,PG-13,167,"['thriller', 'crime', 'action', 'european']",['IN'],7.1
tm29731,Chup Chup Ke,MOVIE,2006,G,165,"['comedy', 'drama', 'romance']",['IN'],6.9
tm147494,Naruto Shippuden the Movie: The Will of Fire,MOVIE,2009,PG-13,95,"['action', 'comedy', 'drama', 'fantasy', 'animation']",['JP'],7.0
tm44530,Fashion,MOVIE,2008,PG-13,167,"['drama', 'romance']",['IN'],6.9
tm89936,Arahan,MOVIE,2004,Not Availavle,114,"['fantasy', 'action', 'comedy', 'thriller']",['KR'],6.6
ts98353,DreamWorks Spooky Stories,SHOW,2009,TV-PG,26,['animation'],['US'],6.2
ts44663,Oscar's Oasis,SHOW,2010,TV-Y,9,"['animation', 'comedy', 'european']",['FR'],7.4
tm81461,Whisky,MOVIE,2004,Not Availavle,99,"['comedy', 'drama']","['AR', 'DE', 'UY', 'ES']",7.1
tm155761,Ajab Prem Ki Ghazab Kahani,MOVIE,2009,PG,150,"['comedy', 'action', 'romance']",['IN'],6.3
tm48083,Te quiero,MOVIE,2001,Not Availavle,85,"['drama', 'comedy', 'european']",['FR'],5.0
tm175687,Sir! No Sir!,MOVIE,2005,Not Availavle,85,"['war', 'documentation']",['US'],7.6
tm33067,Race,MOVIE,2008,PG-13,161,"['drama', 'action', 'thriller', 'crime', 'comedy']",['IN'],7.0
tm70222,Sivaji: The Boss,MOVIE,2007,PG-13,189,"['action', 'drama', 'thriller', 'crime']",['IN'],7.5
tm105278,Inuyasha the Movie 2: The Castle Beyond the Looking Glass,MOVIE,2002,PG-13,100,"['fantasy', 'action', 'animation', 'romance', 'comedy']",['JP'],7.3
tm352243,Interview with a Serial Killer,MOVIE,2008,PG-13,44,"['documentation', 'crime']",['US'],5.9
ts98316,Edge of the Universe,SHOW,2002,TV-G,49,['documentation'],['GB'],7.2
tm82718,G.O.R.A.,MOVIE,2004,PG-13,127,"['action', 'comedy', 'scifi']",['TR'],8.0
tm98975,Guzaarish,MOVIE,2010,PG,126,"['romance', 'drama']",['IN'],7.4
ts98252,Dreamworks Happy Holidays from Madagascar,SHOW,2005,TV-PG,31,"['animation', 'comedy', 'family']",['US'],6.5
tm101609,Raajneeti,MOVIE,2010,PG,167,"['drama', 'thriller', 'crime']",['IN'],7.1
tm39557,Jaane Tu... Ya Jaane Na,MOVIE,2008,Not Availavle,146,"['drama', 'comedy', 'romance']",['IN'],7.4
tm150521,Accident,MOVIE,2009,R,89,"['action', 'drama', 'thriller']",['HK'],6.6
tm30289,Jeff Dunham: Arguing with Myself,MOVIE,2006,PG-13,76,"['comedy', 'documentation']",['US'],8.0
tm141117,Chalte Chalte,MOVIE,2003,PG-13,167,"['drama', 'romance']",['IN'],6.5
tm80339,Naruto: Ninja Clash in the Land of Snow,MOVIE,2004,PG-13,90,"['comedy', 'fantasy', 'animation', 'action']",['JP'],6.6
tm33729,Taxi No. 9 2 11,MOVIE,2006,Not Availavle,116,"['drama', 'thriller', 'comedy']",['IN'],7.2
tm93004,Yuva,MOVIE,2004,PG,161,"['crime', 'action', 'drama', 'thriller']",['IN'],7.3
ts13411,Cocaine,SHOW,2005,TV-14,49,"['documentation', 'european']",['US'],7.1
ts1464,The Cartel,SHOW,2008,TV-MA,44,"['action', 'drama', 'crime', 'thriller', 'comedy']",['CO'],8.0
tm145243,Wake Up Sid,MOVIE,2009,Not Availavle,138,"['comedy', 'drama', 'romance']",['IN'],7.6
tm34524,"One Piece: Episode of Chopper Plus: Bloom in the Winter, Miracle Cherry Blossom",MOVIE,2008,PG-13,95,"['action', 'comedy', 'animation', 'drama', 'fantasy']",['JP'],7.0
tm111226,Awara Paagal Deewana,MOVIE,2002,Not Availavle,169,"['comedy', 'action', 'crime', 'drama', 'thriller']",['IN'],6.2
tm23441,Kabhi Alvida Naa Kehna,MOVIE,2006,PG,184,"['drama', 'romance']",['IN'],6.0
tm166293,The Blue Umbrella,MOVIE,2005,Not Availavle,90,"['drama', 'family', 'fantasy', 'comedy']",['IN'],7.3
tm24576,Naruto: Guardians of the Crescent Moon Kingdom,MOVIE,2006,PG-13,95,"['action', 'animation']",['JP'],6.4
tm92977,Ishqiya,MOVIE,2010,R,115,"['thriller', 'comedy', 'drama', 'romance']",['IN'],7.3
tm77348,Life in a Metro,MOVIE,2007,Not Availavle,124,"['drama', 'romance', 'comedy']",['IN'],7.4
ts34414,Nuevo Rico Nuevo Pobre,SHOW,2007,TV-MA,44,['comedy'],['CO'],7.1
ts29199,Monty Python's Personal Best,SHOW,2006,TV-PG,56,"['comedy', 'animation']","['US', 'GB']",7.9
tm91323,I Hate Luv Storys,MOVIE,2010,PG,129,"['comedy', 'drama', 'romance']",['IN'],5.6
tm88366,Main Hoon Na,MOVIE,2004,PG,179,"['drama', 'action', 'comedy', 'romance', 'thriller']",['IN'],7.0
tm156575,Billu,MOVIE,2009,PG,137,"['drama', 'comedy']",['IN'],6.3
tm164389,Paheli,MOVIE,2005,PG-13,141,"['romance', 'drama', 'fantasy', 'comedy']",['IN'],6.3
tm37945,Rock On!!,MOVIE,2008,Not Availavle,144,"['drama', 'music']",['IN'],7.7
tm106625,"LSD: Love, Sex aur Dhokha",MOVIE,2010,PG-13,108,"['drama', 'comedy', 'crime', 'romance']",['IN'],7.2
tm65142,One Piece: The Desert Princess and the Pirates: Adventure in Alabasta,MOVIE,2007,PG-13,89,"['comedy', 'drama', 'animation', 'action']",['JP'],6.9
tm99450,Break Ke Baad,MOVIE,2010,Not Availavle,120,"['comedy', 'drama', 'romance']",['IN'],5.1
tm149209,Kaminey,MOVIE,2009,PG-13,135,"['crime', 'drama', 'action', 'thriller']",['IN'],7.4
tm23977,Fuga,MOVIE,2006,Not Availavle,110,"['music', 'drama', 'thriller']","['CL', 'AR']",6.2
tm160596,Zozo,MOVIE,2005,Not Availavle,105,"['drama', 'european', 'family', 'war']","['CZ', 'GB', 'DK', 'NL', 'SE']",6.5
tm129971,Luck by Chance,MOVIE,2009,Not Availavle,155,"['romance', 'drama', 'comedy']",['IN'],7.1
tm56428,Trailer Park Boys: Say Goodnight to the Bad Guys,MOVIE,2008,Not Availavle,60,['comedy'],['CA'],7.8
ts18653,Chhota Bheem,SHOW,2008,Not Availavle,22,"['animation', 'action', 'comedy']",['IN'],4.1
tm177687,Naruto: Legend of the Stone of Gelel,MOVIE,2005,PG-13,96,"['fantasy', 'action', 'comedy', 'drama', 'animation']",['JP'],6.4
tm77863,Honeymoon Travels Pvt. Ltd.,MOVIE,2007,PG-13,118,"['comedy', 'drama', 'romance']",['IN'],6.1
tm80455,Manorama Six Feet Under,MOVIE,2007,R,137,"['drama', 'thriller', 'crime']",['IN'],7.6
tm184732,Dhobi Ghat,MOVIE,2010,Not Availavle,102,['drama'],['IN'],7.0
tm89764,Inuyasha the Movie 4: Fire on the Mystic Island,MOVIE,2004,PG-13,88,"['fantasy', 'animation', 'action', 'comedy']",['JP'],7.2
ts4866,Fated to Love You,SHOW,2008,TV-G,67,"['comedy', 'family', 'drama', 'romance']",['TW'],7.4
tm134407,Dev.D,MOVIE,2009,PG-13,141,"['comedy', 'drama', 'romance']",['IN'],7.9
tm103133,Karthik Calling Karthik,MOVIE,2010,PG,135,"['thriller', 'romance', 'drama']",['IN'],7.1
tm54147,Dostana,MOVIE,2008,PG-13,142,"['drama', 'romance', 'comedy']","['IN', 'US']",6.5
ts137477,Behind Enemy Lines,SHOW,2001,TV-14,49,['drama'],['US'],7.2
tm101684,Romantik Komedi,MOVIE,2010,G,95,"['comedy', 'romance']",['TR'],5.3
tm152724,Kurbaan,MOVIE,2009,R,161,"['thriller', 'action', 'drama', 'crime', 'romance', 'sport']",['IN'],5.7
ts204466,Pecados capitales,SHOW,2002,TV-MA,0,"['romance', 'comedy', 'drama']",['CO'],8.5
tm96168,Once Upon a Time in Mumbaai,MOVIE,2010,PG-13,132,"['thriller', 'crime', 'drama', 'romance', 'action']",['IN'],7.4
tm146887,Delhi-6,MOVIE,2009,Not Availavle,141,"['drama', 'comedy']",['IN'],6.1
tm138902,Inuyasha the Movie 3: Swords of an Honorable Ruler,MOVIE,2003,PG-13,99,"['animation', 'fantasy', 'action', 'thriller']",['JP'],7.6
tm165809,Bluffmaster!,MOVIE,2005,PG,137,"['drama', 'comedy', 'romance', 'thriller', 'crime']",['IN'],6.6
tm31335,Golmaal Returns,MOVIE,2008,PG,135,"['comedy', 'crime']",['IN'],5.1
tm43179,Oye Lucky! Lucky Oye!,MOVIE,2008,Not Availavle,42,"['comedy', 'action', 'crime', 'drama']",['IN'],7.7
tm170169,Kaal,MOVIE,2005,Not Availavle,127,"['action', 'thriller', 'horror', 'scifi']",['IN'],4.7
tm84316,Shootout at Lokhandwala,MOVIE,2007,PG-13,145,"['action', 'crime', 'drama', 'history']",['IN'],7.1
tm112235,Kannathil Muthamittal,MOVIE,2002,Not Availavle,137,"['drama', 'war', 'action']",['IN'],8.4
tm368679,Madness in the Desert,MOVIE,2004,Not Availavle,141,['documentation'],['IN'],8.4
ts74928,Einsatzgruppen: The Nazi Death Squads,SHOW,2009,TV-14,44,"['documentation', 'history', 'war', 'european']",['FR'],7.6
tm148041,What's Your Raashee?,MOVIE,2009,PG-13,192,"['comedy', 'drama', 'romance']",['IN'],4.8
tm176297,Kyaa Kool Hai Hum,MOVIE,2005,Not Availavle,172,['comedy'],['IN'],6.1
tm68191,My Führer,MOVIE,2007,Not Availavle,89,"['war', 'comedy', 'drama', 'european']",['DE'],5.5
tm25029,Eternal Summer,MOVIE,2006,Not Availavle,96,"['romance', 'drama']",['TW'],7.0
ts40702,The Ultimatum,SHOW,2009,TV-14,44,"['drama', 'family']",['SG'],5.4
tm237621,The Figurine (Araromire),MOVIE,2009,PG-13,122,"['horror', 'thriller', 'drama']",['NG'],4.4
tm22989,Jim Gaffigan: Beyond the Pale,MOVIE,2006,Not Availavle,72,"['comedy', 'documentation']",['US'],7.8
tm35652,Mumbai Meri Jaan,MOVIE,2008,PG-13,119,['drama'],['IN'],7.7
tm44634,Kevin James: Sweat the Small Stuff,MOVIE,2001,Not Availavle,42,"['comedy', 'documentation']",['US'],7.4
tm22558,Mukhsin,MOVIE,2006,Not Availavle,95,"['comedy', 'drama', 'family']",['MY'],7.3
tm52352,This Is the Life,MOVIE,2008,Not Availavle,97,"['music', 'documentation']",['US'],6.3
tm104349,The Unjust,MOVIE,2010,Not Availavle,119,"['thriller', 'crime', 'drama', 'action']",['KR'],6.6
tm85243,The Trailer Park Boys Xmas Special,MOVIE,2004,Not Availavle,57,['comedy'],['CA'],8.0
tm36636,C Kkompany,MOVIE,2008,Not Availavle,130,"['comedy', 'drama', 'thriller']",['IN'],5.5
tm226362,Bosta,MOVIE,2005,Not Availavle,112,['war'],['Lebanon'],6.4
tm31564,Linewatch,MOVIE,2008,R,85,"['thriller', 'crime', 'drama']",['US'],5.4
tm98475,We Are Family,MOVIE,2010,PG,115,"['drama', 'family', 'comedy']",['IN'],5.6
tm95434,Love in a Puff,MOVIE,2010,Not Availavle,104,"['romance', 'comedy', 'drama']",['HK'],7.1
tm96595,Lakshya,MOVIE,2004,G,186,"['war', 'action', 'drama', 'romance']",['IN'],7.8
ts4924,At Dolphin Bay,SHOW,2003,TV-14,59,"['drama', 'comedy', 'romance']",['TW'],6.9
ts178360,El cartel 2 - La guerra total,SHOW,2010,TV-MA,44,"['horror', 'thriller', 'war', 'action', 'crime']",['CO'],6.7
ts56595,Cocomong,SHOW,2008,TV-Y,13,['animation'],[],5.6
tm154802,Agyaat,MOVIE,2009,Not Availavle,98,"['horror', 'thriller', 'drama']",['IN'],2.9
tm51493,Vizontele,MOVIE,2001,Not Availavle,110,"['comedy', 'drama']",['TR'],8.0
tm97982,Do Dooni Chaar,MOVIE,2010,PG,146,"['drama', 'crime', 'comedy']",['IN'],7.5
tm52176,Welcome to Sajjanpur,MOVIE,2008,PG,134,"['comedy', 'drama']",['IN'],6.9
tm102848,Peepli Live,MOVIE,2010,PG,104,"['drama', 'comedy']",['IN'],7.4
tm114504,The Legend of Bhagat Singh,MOVIE,2002,Not Availavle,155,"['crime', 'drama', 'history', 'action']",['IN'],8.1
ts160526,Khawatir,SHOW,2005,TV-14,19,['reality'],[],9.5
tm340006,Banyuki,MOVIE,2009,Not Availavle,182,"['drama', 'action']",['JP'],7.1
tm154375,Main Aurr Mrs Khanna,MOVIE,2009,PG,115,"['drama', 'romance', 'comedy']",['IN'],3.4
tm134140,Ishq Vishk,MOVIE,2003,Not Availavle,145,"['drama', 'comedy', 'romance']",['IN'],6.1
tm27484,Kismat Konnection,MOVIE,2008,G,153,"['romance', 'drama', 'comedy']",['IN'],5.3
tm81864,Twins Mission,MOVIE,2007,Not Availavle,102,"['action', 'comedy', 'crime', 'drama']",['HK'],5.2
tm241875,Frank & Cindy,MOVIE,2007,Not Availavle,73,"['documentation', 'music', 'drama']",['US'],6.9
tm29028,Salt of This Sea,MOVIE,2008,Not Availavle,109,"['drama', 'romance', 'european']","['BE', 'FR', 'ES', 'CH', 'PS']",6.8
tm164591,Apaharan,MOVIE,2005,Not Availavle,173,"['crime', 'drama', 'action']",['IN'],7.4
tm130301,Gangaajal,MOVIE,2003,Not Availavle,157,"['drama', 'crime', 'action']",['IN'],7.8
tm712151,Laugh Out Loud,MOVIE,2003,Not Availavle,60,['comedy'],['ZA'],7.0
ts12444,The Fierce Wife,SHOW,2010,TV-MA,59,['drama'],['TW'],6.8
tm91176,Ijé: The Journey,MOVIE,2010,Not Availavle,106,['drama'],"['NG', 'US']",6.2
tm143510,Harishchandrachi Factory,MOVIE,2009,G,96,"['comedy', 'drama', 'history']",['IN'],8.4
tm308960,Gina Yashere: Skinny B*tch,MOVIE,2008,Not Availavle,57,"['comedy', 'documentation']",['GB'],6.5
tm144835,Sergio,MOVIE,2009,Not Availavle,94,['documentation'],['US'],7.4
tm135795,The Kite,MOVIE,2003,Not Availavle,80,['drama'],"['LB', 'FR']",6.4
tm34924,Beast Stalker,MOVIE,2008,Not Availavle,110,"['thriller', 'action']",['HK'],6.8
tm49865,Aamir,MOVIE,2008,NC-17,96,"['thriller', 'crime', 'drama', 'action']",['IN'],7.6
ts39604,The Hospital,SHOW,2006,TV-14,48,['drama'],['TW'],7.4
tm598375,Chhota Bheem Aur Krishna,MOVIE,2008,G,69,"['fantasy', 'animation', 'action']",['IN'],6.4
tm96052,Palermo Hollywood,MOVIE,2004,Not Availavle,113,['drama'],['AR'],5.3
tm62369,Connected,MOVIE,2008,Not Availavle,110,"['thriller', 'action', 'crime']","['CN', 'HK']",6.6
tm32915,EMI,MOVIE,2008,Not Availavle,128,"['comedy', 'crime', 'drama']",['IN'],4.4
ts1413,Autumn's Concerto,SHOW,2009,TV-14,58,"['drama', 'family', 'romance']",['TW'],7.8
tm254052,Kucch To Hai,MOVIE,2003,Not Availavle,142,"['thriller', 'horror', 'romance', 'drama']",['IN'],4.3
tm91125,Fida,MOVIE,2004,Not Availavle,122,"['romance', 'thriller', 'action', 'crime', 'drama']",['IN'],5.4
ts8614,Breakout,SHOW,2010,TV-14,44,"['drama', 'action']",['SG'],6.7
tm100106,My Amnesia Girl,MOVIE,2010,Not Availavle,110,"['comedy', 'romance']",['PH'],6.7
ts188031,Pink Zone,SHOW,2007,Not Availavle,0,"['drama', 'romance', 'comedy']",['MX'],5.8
tm85689,Krishna Cottage,MOVIE,2004,Not Availavle,124,"['thriller', 'horror', 'romance', 'drama']",['IN'],5.1
tm38454,Jeff Dunham's Very Special Christmas Special,MOVIE,2008,PG-13,85,"['comedy', 'documentation']",['US'],7.4
tm57586,Mission Istaanbul,MOVIE,2008,Not Availavle,125,"['action', 'drama', 'thriller']",['IN'],3.4
ts23797,Black & White,SHOW,2009,TV-14,37,"['action', 'comedy', 'sport', 'crime']",['TW'],7.6
tm76029,Under the Bombs,MOVIE,2007,Not Availavle,98,"['war', 'romance', 'drama', 'history', 'european']","['LB', 'GB', 'FR']",7.0
tm42831,Kyo Kii... Main Jhuth Nahin Bolta,MOVIE,2001,Not Availavle,149,"['comedy', 'action', 'drama', 'fantasy']",['IN'],5.3
ts70843,The Prince Who Turns into a Frog,SHOW,2005,TV-14,44,"['drama', 'comedy', 'romance']",['TW'],6.7
tm216753,Old Thieves: The Legend of Artegio,MOVIE,2007,Not Availavle,97,"['documentation', 'crime']",['MX'],8.0
tm168751,Stray Bullet,MOVIE,2010,Not Availavle,76,['drama'],['LB'],6.3
tm101540,Well Done Abba,MOVIE,2010,Not Availavle,144,['comedy'],['IN'],7.2
tm142153,Kisaan,MOVIE,2009,Not Availavle,100,"['drama', 'thriller', 'action', 'crime']",['IN'],5.5
tm92671,Once a Gangster,MOVIE,2010,Not Availavle,95,"['comedy', 'crime', 'action']",['HK'],5.7
tm88343,Perazhagan,MOVIE,2004,Not Availavle,148,"['comedy', 'thriller', 'drama', 'romance']",['IN'],6.4
tm628693,"Do Paise Ki Dhoop, Chaar Aane Ki Baarish",MOVIE,2009,Not Availavle,121,['drama'],['IN'],6.5
tm155774,Pomegranates and Myrrh,MOVIE,2009,Not Availavle,95,['drama'],"['FR', 'DE', 'KW', 'PS']",6.2
tm46867,Kuselan,MOVIE,2008,Not Availavle,160,"['drama', 'family', 'comedy']",['IN'],4.8
tm95507,Chance Pe Dance,MOVIE,2010,G,121,"['drama', 'music', 'romance', 'comedy']",['IN'],4.8
tm75544,Dhan Dhana Dhan Goal,MOVIE,2007,PG,167,"['drama', 'sport', 'thriller']",['IN'],5.0
tm144263,Aagey Se Right,MOVIE,2009,G,117,"['comedy', 'crime', 'drama']",['IN'],5.2
tm21155,Falafel,MOVIE,2006,Not Availavle,80,"['drama', 'european']","['LB', 'FR']",6.7
tm85369,Hattrick,MOVIE,2007,PG,110,"['drama', 'comedy', 'romance', 'sport']",['IN'],4.3
ts126804,My MVP Valentine,SHOW,2002,TV-PG,69,['drama'],[],6.8
tm140653,Look for a Star,MOVIE,2009,Not Availavle,117,"['comedy', 'romance', 'drama']",['HK'],5.6
tm311516,Koi Aap Sa,MOVIE,2005,Not Availavle,142,"['romance', 'drama', 'comedy']",['IN'],5.5
ts29581,Unriddle,SHOW,2010,TV-14,44,"['thriller', 'action', 'drama']",['SG'],8.0
tm152413,Talentime,MOVIE,2009,Not Availavle,120,['drama'],['MY'],7.4
tm130999,Dhoondte Reh Jaaoge,MOVIE,2009,PG,135,"['comedy', 'drama']",['IN'],5.6
tm28024,A Very Special Love,MOVIE,2008,PG,105,"['comedy', 'drama', 'romance']",['PH'],6.5
tm85563,Ezra,MOVIE,2007,Not Availavle,105,"['drama', 'european']","['GB', 'US', 'AT', 'FR', 'DE', 'NG']",6.4
ts124246,Mighty Raju,SHOW,2010,Not Availavle,20,"['animation', 'action']",['IN'],4.3
tm254745,Frontiers of Dreams and Fears,MOVIE,2001,Not Availavle,56,"['documentation', 'history']",['PS'],8.2
tm76399,A Love Story,MOVIE,2007,Not Availavle,117,"['drama', 'romance']",['PH'],6.4
tm481594,Bheem vs Aliens,MOVIE,2010,G,69,['animation'],[],7.6
tm639940,Tango with Me,MOVIE,2010,Not Availavle,104,"['drama', 'family', 'romance']",['US'],6.3
tm252951,Brother's Shadow,MOVIE,2006,Not Availavle,91,['drama'],['US'],6.1
tm87672,Rabun,MOVIE,2003,Not Availavle,90,"['drama', 'family']",['MY'],7.6
ts20660,Shameless,SHOW,2011,TV-MA,54,"['drama', 'comedy']",['US'],8.6
tm68272,Project X,MOVIE,2012,R,88,['comedy'],['US'],6.6
tm61801,Zero Dark Thirty,MOVIE,2012,R,157,"['thriller', 'drama', 'history', 'war']",['US'],7.4
tm44730,The Amazing Spider-Man,MOVIE,2012,PG-13,136,"['action', 'fantasy', 'scifi']",['US'],6.9
ts21095,Teenage Mutant Ninja Turtles,SHOW,2012,TV-Y7,24,"['animation', 'scifi', 'action', 'family', 'thriller', 'horror', 'fantasy', 'crime', 'comedy', 'drama']",['US'],7.8
tm39888,The Dark Knight Rises,MOVIE,2012,PG-13,165,"['thriller', 'action', 'drama', 'crime']",['US'],8.4
tm166978,Mission: Impossible - Ghost Protocol,MOVIE,2011,PG-13,132,"['thriller', 'action']",['US'],7.4
ts20564,New Girl,SHOW,2011,TV-14,21,"['comedy', 'romance']",['US'],7.7
ts8175,Call the Midwife,SHOW,2012,TV-PG,55,"['family', 'drama', 'history', 'european']",['GB'],8.5
ts278,Black Mirror,SHOW,2011,TV-MA,59,"['drama', 'scifi', 'thriller', 'european']",['GB'],8.8
tm170442,Margin Call,MOVIE,2011,R,107,"['thriller', 'drama']",['US'],7.1
tm41792,Django Unchained,MOVIE,2012,R,165,"['western', 'drama']",['US'],8.4
ts21580,Longmire,SHOW,2012,TV-14,53,"['drama', 'western', 'crime', 'action']",['US'],8.3
ts32835,Hunter x Hunter,SHOW,2011,TV-14,23,"['action', 'animation', 'comedy', 'fantasy']",['JP'],9.0
ts21599,Ink Master,SHOW,2012,TV-14,42,['reality'],['US'],7.4
tm32982,Les Misérables,MOVIE,2012,PG-13,158,"['drama', 'history', 'romance', 'war']","['US', 'GB']",7.5
tm60292,Argo,MOVIE,2012,R,120,"['thriller', 'drama']","['GB', 'US']",7.7
ts27680,Last Tango in Halifax,SHOW,2012,TV-14,58,"['drama', 'comedy', 'romance', 'european']",['GB'],8.3
ts20433,JoJo's Bizarre Adventure,SHOW,2012,TV-MA,24,"['scifi', 'animation', 'action', 'comedy', 'drama', 'fantasy', 'horror', 'thriller']",['JP'],8.4
tm171885,Kung Fu Panda 2,MOVIE,2011,PG,90,"['animation', 'family', 'comedy', 'fantasy', 'drama', 'action']",['US'],7.2
tm158304,Contagion,MOVIE,2011,PG-13,106,"['drama', 'thriller', 'scifi', 'action']","['AE', 'US']",6.8
ts17598,Arrow,SHOW,2012,TV-14,42,"['action', 'crime', 'drama', 'thriller', 'scifi']",['US'],7.5
ts20458,Ninjago: Masters of Spinjitzu,SHOW,2012,TV-Y7,17,"['animation', 'comedy', 'family', 'scifi', 'action', 'fantasy', 'european']","['DK', 'US']",7.3
ts20429,Sword Art Online,SHOW,2012,TV-MA,23,"['scifi', 'action', 'animation', 'drama', 'western', 'fantasy', 'thriller', 'romance', 'comedy']",['JP'],7.6
ts20457,The Legend of Korra,SHOW,2012,TV-Y7,23,"['animation', 'drama', 'family', 'scifi', 'action', 'fantasy', 'comedy']",['US'],8.4
tm178201,Sherlock Holmes: A Game of Shadows,MOVIE,2011,PG-13,129,"['action', 'crime', 'thriller']","['GB', 'US']",7.4
tm36237,Contraband,MOVIE,2012,R,109,"['action', 'drama', 'crime', 'thriller']","['FR', 'US', 'GB']",6.4
tm40319,Savages,MOVIE,2012,R,131,"['drama', 'thriller', 'crime', 'action']",['US'],6.4
ts6506,The Borgias,SHOW,2011,TV-MA,51,"['drama', 'crime', 'history', 'romance']","['HU', 'US', 'CA']",7.9
ts9794,Comedians in Cars Getting Coffee,SHOW,2012,TV-14,19,"['comedy', 'animation', 'family']",['US'],8.0
ts33338,Top Boy,SHOW,2011,TV-MA,48,"['drama', 'crime', 'thriller', 'european']",['GB'],8.4
tm39896,Dark Shadows,MOVIE,2012,PG-13,113,"['comedy', 'fantasy', 'horror']",['US'],6.2
tm74848,Total Recall,MOVIE,2012,PG-13,118,"['scifi', 'thriller', 'action', 'crime']","['CA', 'US']",6.2
ts27468,Transformers: Rescue Bots,SHOW,2012,TV-Y7,22,"['scifi', 'action', 'animation', 'comedy', 'family']",['US'],6.4
ts20500,Lilyhammer,SHOW,2012,TV-MA,45,"['comedy', 'crime', 'drama']",['NO'],7.9
tm168921,The Smurfs,MOVIE,2011,PG,103,"['animation', 'family', 'action', 'comedy', 'fantasy']",['US'],5.4
tm160132,Soul Surfer,MOVIE,2011,PG,106,"['drama', 'family', 'sport']",['US'],7.0
tm49592,LOL,MOVIE,2012,PG-13,92,"['drama', 'comedy', 'romance']",['US'],4.3
tm167232,Unknown,MOVIE,2011,PG-13,113,"['thriller', 'action', 'european']","['GB', 'FR', 'DE']",6.8
tm38980,Rise of the Guardians,MOVIE,2012,PG,97,"['fantasy', 'action', 'family', 'animation', 'thriller', 'scifi', 'comedy', 'drama', 'european']",['US'],7.2
ts20556,Teen Mom 2,SHOW,2011,TV-14,41,"['reality', 'romance', 'documentation', 'comedy']",['US'],4.5
tm69926,Here Comes the Boom,MOVIE,2012,PG,105,"['action', 'comedy', 'sport']",['US'],6.4
tm60844,Berserk: The Golden Age Arc I - The Egg of the King,MOVIE,2012,NC-17,76,"['action', 'fantasy', 'animation', 'horror', 'war', 'drama']",['JP'],7.5
ts9246,Blue Exorcist,SHOW,2011,TV-14,25,"['scifi', 'action', 'fantasy', 'horror', 'family', 'animation', 'drama']",['JP'],7.5
ts27835,MeatEater,SHOW,2012,TV-14,22,['documentation'],['US'],7.5
ts18551,Cuckoo,SHOW,2012,TV-14,27,"['comedy', 'drama', 'european']",['GB'],5.9
tm62210,Rurouni Kenshin Part I: Origins,MOVIE,2012,PG-13,134,"['action', 'drama', 'history', 'war']",['JP'],7.4
tm106278,Everything Must Go,MOVIE,2011,R,97,"['romance', 'comedy', 'drama']",['US'],6.4
tm182586,Silenced,MOVIE,2011,Not Availavle,125,['drama'],['KR'],8.0
ts36647,Rita,SHOW,2012,TV-MA,40,"['comedy', 'drama', 'european']",['DK'],8.1
ts81858,Larva,SHOW,2011,TV-G,2,"['comedy', 'family', 'animation', 'drama', 'horror', 'thriller']",['KR'],7.1
ts34740,My Babysitter's a Vampire,SHOW,2011,TV-PG,22,"['scifi', 'action', 'comedy', 'fantasy', 'horror']","['CA', 'US']",6.9
ts21081,Pablo Escobar: The Drug Lord,SHOW,2012,TV-14,44,"['crime', 'drama', 'thriller', 'history']",['CO'],8.4
ts27586,Magi,SHOW,2012,TV-14,24,"['scifi', 'action', 'animation', 'comedy', 'fantasy']",['JP'],7.8
ts19779,Barbie: Life in the Dreamhouse,SHOW,2012,TV-Y,6,"['family', 'animation', 'comedy']",['US'],7.4
ts22249,Kuroko's Basketball,SHOW,2012,TV-14,24,"['comedy', 'animation', 'sport']",['JP'],8.3
tm173195,The Rite,MOVIE,2011,PG-13,114,"['drama', 'thriller', 'horror']","['US', 'HU', 'IT']",6.0
tm69386,Quartet,MOVIE,2012,PG-13,98,"['drama', 'comedy', 'romance', 'music']",['GB'],6.8
tm174683,Arthur Christmas,MOVIE,2011,PG,97,"['drama', 'animation', 'family', 'comedy', 'fantasy']","['GB', 'US']",7.1
tm72845,John Mulaney: New in Town,MOVIE,2012,Not Availavle,58,"['comedy', 'documentation']",['US'],8.2
ts34921,Wolverine,SHOW,2011,TV-14,24,"['scifi', 'animation', 'action']",['JP'],6.2
tm170758,Hop,MOVIE,2011,PG,101,"['animation', 'comedy', 'family', 'fantasy']",['US'],5.4
tm174256,Red Riding Hood,MOVIE,2011,PG-13,100,"['fantasy', 'thriller', 'horror', 'drama', 'romance']","['CA', 'US']",5.4
tm56296,The History of Future Folk,MOVIE,2012,Not Availavle,86,"['music', 'comedy', 'scifi']",['US'],7.1
tm160371,A Very Harold & Kumar Christmas,MOVIE,2011,R,108,"['comedy', 'fantasy', 'romance']",['US'],6.2
tm183547,Escape from Planet Earth,MOVIE,2012,PG,89,"['scifi', 'comedy', 'family', 'animation']","['CA', 'US']",5.8
ts34737,La Reina del Sur,SHOW,2011,TV-MA,41,"['drama', 'crime', 'action', 'thriller']",['MX'],8.0
tm59590,One Piece Film: Z,MOVIE,2012,PG-13,108,"['action', 'animation', 'fantasy']",['JP'],7.8
ts34151,TIGER & BUNNY,SHOW,2011,TV-14,25,"['scifi', 'action', 'animation', 'comedy', 'crime']",['JP'],7.3
tm161904,Bully,MOVIE,2011,PG-13,92,"['drama', 'documentation']",['US'],7.4
tm44165,"Chaos, Disorder",MOVIE,2012,Not Availavle,76,"['drama', 'family', 'fantasy']",['EG'],6.2
tm53034,Sebastian Maniscalco: What's Wrong with People?,MOVIE,2012,Not Availavle,75,['comedy'],['US'],8.0
ts32460,Inborn Pair,SHOW,2011,TV-14,43,['drama'],['TW'],7.1
ts26776,Smile PreCure!,SHOW,2012,TV-Y7,23,"['action', 'comedy', 'scifi', 'family', 'fantasy', 'animation']",['JP'],6.2
tm164353,Singham,MOVIE,2011,Not Availavle,135,"['drama', 'action', 'crime']",['IN'],6.8
ts39093,EastSiders,SHOW,2012,TV-MA,23,"['comedy', 'drama']",['US'],6.8
ts33349,Robocar Poli,SHOW,2011,TV-Y,14,"['animation', 'comedy', 'family', 'fantasy']",['KR'],6.0
tm38064,Berserk: The Golden Age Arc II - The Battle for Doldrey,MOVIE,2012,R,98,"['action', 'drama', 'fantasy', 'animation', 'horror']",['JP'],7.7
tm182125,Zindagi Na Milegi Dobara,MOVIE,2011,PG,166,"['romance', 'drama', 'comedy']",['IN'],8.1
ts55532,LEGO Friends,SHOW,2012,TV-Y,16,"['animation', 'european']",['US'],7.6
tm57436,Sleepless Nights,MOVIE,2012,Not Availavle,128,['documentation'],['FR'],7.7
ts191698,Little Baby Bum,SHOW,2011,TV-Y,7,"['family', 'music', 'animation']",['GB'],6.4
ts45996,Outback Truckers,SHOW,2012,TV-14,44,"['reality', 'documentation']",['AU'],7.4
tm160361,A Princess for Christmas,MOVIE,2011,PG,89,"['family', 'romance', 'comedy', 'drama']",['US'],6.3
tm34331,Middle of Nowhere,MOVIE,2012,R,101,['drama'],['US'],6.5
tm183039,Donald Glover: Weirdo,MOVIE,2012,Not Availavle,65,"['comedy', 'documentation']",['US'],7.4
ts35426,LEGO City,SHOW,2011,TV-G,4,"['animation', 'european']",['GB'],5.0
ts58528,Inside West Coast Customs,SHOW,2011,TV-PG,43,['reality'],['US'],7.3
tm177258,Delhi Belly,MOVIE,2011,Not Availavle,102,"['comedy', 'action', 'crime', 'thriller']",['IN'],7.5
tm174190,Undefeated,MOVIE,2011,PG-13,113,"['documentation', 'sport']",['US'],7.7
tm68436,Barfi!,MOVIE,2012,G,151,"['drama', 'romance', 'comedy']",['IN'],8.1
tm65765,6 Bullets,MOVIE,2012,R,115,"['thriller', 'action', 'crime', 'drama']",['US'],6.0
tm179451,7 Khoon Maaf,MOVIE,2011,Not Availavle,148,"['thriller', 'comedy', 'drama']",['IN'],6.2
tm177044,Naruto Shippuden the Movie: Blood Prison,MOVIE,2011,PG-13,108,"['action', 'comedy', 'horror', 'thriller', 'animation', 'fantasy']",['JP'],7.1
tm49451,Maria Bamford: The Special Special Special!,MOVIE,2012,Not Availavle,50,['comedy'],['US'],7.0
tm1096916,The Trial of Adolf Eichmann,MOVIE,2011,Not Availavle,90,['documentation'],['FR'],7.5
tm176128,Don't Go Breaking My Heart,MOVIE,2011,Not Availavle,115,"['romance', 'comedy']",['HK'],6.5
tm67444,Jim Gaffigan: Mr. Universe,MOVIE,2012,Not Availavle,77,['comedy'],['US'],7.7
tm183176,A Second Chance,MOVIE,2011,Not Availavle,90,"['drama', 'family', 'sport']",['AU'],4.7
tm40860,Big Time Movie,MOVIE,2012,G,68,"['comedy', 'music', 'family']",['US'],6.1
tm35700,Paan Singh Tomar,MOVIE,2012,PG,135,"['drama', 'crime', 'sport', 'thriller', 'action']",['IN'],8.2
tm169053,Shor in the City,MOVIE,2011,PG,107,"['drama', 'crime']",['IN'],7.2
tm53395,FRED 3: Camp Fred,MOVIE,2012,PG,81,"['comedy', 'family']",['US'],2.0
tm183037,Don 2,MOVIE,2011,Not Availavle,139,"['action', 'thriller', 'crime', 'european']","['IN', 'DE']",7.0
tm177958,Pyaar Ka Punchnama,MOVIE,2011,PG-13,149,"['romance', 'drama', 'comedy', 'european']",['IN'],7.6
ts6879,El Reemplazante,SHOW,2012,TV-MA,45,['drama'],['CL'],8.5
tm178106,Chillar Party,MOVIE,2011,G,130,"['comedy', 'drama', 'family']",['IN'],7.5
tm57610,Talaash,MOVIE,2012,Not Availavle,139,"['crime', 'thriller', 'drama', 'fantasy']",['IN'],7.2
tm169354,Coming Forth by Day,MOVIE,2012,Not Availavle,96,['drama'],['EG'],6.5
tm176111,The Great Magician,MOVIE,2011,Not Availavle,128,"['thriller', 'drama', 'romance', 'comedy']","['CN', 'HK']",5.9
tm59372,Arjun: The Warrior Prince,MOVIE,2012,G,96,"['action', 'animation', 'drama']",['IN'],6.7
tm161804,Toll Booth,MOVIE,2011,Not Availavle,97,['drama'],['TR'],6.4
tm159593,No One Killed Jessica,MOVIE,2011,PG-13,136,"['drama', 'thriller', 'crime']",['IN'],7.2
ts39112,Justin Time,SHOW,2011,TV-Y,15,"['action', 'animation', 'comedy', 'family']",['CA'],6.0
tm44615,Ferrari Ki Sawaari,MOVIE,2012,G,140,"['family', 'comedy', 'drama', 'sport']",['IN'],6.4
tm54780,Tiger & Bunny: The Beginning,MOVIE,2012,PG,88,"['scifi', 'animation', 'action']",['JP'],6.6
ts167724,Meet the Adebanjos,SHOW,2012,TV-PG,25,['comedy'],['GB'],7.6
ts99814,Masameer,SHOW,2011,TV-MA,14,"['comedy', 'animation']",['SA'],8.2
tm175909,The Dirty Picture,MOVIE,2011,Not Availavle,144,"['drama', 'comedy']",['IN'],6.6
ts158608,The Ultimate Braai Master,SHOW,2012,TV-PG,45,['reality'],['ZA'],8.1
tm57382,Kath & Kimderella,MOVIE,2012,Not Availavle,80,['comedy'],['AU'],5.3
tm59289,Rowdy Rathore,MOVIE,2012,PG-13,143,"['action', 'comedy', 'crime']",['IN'],5.7
tm47171,OMG: Oh My God!,MOVIE,2012,G,125,"['drama', 'fantasy', 'comedy']",['IN'],8.1
tm48239,Ek Main Aur Ekk Tu,MOVIE,2012,PG,110,"['drama', 'romance', 'comedy']",['IN'],5.7
tm160021,A Beautiful Life,MOVIE,2011,Not Availavle,124,"['drama', 'romance']","['HK', 'CN']",6.7
tm54371,Mugamoodi,MOVIE,2012,Not Availavle,156,"['drama', 'action']",['IN'],5.1
tm172883,Game,MOVIE,2011,PG,135,"['thriller', 'action', 'crime', 'drama', 'european']",['IN'],5.2
tm174518,Bodyguard,MOVIE,2011,Not Availavle,134,"['drama', 'action', 'romance', 'comedy']",['IN'],4.6
tm70528,Material,MOVIE,2012,Not Availavle,94,"['comedy', 'drama']",['ZA'],7.1
tm74031,Kyaa Super Kool Hain Hum,MOVIE,2012,R,137,"['drama', 'comedy']",['IN'],5.0
tm181856,Jeff Dunham: Controlled Chaos,MOVIE,2011,Not Availavle,90,"['comedy', 'documentation']",['US'],7.4
tm38013,Players,MOVIE,2012,Not Availavle,165,"['thriller', 'action', 'crime']",['IN'],4.2
tm42306,Aiyyaa,MOVIE,2012,G,146,"['romance', 'comedy']",['IN'],4.3
ts32561,Office Girls,SHOW,2011,TV-14,46,"['comedy', 'drama', 'romance']",['TW'],6.8
tm39606,Tere Naal Love Ho Gaya,MOVIE,2012,PG,126,"['drama', 'comedy', 'romance']",['IN'],5.8
tm167241,Ragini MMS,MOVIE,2011,PG-13,93,"['drama', 'horror', 'thriller']",['IN'],5.1
ts37864,The Glamorous Imperial Concubine,SHOW,2011,TV-PG,47,"['drama', 'history', 'romance']",['CN'],6.8
tm71992,Grandmaster,MOVIE,2012,Not Availavle,130,"['thriller', 'action']",['IN'],6.9
tm31948,26 Years,MOVIE,2012,Not Availavle,135,"['drama', 'thriller', 'crime']",['KR'],6.3
tm166810,Michael,MOVIE,2011,PG-13,97,"['drama', 'thriller']",['IN'],5.3
tm37573,"All's Well, Ends Well",MOVIE,2012,Not Availavle,118,"['romance', 'comedy']",['HK'],5.1
tm69915,Heroine,MOVIE,2012,Not Availavle,140,['drama'],['IN'],5.0
tm164090,Lavell Crawford: Can a Brother Get Some Love?,MOVIE,2011,NC-17,90,"['comedy', 'documentation']",['US'],6.9
tm37175,Jeff Dunham: Minding the Monsters,MOVIE,2012,PG-13,80,['comedy'],['US'],7.0
tm66725,Kalakalappu,MOVIE,2012,G,149,['comedy'],['IN'],6.9
tm166740,Chhota Bheem & Krishna in Mayanagari,MOVIE,2011,G,66,"['animation', 'action', 'fantasy']",['IN'],8.7
tm200838,Chhota Bheem In Dholakpur to Kathmandu,MOVIE,2012,G,70,['animation'],['XX'],7.9
ts44064,Drunken to Love You,SHOW,2011,TV-14,46,"['comedy', 'drama', 'romance']",['TW'],6.5
tm169128,An Elf's Story,MOVIE,2011,Not Availavle,24,"['scifi', 'animation', 'family', 'fantasy']",['US'],5.1
tm172353,Bbuddah Hoga Terra Baap,MOVIE,2011,PG-13,117,"['thriller', 'action', 'comedy', 'crime']",['IN'],5.6
tm34746,Luv Shuv Tey Chicken Khurana,MOVIE,2012,PG,140,['comedy'],['IN'],6.6
tm29400,Bwakaw,MOVIE,2012,Not Availavle,104,['drama'],['PH'],7.1
tm53360,Blood Money,MOVIE,2012,PG,110,"['thriller', 'drama', 'crime', 'action']",['IN'],5.0
tm180532,Shaitan,MOVIE,2011,PG-13,121,"['drama', 'thriller', 'action', 'crime']",['IN'],7.2
tm34142,Department,MOVIE,2012,R,141,"['action', 'thriller', 'crime']",['IN'],3.2
ts27875,Masha's tales,SHOW,2012,TV-Y,5,"['animation', 'family']",['RU'],6.4
tm162592,Asmaa,MOVIE,2011,Not Availavle,96,['drama'],['EG'],8.1
ts41114,The Oath,SHOW,2011,TV-14,44,['drama'],['SG'],7.9
tm70652,Thaandavam,MOVIE,2012,Not Availavle,167,"['action', 'thriller']",['IN'],6.1
tm339197,Chota Bheem Aur Ganesh in the Amazing Odyssey,MOVIE,2012,G,65,['animation'],['IN'],7.8
tm172211,Question Mark,MOVIE,2011,Not Availavle,102,['drama'],['ID'],7.0
tm57256,Husbands in Goa,MOVIE,2012,Not Availavle,150,['comedy'],['IN'],3.8
tm529723,Chhota Bheem and the Broken Amulet,MOVIE,2012,Not Availavle,63,['animation'],['IN'],7.7
ts128422,Takki,SHOW,2012,Not Availavle,16,['drama'],['SA'],6.6
tm53829,Blitz Patrollie,MOVIE,2012,Not Availavle,101,"['crime', 'action', 'comedy']",['US'],5.4
tm51412,Moshe Kasher: Live in Oakland,MOVIE,2012,Not Availavle,60,['comedy'],['US'],6.7
tm38331,The Mistress,MOVIE,2012,PG-13,125,"['romance', 'drama']",['PH'],6.3
tm481620,The Rise of Kirmada,MOVIE,2012,G,68,['animation'],['IN'],8.2
tm30278,Vettai,MOVIE,2012,Not Availavle,150,"['action', 'thriller']",['IN'],6.0
tm165932,Muran,MOVIE,2011,Not Availavle,134,"['drama', 'thriller', 'action']",['IN'],6.3
tm63368,A World Not Ours,MOVIE,2012,Not Availavle,93,"['documentation', 'history']",['PS'],7.8
tm161632,Tom Papa: Live in New York City,MOVIE,2011,Not Availavle,57,['comedy'],['US'],7.2
tm182026,Zokkomon,MOVIE,2011,PG,109,"['fantasy', 'drama', 'family', 'action']",['IN'],4.0
tm235979,My Friend Pinto,MOVIE,2011,PG,115,"['comedy', 'crime', 'drama']",['IN'],5.3
tm181366,Here Comes the Rain,MOVIE,2011,Not Availavle,100,['drama'],['LB'],6.3
tm60213,One More Try,MOVIE,2012,Not Availavle,100,['drama'],['PH'],6.0
tm481509,Chhota Bheem Master of Shaolin,MOVIE,2011,G,75,['animation'],[],6.1
tm159623,No Other Woman,MOVIE,2011,Not Availavle,104,"['romance', 'drama', 'thriller']",['PH'],5.9
tm34646,Sisterakas,MOVIE,2012,Not Availavle,110,"['comedy', 'drama']",['PH'],5.0
ts39465,Yours Fatefully,SHOW,2012,TV-14,44,"['drama', 'comedy', 'romance']",['SG'],6.7
ts69208,"Love, Now",SHOW,2012,TV-Y,45,['drama'],['TW'],7.5
tm224577,Phone Swap,MOVIE,2012,Not Availavle,111,"['comedy', 'romance']",['NG'],6.2
tm172504,"Darling, Something's Wrong with Your Head",MOVIE,2011,Not Availavle,78,"['drama', 'romance', 'war', 'european']","['PS', 'NL', 'US', 'AE']",6.7
ts20110,Peaky Blinders,SHOW,2013,TV-MA,58,"['crime', 'drama', 'european']",['GB'],8.8
ts20837,Outlander,SHOW,2014,TV-MA,60,"['scifi', 'romance', 'drama', 'fantasy']",['US'],8.4
ts20682,Attack on Titan,SHOW,2013,TV-MA,24,"['action', 'scifi', 'animation', 'horror', 'drama', 'fantasy']",['JP'],9.0
ts20824,The Originals,SHOW,2013,TV-14,43,"['scifi', 'drama', 'fantasy', 'horror']",['US'],8.3
ts1639,The Blacklist,SHOW,2013,TV-14,43,"['thriller', 'drama', 'crime']",['US'],8.0
ts20351,Married at First Sight,SHOW,2014,TV-PG,64,"['reality', 'romance', 'european']",['US'],6.1
ts11188,The Flash,SHOW,2014,TV-14,42,"['drama', 'scifi', 'family', 'animation', 'action']",['US'],7.6
tm140389,Paddington,MOVIE,2014,PG,95,"['comedy', 'family', 'fantasy', 'animation', 'european']","['US', 'FR', 'GB']",7.2
ts20248,Reign,SHOW,2013,TV-14,42,"['drama', 'fantasy', 'history']",['US'],7.5
tm150928,It Follows,MOVIE,2014,R,101,"['horror', 'thriller']",['US'],6.8
tm140877,The Imitation Game,MOVIE,2014,PG-13,113,"['thriller', 'drama', 'war']","['GB', 'US']",8.0
ts8146,The 100,SHOW,2014,TV-14,42,"['scifi', 'drama', 'action']",['US'],7.6
tm176864,Rush,MOVIE,2013,R,123,"['drama', 'action', 'sport', 'european']","['US', 'DE', 'GB']",8.1
tm151663,Nightcrawler,MOVIE,2014,R,118,"['thriller', 'crime', 'drama']",['US'],7.8
ts16045,Are You The One?,SHOW,2014,TV-14,41,['reality'],['US'],6.4
tm145655,St. Vincent,MOVIE,2014,PG-13,102,"['comedy', 'drama']",['US'],7.2
tm160621,The Conjuring,MOVIE,2013,R,112,"['horror', 'thriller']",['US'],7.5
ts20292,Gotham,SHOW,2014,TV-14,43,"['drama', 'scifi', 'thriller', 'action', 'crime']",['US'],7.8
tm134967,How to Train Your Dragon 2,MOVIE,2014,PG,102,"['action', 'animation', 'comedy', 'family', 'fantasy']",['US'],7.8
tm183523,Oldboy,MOVIE,2013,R,104,"['action', 'drama', 'thriller']",['US'],5.7
ts6,House of Cards,SHOW,2013,TV-MA,52,['drama'],['US'],8.7
tm148147,Big Eyes,MOVIE,2014,PG-13,106,"['drama', 'documentation', 'romance', 'crime']","['CA', 'US']",7.2
tm143227,Begin Again,MOVIE,2013,R,104,"['drama', 'comedy', 'music', 'romance']",['US'],7.4
ts21374,How to Get Away with Murder,SHOW,2014,TV-14,43,"['crime', 'drama', 'thriller']",['US'],8.1
ts14583,BoJack Horseman,SHOW,2014,TV-MA,26,"['comedy', 'drama', 'animation']",['US'],8.8
tm169719,42,MOVIE,2013,PG-13,128,"['drama', 'sport']",['US'],7.5
tm182429,Olympus Has Fallen,MOVIE,2013,R,120,"['action', 'thriller', 'drama']",['US'],6.5
ts20261,Madam Secretary,SHOW,2014,TV-14,43,"['war', 'thriller', 'drama']",['US'],7.6
tm175843,Dark Skies,MOVIE,2013,PG-13,97,"['scifi', 'thriller', 'horror', 'documentation']",['US'],6.3
tm163686,Blue Jasmine,MOVIE,2013,PG-13,99,"['drama', 'comedy', 'european']",['US'],7.3
ts21367,Jane the Virgin,SHOW,2014,TV-14,42,"['drama', 'comedy']",['US'],7.8
ts20108,Henry Danger,SHOW,2014,TV-G,24,"['comedy', 'family', 'action', 'scifi', 'thriller', 'drama']",['US'],5.6
tm180572,Insidious: Chapter 2,MOVIE,2013,PG-13,106,"['horror', 'thriller']",['US'],6.5
tm151807,Creep,MOVIE,2014,R,82,"['horror', 'thriller']",['US'],6.3
tm151764,Barefoot,MOVIE,2014,PG-13,90,"['romance', 'comedy', 'drama']",['US'],6.6
ts20823,Orange Is the New Black,SHOW,2013,TV-MA,59,"['drama', 'comedy', 'crime']",['US'],8.1
tm153284,The Giver,MOVIE,2014,PG-13,97,"['drama', 'scifi', 'thriller', 'romance']",['US'],6.4
ts32218,The Thundermans,SHOW,2013,TV-G,24,"['action', 'scifi', 'family', 'comedy', 'drama']",['US'],5.6
ts35682,Wentworth,SHOW,2013,TV-MA,46,"['drama', 'thriller', 'crime']",['AU'],8.6
tm165967,Mandela: Long Walk to Freedom,MOVIE,2013,PG-13,141,"['drama', 'history']","['GB', 'ZA']",7.1
ts20791,Z Nation,SHOW,2014,TV-14,43,"['action', 'comedy', 'drama', 'horror', 'romance', 'scifi']",['US'],6.6
tm161525,The Green Inferno,MOVIE,2013,R,100,"['thriller', 'horror']","['US', 'CA', 'CL']",5.3
tm168400,Empire State,MOVIE,2013,R,94,"['action', 'drama', 'crime', 'thriller', 'european']",['US'],5.2
tm161282,Penguins of Madagascar,MOVIE,2014,PG,92,"['family', 'animation', 'action', 'comedy', 'scifi']",['US'],6.6
ts20280,Marco Polo,SHOW,2014,TV-MA,55,"['action', 'drama', 'history', 'documentation']",['US'],8.0
tm148671,A Walk Among the Tombstones,MOVIE,2014,R,113,"['drama', 'thriller', 'action', 'crime']",['US'],6.5
tm171042,The Call,MOVIE,2013,R,94,"['thriller', 'crime', 'drama', 'horror', 'action', 'european']",['US'],6.7
tm178712,Scary Movie 5,MOVIE,2013,PG-13,89,"['comedy', 'horror']",['US'],3.5
ts20288,From Dusk Till Dawn: The Series,SHOW,2014,TV-14,45,"['scifi', 'action', 'crime', 'fantasy', 'horror']",['US'],6.9
ts20281,Sofia the First,SHOW,2013,TV-Y,24,"['animation', 'family', 'fantasy']",['US'],6.8
tm187279,Philomena,MOVIE,2013,PG-13,97,"['drama', 'comedy', 'european']",['GB'],7.6
tm141648,Seventh Son,MOVIE,2014,PG-13,102,"['action', 'fantasy']","['US', 'GB', 'CN', 'CA']",5.5
ts314002,The Seven Deadly Sins,SHOW,2014,TV-14,25,"['scifi', 'action', 'animation', 'comedy', 'fantasy']",['JP'],7.9
tm176630,The Butler,MOVIE,2013,PG-13,132,"['drama', 'european']",['US'],7.2
ts32060,Sam & Cat,SHOW,2013,TV-G,24,"['comedy', 'drama', 'family']",['US'],5.6
tm184608,Texas Chainsaw 3D,MOVIE,2013,R,87,"['thriller', 'horror']",['US'],4.8
tm187979,Cloudy with a Chance of Meatballs 2,MOVIE,2013,PG,95,"['animation', 'scifi', 'drama', 'comedy', 'family', 'fantasy']",['US'],6.3
tm171228,Metallica: Through the Never,MOVIE,2013,R,93,['music'],['US'],7.1
ts2727,Derek,SHOW,2013,TV-MA,27,"['drama', 'comedy', 'european']",['GB'],8.1
ts20790,Young & Hungry,SHOW,2014,TV-14,21,"['comedy', 'drama', 'romance']",['US'],7.3
tm161029,Mr. Peabody & Sherman,MOVIE,2014,PG,92,"['action', 'family', 'animation', 'romance', 'comedy', 'fantasy', 'history', 'scifi']",['US'],6.8
ts20014,Sailor Moon Crystal,SHOW,2014,TV-14,24,"['animation', 'scifi', 'fantasy', 'romance', 'action', 'comedy', 'drama', 'family']",['JP'],7.8
tm181270,The Frozen Ground,MOVIE,2013,R,105,"['thriller', 'crime', 'drama']",['US'],6.4
ts35570,Lovesick,SHOW,2014,TV-MA,25,"['comedy', 'european']",['GB'],8.0
tm237143,Shrek the Musical,MOVIE,2013,PG-13,130,"['music', 'comedy', 'fantasy', 'family']",['US'],6.9
tm181081,The Railway Man,MOVIE,2013,R,116,"['drama', 'history', 'european', 'romance', 'war']","['AU', 'CH', 'GB']",7.1
ts20336,Velvet,SHOW,2014,TV-14,57,"['drama', 'romance', 'thriller', 'action', 'crime', 'european']",['ES'],8.1
ts35244,Tiny House Nation,SHOW,2014,TV-PG,43,['reality'],['US'],7.1
tm144121,Get on Up,MOVIE,2014,PG-13,139,"['drama', 'music']",['US'],6.9
ts2161,Angry Birds Toons,SHOW,2013,TV-Y,2,"['comedy', 'family', 'fantasy', 'animation', 'action', 'european']",['FI'],6.2
ts32271,Shtisel,SHOW,2013,TV-14,49,['drama'],['IL'],8.6
ts20097,Hemlock Grove,SHOW,2013,TV-MA,49,"['thriller', 'scifi', 'drama', 'fantasy', 'horror']",['US'],7.0
ts22383,Rabbids Invasion,SHOW,2013,TV-Y7,10,"['animation', 'comedy', 'family', 'european']","['FR', 'US']",5.4
tm143642,Who Am I,MOVIE,2014,Not Availavle,105,"['thriller', 'european', 'scifi', 'crime', 'drama']",['DE'],7.5
ts36836,Zach Stone Is Gonna Be Famous,SHOW,2013,TV-PG,20,['comedy'],['US'],8.3
ts22426,The Irregular at Magic High School,SHOW,2014,TV-14,23,"['action', 'scifi', 'animation', 'drama', 'fantasy', 'romance']",['JP'],7.1
ts42168,Resurrection: Ertugrul,SHOW,2014,TV-14,57,"['action', 'war', 'drama', 'history']",['TR'],7.9
tm148976,The Battered Bastards of Baseball,MOVIE,2014,R,80,"['documentation', 'sport']",['US'],8.0
ts35282,The Next Step,SHOW,2013,TV-G,24,"['drama', 'family', 'romance']",['CA'],6.0
tm136601,Walk of Shame,MOVIE,2014,R,95,['comedy'],['US'],6.0
tm151716,Cowspiracy: The Sustainability Secret,MOVIE,2014,Not Availavle,90,['documentation'],['US'],8.2
tm166628,The Smurfs 2,MOVIE,2013,PG,105,"['comedy', 'animation', 'fantasy', 'family']",['US'],5.3
tm140342,"I, Frankenstein",MOVIE,2014,PG-13,92,"['thriller', 'scifi', 'horror', 'action', 'fantasy']","['AU', 'US']",5.1
ts20883,"Nicky, Ricky, Dicky & Dawn",SHOW,2014,TV-G,23,"['family', 'comedy']",['US'],5.1
tm151447,The November Man,MOVIE,2014,R,108,"['thriller', 'action', 'crime']","['GB', 'US']",6.2
tm147913,PK,MOVIE,2014,PG-13,153,"['drama', 'comedy', 'scifi', 'romance', 'fantasy']",['IN'],8.1
ts11794,The Cat in the Hat Knows a Lot About That!,SHOW,2013,TV-Y,19,"['animation', 'family', 'fantasy', 'scifi', 'comedy']","['CA', 'US', 'GB']",6.4
ts98110,Dreamworks How to Train Your Dragon Legends,SHOW,2013,Not Availavle,23,['animation'],['US'],7.3
ts22445,The Heirs,SHOW,2013,Not Availavle,59,"['comedy', 'drama', 'romance']",['KR'],7.5
tm149038,Bill Burr: I'm Sorry You Feel That Way,MOVIE,2014,Not Availavle,80,"['comedy', 'documentation']",['US'],8.3
tm161562,Copenhagen,MOVIE,2014,Not Availavle,98,"['drama', 'romance']","['DK', 'US']",7.0
ts34066,Mako: Island of Secrets,SHOW,2013,TV-G,25,"['scifi', 'action', 'family', 'fantasy', 'romance', 'comedy', 'drama']",['AU'],6.7
ts521,Black Ink Crew New York,SHOW,2013,TV-14,43,['reality'],['US'],4.6
tm71148,Thanks for Sharing,MOVIE,2013,R,112,"['comedy', 'drama', 'romance']",['US'],6.4
tm156811,Queen,MOVIE,2014,PG-13,146,"['comedy', 'drama']",['IN'],8.1
ts82979,Talking Tom and Friends,SHOW,2014,TV-G,14,"['animation', 'comedy', 'drama', 'family', 'action', 'fantasy', 'european']",['US'],6.1
ts33590,The Haunted Hathaways,SHOW,2013,TV-G,24,"['comedy', 'family', 'fantasy']",['US'],5.0
tm138431,Virunga,MOVIE,2014,Not Availavle,90,"['documentation', 'war']","['CD', 'GB']",8.2
tm144046,Jackass Presents: Bad Grandpa .5,MOVIE,2013,PG-13,86,['comedy'],['US'],6.3
ts33840,Nagi-Asu: A Lull in the Sea,SHOW,2013,TV-14,23,"['scifi', 'animation', 'drama', 'fantasy', 'romance']",['JP'],7.3
tm171965,Mike Birbiglia: My Girlfriend's Boyfriend,MOVIE,2013,Not Availavle,75,"['comedy', 'documentation', 'romance']",['US'],8.0
tm157085,Effie Gray,MOVIE,2014,PG-13,104,"['drama', 'romance']",['GB'],6.0
tm185208,Elena,MOVIE,2013,PG-13,82,"['documentation', 'european', 'drama', 'family']","['US', 'BR']",7.6
tm180599,The Haunting in Connecticut 2: Ghosts of Georgia,MOVIE,2013,R,101,"['thriller', 'horror', 'drama']",['US'],5.2
ts58137,Pac-Man and the Ghostly Adventures,SHOW,2013,TV-Y7,22,"['action', 'scifi', 'drama', 'animation', 'comedy', 'family', 'fantasy']","['CA', 'JP', 'US']",4.6
tm154797,The Nut Job,MOVIE,2014,PG,85,"['comedy', 'crime', 'family', 'animation']","['CA', 'KR']",5.7
ts20709,Yowamushi Pedal,SHOW,2013,TV-14,25,"['comedy', 'animation', 'drama', 'sport']",['JP'],7.7
ts10206,Ever After High,SHOW,2013,TV-Y7,29,"['action', 'animation', 'comedy', 'drama', 'family', 'fantasy', 'music', 'romance']",['CA'],7.7
ts154625,Dérapages,SHOW,2014,Not Availavle,53,"['drama', 'thriller']",['FR'],7.9
ts37187,Senora Acero,SHOW,2014,TV-MA,43,"['crime', 'drama', 'romance']",['US'],6.8
ts53641,Lalaloopsy,SHOW,2013,TV-Y,23,['animation'],['US'],6.5
tm148910,Haider,MOVIE,2014,PG-13,150,"['action', 'drama', 'thriller', 'crime']",['IN'],8.1
tm182275,Omar,MOVIE,2013,Not Availavle,96,"['romance', 'thriller', 'drama', 'crime', 'war']",['PS'],7.5
tm152904,Tom Segura: Completely Normal,MOVIE,2014,Not Availavle,74,"['comedy', 'documentation']",['US'],7.7
tm172710,We Steal Secrets: The Story of WikiLeaks,MOVIE,2013,R,127,['documentation'],['US'],6.9
tm143757,Search Party,MOVIE,2014,R,93,['comedy'],['US'],5.6
ts35628,Some Assembly Required,SHOW,2014,TV-G,24,"['comedy', 'documentation', 'reality']",['CA'],8.5
ts58010,VeggieTales in the House,SHOW,2014,TV-G,18,"['comedy', 'family', 'music', 'animation']",['US'],4.2
tm143372,Stand by Me Doraemon,MOVIE,2014,G,90,"['scifi', 'fantasy', 'drama', 'family', 'animation', 'comedy']",['JP'],7.3
ts21368,Black Money Love,SHOW,2014,TV-MA,76,"['action', 'drama', 'romance', 'crime']",['TR'],7.4
tm167944,Berserk: The Golden Age Arc III - The Advent,MOVIE,2013,NC-17,110,"['drama', 'fantasy', 'animation', 'action', 'romance', 'horror']",['JP'],7.8
tm187390,The Square,MOVIE,2013,Not Availavle,88,"['documentation', 'drama', 'history']","['US', 'EG', 'GB']",8.1
tm143363,2 States,MOVIE,2014,PG,149,"['drama', 'comedy', 'romance']",['IN'],6.9
ts88394,Moving Art,SHOW,2014,Not Availavle,28,"['documentation', 'family']",['US'],8.6
ts36127,Turbo FAST,SHOW,2013,TV-PG,19,"['comedy', 'family', 'sport', 'scifi', 'animation', 'action']",['US'],6.3
ts3799,All Hail King Julien,SHOW,2014,TV-Y7,23,"['comedy', 'family', 'fantasy', 'animation', 'action']",['US'],7.0
tm171929,The Short Game,MOVIE,2013,PG,100,"['documentation', 'sport']",['US'],7.3
tm155291,Highway,MOVIE,2014,PG-13,133,"['crime', 'romance', 'drama']",['IN'],7.6
tm180643,Jinxed,MOVIE,2013,G,70,"['comedy', 'family']","['CA', 'US']",6.3
ts16117,20 Minutes,SHOW,2013,TV-MA,46,"['action', 'drama', 'romance']",['TR'],7.1
tm182969,Dabbe: The Possession,MOVIE,2013,Not Availavle,120,['horror'],['TR'],6.8
tm215339,Ralphie May: Imperfectly Yours,MOVIE,2013,Not Availavle,69,"['comedy', 'documentation']",['US'],5.4
tm151927,Mary Kom,MOVIE,2014,PG-13,122,"['history', 'action', 'drama', 'sport']",['IN'],6.8
tm139922,"The Other One: The Long, Strange Trip of Bob Weir",MOVIE,2014,Not Availavle,85,"['music', 'documentation']",['US'],7.3
tm185797,Fukrey,MOVIE,2013,PG-13,137,"['drama', 'comedy', 'romance']",['IN'],6.9
tm174289,Free Birds,MOVIE,2013,PG,91,"['animation', 'comedy', 'family', 'scifi']",['US'],5.8
tm181092,Race 2,MOVIE,2013,Not Availavle,150,"['thriller', 'action', 'crime']",['IN'],5.3
ts20781,Incomplete Life,SHOW,2014,TV-14,73,"['comedy', 'drama']",['KR'],8.5
tm183706,Birth Reborn,MOVIE,2013,Not Availavle,91,"['documentation', 'family', 'history']",['BR'],7.8
tm168685,The Berlin File,MOVIE,2013,Not Availavle,120,"['action', 'thriller']",['KR'],6.6
tm199408,Monty Python: The Meaning of Live,MOVIE,2014,Not Availavle,96,"['documentation', 'comedy']",['GB'],7.6
tm140911,Imperial Dreams,MOVIE,2014,Not Availavle,87,['drama'],['US'],6.7
tm148597,Monty Python: Live (Mostly),MOVIE,2014,R,138,"['documentation', 'comedy', 'music']",['GB'],7.6
ts76743,Dokidoki! PreCure,SHOW,2013,TV-G,23,"['animation', 'action', 'comedy', 'drama', 'fantasy', 'family']",['JP'],6.2
ts83239,Booba,SHOW,2014,Not Availavle,4,"['comedy', 'animation', 'family']",['RU'],6.9
tm144021,LEGO DC Comics Super Heroes: Batman Be-Leaguered,MOVIE,2014,Not Availavle,22,"['action', 'animation', 'family', 'comedy', 'scifi']",['US'],6.5
tm148457,Hasee Toh Phasee,MOVIE,2014,PG-13,141,"['comedy', 'romance']",['IN'],6.8
ts75104,Zbrodnia,SHOW,2014,TV-MA,45,"['crime', 'action']",['PL'],6.2
tm148662,The Boss: Anatomy of a Crime,MOVIE,2014,Not Availavle,98,"['drama', 'crime']","['VE', 'AR']",7.3
ts34074,"That Winter, the Wind Blows",SHOW,2013,TV-MA,63,['drama'],['KR'],7.6
tm181550,Once Upon a Time in Mumbai Dobaara!,MOVIE,2013,Not Availavle,160,"['action', 'crime', 'drama', 'romance']",['IN'],4.4
tm149914,Jim Jefferies: Bare,MOVIE,2014,R,76,['comedy'],['US'],8.0
tm145627,Pizza,MOVIE,2014,Not Availavle,107,"['horror', 'thriller']",['IN'],6.2
tm186161,Boss,MOVIE,2013,PG-13,143,"['comedy', 'drama', 'crime', 'action']",['IN'],5.1
tm183002,Madras Cafe,MOVIE,2013,PG-13,130,"['action', 'thriller', 'drama']",['IN'],7.6
ts122290,Dharmakshetra,SHOW,2014,TV-14,44,['drama'],['IN'],8.3
ts75833,Masha's Spooky Stories,SHOW,2014,TV-Y,5,"['animation', 'family']",['RU'],6.2
tm158302,Ankhon Dekhi,MOVIE,2014,Not Availavle,104,"['drama', 'comedy']",['IN'],8.0
tm182322,Kai Po Che!,MOVIE,2013,Not Availavle,126,"['drama', 'sport']",['IN'],7.7
tm157062,Anjaan,MOVIE,2014,Not Availavle,170,"['crime', 'action', 'thriller']",['IN'],5.3
tm186054,ABCD,MOVIE,2013,PG-13,136,"['music', 'drama']",['IN'],6.3
tm165504,Blind Detective,MOVIE,2013,Not Availavle,130,"['crime', 'action', 'comedy', 'drama', 'thriller']",['HK'],6.4
tm167342,Satyagraha,MOVIE,2013,PG,152,"['drama', 'documentation']",['IN'],5.9
tm35895,Buddies,MOVIE,2013,Not Availavle,94,"['drama', 'comedy', 'action', 'documentation', 'european']",['BR'],6.5
tm158980,Khoobsurat,MOVIE,2014,PG,130,"['comedy', 'romance']",['IN'],6.4
ts67797,Sammy & Co,SHOW,2014,TV-PG,15,"['animation', 'european']",['US'],5.7
tm149747,The Perfect Dictatorship,MOVIE,2014,Not Availavle,143,"['drama', 'comedy']",['MX'],7.2
tm159819,Bride for Rent,MOVIE,2014,Not Availavle,115,"['romance', 'comedy']",['PH'],6.4
tm2269,Selfie,MOVIE,2014,Not Availavle,123,"['comedy', 'documentation', 'drama', 'european']",['RO'],6.0
tm175753,Chashme Baddoor,MOVIE,2013,Not Availavle,120,"['comedy', 'drama']",['IN'],5.4
tm178513,Bombay Talkies,MOVIE,2013,PG-13,127,"['drama', 'romance']",['IN'],6.6
tm160034,Humpty Sharma Ki Dulhania,MOVIE,2014,PG,133,"['drama', 'comedy', 'romance']",['IN'],6.0
tm142630,Ragini MMS 2,MOVIE,2014,PG-13,120,['horror'],['IN'],3.9
tm149578,Mission Blue,MOVIE,2014,PG,94,"['documentation', 'drama']",['US'],7.9
tm176481,Chennai Express,MOVIE,2013,PG-13,141,"['romance', 'drama', 'action', 'comedy']",['IN'],6.0
tm167107,Saheb Biwi Aur Gangster Returns,MOVIE,2013,Not Availavle,142,"['action', 'crime', 'thriller', 'drama']",['IN'],6.7
tm158546,Raja Natwarlal,MOVIE,2014,PG,141,"['thriller', 'crime']",['IN'],6.1
tm236725,My Beautiful Broken Brain,MOVIE,2014,Not Availavle,84,['documentation'],['GB'],7.0
tm151210,Jim Gaffigan: Obsessed,MOVIE,2014,Not Availavle,70,"['comedy', 'documentation']",['US'],7.6
tm146657,Jeff Dunham: All Over the Map,MOVIE,2014,PG-13,41,['comedy'],"['IL', 'NO', 'ZA', 'AE', 'GB', 'IS', 'IE']",7.1
tm157681,Eyes of a Thief,MOVIE,2014,Not Availavle,98,['drama'],['PS'],6.6
tm145791,Miss Granny,MOVIE,2014,Not Availavle,124,"['drama', 'comedy', 'music', 'family', 'fantasy']",['KR'],7.2
tm175954,Aziz Ansari: Buried Alive,MOVIE,2013,Not Availavle,79,"['comedy', 'documentation']",['US'],7.2
tm158436,Print the Legend,MOVIE,2014,Not Availavle,100,"['documentation', 'drama', 'history']",['US'],7.0
tm172027,The Butterfly's Dream,MOVIE,2013,PG-13,138,"['drama', 'history', 'romance']",['TR'],7.7
tm209037,Tea Time,MOVIE,2014,Not Availavle,70,['documentation'],['CL'],7.6
tm153055,Mitt,MOVIE,2014,Not Availavle,93,"['documentation', 'family']",['US'],6.9
tm155051,Trailer Park Boys - Live in F**kin' Dublin,MOVIE,2014,Not Availavle,81,['comedy'],['CA'],6.2
tm143299,Ungli,MOVIE,2014,PG-13,114,"['thriller', 'crime', 'drama']",['IN'],5.8
tm348393,When Love Happens,MOVIE,2014,Not Availavle,109,['romance'],['NG'],4.8
tm182227,Marc Maron: Thinky Pain,MOVIE,2013,Not Availavle,90,['comedy'],['US'],7.3
ts121189,"Raja, Rasoi Aur Anya Kahaniyaan",SHOW,2014,Not Availavle,29,"['history', 'documentation']",['IN'],8.9
tm157461,Coming Soon,MOVIE,2014,PG,134,"['romance', 'drama', 'comedy']",['TR'],7.3
ts20238,Boss & Me,SHOW,2014,TV-PG,45,"['comedy', 'romance']",['CN'],7.3
tm157609,Born in Gaza,MOVIE,2014,Not Availavle,69,"['documentation', 'european']",['ES'],7.4
tm152273,Tiger & Bunny: The Rising,MOVIE,2014,Not Availavle,108,"['scifi', 'action', 'animation']",['JP'],6.7
tm202914,My Own Man,MOVIE,2014,Not Availavle,82,"['documentation', 'drama', 'comedy', 'family']",['US'],6.4
tm183654,SDU: Sex Duties Unit,MOVIE,2013,Not Availavle,94,"['comedy', 'action']",['HK'],5.9
tm147518,City of God: 10 Years Later,MOVIE,2013,PG,69,['documentation'],['BR'],6.4
tm197423,October 1,MOVIE,2014,PG-13,149,"['thriller', 'crime', 'drama']",['NG'],6.4
tm145658,The Amazing Praybeyt Benjamin,MOVIE,2014,Not Availavle,105,"['drama', 'comedy', 'action', 'fantasy', 'romance']",['PH'],4.0
ts82860,Against the Tide,SHOW,2014,TV-14,44,['drama'],['SG'],7.6
tm151860,Free to Play,MOVIE,2014,Not Availavle,75,"['documentation', 'action']","['US', 'CN', 'DE', 'SG', 'UA']",7.6
tm184511,Inkaar,MOVIE,2013,R,133,"['drama', 'romance', 'thriller']",['IN'],6.1
tm145216,Dabbe 5: Curse of the Jinn,MOVIE,2014,R,132,['horror'],['TR'],5.9
tm610571,Diamonds in the Sky,MOVIE,2014,Not Availavle,132,['drama'],['IN'],7.4
tm529733,Chhota Bheem and the ShiNobi Secret,MOVIE,2013,G,63,['animation'],['IN'],8.6
tm169054,Bhaji in Problem,MOVIE,2013,Not Availavle,117,"['drama', 'comedy']",['IN'],7.1
tm154729,Dedh Ishqiya,MOVIE,2014,R,148,"['romance', 'thriller', 'comedy', 'drama']",['IN'],7.0
tm187505,She's The One,MOVIE,2013,Not Availavle,110,"['romance', 'drama', 'comedy']",['PH'],6.3
tm177645,Wedding Association,MOVIE,2013,PG-13,106,['comedy'],['XX'],7.0
tm155507,Chelsea Handler: Uganda Be Kidding Me Live,MOVIE,2014,Not Availavle,71,['comedy'],['US'],5.8
tm182580,Ghadi,MOVIE,2013,PG-13,100,"['drama', 'family', 'comedy']",['LB'],7.3
tm152843,Swearnet: The Movie,MOVIE,2014,R,112,['comedy'],['CA'],6.0
tm147405,E-Team,MOVIE,2014,Not Availavle,88,"['documentation', 'war']",['US'],7.1
tm185736,SampleThis,MOVIE,2013,Not Availavle,85,"['documentation', 'music']",['US'],6.4
tm587320,El Mago Pop,MOVIE,2013,Not Availavle,44,"['reality', 'european']",['ES'],6.8
tm183805,Ghanchakkar,MOVIE,2013,PG,137,"['thriller', 'comedy', 'crime']",['IN'],5.8
tm323262,Seven Souls in the Skull Castle,MOVIE,2013,Not Availavle,179,"['drama', 'action', 'romance']",['JP'],7.3
tm181051,Giraffada,MOVIE,2014,Not Availavle,85,"['drama', 'european']","['DE', 'IT', 'PS', 'FR']",6.3
tm169294,Pagpag: Siyam na Buhay,MOVIE,2013,Not Availavle,105,['horror'],['PH'],5.4
tm147908,Anaamika,MOVIE,2014,PG,124,['thriller'],['IN'],5.5
tm178992,The Midas Touch,MOVIE,2013,Not Availavle,99,['comedy'],['HK'],5.0
tm250364,Chhota Bheem in the Incan Adventure,MOVIE,2013,G,64,"['fantasy', 'animation']",['XX'],7.5
tm162259,Mars at Sunrise,MOVIE,2014,Not Availavle,75,['drama'],['US'],7.8
tm166723,It Takes a Man and a Woman,MOVIE,2013,Not Availavle,120,"['romance', 'comedy', 'drama']",['PH'],6.7
tm177224,Gori Tere Pyaar Mein,MOVIE,2013,Not Availavle,150,"['comedy', 'drama', 'romance']",['IN'],4.9
tm187118,What the Fish,MOVIE,2013,PG-13,98,"['drama', 'comedy']",['IN'],5.2
tm577690,A Place in the Stars,MOVIE,2014,Not Availavle,112,"['thriller', 'drama']",['NG'],6.2
tm200926,Heritages,MOVIE,2014,Not Availavle,96,"['drama', 'documentation', 'european']","['AE', 'LB']",7.3
tm155014,Trailer Park Boys: Live at the North Pole,MOVIE,2014,Not Availavle,88,['comedy'],['CA'],6.7
tm159296,One by Two,MOVIE,2014,Not Availavle,139,"['comedy', 'drama', 'romance']",['IN'],3.9
tm179328,Romantik Komedi 2: Bekarlığa Veda,MOVIE,2013,Not Availavle,105,"['comedy', 'romance']",['XX'],5.1
ts32752,Two Fathers,SHOW,2013,TV-14,44,"['comedy', 'drama']",['TW'],8.0
tm528043,Chhota Bheem the Crown of Valhalla,MOVIE,2013,Not Availavle,64,['animation'],[],7.6
tm186408,The Land of Cards,MOVIE,2013,Not Availavle,110,['fantasy'],['IN'],5.5
tm157783,Gollu Aur Pappu,MOVIE,2014,G,112,['comedy'],['IN'],3.8
tm146144,Bobby Jasoos,MOVIE,2014,Not Availavle,121,"['action', 'comedy', 'drama', 'thriller']",['IN'],5.5
tm144541,Refugiado,MOVIE,2014,R,95,"['thriller', 'drama', 'european']",['AR'],6.4
tm175364,Chhota Bheem Aur Hanuman,MOVIE,2013,G,67,"['animation', 'fantasy']",['IN'],7.3
tm136036,That Thing Called Tadhana,MOVIE,2014,Not Availavle,110,"['romance', 'comedy', 'drama']",['PH'],7.4
tm163066,Xenos,MOVIE,2013,Not Availavle,12,['documentation'],['GB'],7.8
tm188290,Must Be... Love,MOVIE,2013,Not Availavle,105,"['comedy', 'romance']",['PH'],6.4
tm142852,She's Dating the Gangster,MOVIE,2014,Not Availavle,105,"['drama', 'romance', 'comedy']",['PH'],7.0
tm228574,Swearnet Live,MOVIE,2014,Not Availavle,75,['comedy'],['CA'],5.3
tm171891,Himmatwala,MOVIE,2013,Not Availavle,150,"['comedy', 'drama', 'action']",['IN'],1.7
tm250247,Chhota Bheem & Krishna vs Zimbara,MOVIE,2013,G,64,['animation'],[],9.1
tm176900,Theeya Velai Seiyyanum Kumaru,MOVIE,2013,Not Availavle,125,"['comedy', 'drama', 'romance']",['IN'],5.3
tm158671,A Fairly Odd Summer,MOVIE,2014,G,66,"['fantasy', 'comedy', 'family', 'animation']",['US'],3.8
tm144557,Deliha,MOVIE,2014,PG-13,107,"['family', 'comedy', 'romance']",['TR'],4.5
tm528044,Chhota Bheem Neeli Pahaadi,MOVIE,2013,G,63,['animation'],[],8.7
tm169669,Four Sisters and a Wedding,MOVIE,2013,Not Availavle,126,"['drama', 'comedy']",['PH'],7.2
tm149541,D.L. Hughley: Clear,MOVIE,2014,Not Availavle,59,['comedy'],['US'],6.8
tm144451,Cold Harbour,MOVIE,2014,Not Availavle,76,"['thriller', 'crime', 'action']",['ZA'],5.2
tm205684,Confusion Na Wa,MOVIE,2013,Not Availavle,105,"['crime', 'drama', 'comedy']",['NG'],7.0
tm175577,Flower Girl,MOVIE,2013,Not Availavle,94,"['comedy', 'romance']",['NG'],6.0
tm178234,Blind Intersections,MOVIE,2013,Not Availavle,87,['drama'],"['LB', 'AE']",6.6
tm176553,Doctor Bello,MOVIE,2013,Not Availavle,95,"['drama', 'action']","['NG', 'US']",4.8
tm481846,Chhota Bheem Dus pe Dus,MOVIE,2014,G,62,['animation'],['XX'],5.1
tm138280,Sigaram Thodu,MOVIE,2014,Not Availavle,147,"['action', 'thriller']",['IN'],6.1
tm156397,Starting Over Again,MOVIE,2014,Not Availavle,130,"['comedy', 'drama', 'documentation', 'european']",['PH'],8.3
tm159094,Naan Sigappu Manithan,MOVIE,2014,Not Availavle,161,"['drama', 'action', 'thriller']",['IN'],6.5
tm460055,The War Against Women,MOVIE,2013,Not Availavle,62,"['documentation', 'war']","['US', 'ES']",7.3
tm157286,The Royal Bengal Tiger,MOVIE,2014,Not Availavle,107,['thriller'],['IN'],6.8
tm179248,Settai,MOVIE,2013,Not Availavle,136,"['comedy', 'crime', 'action']",['IN'],4.5
tm681614,Grandmother's Farm,MOVIE,2013,Not Availavle,71,"['comedy', 'horror']",[],2.9
ts107543,Mystic Whispers,SHOW,2014,TV-14,26,"['romance', 'comedy']",['SG'],6.9
tm242276,Na Bangaaru Talli,MOVIE,2014,Not Availavle,116,"['thriller', 'crime', 'drama', 'family']",['IN'],7.2
tm159701,Wyatt Cenac: Brooklyn,MOVIE,2014,Not Availavle,67,['comedy'],['US'],6.3
tm150962,Mumbai Delhi Mumbai,MOVIE,2014,PG,120,"['comedy', 'romance']",['IN'],5.7
ts261583,Ojo's in d' House,SHOW,2013,Not Availavle,24,['comedy'],['NG'],6.1
ts8,Better Call Saul,SHOW,2015,TV-MA,49,"['drama', 'crime']",['US'],8.8
ts37143,Alone,SHOW,2015,TV-MA,51,"['reality', 'documentation']",['US'],8.4
ts38796,Stranger Things,SHOW,2016,TV-14,61,"['scifi', 'thriller', 'drama', 'fantasy', 'horror']",['US'],8.7
ts21867,Schitt's Creek,SHOW,2015,TV-14,22,['comedy'],['CA'],8.5
ts41766,The Good Place,SHOW,2016,TV-14,23,"['scifi', 'romance', 'comedy', 'drama', 'fantasy']",['US'],8.2
ts37539,One-Punch Man,SHOW,2015,TV-PG,22,"['action', 'animation', 'comedy', 'fantasy', 'scifi', 'horror', 'drama']",['JP'],8.7
tm232579,Hunt for the Wilderpeople,MOVIE,2016,PG-13,101,"['drama', 'comedy']",['NZ'],7.8
ts36577,The Last Kingdom,SHOW,2015,TV-MA,55,"['action', 'drama', 'war', 'history', 'european']",['GB'],8.5
ts35201,Food Wars! Shokugeki no Soma,SHOW,2015,TV-MA,24,"['drama', 'comedy', 'fantasy', 'thriller', 'animation']",['JP'],8.2
tm243100,Hell or High Water,MOVIE,2016,R,102,"['thriller', 'western', 'action', 'crime', 'drama']",['US'],7.6
ts42069,The Crown,SHOW,2016,TV-MA,56,"['drama', 'history', 'european']","['GB', 'US']",8.7
ts36885,Ash vs Evil Dead,SHOW,2015,TV-MA,30,"['action', 'scifi', 'comedy', 'horror', 'fantasy', 'thriller']",['US'],8.4
tm195209,Legend,MOVIE,2015,R,131,"['thriller', 'crime', 'drama', 'european']","['GB', 'US', 'FR']",6.9
tm239760,Blair Witch,MOVIE,2016,R,89,"['thriller', 'horror']","['US', 'CA']",5.0
tm204163,War Dogs,MOVIE,2016,R,114,"['crime', 'war', 'comedy', 'drama']",['US'],7.1
ts36147,Lucifer,SHOW,2016,TV-14,47,"['scifi', 'crime', 'drama', 'fantasy']",['US'],8.1
ts35793,Forged in Fire,SHOW,2015,TV-PG,42,['reality'],['US'],8.3
ts53051,The OA,SHOW,2016,TV-MA,55,"['scifi', 'drama', 'fantasy']",['US'],7.8
tm135307,Blackhat,MOVIE,2015,R,133,"['action', 'crime', 'thriller']",['US'],5.4
tm205890,The Take,MOVIE,2016,R,92,"['action', 'drama', 'crime', 'thriller']","['US', 'FR', 'LU', 'GB']",6.3
tm239727,Nocturnal Animals,MOVIE,2016,R,117,"['thriller', 'drama']",['US'],7.5
tm242705,Raw,MOVIE,2016,R,99,"['horror', 'drama', 'fantasy', 'european']","['FR', 'BE']",7.0
tm138905,The Hateful Eight,MOVIE,2015,R,188,"['thriller', 'western', 'drama', 'crime']",['US'],7.8
ts38199,The Magicians,SHOW,2015,TV-14,44,"['scifi', 'drama', 'fantasy']",['US'],7.6
ts42062,Miraculous: Tales of Ladybug & Cat Noir,SHOW,2015,TV-Y7,21,"['animation', 'action', 'family', 'fantasy', 'romance']",['FR'],7.7
ts41961,Queen of the South,SHOW,2016,TV-MA,42,"['drama', 'thriller', 'action', 'crime']",['US'],7.9
ts35251,Grace and Frankie,SHOW,2015,TV-MA,29,"['drama', 'comedy']",['US'],8.2
ts41956,Designated Survivor,SHOW,2016,TV-14,44,"['war', 'action', 'drama', 'thriller']",['US'],7.5
ts38718,Slasher,SHOW,2016,TV-MA,46,"['crime', 'drama', 'horror', 'thriller']",['CA'],6.7
ts42014,60 Days In,SHOW,2016,TV-14,46,"['documentation', 'reality']",['US'],7.6
ts53664,Fauda,SHOW,2015,TV-MA,40,"['war', 'drama', 'thriller', 'action']",['IL'],8.2
ts37866,Call My Agent!,SHOW,2015,TV-MA,55,"['comedy', 'drama', 'european']",['FR'],8.3
ts42120,Travelers,SHOW,2016,TV-MA,45,"['scifi', 'thriller', 'drama']",['CA'],8.0
tm140391,Pan,MOVIE,2015,PG,111,"['action', 'fantasy', 'family', 'comedy']","['US', 'GB']",5.7
tm199607,The Gift,MOVIE,2015,R,108,"['drama', 'thriller', 'documentation']","['AU', 'US']",7.0
tm137869,Wild Card,MOVIE,2015,R,92,"['action', 'thriller', 'crime', 'drama']",['US'],5.6
ts42077,Medici: Masters of Florence,SHOW,2016,TV-14,54,"['war', 'romance', 'thriller', 'drama', 'history', 'european']","['IT', 'GB']",7.9
ts52922,Leah Remini: Scientology and the Aftermath,SHOW,2016,TV-14,46,"['documentation', 'history']",['US'],9.0
ts18010,Bloodline,SHOW,2015,TV-MA,57,"['drama', 'thriller']",['US'],7.9
ts36129,Crazy Ex-Girlfriend,SHOW,2015,TV-14,42,['comedy'],['US'],7.8
ts36631,Narcos,SHOW,2015,TV-MA,52,"['drama', 'thriller', 'crime']",['US'],8.8
ts36550,DC's Legends of Tomorrow,SHOW,2016,TV-14,42,"['drama', 'action', 'scifi']",['US'],6.8
ts70529,Norsemen,SHOW,2016,TV-MA,31,"['comedy', 'drama', 'history']",['NO'],7.7
ts41975,Shooter,SHOW,2016,TV-14,41,"['action', 'war', 'drama']",['US'],7.5
ts38734,Marcella,SHOW,2016,TV-MA,45,"['crime', 'drama', 'european']",['GB'],7.4
ts36015,Into the Badlands,SHOW,2015,TV-14,43,"['action', 'drama']",['US'],7.9
tm120609,"Hail, Caesar!",MOVIE,2016,PG-13,106,"['comedy', 'drama', 'music']",['US'],6.3
ts35554,Scream: The TV Series,SHOW,2015,TV-14,43,"['thriller', 'drama', 'crime', 'horror', 'comedy']",['US'],7.1
ts21981,iZombie,SHOW,2015,TV-14,42,"['crime', 'scifi', 'drama', 'comedy', 'horror']",['US'],7.8
tm137693,Crimson Peak,MOVIE,2015,R,119,"['horror', 'thriller', 'romance', 'fantasy', 'drama']",['US'],6.5
ts35563,Supergirl,SHOW,2015,TV-14,42,"['scifi', 'action', 'drama']",['US'],6.2
ts21869,Sense8,SHOW,2015,TV-MA,62,"['scifi', 'drama', 'thriller']",['US'],8.2
tm137002,Bāhubali: The Beginning,MOVIE,2015,Not Availavle,158,"['action', 'drama', 'fantasy']",['IN'],8.0
ts47714,Kim's Convenience,SHOW,2016,TV-14,22,['comedy'],['CA'],8.2
tm206698,Ouija: Origin of Evil,MOVIE,2016,PG-13,99,"['drama', 'horror', 'thriller']",['US'],5.3
ts38710,Wynonna Earp,SHOW,2016,TV-14,43,"['western', 'action', 'scifi', 'thriller', 'drama', 'fantasy']","['CA', 'US']",7.3
ts21885,Unbreakable Kimmy Schmidt,SHOW,2015,TV-14,30,"['comedy', 'drama']",['US'],7.6
tm139841,Sinister 2,MOVIE,2015,R,97,"['horror', 'thriller']","['US', 'CA', 'GB']",5.3
tm233377,The Edge of Seventeen,MOVIE,2016,R,105,"['drama', 'comedy']",['US'],7.3
ts35253,Dark Matter,SHOW,2015,TV-14,43,"['scifi', 'thriller', 'drama', 'action']",['CA'],7.5
tm143984,London Has Fallen,MOVIE,2016,R,99,"['action', 'thriller', 'drama', 'crime']","['GB', 'US', 'BG']",5.9
ts41289,Flowers,SHOW,2016,TV-14,25,"['comedy', 'drama', 'european']",['GB'],8.1
tm233425,A Silent Voice: The Movie,MOVIE,2016,PG-13,130,"['animation', 'drama', 'romance', 'family']",['JP'],8.1
ts38090,Versailles,SHOW,2015,TV-MA,54,"['drama', 'history', 'romance', 'war', 'documentation', 'comedy', 'european']","['CA', 'FR']",7.9
ts21986,Good Witch,SHOW,2015,TV-G,43,"['scifi', 'fantasy', 'comedy', 'drama']",['US'],7.2
tm120108,Kung Fu Panda 3,MOVIE,2016,PG,95,"['action', 'animation', 'family', 'fantasy', 'drama', 'comedy']","['US', 'CN']",7.1
tm239676,Hush,MOVIE,2016,R,82,"['horror', 'thriller']",['US'],6.6
ts36177,Glitch,SHOW,2015,TV-MA,52,"['scifi', 'thriller', 'drama', 'horror']",['AU'],7.3
tm212927,Mr. Right,MOVIE,2016,R,90,"['action', 'comedy', 'romance']",['US'],6.3
tm194792,The Boy,MOVIE,2016,PG-13,97,"['horror', 'thriller']",['US'],6.0
ts35775,Wet Hot American Summer: First Day of Camp,SHOW,2015,TV-MA,29,['comedy'],['US'],7.3
ts38415,Frontier,SHOW,2016,TV-MA,47,"['action', 'history', 'drama']",['CA'],7.1
ts42687,PJ Masks,SHOW,2015,TV-G,15,"['family', 'animation', 'scifi', 'action', 'fantasy', 'european']",['GB'],5.4
ts38511,Love,SHOW,2016,TV-MA,32,"['comedy', 'drama', 'romance']",['US'],7.7
ts38304,Servant of the People,SHOW,2015,TV-MA,29,['comedy'],['UA'],7.3
ts35354,Zoo,SHOW,2015,TV-14,43,"['drama', 'scifi', 'thriller']",['US'],6.6
ts42170,Crashing,SHOW,2016,TV-MA,30,"['comedy', 'european']",['GB'],7.7
tm193769,Steve Jobs,MOVIE,2015,R,125,"['history', 'drama']","['GB', 'US']",7.2
tm138297,The Conjuring 2,MOVIE,2016,R,134,"['horror', 'thriller', 'drama']",['US'],7.3
ts41906,The Disastrous Life of Saiki K.,SHOW,2016,TV-14,10,"['scifi', 'comedy', 'animation', 'fantasy']",['JP'],8.4
tm132273,Home,MOVIE,2015,PG,94,"['family', 'fantasy', 'comedy', 'animation', 'scifi']",['US'],6.6
tm143085,Chappie,MOVIE,2015,R,120,"['crime', 'action', 'scifi', 'drama', 'thriller']","['MX', 'ZA', 'US']",6.8
tm245271,Gantz:O,MOVIE,2016,NC-17,95,"['scifi', 'action', 'animation', 'fantasy', 'thriller', 'horror', 'drama']",['JP'],7.1
ts36046,BUNK'D,SHOW,2015,TV-G,24,"['comedy', 'drama', 'family']",['US'],5.3
tm135106,In a Valley of Violence,MOVIE,2016,R,104,"['crime', 'thriller', 'western', 'action', 'drama']",['US'],6.0
tm196296,A Monster Calls,MOVIE,2016,PG-13,108,"['drama', 'animation', 'family', 'fantasy', 'thriller', 'european']","['US', 'GB', 'ES']",7.4
ts39007,Van Helsing,SHOW,2016,TV-14,42,"['scifi', 'action', 'fantasy', 'horror', 'drama']",['US'],6.2
tm209987,Christine,MOVIE,2016,R,123,['drama'],['US'],6.9
ts36545,Quantico,SHOW,2015,TV-14,43,"['drama', 'thriller', 'crime']",['US'],6.6
tm219233,Loving,MOVIE,2016,PG-13,123,"['drama', 'romance']","['GB', 'US']",7.0
ts42169,ERASED,SHOW,2016,TV-14,22,"['drama', 'thriller', 'animation', 'fantasy', 'scifi']",['JP'],8.5
tm199700,The Danish Girl,MOVIE,2015,R,119,"['drama', 'romance', 'european']","['BE', 'DK', 'DE', 'GB', 'US']",7.1
ts36856,F is for Family,SHOW,2015,TV-MA,27,"['comedy', 'drama', 'animation']",['US'],8.0
ts37971,Master of None,SHOW,2015,TV-MA,32,"['drama', 'comedy']",['US'],8.3
ts41490,Hap and Leonard,SHOW,2016,TV-MA,42,"['action', 'thriller', 'crime', 'drama']",['US'],7.6
ts41963,Easy,SHOW,2016,TV-MA,30,"['drama', 'comedy']",['US'],6.9
ts37464,Occupied,SHOW,2015,TV-MA,45,"['war', 'drama', 'thriller']",['NO'],7.6
tm233214,Under the Shadow,MOVIE,2016,PG-13,84,"['war', 'drama', 'horror', 'thriller', 'fantasy']","['GB', 'IR', 'JO', 'QA']",6.8
ts52838,3%,SHOW,2016,TV-MA,46,"['scifi', 'action', 'drama', 'thriller']",['BR'],7.3
ts41149,The Ranch,SHOW,2016,TV-MA,30,"['comedy', 'drama', 'western']",['US'],7.4
tm136483,The DUFF,MOVIE,2015,PG-13,101,"['comedy', 'romance']",['US'],6.4
ts53099,Bordertown,SHOW,2016,TV-MA,59,"['drama', 'crime', 'european']",['FI'],7.6
tm134791,Unfriended,MOVIE,2015,R,82,"['thriller', 'horror', 'drama']",['US'],5.5
tm221740,Closet Monster,MOVIE,2016,Not Availavle,90,"['drama', 'fantasy']",['CA'],7.0
tm140843,Self/less,MOVIE,2015,PG-13,118,"['thriller', 'action', 'scifi', 'drama']",['US'],6.5
ts38204,Making a Murderer,SHOW,2015,TV-14,62,"['documentation', 'crime']",['US'],8.6
tm219248,The Fundamentals of Caring,MOVIE,2016,R,97,"['comedy', 'drama']",['US'],7.3
tm196125,"Hello, My Name Is Doris",MOVIE,2015,R,95,"['drama', 'comedy', 'romance']",['US'],6.6
tm204035,Spectral,MOVIE,2016,PG-13,109,"['thriller', 'action', 'scifi']",['US'],6.3
ts82825,La Casa,SHOW,2015,TV-MA,47,['drama'],['AR'],7.7
tm233521,Other People,MOVIE,2016,Not Availavle,97,"['drama', 'comedy']",['US'],6.8
ts42655,Wanted,SHOW,2016,TV-14,45,"['crime', 'drama', 'action']",['AU'],7.6
tm206512,Circle,MOVIE,2015,Not Availavle,87,"['thriller', 'drama', 'horror', 'scifi', 'european']",['US'],6.0
ts36983,Fuller House,SHOW,2016,TV-Y7,27,"['comedy', 'family']",['US'],6.7
ts38783,Secret City,SHOW,2016,TV-MA,50,"['war', 'thriller']",['AU'],7.4
ts38116,Mobile Suit Gundam: Iron-Blooded Orphans,SHOW,2015,TV-MA,24,"['war', 'action', 'scifi', 'animation', 'drama']",['JP'],7.9
tm239743,Batman: The Killing Joke,MOVIE,2016,R,76,"['animation', 'drama', 'action', 'thriller', 'crime']",['US'],6.4
ts35256,Chef's Table,SHOW,2015,TV-MA,50,['documentation'],['US'],8.5
tm200126,He Never Died,MOVIE,2015,R,99,"['fantasy', 'horror', 'comedy', 'drama', 'thriller']","['US', 'CA']",6.3
tm208622,American Ultra,MOVIE,2015,R,96,"['action', 'comedy', 'scifi']","['CH', 'US']",6.1
ts35362,Locked Up,SHOW,2015,TV-MA,49,"['drama', 'thriller', 'action', 'european']",['ES'],8.2
ts42156,Degrassi: Next Class,SHOW,2016,TV-PG,24,"['drama', 'romance']",['CA'],6.8
tm244788,13th,MOVIE,2016,Not Availavle,100,"['documentation', 'history', 'crime']",['US'],8.2
ts3844,Aquarius,SHOW,2015,TV-14,43,"['drama', 'thriller', 'crime', 'european']",['US'],7.0
ts41913,Frequency,SHOW,2016,TV-14,18,"['scifi', 'drama', 'fantasy', 'thriller']",['US'],7.4
tm139532,Before I Wake,MOVIE,2016,PG-13,97,"['drama', 'fantasy', 'horror', 'thriller']",['US'],6.2
tm253083,Blue Jay,MOVIE,2016,Not Availavle,81,"['romance', 'drama']",['US'],7.2
ts42119,Greenleaf,SHOW,2016,TV-MA,42,['drama'],['US'],7.3
tm136321,Advantageous,MOVIE,2015,Not Availavle,92,"['drama', 'scifi', 'family']",['US'],6.2
tm225308,Into the Inferno,MOVIE,2016,Not Availavle,107,['documentation'],"['CA', 'DE', 'GB']",7.2
ts52830,Gilmore Girls: A Year in the Life,SHOW,2016,TV-14,92,"['drama', 'comedy']",['US'],7.6
tm238722,Collateral Beauty,MOVIE,2016,PG-13,97,"['romance', 'drama']",['US'],6.7
ts42090,Last Chance U,SHOW,2016,TV-MA,59,"['documentation', 'sport']",['US'],8.4
tm136257,Beasts of No Nation,MOVIE,2015,R,137,"['drama', 'war']","['GH', 'US']",7.7
tm244403,ARQ,MOVIE,2016,R,88,"['scifi', 'thriller', 'action']",['US'],6.3
tm200690,The Forest,MOVIE,2016,R,95,"['horror', 'thriller', 'scifi', 'drama', 'fantasy']",['US'],4.8
ts53287,Roman Empire,SHOW,2016,TV-14,44,"['drama', 'documentation', 'history', 'war']",['US'],7.0
ts37660,Reply 1988,SHOW,2015,TV-14,92,"['comedy', 'drama', 'family', 'romance']",['KR'],9.2
tm147082,"What Happened, Miss Simone?",MOVIE,2015,Not Availavle,101,"['music', 'documentation']",['US'],7.6
ts38731,Rebellion,SHOW,2016,TV-14,51,"['war', 'drama', 'history', 'european']","['IE', 'GB']",7.1
ts38809,The Get Down,SHOW,2016,TV-MA,62,"['drama', 'music']",['US'],8.2
tm233465,The Bye Bye Man,MOVIE,2016,PG-13,96,"['thriller', 'horror', 'fantasy', 'drama']",['US'],4.3
ts53249,Trollhunters: Tales of Arcadia,SHOW,2016,TV-Y7,22,"['scifi', 'action', 'fantasy', 'comedy', 'drama', 'animation', 'family']",['US'],8.4
tm230551,Ip Man 3,MOVIE,2015,PG-13,105,"['action', 'drama', 'history']","['HK', 'CN']",7.0
ts42137,Voltron: Legendary Defender,SHOW,2016,TV-Y7,24,"['action', 'scifi', 'comedy', 'fantasy', 'drama', 'animation', 'family']",['US'],8.1
ts76956,The Letdown,SHOW,2016,Not Availavle,30,['comedy'],['AU'],7.4
ts38758,Ajin,SHOW,2016,TV-MA,23,"['action', 'scifi', 'thriller', 'animation', 'horror', 'drama', 'fantasy']",['JP'],7.6
ts35987,Transformers: Robots In Disguise,SHOW,2015,TV-Y7,21,"['comedy', 'scifi', 'animation', 'action']",['US'],6.0
tm228677,The Space Between Us,MOVIE,2016,PG-13,121,"['drama', 'romance', 'action', 'scifi']","['CN', 'US']",6.4
tm155102,Demonic,MOVIE,2015,R,83,"['thriller', 'horror']","['US', 'GB']",5.3
tm220594,Winter on Fire: Ukraine's Fight for Freedom,MOVIE,2015,Not Availavle,98,['documentation'],"['UA', 'GB', 'US']",8.3
tm243121,Mascots,MOVIE,2016,Not Availavle,89,['comedy'],['US'],5.8
tm205812,The Siege of Jadotville,MOVIE,2016,Not Availavle,108,"['war', 'drama', 'thriller', 'action', 'history', 'european']","['IE', 'ZA']",7.2
tm234586,Visaranai,MOVIE,2016,PG,118,"['thriller', 'drama', 'crime']",['IN'],8.5
ts38770,Lady Dynamite,SHOW,2016,TV-MA,30,"['drama', 'comedy']",['US'],7.3
tm135543,By the Sea,MOVIE,2015,R,122,"['drama', 'romance', 'european']","['US', 'FR', 'MT']",5.3
tm239683,Team Foxcatcher,MOVIE,2016,Not Availavle,91,"['documentation', 'crime', 'history', 'sport']",['US'],7.3
ts42257,Signal,SHOW,2016,TV-MA,71,"['crime', 'thriller', 'drama', 'fantasy', 'scifi']",['KR'],8.5
ts52829,Paranoid,SHOW,2016,Not Availavle,44,"['thriller', 'crime', 'drama', 'european']",['GB'],6.6
tm214825,The Ridiculous 6,MOVIE,2015,PG-13,119,"['western', 'comedy', 'action']",['US'],4.8
tm242736,Bo Burnham: Make Happy,MOVIE,2016,Not Availavle,60,"['comedy', 'music', 'documentation']",['US'],8.4
ts42022,El marginal,SHOW,2016,TV-MA,54,"['drama', 'crime', 'thriller', 'action']",['AR'],8.1
ts37944,A Very Secret Service,SHOW,2015,TV-MA,27,"['comedy', 'european']",['FR'],7.7
tm239707,The Do-Over,MOVIE,2016,PG-13,108,"['action', 'comedy']",['US'],5.7
tm136061,Suffragette,MOVIE,2015,PG-13,106,"['drama', 'history']","['GB', 'FR']",6.9
tm239733,Headshot,MOVIE,2016,Not Availavle,117,"['thriller', 'action', 'drama']",['ID'],6.3
ts38568,Flaked,SHOW,2016,TV-MA,33,"['comedy', 'drama', 'romance']",['US'],7.2
tm142881,Jem and the Holograms,MOVIE,2015,PG,118,"['fantasy', 'music', 'romance', 'scifi', 'drama', 'family']",['US'],4.1
ts37779,Danger Mouse,SHOW,2015,Not Availavle,12,"['comedy', 'action', 'crime', 'family', 'fantasy', 'scifi', 'animation', 'european']",['GB'],7.2
tm232953,Sleight,MOVIE,2016,R,89,"['drama', 'thriller', 'action', 'scifi', 'crime']",['US'],5.9
tm193125,Hot Girls Wanted,MOVIE,2015,Not Availavle,84,['documentation'],['US'],6.1
tm244507,The Distinguished Citizen,MOVIE,2016,Not Availavle,118,"['drama', 'comedy', 'european']","['ES', 'AR']",7.5
tm134516,"Crouching Tiger, Hidden Dragon: Sword of Destiny",MOVIE,2016,PG-13,103,"['drama', 'action', 'fantasy']",['CN'],6.1
ts52981,White Rabbit Project,SHOW,2016,TV-PG,48,['reality'],['US'],6.9
tm270504,Mindhorn,MOVIE,2016,R,89,"['comedy', 'thriller']",['GB'],6.3
ts41258,Cinderella and Four Knights,SHOW,2016,TV-PG,61,"['drama', 'family', 'comedy', 'romance']",['KR'],7.4
tm244880,I Am the Pretty Thing That Lives in the House,MOVIE,2016,Not Availavle,89,"['horror', 'thriller', 'drama']","['CA', 'US']",4.6
tm233317,Pee-wee's Big Holiday,MOVIE,2016,PG,90,"['action', 'comedy', 'family']",['US'],6.1
tm205333,You're My Boss,MOVIE,2015,Not Availavle,116,"['comedy', 'romance']",['PH'],6.3
ts43209,The Cuba Libre Story,SHOW,2015,TV-14,45,"['documentation', 'history', 'european']",['DE'],7.6
tm233533,White Girl,MOVIE,2016,Not Availavle,88,"['drama', 'horror', 'crime']",['US'],5.7
ts55365,The Haunted House,SHOW,2016,TV-PG,25,"['thriller', 'horror', 'animation', 'comedy', 'drama', 'family', 'fantasy']",['KR'],8.3
tm138672,Frank & Lola,MOVIE,2016,Not Availavle,88,"['drama', 'romance', 'crime', 'thriller']",['US'],5.9
ts119087,Sunny Bunnies,SHOW,2015,TV-Y,3,"['animation', 'family']",['BY'],6.7
ts36630,Dinotrux,SHOW,2015,TV-Y7,23,"['action', 'comedy', 'family', 'animation']",['US'],6.7
ts41995,Zumbo's Just Desserts,SHOW,2016,TV-14,50,['reality'],['AU'],6.9
tm245378,Barry,MOVIE,2016,Not Availavle,104,['drama'],['US'],5.9
tm221225,David Brent: Life on the Road,MOVIE,2016,Not Availavle,96,"['comedy', 'music', 'action']",['GB'],6.3
ts39017,Dawn of the Croods,SHOW,2015,TV-Y7,23,"['action', 'comedy', 'family', 'animation']",['US'],5.8
ts11670,The Adventures of Puss in Boots,SHOW,2015,TV-Y7,23,"['comedy', 'family', 'animation', 'action', 'fantasy', 'western']",['US'],6.6
ts76079,Grizzy & the Lemmings,SHOW,2016,TV-Y7,7,"['animation', 'comedy', 'family', 'european']",['FR'],7.1
tm157283,Güeros,MOVIE,2015,Not Availavle,106,"['drama', 'comedy']",['MX'],7.4
tm211302,Front Cover,MOVIE,2016,Not Availavle,87,"['drama', 'romance', 'comedy']",['US'],6.4
ts43272,Terrace House: Boys & Girls in the City,SHOW,2015,TV-14,29,"['reality', 'drama']",['JP'],8.1
tm253080,Rocco,MOVIE,2016,Not Availavle,105,"['documentation', 'european']",['FR'],5.7
ts36547,Club de Cuervos,SHOW,2015,TV-MA,46,"['drama', 'comedy']",['MX'],8.2
ts56748,T@gged,SHOW,2016,TV-14,21,"['drama', 'thriller', 'reality']",['US'],7.1
tm139194,Ratchet & Clank,MOVIE,2016,PG,94,"['animation', 'family', 'action', 'comedy', 'scifi', 'fantasy']","['CA', 'US']",5.5
ts53155,Crazyhead,SHOW,2016,Not Availavle,43,"['comedy', 'horror', 'scifi', 'european']",['GB'],7.2
tm238748,The Darkness,MOVIE,2016,PG-13,92,"['thriller', 'horror']",['US'],4.5
ts42127,The Windsors,SHOW,2016,TV-MA,27,['comedy'],['GB'],7.1
ts41883,The K2,SHOW,2016,TV-14,65,"['action', 'drama', 'war', 'romance', 'thriller']",['KR'],7.8
tm233544,Marco Polo: One Hundred Eyes,MOVIE,2015,Not Availavle,28,"['action', 'drama', 'history']",['US'],7.8
ts42628,Netflix Presents: The Characters,SHOW,2016,TV-MA,33,['comedy'],['US'],5.2
ts37804,W/ Bob & David,SHOW,2015,TV-MA,35,['comedy'],['US'],7.4
ts56674,The Mr. Peabody & Sherman Show,SHOW,2015,Not Availavle,23,"['animation', 'scifi', 'comedy', 'family', 'history']",['US'],5.6
ts35406,Between,SHOW,2015,TV-14,25,"['scifi', 'thriller', 'drama']",['CA'],5.9
ts41253,Love O2O,SHOW,2016,TV-14,45,"['drama', 'romance']",['CN'],7.9
ts54110,Puffin Rock,SHOW,2015,TV-Y,11,"['comedy', 'animation', 'family', 'european']",['IE'],8.6
ts77654,Care Bears and Cousins,SHOW,2015,TV-Y,22,['animation'],['US'],6.8
tm244134,Tramps,MOVIE,2016,Not Availavle,82,"['comedy', 'romance', 'documentation', 'european']",['US'],6.5
ts79799,Dragons: Race to the Edge,SHOW,2015,TV-Y7,22,"['scifi', 'family', 'animation', 'action', 'comedy', 'fantasy', 'drama']",['US'],8.2
tm233616,LEGO Marvel Super Heroes: Avengers Reassembled!,MOVIE,2015,Not Availavle,22,"['family', 'animation', 'action', 'comedy', 'scifi']",['US'],6.1
tm244381,Marauders,MOVIE,2016,R,107,"['crime', 'thriller', 'action']",['CA'],5.5
ts54028,Case,SHOW,2015,Not Availavle,46,"['drama', 'crime', 'thriller']",['IS'],7.0
ts38230,The Method,SHOW,2015,TV-MA,51,"['crime', 'drama', 'thriller']",['RU'],7.4
tm238661,Special Correspondents,MOVIE,2016,PG-13,100,['comedy'],"['CA', 'GB', 'US']",5.8
ts56032,La Niña,SHOW,2016,TV-MA,0,"['action', 'drama']",['CO'],8.4
tm244915,Baaghi,MOVIE,2016,Not Availavle,133,"['romance', 'action', 'thriller']",['IN'],5.3
ts128895,Midnight Diner: Tokyo Stories,SHOW,2016,TV-14,25,['drama'],['JP'],8.4
tm219276,Tallulah,MOVIE,2016,Not Availavle,111,"['drama', 'comedy', 'romance']",['US'],6.7
ts58068,Inside the World's Toughest Prisons,SHOW,2016,TV-MA,48,"['crime', 'documentation']",['GB'],7.1
ts37896,Conspiracy,SHOW,2015,TV-14,43,"['history', 'documentation', 'european']",['GB'],6.2
tm316731,Bert Kreischer: The Machine,MOVIE,2016,Not Availavle,70,['comedy'],['US'],7.6
ts43230,The Deep,SHOW,2015,TV-Y7,22,"['action', 'family', 'scifi', 'animation']",['AU'],7.8
ts76092,Rosario Tijeras,SHOW,2016,TV-MA,45,"['drama', 'action', 'crime', 'romance', 'thriller']",['MX'],6.1
tm247642,Amanda Knox,MOVIE,2016,Not Availavle,92,"['documentation', 'crime', 'european']","['DK', 'US']",6.9
ts35596,Bella and the Bulldogs,SHOW,2015,TV-G,23,"['comedy', 'family', 'sport']",['US'],4.9
tm138792,Results,MOVIE,2015,R,105,"['comedy', 'romance']",['US'],5.4
tm244052,Sebastian Maniscalco: Why Would You Do That?,MOVIE,2016,Not Availavle,63,['comedy'],['US'],7.4
ts42260,Chelsea Does,SHOW,2016,TV-MA,70,['documentation'],['US'],7.3
tm123789,The Young Messiah,MOVIE,2016,PG-13,120,"['history', 'drama', 'fantasy']",['US'],5.6
ts86021,Molang,SHOW,2015,TV-G,3,"['animation', 'comedy', 'family', 'european']",['FR'],8.3
ts55559,Ask the Storybots,SHOW,2016,TV-Y,26,"['animation', 'comedy', 'family']",['US'],8.4
ts35359,Heidi,SHOW,2015,TV-Y,23,"['animation', 'drama', 'family', 'european']","['AU', 'FR', 'DE']",7.1
tm219173,Term Life,MOVIE,2016,R,93,"['thriller', 'drama', 'action', 'crime']",['US'],5.5
tm208903,For the Love of Spock,MOVIE,2016,Not Availavle,105,['documentation'],"['US', 'CA']",7.6
tm229542,John Mulaney: The Comeback Kid,MOVIE,2015,PG,62,"['comedy', 'documentation']",['US'],7.9
tm211510,Incarnate,MOVIE,2016,PG-13,19,"['horror', 'thriller']",['US'],5.2
tm205870,Message from the King,MOVIE,2016,R,102,"['thriller', 'action', 'crime', 'drama', 'european']",['FR'],6.4
ts38512,Cooked,SHOW,2016,TV-PG,53,['documentation'],['US'],7.6
ts54100,World of Winx,SHOW,2016,TV-Y7,24,"['action', 'fantasy', 'animation', 'comedy', 'family', 'european']","['US', 'IT']",6.6
ts35360,Inspector Gadget,SHOW,2015,TV-Y,22,"['action', 'scifi', 'animation', 'comedy', 'family']","['CA', 'US']",4.5
ts38757,Kong: King of the Apes,SHOW,2016,TV-Y7,21,"['animation', 'family', 'scifi', 'action', 'comedy']",['US'],5.8
ts43119,Real Rob,SHOW,2015,TV-14,31,['comedy'],['US'],6.3
ts53106,Tokyo Trial,SHOW,2016,TV-MA,48,"['drama', 'history']","['JP', 'US']",7.4
tm271070,The Warriors Gate,MOVIE,2016,PG-13,108,"['action', 'family', 'fantasy', 'comedy', 'european']","['CN', 'FR', 'CA']",5.4
ts38805,Beat Bugs,SHOW,2016,TV-Y,15,"['family', 'animation', 'comedy', 'fantasy']",['AU'],7.6
tm214085,Tig,MOVIE,2015,Not Availavle,95,['documentation'],['US'],7.4
ts75829,Lego Bionicle: The Journey to One,SHOW,2016,TV-Y7,20,"['action', 'fantasy', 'scifi', 'animation']",['US'],5.4
ts42075,Intersection,SHOW,2016,TV-MA,107,['drama'],['TR'],6.5
ts42038,No Tomorrow,SHOW,2016,TV-14,47,"['comedy', 'drama', 'romance', 'thriller']",['US'],7.1
tm218052,Drishyam,MOVIE,2015,R,163,"['thriller', 'crime', 'drama']",['IN'],8.2
tm248010,Taxi Driver,MOVIE,2015,Not Availavle,100,"['comedy', 'crime', 'drama']",['NG'],6.0
ts51368,Skylanders Academy,SHOW,2016,TV-Y7,23,"['action', 'animation', 'comedy', 'family', 'fantasy']",['US'],6.5
tm267135,The Dreamseller,MOVIE,2016,Not Availavle,96,['drama'],['BR'],6.0
ts74753,Tales by Light,SHOW,2015,Not Availavle,28,['documentation'],['AU'],8.3
tm246870,Lavender,MOVIE,2016,Not Availavle,92,"['drama', 'thriller']","['US', 'CA']",5.3
tm245235,Ali Wong: Baby Cobra,MOVIE,2016,Not Availavle,60,['comedy'],['US'],7.5
tm235405,Hyena Road,MOVIE,2015,R,120,"['drama', 'thriller', 'war', 'action']",['CA'],6.5
tm218186,Septembers of Shiraz,MOVIE,2015,PG-13,110,"['drama', 'thriller', 'western']",['US'],7.9
tm228242,A Very Murray Christmas,MOVIE,2015,Not Availavle,56,"['comedy', 'music']",['US'],5.5
tm244513,Divines,MOVIE,2016,Not Availavle,105,"['drama', 'crime', 'european']","['FR', 'QA']",7.4
ts39014,Kuromukuro,SHOW,2016,TV-14,24,"['comedy', 'drama', 'animation', 'action', 'scifi']",['JP'],7.2
tm232954,Audrie & Daisy,MOVIE,2016,Not Availavle,95,"['documentation', 'crime']",['US'],7.2
ts41948,Hip Hop Evolution,SHOW,2016,TV-MA,45,"['documentation', 'music']",['CA'],8.4
ts54156,Chef's Table: France,SHOW,2016,TV-14,46,['documentation'],['US'],8.2
ts36740,Project Mc²,SHOW,2015,TV-G,25,['family'],['US'],5.8
tm239290,Always Be My Maybe,MOVIE,2016,Not Availavle,112,"['comedy', 'romance']",['PH'],6.6
tm290444,Pandora,MOVIE,2016,R,136,"['thriller', 'drama', 'action']",['KR'],6.6
ts41899,Nightmare Teacher,SHOW,2016,TV-MA,16,"['drama', 'horror', 'thriller']",['KR'],7.1
tm225693,Keith Richards: Under the Influence,MOVIE,2015,PG,82,"['documentation', 'music']",['US'],7.1
tm267429,"Surviving Compton: Dre, Suge and Michel'le",MOVIE,2016,Not Availavle,87,"['drama', 'documentation']",['US'],6.5
tm272413,Colin Quinn: The New York Story,MOVIE,2016,Not Availavle,62,['comedy'],['US'],6.9
ts43501,Secrets of Great British Castles,SHOW,2015,TV-PG,44,"['documentation', 'history', 'european']",['GB'],7.8
tm138584,Hawaizaada,MOVIE,2015,PG,157,"['history', 'drama', 'fantasy']",['IN'],5.5
ts56221,Rainbow Ruby,SHOW,2016,TV-Y,12,"['family', 'fantasy', 'animation', 'comedy']",['CN'],6.6
tm225275,Riot,MOVIE,2015,Not Availavle,88,['action'],['US'],5.1
ts81483,Simon,SHOW,2016,TV-Y,5,"['comedy', 'family', 'animation']",['FR'],7.0
ts35463,Richie Rich,SHOW,2015,TV-PG,23,['comedy'],['US'],3.0
tm209950,Kevin Hart: What Now?,MOVIE,2016,R,96,"['comedy', 'documentation']",['US'],5.9
tm308241,Legends of the Hidden Temple,MOVIE,2016,PG,68,"['action', 'family']",['US'],5.6
ts38764,Marseille,SHOW,2016,TV-MA,42,"['drama', 'european']",['FR'],6.8
tm213681,Veteran,MOVIE,2015,Not Availavle,119,"['comedy', 'crime', 'action', 'thriller']",['KR'],7.0
tm139870,Opening Night,MOVIE,2016,Not Availavle,90,"['comedy', 'thriller', 'drama', 'crime', 'action']",['US'],6.0
tm239739,Raman Raghav 2.0,MOVIE,2016,Not Availavle,134,"['crime', 'thriller', 'drama']",['IN'],7.4
tm246175,The 101-Year-Old Man Who Skipped Out on the Bill and Disappeared,MOVIE,2016,Not Availavle,108,"['action', 'comedy', 'crime', 'european']",['SE'],6.3
ts38761,Another Miss Oh,SHOW,2016,TV-MA,69,"['comedy', 'drama', 'family', 'fantasy', 'romance']",['KR'],7.8
tm195764,6 Years,MOVIE,2015,Not Availavle,84,"['drama', 'romance']",['US'],5.6
ts41154,Paquita Salas,SHOW,2016,Not Availavle,22,"['comedy', 'european']",['ES'],8.0
ts144323,Unnatural Selection,SHOW,2015,TV-MA,35,"['reality', 'documentation', 'comedy']",['US'],8.1
tm233561,Shaun the Sheep: The Farmer's Llamas,MOVIE,2015,Not Availavle,30,"['comedy', 'family', 'animation']",['GB'],6.8
tm217939,Un + une,MOVIE,2015,Not Availavle,115,"['comedy', 'romance', 'drama', 'european']",['FR'],6.2
tm200454,Ok Kanmani,MOVIE,2015,PG,139,"['romance', 'drama']",['IN'],7.4
tm266844,True Memoirs of an International Assassin,MOVIE,2016,PG-13,98,"['action', 'comedy', 'crime']",['US'],5.9
ts74929,H20: Mermaid Adventures,SHOW,2015,TV-Y,24,"['animation', 'family', 'comedy', 'drama', 'fantasy', 'romance', 'european']",['FR'],5.7
tm300713,High & Low The Movie,MOVIE,2016,Not Availavle,129,['action'],['JP'],6.4
ts38772,Dear My Friends,SHOW,2016,TV-MA,70,"['comedy', 'drama']",['KR'],8.2
tm240895,Strange Weather,MOVIE,2016,R,95,['drama'],['US'],6.0
ts52943,The Sound of Your Heart,SHOW,2016,Not Availavle,26,"['comedy', 'drama', 'animation']",['KR'],8.2
tm275800,The Lighthouse of the Orcas,MOVIE,2016,Not Availavle,110,"['drama', 'romance', 'european']","['AR', 'ES']",6.7
ts86831,The Good Cop,SHOW,2015,TV-MA,28,"['comedy', 'drama']",['IL'],7.6
tm276430,Servant Of The People 2,MOVIE,2016,Not Availavle,100,"['comedy', 'family']",['UA'],6.2
ts87884,Sons of the Caliphate,SHOW,2015,TV-14,0,['drama'],['NG'],7.4
tm224377,Heneral Luna,MOVIE,2015,R,118,"['comedy', 'action', 'drama', 'history', 'war']",['PH'],7.3
tm242755,Ordinary World,MOVIE,2016,Not Availavle,86,"['comedy', 'drama', 'family', 'music']",['US'],5.5
ts53076,El Chema,SHOW,2016,TV-MA,44,"['crime', 'action']",['US'],6.9
tm241998,Mohenjo Daro,MOVIE,2016,Not Availavle,155,"['action', 'drama', 'history', 'romance']",['IN'],5.6
ts52988,Captive,SHOW,2016,Not Availavle,63,"['documentation', 'drama', 'european']",['US'],6.8
tm208628,Dil Dhadakne Do,MOVIE,2015,PG-13,170,"['drama', 'family', 'romance', 'comedy']",['IN'],7.0
ts41260,"Hello, My Twenties!",SHOW,2016,TV-14,63,"['comedy', 'drama', 'romance']",['KR'],8.3
ts42089,Haters Back Off,SHOW,2016,TV-14,29,"['comedy', 'drama', 'family', 'romance']",['US'],5.9
tm242646,Toro,MOVIE,2016,R,105,"['drama', 'crime', 'thriller', 'action', 'european']","['FR', 'ES']",5.9
ts38717,Good Morning Call,SHOW,2016,TV-14,48,"['comedy', 'drama', 'romance']",['JP'],7.5
ts87465,Witch Hunt: A Century of Murder,SHOW,2015,TV-14,46,"['documentation', 'crime', 'history', 'drama', 'fantasy', 'european']",['GB'],7.1
tm242687,Riphagen the Untouchable,MOVIE,2016,Not Availavle,132,"['thriller', 'drama', 'war', 'european']",['NL'],7.1
tm208713,Gabbar Is Back,MOVIE,2015,PG-13,130,"['drama', 'action', 'crime', 'comedy']",['IN'],7.1
tm220317,Demetri Martin: Live (At The Time),MOVIE,2015,Not Availavle,61,"['comedy', 'documentation']",['US'],7.4
tm421855,4K Fireplace,MOVIE,2015,G,181,"['family', 'reality']",['US'],7.7
ts21979,Spotless,SHOW,2015,TV-MA,58,"['crime', 'comedy', 'drama', 'european']",['FR'],7.7
tm267948,7 Years,MOVIE,2016,Not Availavle,77,"['drama', 'european']",['ES'],6.7
ts42011,Cheer Squad,SHOW,2016,TV-PG,42,['reality'],['CA'],7.2
tm219817,Talvar,MOVIE,2015,PG,132,"['thriller', 'drama', 'crime']",['IN'],8.1
tm201365,Brothers,MOVIE,2015,PG-13,156,"['family', 'action', 'drama', 'sport']",['IN'],6.4
tm281182,Gabriel Iglesias: I'm Sorry for What I Said When I Was Hungry,MOVIE,2016,PG-13,87,"['comedy', 'documentation']",['US'],7.4
ts36741,Fartsa,SHOW,2015,TV-14,60,"['drama', 'crime']",['RU'],6.7
ts57705,The Paper,SHOW,2016,TV-MA,49,"['drama', 'crime', 'action']",['HR'],7.4
tm233843,Pyaar Ka Punchnama 2,MOVIE,2015,PG-13,159,"['drama', 'romance', 'comedy']",['IN'],7.3
tm211461,Much Loved,MOVIE,2015,Not Availavle,108,"['drama', 'european']","['FR', 'MA']",6.2
ts42347,Word Party,SHOW,2016,TV-Y,13,"['family', 'animation']",['US'],5.5
tm232710,A Second Chance,MOVIE,2015,Not Availavle,130,"['drama', 'romance', 'family', 'documentation', 'sport']",['PH'],8.6
tm244638,Rebirth,MOVIE,2016,Not Availavle,101,['thriller'],['US'],4.9
tm451222,Lang Tong,MOVIE,2015,Not Availavle,83,['thriller'],['SG'],4.8
tm195870,Manson Family Vacation,MOVIE,2015,Not Availavle,85,"['comedy', 'drama', 'thriller']",['US'],5.8
ts83535,Popples,SHOW,2015,Not Availavle,25,"['family', 'animation']","['RU', 'US', 'FR']",6.0
tm221883,Gridlocked,MOVIE,2016,R,110,['action'],['CA'],5.8
ts127430,StoryBots Super Songs,SHOW,2016,TV-Y,21,"['animation', 'family']",['US'],8.7
tm239635,Jimmy Carr: Funny Business,MOVIE,2016,Not Availavle,62,['comedy'],['GB'],7.2
tm198496,Aziz Ansari: Live at Madison Square Garden,MOVIE,2015,Not Availavle,58,['comedy'],['US'],6.6
tm245102,The Next Skin,MOVIE,2016,Not Availavle,100,"['drama', 'thriller', 'european']",['ES'],6.2
tm215054,Chris Tucker: Live,MOVIE,2015,Not Availavle,92,"['comedy', 'documentation']",['US'],6.3
tm271839,"Dana Carvey: Straight White Male, 60",MOVIE,2016,Not Availavle,64,['comedy'],['US'],6.5
tm245297,Justin Timberlake + The Tennessee Kids,MOVIE,2016,Not Availavle,90,"['music', 'documentation']",['US'],7.6
tm266629,Russell Peters: Almost Famous,MOVIE,2016,Not Availavle,73,['comedy'],['US'],6.6
ts42218,Sin senos sí hay paraíso,SHOW,2016,TV-MA,47,"['action', 'drama', 'romance', 'crime']",['CO'],6.5
tm220473,Colin Quinn: Unconstitutional,MOVIE,2015,Not Availavle,55,['comedy'],['US'],7.1
tm245148,Jim Jefferies: Freedumb,MOVIE,2016,R,86,"['comedy', 'documentation']",['US'],7.7
tm274053,Asperger's Are Us,MOVIE,2016,Not Availavle,83,"['documentation', 'comedy', 'drama']",['US'],6.6
tm239762,Tony Robbins: I Am Not Your Guru,MOVIE,2016,Not Availavle,115,['documentation'],['US'],6.6
tm197503,Hunterrr,MOVIE,2015,R,141,"['romance', 'drama', 'comedy']",['IN'],7.0
tm201906,Belgica,MOVIE,2016,Not Availavle,127,"['drama', 'european']","['FR', 'BE']",6.7
ts38769,Chelsea,SHOW,2016,TV-MA,52,['comedy'],['US'],6.0
tm233344,Kapoor & Sons,MOVIE,2016,PG-13,140,"['drama', 'romance', 'comedy', 'family']",['IN'],7.7
tm240162,Udta Punjab,MOVIE,2016,R,148,"['drama', 'action', 'crime']",['IN'],7.7
tm211478,Tamasha,MOVIE,2015,PG,139,"['drama', 'comedy', 'romance']",['IN'],7.3
ts41294,Mossad 101,SHOW,2015,TV-MA,42,"['action', 'drama']",['IL'],6.7
tm244758,Breaking the Bank,MOVIE,2016,Not Availavle,106,['comedy'],['GB'],4.8
tm321189,All About Asado,MOVIE,2016,Not Availavle,90,['documentation'],['AR'],6.5
ts41485,Vanished 46,SHOW,2016,TV-MA,63,"['drama', 'action', 'scifi', 'crime', 'thriller']",['TR'],8.2
tm245722,Chronically Metropolitan,MOVIE,2016,Not Availavle,86,"['comedy', 'drama']",['US'],4.9
ts53543,The Miracle,SHOW,2016,TV-14,18,"['drama', 'comedy', 'fantasy', 'music']",['KR'],6.3
tm282915,Fate/Grand Order: First Order,MOVIE,2016,Not Availavle,72,"['action', 'fantasy', 'animation']",['JP'],5.7
ts53149,White Nights,SHOW,2016,Not Availavle,62,['drama'],['KR'],6.9
ts83224,Toon,SHOW,2016,TV-MA,27,['comedy'],['NL'],7.6
tm232931,Hannibal Buress: Comedy Camisado,MOVIE,2016,R,67,['comedy'],['US'],6.6
tm227922,Anjelah Johnson: Not Fancy,MOVIE,2015,Not Availavle,63,"['comedy', 'documentation']",['US'],5.7
ts74917,72 Cutest Animals,SHOW,2016,Not Availavle,27,['documentation'],['AU'],5.7
tm272854,Force 2,MOVIE,2016,PG,123,"['action', 'crime', 'thriller']",['IN'],6.2
tm233015,Fitoor,MOVIE,2016,Not Availavle,131,"['romance', 'drama']",['IN'],5.4
tm139590,Triumph in the Skies,MOVIE,2015,Not Availavle,100,"['comedy', 'drama', 'romance']",['HK'],4.3
tm242422,In the Shadow of Iris,MOVIE,2016,Not Availavle,99,"['thriller', 'drama', 'crime', 'european']",['FR'],6.1
tm193211,Mucize,MOVIE,2015,PG-13,136,"['drama', 'comedy', 'romance', 'documentation', 'european']",['TR'],7.6
tm270555,The Ivory Game,MOVIE,2016,Not Availavle,112,"['documentation', 'european']","['AT', 'US']",7.9
tm236999,Our Lovers,MOVIE,2016,Not Availavle,88,"['romance', 'comedy', 'drama', 'european']",['ES'],6.7
ts42155,Home: Adventures with Tip & Oh,SHOW,2016,TV-Y7,21,"['comedy', 'scifi', 'animation', 'family', 'fantasy']",['US'],6.0
tm233570,Beauty and the Bestie,MOVIE,2015,Not Availavle,119,"['action', 'comedy', 'drama']",['PH'],4.6
ts55556,A Touch of Green,SHOW,2015,TV-MA,53,"['drama', 'war']",['TW'],8.4
tm233023,Tom Segura: Mostly Stories,MOVIE,2016,Not Availavle,73,"['comedy', 'documentation']",['US'],7.5
ts41151,Hibana: Spark,SHOW,2016,Not Availavle,53,['drama'],['JP'],7.9
tm193388,Dhanak,MOVIE,2015,Not Availavle,106,"['drama', 'comedy']",['IN'],7.9
tm234466,Jonah,MOVIE,2016,PG,97,"['drama', 'thriller', 'romance', 'family']",['BR'],5.4
tm376111,Chocolate City: Vegas Strip,MOVIE,2016,PG-13,89,['drama'],['US'],3.7
tm239769,I'll Sleep When I'm Dead,MOVIE,2016,Not Availavle,82,['documentation'],['US'],6.6
ts82582,The Truth Seekers,SHOW,2016,TV-MA,44,"['drama', 'action']",['SG'],7.1
ts43341,Atelier,SHOW,2015,TV-14,69,"['drama', 'documentation', 'comedy']",['JP'],6.3
tm540757,Project Marathwada,MOVIE,2016,Not Availavle,110,['drama'],['IN'],6.5
tm207668,ABCD 2,MOVIE,2015,PG,154,"['music', 'drama']",['IN'],5.4
ts54010,My Runway,SHOW,2016,TV-14,24,"['comedy', 'drama', 'fantasy', 'romance']",['KR'],6.3
tm228839,Ali Baba and the 7 Dwarfs,MOVIE,2015,PG-13,114,"['action', 'comedy', 'drama']",['TR'],5.6
tm233366,Te3n,MOVIE,2016,PG-13,136,"['thriller', 'drama']",['IN'],7.3
tm230524,"Chatô, The King of Brazil",MOVIE,2015,Not Availavle,100,"['drama', 'comedy', 'history']",['BR'],5.4
tm233157,The Guardian Brothers,MOVIE,2016,PG,103,"['animation', 'family', 'fantasy', 'comedy']",['CN'],5.4
tm245042,Budhia Singh: Born to Run,MOVIE,2016,Not Availavle,112,"['drama', 'sport']",['IN'],7.6
ts55223,72 Dangerous Places to Live,SHOW,2016,TV-PG,45,['documentation'],['AU'],6.2
tm239947,Mercy,MOVIE,2016,Not Availavle,82,"['thriller', 'drama']",['US'],4.1
tm315345,City of Joy,MOVIE,2016,Not Availavle,74,"['documentation', 'thriller', 'war', 'crime', 'drama']",['CD'],7.5
tm239774,XOXO,MOVIE,2016,Not Availavle,92,"['music', 'drama']",['US'],5.3
tm270982,Layla M.,MOVIE,2016,Not Availavle,98,"['drama', 'european']",['NL'],6.6
tm233196,Jessica Darling's It List,MOVIE,2016,Not Availavle,79,['family'],['US'],5.4
tm246056,Garfunkel and Oates: Trying to be Special,MOVIE,2016,Not Availavle,62,"['comedy', 'music']",['US'],7.3
tm311494,Slam,MOVIE,2016,Not Availavle,100,"['comedy', 'romance', 'drama', 'european']",['IT'],6.1
tm244635,The Blind Christ,MOVIE,2016,R,95,['drama'],"['FR', 'CL']",5.8
tm227044,Shaandaar,MOVIE,2015,PG-13,144,"['comedy', 'romance', 'drama']",['IN'],3.6
ts75897,Kulipari: An Army of Frogs,SHOW,2016,Not Availavle,23,"['action', 'animation', 'fantasy']",['US'],6.8
tm246579,Rainbow Time,MOVIE,2016,Not Availavle,91,"['drama', 'comedy']",['US'],5.9
ts81898,Kazoops!,SHOW,2016,Not Availavle,13,"['animation', 'comedy', 'family', 'fantasy']","['AU', 'GB']",7.4
ts84398,Little Things,SHOW,2016,TV-MA,25,"['drama', 'romance', 'comedy']",['IN'],8.2
tm244868,The Flower of Aleppo,MOVIE,2016,Not Availavle,100,"['drama', 'action', 'war']",['TN'],5.4
tm245155,The Worthy,MOVIE,2016,Not Availavle,95,"['thriller', 'action', 'scifi', 'fantasy', 'family', 'european']",['AE'],5.1
ts52825,The Princess Weiyoung,SHOW,2016,TV-14,45,"['drama', 'history', 'romance']",['CN'],7.7
ts54022,Terrace House: Aloha State,SHOW,2016,Not Availavle,36,"['reality', 'drama']",['JP'],7.4
tm245293,You Are My Sunday,MOVIE,2016,Not Availavle,119,"['drama', 'comedy']",['IN'],7.7
tm456667,Black,MOVIE,2015,Not Availavle,90,['action'],[],4.3
tm232832,The Lion Woman,MOVIE,2016,PG-13,126,"['drama', 'european']","['SE', 'NO']",6.6
ts51367,Trailer Park Boys: Out of the Park: Europe,SHOW,2016,TV-MA,28,"['action', 'drama', 'comedy', 'crime']",['CA'],7.0
tm239933,7:19,MOVIE,2016,Not Availavle,94,"['history', 'thriller', 'drama']",['MX'],5.8
ts53346,Chasing Cameron,SHOW,2016,TV-PG,28,['reality'],['US'],3.5
tm247644,Schubert in Love,MOVIE,2016,Not Availavle,94,"['comedy', 'european']",['DE'],5.0
tm212968,Frank and Cindy,MOVIE,2015,Not Availavle,102,"['comedy', 'drama']",['US'],6.1
tm211424,Dharam Sankat Mein,MOVIE,2015,PG-13,129,"['comedy', 'drama', 'family', 'fantasy', 'thriller']",['IN'],6.3
ts35505,Old Money,SHOW,2015,TV-MA,47,"['comedy', 'drama', 'european']",['AT'],7.3
ts78442,Coach Snoop,SHOW,2016,TV-MA,29,['documentation'],['US'],6.7
ts43258,Stories by Rabindranath Tagore,SHOW,2015,TV-PG,43,['drama'],['IN'],8.7
tm230927,Puerto Ricans in Paris,MOVIE,2015,R,82,['comedy'],['US'],5.3
tm244577,Love O2O,MOVIE,2016,Not Availavle,105,"['comedy', 'romance', 'drama']",['CN'],6.4
tm227523,Fifty,MOVIE,2015,Not Availavle,101,"['drama', 'romance', 'sport', 'thriller']",['NG'],6.0
ts82327,Три кота,SHOW,2015,TV-Y,5,"['animation', 'scifi', 'comedy', 'family']",['RU'],7.0
tm230426,"Liar, Liar, Vampire",MOVIE,2015,G,66,"['comedy', 'family']",['US'],5.7
ts248736,The Governor,SHOW,2016,TV-14,45,['drama'],['NG'],7.3
tm240728,Patton Oswalt: Talking for Clapping,MOVIE,2016,Not Availavle,65,"['comedy', 'documentation']",['US'],6.7
tm283938,Selfie 69,MOVIE,2016,Not Availavle,116,"['comedy', 'action', 'romance', 'european']",['RO'],6.1
ts55966,LEGO Friends: The Power of Friendship,SHOW,2016,TV-Y,23,['animation'],['US'],6.7
tm236705,Ricardo O'Farrill: Abrazo Genial,MOVIE,2016,Not Availavle,92,['comedy'],['MX'],5.5
tm244923,My Mother's Wound,MOVIE,2016,PG-13,120,"['drama', 'thriller', 'war']",['TR'],7.3
tm266622,Iliza Shlesinger: Confirmed Kills,MOVIE,2016,Not Availavle,77,['comedy'],['US'],6.6
tm134052,Umrika,MOVIE,2015,Not Availavle,98,"['comedy', 'drama']",['IN'],6.6
tm246543,Journey to Greenland,MOVIE,2016,Not Availavle,98,"['drama', 'comedy', 'european']","['GL', 'FR']",6.3
ts53065,One More Time,SHOW,2016,TV-14,31,"['scifi', 'drama', 'fantasy']",['KR'],6.8
tm272484,Michael Che Matters,MOVIE,2016,Not Availavle,60,['comedy'],['US'],7.2
tm252609,'76,MOVIE,2016,PG-13,118,"['romance', 'drama']",['NG'],5.6
tm234064,Halal Love,MOVIE,2016,Not Availavle,95,"['romance', 'drama', 'comedy', 'european']","['LB', 'DE']",6.3
tm240733,100 Meters,MOVIE,2016,Not Availavle,108,"['drama', 'comedy', 'european']",['ES'],7.5
tm230478,Brent Morin: I'm Brent Morin,MOVIE,2015,Not Availavle,67,['comedy'],['US'],6.5
tm267419,Joe Rogan: Triggered,MOVIE,2016,Not Availavle,63,"['comedy', 'documentation']",['US'],7.4
tm232930,Kyaa Kool Hain Hum 3,MOVIE,2016,Not Availavle,124,['comedy'],['IN'],1.9
tm149212,Olmo and the Seagull,MOVIE,2015,Not Availavle,90,"['drama', 'european', 'romance', 'family', 'documentation']","['PT', 'SE', 'DK', 'BR', 'FR']",7.2
tm243931,The Beginning of Life,MOVIE,2016,G,98,"['documentation', 'family']",['BR'],7.5
tm307997,Offline: Are You Ready for the Next Level?,MOVIE,2016,Not Availavle,88,"['action', 'comedy', 'european']",['DE'],5.0
tm219699,Phantom,MOVIE,2015,Not Availavle,136,"['thriller', 'action', 'drama', 'crime', 'horror', 'european']",['IN'],5.9
tm234136,MindGamers,MOVIE,2015,Not Availavle,97,"['action', 'scifi', 'thriller', 'european']",['AT'],3.6
tm239764,David Cross: Making America Great Again,MOVIE,2016,Not Availavle,74,['comedy'],['US'],6.5
tm225675,Jeff Dunham: Unhinged in Hollywood,MOVIE,2015,PG,60,['comedy'],['US'],6.7
tm244380,Barcelona: A Love Untold,MOVIE,2016,Not Availavle,132,"['romance', 'drama']",['PH'],6.6
ts54117,Luna Petunia,SHOW,2016,TV-Y,24,"['animation', 'family', 'fantasy']",['CA'],6.3
tm244079,Sofía Niño de Rivera: Exposed,MOVIE,2016,Not Availavle,80,['comedy'],['MX'],7.3
tm263743,The Doll,MOVIE,2016,Not Availavle,106,"['thriller', 'horror']",['ID'],5.2
tm246485,U Turn,MOVIE,2016,R,121,"['horror', 'thriller', 'crime', 'drama']",['IN'],7.5
tm267017,I Love You,MOVIE,2016,Not Availavle,98,"['comedy', 'drama', 'romance', 'european']",['SE'],4.7
tm224255,Very Big Shot,MOVIE,2015,R,107,"['action', 'drama', 'thriller', 'crime']","['QA', 'LB']",6.9
ts38812,Fearless,SHOW,2016,Not Availavle,42,"['documentation', 'reality']",['US'],7.0
tm234292,The Heirs,MOVIE,2015,Not Availavle,71,['drama'],['MX'],5.7
tm238717,Barakah Meets Barakah,MOVIE,2016,Not Availavle,88,"['romance', 'comedy']",['SA'],6.3
ts38813,Bottersnikes & Gumbles,SHOW,2016,TV-Y7,13,"['action', 'family', 'animation', 'comedy']","['GB', 'AU', 'US']",5.2
tm271974,Pettson and Findus: The Best Christmas Ever,MOVIE,2016,Not Availavle,82,"['family', 'animation', 'comedy', 'fantasy', 'european']",['DE'],5.5
tm193378,Iliza Shlesinger: Freezing Hot,MOVIE,2015,Not Availavle,71,"['comedy', 'documentation']",['US'],6.8
tm201855,Katti Batti,MOVIE,2015,Not Availavle,138,"['comedy', 'romance', 'drama']",['IN'],4.6
ts21876,My Sunshine,SHOW,2015,TV-PG,45,"['drama', 'romance']",['CN'],6.5
tm232267,Mike Epps: Don't Take It Personal,MOVIE,2015,Not Availavle,60,['comedy'],['US'],4.4
tm272012,Ghost Patrol,MOVIE,2016,Not Availavle,50,"['thriller', 'animation', 'family']",['CA'],5.1
tm217986,Bangistan,MOVIE,2015,PG-13,135,"['comedy', 'drama']",['IN'],4.5
tm215911,Ludo,MOVIE,2015,Not Availavle,90,"['horror', 'thriller', 'fantasy']",['IN'],2.8
tm327551,Born in Syria,MOVIE,2016,Not Availavle,86,"['documentation', 'european']","['ES', 'DK']",7.7
tm238486,Theo Von: No Offense,MOVIE,2016,Not Availavle,65,"['comedy', 'documentation']",['US'],5.6
tm295349,Ricardo O'Farrill: abrazo navideño,MOVIE,2016,Not Availavle,31,['comedy'],['MX'],5.7
tm233648,"Trailer Park Boys: Drunk, High and Unemployed: Live In Austin",MOVIE,2015,Not Availavle,74,['comedy'],['CA'],6.5
tm286268,#Rucker50,MOVIE,2016,Not Availavle,56,['documentation'],['US'],5.2
tm214589,The Breakup Playlist,MOVIE,2015,Not Availavle,117,"['romance', 'drama', 'music']",['PH'],6.5
tm375681,S Storm,MOVIE,2016,PG-13,90,"['thriller', 'drama', 'crime', 'action']","['CN', 'HK']",5.1
tm316567,HiGH&LOW: The Red Rain,MOVIE,2016,Not Availavle,110,"['action', 'drama']",['JP'],6.1
tm218683,The Massively Mixed-Up Middle School Mystery,MOVIE,2015,Not Availavle,39,"['comedy', 'thriller']",['XX'],7.3
tm243070,Those who fear are dead,MOVIE,2016,Not Availavle,110,['drama'],['EG'],3.6
tm247444,Poshter Girl,MOVIE,2016,PG-13,140,['comedy'],['IN'],6.6
tm224275,3000 Nights,MOVIE,2015,Not Availavle,103,['drama'],"['AE', 'FR', 'JO', 'LB', 'QA', 'PS']",7.0
tm66466,Wazir,MOVIE,2016,PG-13,103,"['thriller', 'crime', 'drama', 'action']",['IN'],7.2
tm340927,Motu Patlu: King Of Kings,MOVIE,2016,G,109,"['animation', 'action', 'comedy']",['IN'],6.5
tm219739,The Love Affair,MOVIE,2015,Not Availavle,125,"['romance', 'drama']",['PH'],6.3
tm231911,Everyday I Love You,MOVIE,2015,Not Availavle,122,"['romance', 'drama']",['PH'],7.0
tm242002,Jeff Foxworthy & Larry the Cable Guy: We've Been Thinking,MOVIE,2016,Not Availavle,74,['comedy'],['US'],5.9
ts81027,Spark,SHOW,2016,TV-14,14,['drama'],['KR'],7.0
tm554110,The CEO,MOVIE,2016,PG-13,105,"['drama', 'thriller']",['NG'],5.6
tm211273,Jen Kirkman: I'm Gonna Die Alone (And I Feel Fine),MOVIE,2015,Not Availavle,78,['comedy'],['US'],6.8
ts83449,Love Storm,SHOW,2016,TV-14,87,['family'],['TW'],5.5
tm273933,Reggie Watts: Spatial,MOVIE,2016,Not Availavle,61,"['comedy', 'music']",['US'],6.0
ts83450,Close Your Eyes Before It's Dark,SHOW,2016,TV-14,84,"['thriller', 'crime', 'drama']",['TW'],7.0
ts53017,Best Lover,SHOW,2016,TV-14,45,"['drama', 'romance']",['CN'],6.8
tm549892,Aerials,MOVIE,2016,Not Availavle,90,"['thriller', 'drama', 'scifi']",['AE'],1.5
tm528287,Chhota Bheem in African Safari,MOVIE,2015,Not Availavle,62,['animation'],[],6.5
tm317850,Meet The in-Laws,MOVIE,2016,Not Availavle,75,['comedy'],['NG'],6.0
tm207734,Chris D'Elia: Incorrigible,MOVIE,2015,R,83,"['comedy', 'documentation']",['US'],6.4
ts52950,Miss in Kiss,SHOW,2016,TV-14,27,"['comedy', 'drama']",['TW'],7.7
tm244842,Ordinary People,MOVIE,2016,Not Availavle,107,['drama'],['PH'],7.3
tm350159,Couple Of Days,MOVIE,2016,Not Availavle,103,['drama'],['NG'],6.4
tm226320,Kara Bela,MOVIE,2015,PG-13,100,"['comedy', 'action', 'drama']",['TR'],6.7
tm279828,Vince & Kath & James,MOVIE,2016,Not Availavle,116,['romance'],['PH'],6.8
tm275726,Carlos Ballarta: el amor es de putos,MOVIE,2016,Not Availavle,67,['comedy'],['MX'],7.0
tm311456,Sen Benim HerŞeyimsin,MOVIE,2016,Not Availavle,107,['comedy'],['TR'],6.2
tm350374,Saawan,MOVIE,2016,Not Availavle,90,"['thriller', 'drama']",['PK'],7.3
tm296203,A Chaster Marriage,MOVIE,2016,PG-13,93,"['comedy', 'romance', 'family']",['TR'],5.4
tm235232,Misunderstanding,MOVIE,2015,Not Availavle,120,"['action', 'comedy', 'romance']",['EG'],4.3
tm234773,Eddie: Strongman,MOVIE,2015,Not Availavle,98,['documentation'],['GB'],7.4
tm257141,Cedric the Entertainer: Live from the Ville,MOVIE,2016,Not Availavle,60,['comedy'],['US'],6.2
tm234069,Wedding Association 2: Circumcision,MOVIE,2015,PG-13,107,['comedy'],['TR'],6.3
tm278279,One in a Billion,MOVIE,2016,Not Availavle,69,['documentation'],['US'],6.7
tm232947,Brahman Naman,MOVIE,2016,Not Availavle,94,['comedy'],"['IN', 'GB']",5.5
tm290157,XV Beyond the Tryline,MOVIE,2016,Not Availavle,91,"['documentation', 'sport']",['GB'],6.8
tm247396,Virunga: Gorillas in Peril,MOVIE,2015,Not Availavle,28,['documentation'],['US'],6.6
tm246810,Santa Banta Pvt Ltd,MOVIE,2016,Not Availavle,112,"['comedy', 'action', 'crime', 'drama']",['IN'],2.7
tm239078,Jada,MOVIE,2016,PG-13,16,"['drama', 'sport']",['US'],5.4
tm562821,Grandmother's Farm Part 2,MOVIE,2015,Not Availavle,80,"['horror', 'thriller', 'comedy']",['AE'],5.4
tm282988,Dieter Nuhr: Nuhr in Berlin,MOVIE,2016,Not Availavle,68,"['comedy', 'european']",['DE'],4.7
tm211571,Niyazi Gül Dörtnala,MOVIE,2015,PG,106,"['comedy', 'drama', 'action']",['TR'],4.5
tm242906,Sila Samayangalil,MOVIE,2016,Not Availavle,101,['drama'],['IN'],5.8
tm368725,Love Is a Story,MOVIE,2015,Not Availavle,107,"['romance', 'european', 'comedy']",['RO'],6.0
tm203056,Husband Factor,MOVIE,2015,PG-13,108,"['comedy', 'romance', 'drama', 'fantasy']",['TR'],6.2
tm233463,Husband Factor: Resurrection,MOVIE,2016,PG,108,"['comedy', 'family', 'romance', 'drama', 'fantasy']",['TR'],5.3
tm283909,The Super Parental Guardians,MOVIE,2016,Not Availavle,115,['comedy'],['PH'],4.4
tm235005,Oloibiri,MOVIE,2015,Not Availavle,106,"['thriller', 'action', 'drama']","['CA', 'NG']",5.1
tm533845,Sam Kinison: The Scream Continues,MOVIE,2016,Not Availavle,29,['documentation'],['US'],6.1
tm267112,Gang of the Caribbean,MOVIE,2016,Not Availavle,90,"['thriller', 'european']",['FR'],5.1
tm247767,Kiss of Life,MOVIE,2015,G,102,"['romance', 'comedy', 'drama']",['TR'],5.9
tm198842,Souk Bazaar,MOVIE,2015,PG,97,['comedy'],['TR'],5.2
tm232855,Everything About Her,MOVIE,2016,Not Availavle,126,"['drama', 'comedy']",['PH'],7.2
ts91990,The Creative Indians,SHOW,2016,TV-MA,29,['documentation'],['US'],8.3
tm424879,Road To High & Low,MOVIE,2016,Not Availavle,95,"['action', 'drama']",['JP'],6.6
ts53513,Back to 1989,SHOW,2016,TV-14,44,"['scifi', 'drama']",['TW'],8.0
tm245050,The Arbitration,MOVIE,2016,Not Availavle,100,"['drama', 'comedy']",['NG'],5.0
tm247159,The Last Egg,MOVIE,2016,Not Availavle,95,"['comedy', 'romance', 'drama']",['VN'],4.8
tm244041,Jandino: Whatever it Takes,MOVIE,2016,Not Availavle,94,['comedy'],"['NL', 'GB']",4.5
tm407961,Gbomo Gbomo Express,MOVIE,2015,Not Availavle,96,"['drama', 'crime']",['NG'],5.0
tm225416,Janoskians: Untold and Untrue,MOVIE,2015,Not Availavle,88,['comedy'],['US'],3.7
ts82475,The Dream Job,SHOW,2016,TV-14,44,"['drama', 'family']",['SG'],6.1
tm198786,Crazy Beautiful You,MOVIE,2015,Not Availavle,115,"['drama', 'romance', 'comedy']",['PH'],7.0
ts249161,Tariqi: My Way,SHOW,2015,TV-14,41,"['drama', 'music']",['US'],7.1
ts107658,Mind Game,SHOW,2015,TV-14,44,"['action', 'crime', 'drama']","['US', 'JP']",7.5
tm232090,Snervous Tyler Oakley,MOVIE,2015,PG-13,82,['documentation'],['US'],5.4
tm571645,Sommore: The Reign Continues,MOVIE,2015,R,92,['comedy'],['US'],7.0
tm350727,Hajwala: The Missing Engine,MOVIE,2016,R,96,"['drama', 'action', 'crime', 'sport', 'thriller']",['AE'],2.0
tm212909,Just the Way You Are,MOVIE,2015,Not Availavle,107,"['comedy', 'drama', 'romance']",['PH'],6.3
tm233121,Dedemin Fişi,MOVIE,2016,PG,100,"['comedy', 'family']",['TR'],5.5
tm272666,The Unmarried Wife,MOVIE,2016,Not Availavle,130,"['drama', 'romance']",['PH'],5.9
tm245791,My Stupid Boss,MOVIE,2016,Not Availavle,106,"['comedy', 'drama']",['ID'],7.1
tm271333,The Third Party,MOVIE,2016,Not Availavle,118,"['comedy', 'romance']",['PH'],6.1
tm409220,Ojukokoro (Greed),MOVIE,2016,Not Availavle,112,"['thriller', 'comedy', 'crime']",['NG'],6.6
tm421382,Lakeeran,MOVIE,2016,Not Availavle,113,['drama'],['IN'],6.3
tm234735,Time Out,MOVIE,2015,Not Availavle,98,"['drama', 'animation', 'family', 'music']",['IN'],6.0
ts77795,Derry Girls,SHOW,2018,TV-MA,27,['comedy'],['GB'],8.4
ts56683,The Sinner,SHOW,2017,TV-MA,45,"['crime', 'drama', 'thriller']",['US'],7.9
tm312676,Leave No Trace,MOVIE,2018,PG,109,['drama'],"['CA', 'US']",7.1
ts53864,Ozark,SHOW,2017,TV-MA,60,"['drama', 'crime', 'thriller']",['US'],8.5
tm239091,Blade Runner 2049,MOVIE,2017,R,164,"['scifi', 'action', 'drama', 'thriller']","['CA', 'HU', 'MX', 'ES', 'GB', 'US']",8.0
ts55668,Dark,SHOW,2017,TV-MA,56,"['scifi', 'crime', 'drama', 'thriller']",['DE'],8.7
tm313149,12 Strong,MOVIE,2018,R,131,"['drama', 'action', 'war', 'history']",['US'],6.5
tm244208,It,MOVIE,2017,R,135,"['horror', 'fantasy', 'thriller']",['US'],7.3
ts81064,Legacies,SHOW,2018,TV-14,41,"['drama', 'scifi', 'fantasy', 'horror']",['US'],7.2
ts81294,Manifest,SHOW,2018,TV-14,42,"['drama', 'thriller', 'scifi']",['US'],7.1
ts53023,Riverdale,SHOW,2017,TV-14,42,"['crime', 'drama', 'thriller', 'romance']",['US'],6.6
tm244259,Wind River,MOVIE,2017,R,107,"['thriller', 'crime', 'drama', 'western']","['FR', 'GB', 'US']",7.7
tm310953,Sorry to Bother You,MOVIE,2018,R,111,"['scifi', 'fantasy', 'comedy', 'drama']",['US'],6.9
tm232797,Dunkirk,MOVIE,2017,PG-13,107,"['drama', 'war', 'action', 'thriller', 'history', 'european']","['FR', 'NL', 'GB', 'US']",7.8
ts78801,Cobra Kai,SHOW,2018,TV-14,31,"['action', 'drama', 'sport', 'comedy']",['US'],8.5
tm366889,Vice,MOVIE,2018,R,132,"['comedy', 'drama', 'documentation']",['US'],7.2
ts42405,Mindhunter,SHOW,2017,TV-MA,53,"['drama', 'crime', 'thriller']",['US'],8.6
tm315174,Phantom Thread,MOVIE,2017,R,130,"['drama', 'romance']","['US', 'GB']",7.4
ts56768,Money Heist,SHOW,2017,TV-MA,49,"['thriller', 'action', 'crime', 'drama', 'european']",['ES'],8.2
ts83970,All American,SHOW,2018,TV-14,42,"['drama', 'sport']",['US'],7.6
ts79813,You,SHOW,2018,TV-MA,47,"['crime', 'drama', 'thriller', 'romance']",['US'],7.7
tm315344,Molly's Game,MOVIE,2017,R,140,"['drama', 'crime', 'sport']","['CN', 'CA', 'US']",7.4
tm318206,Den of Thieves,MOVIE,2018,R,140,"['thriller', 'crime', 'drama', 'action']",['US'],7.0
ts77398,Lost in Space,SHOW,2018,TV-PG,49,"['drama', 'scifi', 'action', 'thriller', 'family']",['US'],7.3
ts81884,Bodyguard,SHOW,2018,TV-MA,60,"['war', 'drama', 'thriller', 'crime', 'european']",['GB'],8.1
ts82584,Rise of the Teenage Mutant Ninja Turtles,SHOW,2018,TV-Y7,17,"['action', 'comedy', 'drama', 'scifi', 'family', 'fantasy', 'animation']",['US'],4.9
ts74816,American Vandal,SHOW,2017,TV-MA,33,"['crime', 'comedy', 'drama']",['US'],8.1
ts75151,Godless,SHOW,2017,TV-MA,65,"['drama', 'western', 'documentation', 'action', 'crime']",['US'],7.6
ts77955,Somebody Feed Phil,SHOW,2018,TV-14,52,['documentation'],['US'],8.2
ts58133,Manhunt,SHOW,2017,TV-14,43,"['crime', 'drama', 'thriller']",['US'],8.1
ts58433,The Haunting of Hill House,SHOW,2018,TV-MA,58,"['thriller', 'drama', 'horror']",['US'],8.6
tm266714,CHiPS,MOVIE,2017,R,100,"['action', 'comedy', 'crime']",['US'],6.0
tm425889,The Ballad of Buster Scruggs,MOVIE,2018,R,132,"['western', 'comedy', 'drama', 'romance']",['US'],7.3
ts42477,Babylon Berlin,SHOW,2017,TV-MA,49,"['drama', 'thriller', 'crime', 'history', 'european']",['DE'],8.4
ts54102,Altered Carbon,SHOW,2018,TV-MA,52,"['scifi', 'thriller', 'action', 'drama']",['US'],7.9
ts56261,Castlevania,SHOW,2017,TV-MA,26,"['animation', 'drama', 'fantasy', 'horror', 'action']",['US'],8.3
ts84785,Dirty John,SHOW,2018,TV-MA,44,"['crime', 'drama']",['US'],7.2
tm244220,Darkest Hour,MOVIE,2017,PG-13,125,"['drama', 'history', 'war', 'thriller', 'family']",['GB'],7.4
ts57465,Dynasty,SHOW,2017,TV-14,42,['drama'],['US'],7.2
tm367185,Won't You Be My Neighbor?,MOVIE,2018,PG-13,95,['documentation'],['US'],8.4
ts57120,Good Girls,SHOW,2018,TV-14,42,"['drama', 'crime', 'comedy']",['US'],7.7
ts57850,HAPPY!,SHOW,2017,TV-MA,43,"['scifi', 'action', 'comedy', 'crime', 'fantasy', 'thriller']",['US'],8.1
ts74823,Wet Hot American Summer: Ten Years Later,SHOW,2017,TV-MA,27,['comedy'],['US'],6.9
ts53663,Workin' Moms,SHOW,2017,TV-MA,23,"['comedy', 'drama']",['CA'],7.7
ts75097,Maniac,SHOW,2018,TV-MA,39,"['scifi', 'comedy', 'drama']",['US'],7.7
ts79229,Wild Wild Country,SHOW,2018,TV-MA,67,"['crime', 'documentation']",['US'],8.1
tm287684,The Ritual,MOVIE,2017,R,94,"['thriller', 'horror']","['CA', 'GB']",6.3
ts55982,Anne with an E,SHOW,2017,TV-G,46,"['drama', 'family']",['CA'],8.7
tm244174,Okja,MOVIE,2017,PG-13,122,"['scifi', 'fantasy', 'action', 'drama']","['KR', 'US']",7.3
ts76243,The End of the F***ing World,SHOW,2017,TV-MA,21,"['drama', 'comedy', 'romance', 'thriller', 'crime']",['GB'],8.1
ts77852,Trolls: The Beat Goes On!,SHOW,2018,TV-G,20,"['comedy', 'animation', 'family', 'fantasy', 'romance']",['US'],5.8
ts56969,Atypical,SHOW,2017,TV-14,31,"['comedy', 'drama']",['US'],8.3
tm288010,Final Score,MOVIE,2018,R,104,"['action', 'drama', 'thriller']","['GB', 'US']",5.7
ts39015,A Series of Unfortunate Events,SHOW,2017,TV-PG,47,"['drama', 'action', 'comedy', 'family']",['US'],7.8
ts81208,Charmed,SHOW,2018,TV-14,40,"['drama', 'scifi', 'fantasy']",['US'],4.6
tm300280,Rumble: The Indians Who Rocked the World,MOVIE,2017,Not Availavle,103,"['music', 'documentation']",['CA'],7.7
tm244364,The Nightingale,MOVIE,2018,R,136,"['thriller', 'drama', 'horror']",['AU'],7.3
ts58155,Alias Grace,SHOW,2017,TV-MA,44,"['drama', 'crime', 'history', 'thriller']",['CA'],7.7
ts269185,Cold Case Files,SHOW,2017,TV-14,42,"['crime', 'documentation']",['US'],7.9
ts53198,One Day at a Time,SHOW,2017,TV-PG,28,"['comedy', 'drama']",['US'],8.1
tm359978,Forgotten,MOVIE,2017,Not Availavle,109,"['thriller', 'horror', 'scifi']",['KR'],7.4
tm414073,Backtrace,MOVIE,2018,R,92,"['crime', 'action', 'drama', 'thriller']","['CA', 'US']",3.8
ts84328,The Bureau of Magical Things,SHOW,2018,TV-G,24,"['scifi', 'family', 'fantasy', 'drama']",['AU'],6.7
ts53545,Santa Clarita Diet,SHOW,2017,TV-MA,29,"['comedy', 'horror']",['US'],7.8
ts58367,Safe,SHOW,2018,TV-MA,45,"['drama', 'thriller', 'crime', 'european']",['GB'],7.2
ts55798,Stranger,SHOW,2017,TV-MA,64,"['crime', 'drama', 'thriller', 'romance', 'scifi', 'comedy']",['KR'],8.5
tm412550,Set It Up,MOVIE,2018,R,105,"['romance', 'comedy']",['US'],6.5
tm299741,Crooked House,MOVIE,2017,PG-13,115,"['drama', 'thriller', 'crime']",['GB'],6.3
tm239286,The Cloverfield Paradox,MOVIE,2018,PG-13,102,"['horror', 'thriller', 'scifi', 'drama', 'action']",['US'],5.5
tm272060,What Happened to Monday,MOVIE,2017,R,123,"['scifi', 'thriller', 'drama', 'action', 'crime', 'fantasy']","['FR', 'RO', 'GB', 'BE', 'DE']",6.8
ts241248,Cocomelon,SHOW,2018,TV-PG,6,"['animation', 'comedy', 'family']","['US', 'GB']",4.7
tm266666,Gerald's Game,MOVIE,2017,Not Availavle,104,"['horror', 'thriller', 'drama']",['US'],6.5
tm288499,Roma,MOVIE,2018,R,135,"['drama', 'european']","['US', 'MX']",7.7
tm370212,Adrift,MOVIE,2018,PG-13,96,"['action', 'thriller', 'romance', 'drama', 'european']","['HK', 'IS', 'US']",6.6
tm244191,The Beguiled,MOVIE,2017,R,93,"['drama', 'documentation', 'thriller', 'war']",['US'],6.8
ts72247,Disenchantment,SHOW,2018,TV-14,28,"['scifi', 'comedy', 'fantasy', 'animation', 'action']",['US'],7.2
ts75879,Big Mouth,SHOW,2017,TV-MA,27,"['comedy', 'animation', 'romance']",['US'],7.9
tm350379,Ghostland,MOVIE,2018,R,91,"['thriller', 'horror', 'drama', 'european']","['CA', 'FR']",6.4
ts74809,Knightfall,SHOW,2017,TV-14,44,"['action', 'drama', 'history']",['US'],6.7
ts55720,GLOW,SHOW,2017,TV-MA,34,"['drama', 'comedy', 'sport', 'reality']",['US'],8.0
tm350,The Bad Batch,MOVIE,2017,R,119,"['drama', 'horror', 'scifi', 'romance', 'action']",['US'],5.2
ts312241,Oats Studios,SHOW,2017,TV-MA,12,"['scifi', 'horror']",['US'],6.4
tm320570,Tully,MOVIE,2018,R,96,"['comedy', 'drama']","['CA', 'US']",7.0
ts52821,Watership Down,SHOW,2018,TV-PG,50,"['animation', 'family', 'fantasy', 'action', 'drama']",['GB'],7.2
tm357589,The Guernsey Literary & Potato Peel Pie Society,MOVIE,2018,Not Availavle,124,"['drama', 'history', 'romance', 'war']","['GB', 'US', 'FR']",7.3
ts82189,BAKI,SHOW,2018,TV-MA,24,"['drama', 'animation', 'action', 'crime', 'sport']",['JP'],6.7
tm233482,The Foreigner,MOVIE,2017,R,113,"['action', 'thriller', 'crime', 'drama', 'european']","['IN', 'CN', 'US', 'GB']",7.0
tm320281,"Can't Stop, Won't Stop: A Bad Boy Story",MOVIE,2017,R,80,"['music', 'documentation']",['US'],5.3
tm319818,Outlaw King,MOVIE,2018,R,121,"['action', 'drama', 'history', 'war']","['US', 'GB']",6.9
tm414887,Destination Wedding,MOVIE,2018,R,90,"['drama', 'romance', 'comedy']",['US'],6.0
ts82849,The Kominsky Method,SHOW,2018,TV-MA,26,"['drama', 'comedy']",['US'],8.2
ts55781,Black Spot,SHOW,2017,TV-MA,55,"['drama', 'crime', 'thriller', 'horror', 'european']","['BE', 'FR']",7.4
ts78305,Elite,SHOW,2018,TV-MA,48,"['thriller', 'drama', 'crime']",['ES'],7.4
ts56648,The Keepers,SHOW,2017,TV-MA,56,"['documentation', 'thriller', 'crime', 'action', 'drama']",['US'],8.2
ts42294,13 Reasons Why,SHOW,2017,TV-MA,58,"['drama', 'thriller']",['US'],7.5
tm374132,Bird Box,MOVIE,2018,R,124,"['thriller', 'drama', 'scifi', 'horror']",['US'],6.6
tm280828,The Babysitter,MOVIE,2017,R,85,"['comedy', 'horror']",['US'],6.4
ts54054,Imposters,SHOW,2017,TV-14,43,"['drama', 'thriller', 'comedy', 'crime']",['US'],7.8
ts77518,Teasing Master Takagi-san,SHOW,2018,TV-PG,24,"['animation', 'romance', 'comedy']",['JP'],7.7
ts82526,Narcos: Mexico,SHOW,2018,TV-MA,58,"['drama', 'crime']",['US'],8.4
ts57055,Black Lightning,SHOW,2018,TV-14,41,"['action', 'scifi', 'drama']",['US'],6.1
ts84574,Salt Fat Acid Heat,SHOW,2018,Not Availavle,43,['documentation'],['US'],7.7
tm371380,The Package,MOVIE,2018,R,94,"['comedy', 'drama', 'thriller']",['US'],5.5
tm244197,Replicas,MOVIE,2018,PG-13,94,"['scifi', 'thriller', 'drama']","['PR', 'US', 'GB', 'CN']",5.5
tm420348,Cam,MOVIE,2018,Not Availavle,95,"['thriller', 'horror', 'drama']",['US'],5.9
ts77563,Mystery Science Theater 3000,SHOW,2017,TV-14,86,"['scifi', 'comedy', 'drama', 'horror', 'thriller']",['US'],8.1
ts76458,Deadwind,SHOW,2018,TV-MA,46,"['crime', 'drama', 'thriller']",['FI'],7.2
ts77824,My Next Guest Needs No Introduction With David Letterman,SHOW,2018,TV-MA,50,[],['US'],7.8
ts77197,Seven Seconds,SHOW,2018,TV-MA,62,"['crime', 'drama']",['US'],7.7
ts78558,Queer Eye,SHOW,2018,TV-14,47,['reality'],['US'],8.5
ts76869,Violet Evergarden,SHOW,2018,TV-14,25,"['animation', 'scifi', 'drama', 'fantasy', 'romance']",['JP'],8.4
ts84280,Rascal Does Not Dream of Bunny Girl Senpai,SHOW,2018,TV-14,25,"['comedy', 'thriller', 'animation', 'fantasy', 'romance', 'drama']",['JP'],8.1
tm435086,Level 16,MOVIE,2018,Not Availavle,102,"['scifi', 'thriller', 'drama', 'european']",['CA'],6.0
tm414285,Abducted in Plain Sight,MOVIE,2018,Not Availavle,91,"['crime', 'documentation', 'thriller', 'drama']",['US'],6.8
tm244206,The Meyerowitz Stories (New and Selected),MOVIE,2017,Not Availavle,112,"['comedy', 'drama']",['US'],6.9
ts79926,James Acaster: Repertoire,SHOW,2018,TV-14,52,['comedy'],['GB'],8.4
tm273294,I Don't Feel at Home in This World Anymore,MOVIE,2017,Not Availavle,93,"['drama', 'thriller', 'crime', 'comedy', 'european']",['US'],6.9
tm280060,Step Sisters,MOVIE,2018,PG-13,104,['comedy'],['US'],5.4
ts76865,Devilman Crybaby,SHOW,2018,TV-MA,25,"['animation', 'action', 'scifi', 'drama', 'fantasy', 'horror']",['JP'],7.6
tm226948,The Shack,MOVIE,2017,PG-13,132,"['drama', 'fantasy']",['US'],6.2
ts83999,Hilda,SHOW,2018,TV-Y7,25,"['animation', 'family', 'scifi', 'drama', 'fantasy', 'comedy']",['GB'],8.5
tm371900,Calibre,MOVIE,2018,Not Availavle,101,"['thriller', 'drama']",['GB'],6.8
tm271951,Apostle,MOVIE,2018,R,130,"['thriller', 'drama', 'horror', 'fantasy']","['US', 'GB']",6.3
tm244332,Beirut,MOVIE,2018,R,110,"['thriller', 'drama', 'action', 'crime']",['US'],6.4
tm410435,To All the Boys I've Loved Before,MOVIE,2018,PG-13,100,"['comedy', 'romance', 'drama']",['US'],7.1
ts78430,Collateral,SHOW,2018,TV-MA,57,"['thriller', 'drama', 'crime']",['GB'],6.7
ts82228,Cells at Work!,SHOW,2018,TV-14,23,"['comedy', 'animation', 'action', 'fantasy']",['JP'],7.5
ts58025,My Little Pony: Equestria Girls,SHOW,2017,TV-Y,22,"['animation', 'comedy', 'family', 'fantasy']",['US'],6.5
ts82597,The Dragon Prince,SHOW,2018,TV-Y7,27,"['action', 'scifi', 'animation', 'family', 'fantasy', 'thriller', 'drama']",['US'],8.4
tm362881,Mirai,MOVIE,2018,PG,94,"['fantasy', 'animation', 'drama', 'family']",['JP'],7.0
ts87369,Rust Valley Restorers,SHOW,2018,TV-14,50,['documentation'],['CA'],7.7
tm221953,Bāhubali 2: The Conclusion,MOVIE,2017,Not Availavle,168,"['fantasy', 'drama', 'action']",['IN'],8.2
tm227940,Berlin Syndrome,MOVIE,2017,R,116,"['horror', 'thriller', 'drama']",['AU'],6.2
tm311815,Icarus,MOVIE,2017,Not Availavle,121,"['documentation', 'thriller', 'sport']",['US'],7.9
ts55645,Five Came Back,SHOW,2017,TV-MA,65,"['war', 'documentation', 'history']",['US'],8.3
ts81331,She-Ra and the Princesses of Power,SHOW,2018,TV-Y7,24,"['scifi', 'animation', 'comedy', 'fantasy', 'family', 'action', 'drama']",['US'],7.8
tm362098,The Kindergarten Teacher,MOVIE,2018,R,96,"['drama', 'thriller', 'european']",['US'],6.7
ts80856,Chilling Adventures of Sabrina,SHOW,2018,TV-14,57,"['thriller', 'scifi', 'drama', 'fantasy', 'horror']",['US'],7.4
tm317542,1922,MOVIE,2017,Not Availavle,101,"['horror', 'drama', 'documentation', 'crime', 'thriller']",['US'],6.2
tm313683,Veronica,MOVIE,2017,R,105,['horror'],['ES'],6.2
tm414220,Little Italy,MOVIE,2018,R,102,"['romance', 'comedy']","['CA', 'US']",5.7
tm299677,Hold the Dark,MOVIE,2018,Not Availavle,126,"['thriller', 'crime', 'horror', 'action', 'drama']",['US'],5.6
tm244325,Mute,MOVIE,2018,R,126,"['scifi', 'thriller', 'drama']","['GB', 'DE']",5.4
tm435916,The Perfection,MOVIE,2018,Not Availavle,90,"['horror', 'thriller', 'drama', 'music']",['US'],6.1
tm433228,Red Joan,MOVIE,2018,R,101,"['thriller', 'history', 'romance', 'drama']",['GB'],6.4
tm244307,Bright,MOVIE,2017,R,117,"['fantasy', 'thriller', 'scifi', 'crime', 'action']",['US'],6.3
ts80705,Evil Genius,SHOW,2018,TV-MA,48,"['documentation', 'crime']",['US'],7.5
ts78080,Everything Sucks!,SHOW,2018,TV-14,24,"['drama', 'comedy']",['US'],7.5
tm346943,Kodachrome,MOVIE,2017,Not Availavle,105,"['drama', 'comedy', 'european']",['US'],6.8
tm233362,The Discovery,MOVIE,2017,Not Availavle,102,"['scifi', 'thriller', 'romance', 'drama']",['US'],6.2
ts80035,Nightflyers,SHOW,2018,TV-MA,44,"['scifi', 'thriller', 'drama', 'horror']",['US'],5.8
ts82560,Dark Tourist,SHOW,2018,TV-MA,41,"['action', 'documentation']",['NZ'],7.5
tm310706,Extinction,MOVIE,2018,R,96,"['scifi', 'thriller', 'action', 'drama']",['US'],5.8
tm244233,The Book of Henry,MOVIE,2017,PG-13,106,"['drama', 'thriller', 'crime']",['US'],6.5
tm317566,Creep 2,MOVIE,2017,R,80,"['thriller', 'horror', 'crime', 'drama']",['US'],6.4
tm422491,Speed Kills,MOVIE,2018,R,102,"['thriller', 'crime', 'drama', 'action']","['US', 'PR']",4.2
tm449070,Black Mirror: Bandersnatch,MOVIE,2018,R,90,"['drama', 'thriller', 'scifi', 'fantasy']","['GB', 'US']",7.1
tm315340,The Night Comes for Us,MOVIE,2018,R,121,"['action', 'thriller', 'crime']",['ID'],6.9
tm307283,Cargo,MOVIE,2017,Not Availavle,105,"['drama', 'thriller', 'scifi', 'horror']",['AU'],6.3
ts84010,Pine Gap,SHOW,2018,TV-MA,56,"['drama', 'thriller']",['AU'],7.1
tm366567,When We First Met,MOVIE,2018,PG-13,97,"['fantasy', 'comedy', 'romance']",['US'],6.4
ts55962,Dear White People,SHOW,2017,TV-MA,30,"['comedy', 'drama']",['US'],6.1
tm300615,Mudbound,MOVIE,2017,R,135,"['drama', 'war']",['US'],7.4
ts56480,Troy: Fall of a City,SHOW,2018,TV-MA,58,"['action', 'war', 'fantasy', 'romance']",['GB'],3.9
tm243326,Anon,MOVIE,2018,R,100,"['scifi', 'thriller', 'action', 'drama', 'crime', 'european']","['US', 'GB']",6.1
ts57424,The Forest,SHOW,2017,TV-MA,52,"['drama', 'crime', 'thriller', 'european']",['FR'],7.2
ts56511,Cable Girls,SHOW,2017,TV-MA,46,"['drama', 'history', 'european']",['ES'],7.6
tm349803,"Jim & Andy: The Great Beyond - Featuring a Very Special, Contractually Obligated Mention of Tony Clifton",MOVIE,2017,Not Availavle,94,"['documentation', 'comedy']","['CA', 'US']",7.6
tm323634,A-X-L,MOVIE,2018,PG-13,98,"['scifi', 'thriller', 'action', 'drama', 'family']",['US'],5.3
tm316414,Hell Fest,MOVIE,2018,R,88,"['horror', 'thriller']",['US'],5.5
ts80523,Aggretsuko,SHOW,2018,TV-14,17,"['animation', 'comedy', 'romance', 'drama', 'music']",['JP'],8.0
tm434202,Malevolent,MOVIE,2018,Not Availavle,89,"['horror', 'thriller']",['GB'],4.8
ts75772,Jack Whitehall: Travels with My Father,SHOW,2017,TV-MA,48,"['reality', 'documentation', 'comedy', 'european']",['GB'],7.6
ts121489,Two Sentence Horror Stories,SHOW,2017,TV-14,22,"['drama', 'horror', 'thriller']",['US'],5.5
ts77957,Dirty Money,SHOW,2018,TV-14,63,"['documentation', 'crime']",['US'],8.1
ts78452,Requiem,SHOW,2018,TV-MA,58,"['drama', 'animation', 'fantasy', 'thriller']",['GB'],6.4
ts78356,The Rain,SHOW,2018,TV-MA,43,"['scifi', 'thriller', 'drama']",['DK'],7.3
ts86296,Sunderland 'Til I Die,SHOW,2018,TV-MA,41,"['documentation', 'sport']",['GB'],8.1
tm410742,Happy as Lazzaro,MOVIE,2018,PG-13,125,"['fantasy', 'drama', 'european']","['IT', 'CH', 'FR']",7.5
ts79422,Nailed It!,SHOW,2018,TV-PG,33,"['reality', 'comedy']",['US'],7.4
ts78298,My Mister,SHOW,2018,TV-14,70,"['drama', 'family']",['KR'],9.1
ts88783,Bakugan: Battle Planet,SHOW,2018,TV-Y7,20,"['animation', 'action', 'comedy', 'family', 'fantasy', 'scifi']",['JP'],4.9
tm244229,Everybody Knows,MOVIE,2018,R,132,"['drama', 'thriller', 'crime', 'european']","['IT', 'ES', 'FR']",6.9
ts56038,Dave Chappelle,SHOW,2017,Not Availavle,66,"['comedy', 'documentation']",['US'],8.7
ts57439,Damnation,SHOW,2017,TV-MA,43,"['western', 'crime', 'drama']",['US'],7.6
ts53936,Innocent,SHOW,2017,TV-14,51,"['drama', 'thriller', 'crime']",['TR'],8.4
ts56481,Great News,SHOW,2017,TV-PG,21,['comedy'],['US'],7.0
tm348993,22 July,MOVIE,2018,R,143,"['thriller', 'crime', 'drama', 'history', 'european']","['US', 'IS', 'NO']",6.8
tm427308,Falls Around Her,MOVIE,2018,Not Availavle,100,"['drama', 'music', 'thriller']",['CA'],6.3
ts85895,Better Than Us,SHOW,2018,TV-MA,52,"['scifi', 'drama']",['RU'],7.3
ts82302,Insatiable,SHOW,2018,TV-MA,46,"['drama', 'comedy', 'thriller']",['US'],6.5
tm245176,Sand Castle,MOVIE,2017,Not Availavle,113,"['war', 'action', 'drama']","['IQ', 'GB']",6.3
ts82281,Zoids Wild,SHOW,2018,TV-Y7,21,"['action', 'comedy', 'animation', 'scifi']",['JP'],6.2
ts81344,Explained,SHOW,2018,TV-MA,21,['documentation'],['US'],8.0
tm240076,Buster's Mal Heart,MOVIE,2017,Not Availavle,96,"['drama', 'thriller', 'crime']",['US'],6.2
ts77525,The Toys That Made Us,SHOW,2017,TV-14,45,"['documentation', 'comedy', 'history']",['US'],8.0
tm298084,On Body and Soul,MOVIE,2017,Not Availavle,116,"['drama', 'romance', 'fantasy']",['HU'],7.5
tm423436,Ben Is Back,MOVIE,2018,R,103,"['drama', 'european']",['US'],6.7
ts85568,Perfume,SHOW,2018,TV-MA,58,"['crime', 'drama', 'thriller']",['DE'],7.1
ts77474,Mr. Sunshine,SHOW,2018,TV-MA,76,"['drama', 'history', 'romance', 'war', 'action']",['KR'],8.7
tm368449,Private Life,MOVIE,2018,R,123,"['comedy', 'drama']",['US'],7.2
tm433381,Mirage,MOVIE,2018,R,129,"['fantasy', 'thriller', 'drama', 'romance', 'european']",['ES'],7.4
tm349278,Ravenous,MOVIE,2017,Not Availavle,103,"['drama', 'scifi', 'horror', 'thriller', 'action']",['CA'],5.8
tm363488,RBG,MOVIE,2018,PG,98,['documentation'],['US'],7.6
tm315424,An Evening with Beverly Luff Linn,MOVIE,2018,R,108,"['crime', 'comedy']","['GB', 'US']",5.8
ts57303,Friends from College,SHOW,2017,TV-MA,30,"['comedy', 'drama']",['US'],6.9
tm310899,Mary Magdalene,MOVIE,2018,R,120,"['drama', 'history']","['US', 'AU', 'GB']",5.9
ts56594,Disjointed,SHOW,2017,TV-MA,28,['comedy'],['US'],6.7
ts76313,Sisters,SHOW,2017,TV-14,39,"['drama', 'comedy']",['AU'],7.4
tm417496,Dumplin',MOVIE,2018,PG-13,110,"['comedy', 'drama']",['US'],6.5
tm352588,Tau,MOVIE,2018,R,97,"['scifi', 'thriller', 'horror']",['US'],5.8
ts79660,Creeped Out,SHOW,2017,TV-PG,26,"['scifi', 'thriller', 'family', 'fantasy', 'action', 'crime', 'drama', 'history', 'horror']","['CA', 'GB']",6.6
tm314477,Skins,MOVIE,2017,Not Availavle,78,"['drama', 'comedy', 'fantasy', 'european']",['ES'],6.1
ts75263,Wormwood,SHOW,2017,TV-14,43,"['crime', 'documentation', 'drama', 'fantasy']",['US'],7.0
tm368241,Duck Butter,MOVIE,2018,Not Availavle,94,"['comedy', 'drama', 'romance']",['US'],5.2
tm244175,The Zookeeper's Wife,MOVIE,2017,PG-13,126,"['war', 'drama', 'history']","['CZ', 'GB', 'US']",7.0
tm321224,"Game Over, Man!",MOVIE,2018,R,100,"['comedy', 'action']",['US'],5.4
ts90596,Polly Pocket,SHOW,2018,Not Availavle,15,"['fantasy', 'animation', 'comedy', 'family']","['US', 'IE', 'CA']",6.0
tm416105,Steve Martin and Martin Short: An Evening You Will Forget for the Rest of Your Life,MOVIE,2018,Not Availavle,74,['comedy'],['US'],7.1
tm285107,Victoria & Abdul,MOVIE,2017,PG-13,111,"['drama', 'history']","['GB', 'US']",6.8
tm319882,Hampstead,MOVIE,2017,PG-13,102,"['comedy', 'romance', 'drama']",['GB'],6.0
tm420274,Hannah Gadsby: Nanette,MOVIE,2018,Not Availavle,69,"['comedy', 'documentation']",['AU'],8.1
tm233294,War Machine,MOVIE,2017,R,122,"['drama', 'comedy', 'war']",['US'],6.0
tm320255,Bad Genius,MOVIE,2017,PG-13,130,"['comedy', 'drama', 'crime', 'thriller']",['TH'],7.6
ts83745,Norm Macdonald Has a Show,SHOW,2018,Not Availavle,30,['comedy'],['US'],8.5
ts57814,Kakegurui,SHOW,2017,TV-14,24,"['drama', 'thriller', 'action', 'animation']",['JP'],7.2
ts85810,Al Hayba,SHOW,2017,TV-PG,44,"['drama', 'action', 'crime', 'romance', 'thriller']",['AE'],7.3
tm412623,The Kissing Booth,MOVIE,2018,Not Availavle,105,"['comedy', 'romance']",['GB'],5.9
ts84904,Tidelands,SHOW,2018,TV-MA,42,"['scifi', 'drama', 'fantasy', 'crime']",['AU'],6.8
tm374313,The Forgiven,MOVIE,2018,R,115,['thriller'],"['GB', 'ZA']",5.9
ts41527,Gypsy,SHOW,2017,TV-MA,59,"['drama', 'thriller']",['US'],6.8
tm411311,King of Thieves,MOVIE,2018,R,108,"['drama', 'crime', 'history']",['GB'],5.5
ts215037,Minecraft: Story Mode,SHOW,2018,TV-PG,52,[],['US'],5.6
tm368040,The Titan,MOVIE,2018,R,97,"['scifi', 'thriller', 'fantasy', 'drama', 'romance']","['US', 'GB', 'ES']",4.8
tm324155,Security,MOVIE,2017,R,87,"['thriller', 'action', 'crime', 'european']",['US'],5.7
ts84533,Transformers: Cyberverse,SHOW,2018,TV-Y7,11,"['action', 'animation', 'scifi']",['US'],6.6
tm244148,Mowgli: Legend of the Jungle,MOVIE,2018,PG-13,105,"['action', 'drama', 'fantasy']","['GB', 'US']",6.5
ts55231,Abstract: The Art of Design,SHOW,2017,TV-14,45,['documentation'],['US'],8.4
tm363248,A Futile and Stupid Gesture,MOVIE,2018,Not Availavle,101,['comedy'],['US'],6.7
ts57082,White Gold,SHOW,2017,TV-MA,29,"['comedy', 'european']",['GB'],7.4
tm420745,How It Ends,MOVIE,2018,Not Availavle,113,"['scifi', 'thriller', 'action', 'drama']","['US', 'CA']",5.0
tm217228,Death Note,MOVIE,2017,NC-17,101,"['horror', 'thriller', 'crime', 'fantasy', 'drama', 'action']",['US'],4.5
ts83455,Wanderlust,SHOW,2018,TV-MA,57,['drama'],[],7.0
ts79234,The Boss Baby: Back in Business,SHOW,2018,TV-G,23,"['action', 'fantasy', 'animation', 'comedy', 'family']",['US'],6.4
tm426274,The After Party,MOVIE,2018,Not Availavle,89,"['comedy', 'horror', 'music']",['US'],5.7
tm363103,Perfect Bid: The Contestant Who Knew Too Much,MOVIE,2017,Not Availavle,72,"['documentation', 'history']",['CA'],6.5
tm139885,The Other Side of the Wind,MOVIE,2018,R,122,"['drama', 'european']","['IR', 'US', 'FR']",6.7
ts84056,Unauthorized Living,SHOW,2018,TV-MA,75,['drama'],['ES'],7.4
tm244317,To the Bone,MOVIE,2017,Not Availavle,107,['drama'],['US'],6.8
tm219259,Goon: Last of the Enforcers,MOVIE,2017,R,101,"['comedy', 'sport']",['CA'],5.8
ts86169,The Innocent Man,SHOW,2018,TV-MA,47,"['documentation', 'crime']",['US'],7.3
ts57947,Unit 42,SHOW,2017,Not Availavle,48,"['crime', 'drama', 'thriller', 'european']",['BE'],6.9
ts113109,Numberblocks,SHOW,2017,TV-Y,5,['animation'],['GB'],8.6
ts56670,Hot Girls Wanted: Turned On,SHOW,2017,TV-MA,47,['documentation'],['US'],6.6
tm370232,We the Animals,MOVIE,2018,R,94,['drama'],['US'],6.9
tm431347,Reversing Roe,MOVIE,2018,Not Availavle,99,['documentation'],['US'],7.5
tm211554,Beyond Skyline,MOVIE,2017,R,105,"['scifi', 'thriller', 'action', 'horror']","['GB', 'ID', 'CA', 'CN', 'SG', 'US']",5.3
ts75164,VeggieTales in the City,SHOW,2017,TV-Y,23,"['comedy', 'family', 'animation', 'music']",['US'],5.5
ts57210,Valor,SHOW,2017,TV-14,42,['drama'],['US'],5.8
tm292837,The Bar,MOVIE,2017,Not Availavle,102,"['horror', 'thriller', 'comedy', 'fantasy', 'european']",['ES'],6.3
ts81542,The Hollow,SHOW,2018,TV-Y7,24,"['comedy', 'scifi', 'animation', 'drama', 'family']",['CA'],7.1
tm351101,Errementari: The Blacksmith and the Devil,MOVIE,2018,Not Availavle,98,"['drama', 'fantasy', 'horror', 'thriller', 'european']","['ES', 'FR']",6.4
tm328443,Illang: The Wolf Brigade,MOVIE,2018,R,139,"['action', 'thriller', 'drama', 'scifi']",['KR'],5.9
tm367065,Shirkers,MOVIE,2018,Not Availavle,96,['documentation'],"['SG', 'GB', 'US']",7.4
tm281935,A Bad Moms Christmas,MOVIE,2017,R,104,['comedy'],['US'],5.6
ts79157,B: The Beginning,SHOW,2018,TV-MA,25,"['scifi', 'horror', 'crime', 'thriller', 'action', 'fantasy', 'animation', 'drama']",['JP'],7.1
ts57964,Hotel Transylvania: The Series,SHOW,2017,TV-Y7,15,"['family', 'animation', 'comedy', 'horror', 'fantasy']",['US'],5.3
tm439484,Welcome Home,MOVIE,2018,R,97,"['thriller', 'horror', 'drama', 'comedy']",['US'],5.2
ts84930,The Hook Up Plan,SHOW,2018,TV-14,27,"['comedy', 'romance']",['FR'],7.1
tm306301,Piercing,MOVIE,2018,R,82,"['thriller', 'horror']","['US', 'FR']",5.5
tm139545,The Outsider,MOVIE,2018,R,120,"['drama', 'action', 'crime', 'thriller']",['US'],6.2
ts83906,Car Masters: Rust to Riches,SHOW,2018,TV-PG,37,['reality'],['US'],8.4
tm374454,Indian Horse,MOVIE,2018,PG-13,96,"['drama', 'sport']",['CA'],7.2
ts78382,On My Block,SHOW,2018,TV-14,29,"['comedy', 'drama']",['US'],7.9
ts80519,Spy Kids: Mission Critical,SHOW,2018,TV-Y7,25,"['animation', 'action', 'comedy', 'family', 'drama', 'music', 'romance', 'thriller', 'scifi']",['US'],4.7
tm423373,Andhadhun,MOVIE,2018,R,139,"['thriller', 'drama', 'comedy', 'crime', 'music']",['IN'],8.2
tm349800,Unicorn Store,MOVIE,2017,Not Availavle,92,"['drama', 'comedy', 'fantasy']",['US'],5.5
ts77600,Hot Date,SHOW,2017,TV-MA,19,['comedy'],['US'],7.1
tm284015,My Happy Family,MOVIE,2017,Not Availavle,119,['drama'],"['GE', 'DE', 'FR']",7.4
ts83540,Paradise PD,SHOW,2018,TV-MA,27,"['comedy', 'animation', 'action', 'crime']",['US'],6.8
ts56201,Cloudy with a Chance of Meatballs,SHOW,2017,TV-Y7,11,"['action', 'fantasy', 'scifi', 'animation', 'comedy', 'family']",['CA'],3.4
tm289181,Newness,MOVIE,2017,Not Availavle,112,"['romance', 'drama']",['US'],6.3
tm312767,Monster High: Electrified,MOVIE,2017,PG,72,"['family', 'animation', 'fantasy']",['US'],5.3
tm436470,No Escape Room,MOVIE,2018,Not Availavle,85,"['thriller', 'horror']",['US'],5.0
ts55491,Somewhere Between,SHOW,2017,TV-14,42,"['drama', 'thriller', 'scifi']",['US'],6.2
ts84243,Baby,SHOW,2018,TV-MA,45,['drama'],['IT'],6.8
ts57822,Sick Note,SHOW,2017,TV-MA,24,"['comedy', 'crime']",['GB'],6.7
ts79020,Hitler's Circle of Evil,SHOW,2018,TV-14,52,"['documentation', 'history', 'war']",['GB'],8.0
ts84779,Haunted,SHOW,2018,TV-MA,25,"['documentation', 'horror', 'reality']",['US'],4.6
tm411415,If I Leave Here Tomorrow: A Film About Lynyrd Skynyrd,MOVIE,2018,Not Availavle,94,"['documentation', 'music']",['US'],7.9
ts83561,Immortals,SHOW,2018,TV-MA,47,"['scifi', 'action', 'drama', 'fantasy', 'thriller', 'music']",['TR'],5.4
tm370392,The Week Of,MOVIE,2018,PG-13,116,['comedy'],['US'],5.2
tm300184,iBoy,MOVIE,2017,Not Availavle,90,"['scifi', 'action', 'crime', 'thriller']",['GB'],6.0
ts58225,The Standups,SHOW,2017,TV-MA,30,['comedy'],['US'],6.6
tm414962,May the Devil Take You,MOVIE,2018,R,110,"['thriller', 'horror']",['ID'],5.9
ts55581,The Bride of Habaek,SHOW,2017,TV-14,67,"['drama', 'comedy', 'fantasy', 'romance']",['KR'],6.9
tm370436,The Breaker Upperers,MOVIE,2018,Not Availavle,82,['comedy'],['NZ'],5.9
ts81318,When Heroes Fly,SHOW,2018,Not Availavle,48,"['war', 'drama', 'action']",['IL'],7.2
ts56718,El Chapo,SHOW,2017,TV-MA,44,"['drama', 'action', 'crime', 'history']",['US'],7.8
ts89130,If I Hadn't Met You,SHOW,2018,TV-MA,52,"['thriller', 'drama', 'scifi', 'fantasy', 'romance']",['ES'],7.7
tm307910,What the Health,MOVIE,2017,Not Availavle,97,['documentation'],['US'],7.4
ts82218,Hi Score Girl,SHOW,2018,TV-PG,27,"['comedy', 'animation', 'action', 'romance']",['JP'],8.0
tm321596,The Long Dumb Road,MOVIE,2018,R,90,['comedy'],['US'],6.1
tm351214,Long Shot,MOVIE,2017,Not Availavle,40,"['documentation', 'sport', 'crime']",['US'],7.4
tm324870,Dude,MOVIE,2018,Not Availavle,90,"['comedy', 'drama']",['US'],5.2
tm406111,The Debt Collector,MOVIE,2018,Not Availavle,95,"['action', 'comedy']","['US', 'GB']",5.8
ts81918,Sugar Rush,SHOW,2018,TV-PG,51,['reality'],['US'],7.0
ts85686,The Casketeers,SHOW,2018,TV-14,22,"['reality', 'documentation']",['NZ'],7.4
tm298339,Handsome Devil,MOVIE,2017,Not Availavle,95,"['drama', 'comedy', 'sport', 'european']",['IE'],7.0
tm245937,Win It All,MOVIE,2017,Not Availavle,88,['comedy'],['US'],6.2
tm464542,Tottaa Pataaka Item Maal,MOVIE,2018,Not Availavle,107,['drama'],['IN'],7.6
tm356742,Trolls Holiday,MOVIE,2017,PG,26,"['fantasy', 'comedy', 'family', 'romance', 'animation']",[],6.1
tm351216,Joan Didion: The Center Will Not Hold,MOVIE,2017,Not Availavle,92,['documentation'],['US'],7.4
ts83360,The Guest,SHOW,2018,TV-MA,66,"['drama', 'crime', 'thriller', 'horror', 'comedy']",['KR'],8.1
tm298846,The Incredible Jessica James,MOVIE,2017,Not Availavle,83,"['romance', 'comedy']",['US'],6.5
tm414709,Siberia,MOVIE,2018,R,104,"['romance', 'thriller', 'crime', 'european']","['CA', 'US', 'DE']",4.3
ts79045,Ugly Delicious,SHOW,2018,TV-MA,51,['documentation'],['US'],7.8
tm367250,The Resistance Banker,MOVIE,2018,R,124,"['drama', 'war', 'european']",['NL'],6.9
tm411507,John Mulaney: Kid Gorgeous at Radio City,MOVIE,2018,R,64,['comedy'],['US'],7.9
ts39016,Girlboss,SHOW,2017,TV-MA,27,['comedy'],['US'],6.9
ts75749,Because This Is My First Life,SHOW,2017,TV-14,69,"['drama', 'comedy', 'romance']",['KR'],8.1
ts76486,Just Between Lovers,SHOW,2017,TV-14,73,"['drama', 'romance']",['KR'],8.2
tm327199,The Saint,MOVIE,2017,PG-13,92,"['crime', 'action']",['US'],4.9
tm409766,In Darkness,MOVIE,2018,Not Availavle,100,['thriller'],"['GB', 'US']",5.7
ts79026,The Innocents,SHOW,2018,TV-MA,46,"['scifi', 'drama', 'horror', 'romance', 'thriller']",['GB'],6.2
ts87043,Transformers: Rescue Bots Academy,SHOW,2018,TV-Y,12,"['animation', 'comedy', 'family', 'scifi', 'action']",[],6.2
ts55194,Bill Nye Saves the World,SHOW,2017,TV-14,32,['comedy'],['US'],3.5
ts82892,I Am a Killer,SHOW,2018,TV-MA,50,"['documentation', 'crime']",['GB'],7.4
tm420797,Sierra Burgess Is a Loser,MOVIE,2018,PG-13,105,"['romance', 'comedy', 'drama']",['US'],5.8
tm438502,Sad Hill Unearthed,MOVIE,2017,Not Availavle,86,"['documentation', 'european']",['ES'],7.4
tm411958,Ibiza,MOVIE,2018,Not Availavle,94,"['comedy', 'romance']",['US'],5.2
tm322243,Shimmer Lake,MOVIE,2017,Not Availavle,83,"['thriller', 'crime', 'drama', 'action', 'history', 'horror', 'romance']","['CA', 'US']",6.3
ts75355,Suburra: Blood on Rome,SHOW,2017,TV-MA,48,"['drama', 'action', 'crime', 'european']",['IT'],7.9
tm305437,Hey Arnold! The Jungle Movie,MOVIE,2017,Not Availavle,81,"['animation', 'comedy', 'family', 'fantasy', 'thriller']",['US'],7.5
ts76417,Tabula Rasa,SHOW,2017,TV-MA,52,"['drama', 'horror', 'thriller', 'european']",['BE'],8.0
ts57080,Spirit: Riding Free,SHOW,2017,TV-Y7,23,"['action', 'animation', 'family', 'western', 'comedy', 'drama', 'documentation']",['US'],6.4
ts53367,Little Witch Academia,SHOW,2017,TV-PG,25,"['scifi', 'animation', 'comedy', 'action', 'drama', 'family', 'fantasy']",['JP'],7.9
tm312577,Fullmetal Alchemist,MOVIE,2017,PG-13,135,"['fantasy', 'scifi', 'action']",['JP'],5.2
tm413049,Animal World,MOVIE,2018,R,125,"['thriller', 'fantasy', 'drama', 'action', 'scifi', 'comedy']",['CN'],6.4
ts81885,The Good Cop,SHOW,2018,TV-PG,46,"['drama', 'comedy', 'crime', 'documentation']",['US'],6.9
ts80617,The Protector,SHOW,2018,TV-MA,44,"['action', 'fantasy', 'scifi', 'drama']",['TR'],6.5
tm346467,Wheelman,MOVIE,2017,R,82,"['action', 'crime', 'thriller']",['US'],6.4
ts77787,Pop Team Epic,SHOW,2018,TV-MA,23,"['comedy', 'animation']",['JP'],6.9
ts53101,Voice,SHOW,2017,TV-14,63,"['crime', 'thriller', 'action']",['KR'],7.6
tm299790,Cristela Alonzo: Lower Classy,MOVIE,2017,Not Availavle,66,['comedy'],['US'],6.4
tm219258,Brain on Fire,MOVIE,2017,PG-13,88,"['drama', 'european']","['CA', 'IE']",6.6
ts85034,Patriot Act with Hasan Minhaj,SHOW,2018,TV-MA,25,['comedy'],['US'],8.2
tm266652,Bleach,MOVIE,2018,PG-13,108,"['fantasy', 'action']",['JP'],6.4
ts82372,The Epic Tales of Captain Underpants,SHOW,2018,TV-Y7,24,"['animation', 'comedy', 'action', 'family']",['US'],6.6
ts83232,The Mire,SHOW,2018,TV-MA,54,"['drama', 'crime', 'thriller']",['PL'],7.0
tm244368,You Get Me,MOVIE,2017,Not Availavle,89,"['thriller', 'romance', 'drama', 'crime']",['US'],4.7
ts77799,Rotten,SHOW,2018,TV-MA,56,['documentation'],['US'],7.2
ts86814,Murder Mountain,SHOW,2018,TV-MA,43,"['crime', 'documentation']",['US'],6.8
tm419733,"My Teacher, My Obsession",MOVIE,2018,Not Availavle,105,"['thriller', 'drama']",['US'],4.4
tm352774,Voyeur,MOVIE,2017,R,95,"['documentation', 'crime', 'drama']",['US'],6.1
tm406881,Bathtubs Over Broadway,MOVIE,2018,PG-13,87,"['comedy', 'music', 'documentation']",['US'],7.6
ts80720,Scissor Seven,SHOW,2018,TV-PG,16,"['comedy', 'drama', 'action', 'animation', 'fantasy', 'romance']",['CN'],8.6
tm317110,Psychokinesis,MOVIE,2018,Not Availavle,101,"['fantasy', 'action', 'comedy']",['KR'],5.9
ts78507,Alexa & Katie,SHOW,2018,TV-Y7,25,"['comedy', 'drama']",['US'],7.4
ts90994,Chip and Potato,SHOW,2018,TV-Y,17,['animation'],['US'],6.3
tm437608,Adam Sandler: 100% Fresh,MOVIE,2018,R,73,"['comedy', 'music']",['US'],7.5
ts85175,Girl from Nowhere,SHOW,2018,TV-MA,44,"['drama', 'thriller', 'crime', 'fantasy', 'horror']",['TH'],7.6
tm407827,Girl,MOVIE,2018,R,105,"['drama', 'european']","['NL', 'BE']",7.1
tm326723,The Polka King,MOVIE,2017,Not Availavle,95,"['comedy', 'music', 'drama']",['US'],5.9
ts81757,The House of Flowers,SHOW,2018,TV-MA,31,"['comedy', 'drama']",['MX'],7.6
tm241990,Blame!,MOVIE,2017,PG-13,106,"['scifi', 'animation', 'action', 'drama', 'thriller']",['JP'],6.6
tm285356,First They Killed My Father,MOVIE,2017,R,136,"['war', 'drama', 'history']","['US', 'KH']",7.2
ts75157,The Magic School Bus Rides Again,SHOW,2017,TV-Y,25,"['animation', 'family', 'fantasy']",['US'],6.2
tm324820,MFKZ,MOVIE,2018,R,95,"['scifi', 'comedy', 'thriller', 'animation', 'action', 'european']","['FR', 'JP']",6.7
ts53693,The Worst Witch,SHOW,2017,TV-Y7,28,"['scifi', 'family', 'fantasy', 'european']",['GB'],7.2
ts85138,Dogs,SHOW,2018,TV-PG,50,"['documentation', 'reality', 'history']",['US'],8.0
ts83251,Magic for Humans,SHOW,2018,TV-14,23,"['reality', 'comedy']",['US'],7.1
ts55348,QB1: Beyond the Lights,SHOW,2017,TV-14,32,"['drama', 'reality', 'documentation', 'sport']",['US'],7.7
tm330869,Show Dogs,MOVIE,2018,PG,92,"['comedy', 'crime', 'family']","['US', 'GB']",3.8
ts83763,Black Earth Rising,SHOW,2018,TV-MA,59,"['drama', 'crime', 'thriller']",['GB'],7.4
ts86682,7 Days Out,SHOW,2018,TV-PG,47,['documentation'],['US'],6.7
tm285340,Girlfriend's Day,MOVIE,2017,Not Availavle,70,"['comedy', 'drama']",['US'],5.2
ts78217,Welcome to the Family,SHOW,2018,TV-MA,48,['comedy'],['ES'],6.6
tm270999,The Resurrection of Gavin Stone,MOVIE,2017,PG,91,"['drama', 'comedy', 'family', 'romance']",['US'],6.2
ts85659,3Below: Tales of Arcadia,SHOW,2018,TV-Y7,22,"['scifi', 'action', 'comedy', 'family', 'fantasy', 'animation']",['US'],7.7
ts77034,A Love So Beautiful,SHOW,2017,TV-14,41,"['comedy', 'romance']",['CN'],8.0
tm349138,One of Us,MOVIE,2017,Not Availavle,95,['documentation'],['US'],7.0
tm448122,Taylor Swift: Reputation Stadium Tour,MOVIE,2018,PG-13,125,"['music', 'documentation']",['US'],8.3
ts58152,Cathedral of the Sea,SHOW,2018,TV-MA,57,"['drama', 'history']",['ES'],7.4
ts83537,Signs,SHOW,2018,TV-MA,46,"['crime', 'thriller', 'european']",['PL'],6.3
ts55939,Bonus Family,SHOW,2017,Not Availavle,44,"['drama', 'comedy', 'reality', 'family', 'documentation', 'music', 'european']",['SE'],2.9
ts85968,Nicky Jam: El Ganador,SHOW,2018,Not Availavle,44,"['drama', 'music']",['PR'],7.7
tm315584,Godzilla: Planet of the Monsters,MOVIE,2017,PG-13,89,"['scifi', 'action', 'animation']",['JP'],6.0
tm420334,Like Father,MOVIE,2018,R,103,"['drama', 'comedy']",['US'],6.1
ts75620,Black,SHOW,2017,TV-MA,78,"['scifi', 'drama', 'action', 'thriller', 'horror', 'crime', 'fantasy', 'romance']",['KR'],7.9
tm282910,Fireworks,MOVIE,2017,PG-13,90,"['drama', 'fantasy', 'documentation', 'animation', 'romance', 'scifi', 'family']",['JP'],5.6
ts58175,She's Gotta Have It,SHOW,2017,TV-MA,35,['comedy'],['US'],6.7
tm425138,Godzilla: The Planet Eater,MOVIE,2018,PG,91,"['scifi', 'fantasy', 'horror', 'animation', 'action']",['JP'],5.0
tm307515,Amar,MOVIE,2017,Not Availavle,105,"['romance', 'drama', 'european']","['US', 'ES']",5.1
tm244519,Birth of the Dragon,MOVIE,2017,PG-13,103,"['drama', 'action']","['US', 'CA', 'CN']",5.6
tm347821,Outside In,MOVIE,2018,Not Availavle,109,['drama'],['US'],6.7
ts75002,Borderliner,SHOW,2017,TV-MA,49,"['drama', 'documentation', 'crime', 'thriller', 'history', 'war']",['NO'],6.7
tm298779,Lu Over the Wall,MOVIE,2017,PG,117,"['animation', 'family', 'fantasy', 'action', 'comedy', 'music']",['JP'],6.8
ts85170,Memories of the Alhambra,SHOW,2018,TV-MA,65,"['scifi', 'drama', 'action', 'thriller', 'romance']",['KR'],7.8
tm369179,Irreplaceable You,MOVIE,2018,Not Availavle,96,"['drama', 'romance', 'comedy']",['US'],6.4
ts81734,Chosen,SHOW,2018,TV-14,71,['action'],['CN'],5.2
ts75981,The Royal House of Windsor,SHOW,2017,TV-14,49,"['documentation', 'history', 'european']",['GB'],7.3
ts75477,The Confession Tapes,SHOW,2017,TV-MA,45,"['documentation', 'crime']",['US'],7.5
ts83502,Ad Vitam,SHOW,2018,TV-MA,52,"['scifi', 'crime', 'drama']",['FR'],6.4
tm266685,Sandy Wexler,MOVIE,2017,Not Availavle,130,['comedy'],['US'],5.2
tm409618,Alex Strangelove,MOVIE,2018,R,99,"['comedy', 'drama', 'romance']",['US'],6.3
tm347530,Gaga: Five Foot Two,MOVIE,2017,Not Availavle,100,"['music', 'documentation']",['US'],7.0
ts57985,Free Rein,SHOW,2017,TV-G,28,"['action', 'comedy', 'drama', 'family', 'documentation']",['US'],7.0
ts58297,The Indian Detective,SHOW,2017,Not Availavle,43,"['crime', 'comedy', 'drama']",['CA'],6.5
ts80959,Sacred Games,SHOW,2018,TV-MA,50,"['action', 'drama', 'crime', 'thriller']",['IN'],8.5
tm313974,Get Me Roger Stone,MOVIE,2017,Not Availavle,100,"['documentation', 'history']",['US'],7.3
ts81821,The Queen of Flow,SHOW,2018,TV-MA,45,"['drama', 'family', 'music']",['CO'],7.7
tm359103,River's Edge,MOVIE,2018,Not Availavle,118,"['drama', 'crime']",['JP'],6.2
ts78291,Dogs of Berlin,SHOW,2018,TV-MA,60,"['crime', 'drama', 'action', 'thriller']",['DE'],7.5
tm1883,Animal Crackers,MOVIE,2017,PG,105,"['animation', 'action', 'comedy', 'family', 'fantasy']","['CN', 'US', 'ES']",5.8
ts81414,Meteor Garden,SHOW,2018,TV-14,45,"['drama', 'romance']",['CN'],7.9
ts76793,Shot in the Dark,SHOW,2017,TV-MA,37,"['reality', 'documentation', 'thriller']",['US'],8.0
ts95569,Rainbow Rangers,SHOW,2018,TV-Y,22,"['animation', 'family', 'fantasy']",['US'],4.4
ts78231,Unsolved: The Murders of Tupac and The Notorious B.I.G.,SHOW,2018,TV-MA,45,['crime'],['US'],7.8
ts321277,Daniel Sloss: Live Shows,SHOW,2018,TV-MA,60,['comedy'],['US'],8.5
ts83790,The Beauty Inside,SHOW,2018,TV-14,59,"['comedy', 'drama', 'fantasy', 'romance']",['KR'],7.6
ts228255,Cry Babies Magic Tears,SHOW,2018,TV-Y,4,"['family', 'animation']",['FR'],5.2
ts90869,Love Daily,SHOW,2018,Not Availavle,18,"['drama', 'romance']",['US'],6.1
tm271959,Mr. Roosevelt,MOVIE,2017,Not Availavle,90,['comedy'],['US'],6.2
tm318200,Clive Davis: The Soundtrack of Our Lives,MOVIE,2017,PG-13,123,"['documentation', 'music']",['US'],7.4
ts78590,The Mechanism,SHOW,2018,TV-MA,46,"['drama', 'crime', 'thriller']",['BR'],8.0
tm375912,Ricky Gervais: Humanity,MOVIE,2018,R,79,['comedy'],['GB'],8.0
tm407775,Lady J,MOVIE,2018,Not Availavle,109,"['drama', 'romance', 'european']",['FR'],6.8
ts236347,Thus Spoke Kishibe Rohan,SHOW,2017,TV-MA,24,"['action', 'scifi', 'thriller', 'animation', 'drama', 'fantasy']",['JP'],7.5
tm436844,The Christmas Chronicles,MOVIE,2018,PG,104,"['comedy', 'family', 'fantasy']",['US'],7.0
tm429163,The Photographer of Mauthausen,MOVIE,2018,R,110,"['thriller', 'drama', 'history', 'war', 'european']",['ES'],6.7
tm308090,Bill Nye: Science Guy,MOVIE,2017,Not Availavle,95,['documentation'],['US'],6.5
ts78206,Welcome to Waikiki,SHOW,2018,TV-MA,64,"['drama', 'comedy', 'reality']",['KR'],8.3
tm427465,Quincy,MOVIE,2018,Not Availavle,124,"['music', 'documentation']",['US'],7.6
ts131579,Thieves of the Wood,SHOW,2018,TV-MA,48,"['history', 'drama', 'action', 'thriller', 'comedy', 'documentation']",['BE'],6.8
ts83489,Blood Pact,SHOW,2018,Not Availavle,60,"['drama', 'crime']",['BR'],6.7
tm349529,Cuba and the Cameraman,MOVIE,2017,Not Availavle,113,['documentation'],"['CU', 'US']",8.2
tm372318,The World Is Yours,MOVIE,2018,R,94,"['comedy', 'crime', 'european']",['FR'],6.3
ts75341,Final Fantasy XIV: Dad of Light,SHOW,2017,TV-PG,30,['drama'],['JP'],7.2
tm299761,Toc Toc,MOVIE,2017,PG,90,"['comedy', 'family', 'fantasy', 'european']",['ES'],6.8
ts57811,Fate/Apocrypha,SHOW,2017,TV-14,24,"['scifi', 'action', 'animation', 'drama', 'fantasy']",['JP'],6.6
ts75286,Greenhouse Academy,SHOW,2017,TV-PG,23,['drama'],['US'],6.6
ts57148,Champions,SHOW,2018,TV-PG,21,['comedy'],['US'],6.0
ts83457,Cleo & Cuquin,SHOW,2018,TV-Y,7,"['animation', 'family']",['ES'],8.1
tm348003,Acts of Vengeance,MOVIE,2017,R,87,"['drama', 'thriller', 'action', 'crime', 'european']","['BG', 'US']",5.7
tm219252,Carrie Pilby,MOVIE,2017,Not Availavle,98,"['drama', 'comedy']",['US'],6.6
tm294581,The Clapper,MOVIE,2018,R,89,"['comedy', 'drama']",['US'],5.1
tm290831,Fun Mom Dinner,MOVIE,2017,R,81,['comedy'],['US'],5.3
tm425732,The Land of Steady Habits,MOVIE,2018,Not Availavle,98,"['drama', 'comedy']",['US'],6.2
ts81526,November 13: Attack on Paris,SHOW,2018,TV-MA,54,['documentation'],['FR'],8.3
tm413557,Okko's Inn,MOVIE,2018,PG,94,"['fantasy', 'animation', 'drama', 'family']",['JP'],7.0
ts85837,SKY Castle,SHOW,2018,TV-MA,68,['drama'],['KR'],8.6
tm285295,Our Souls at Night,MOVIE,2017,Not Availavle,101,"['drama', 'romance']",['US'],6.9
ts88234,Man Like Mobeen,SHOW,2017,TV-MA,22,['comedy'],['GB'],8.0
tm366019,BuyBust,MOVIE,2018,Not Availavle,127,"['thriller', 'action', 'drama', 'crime']",['PH'],5.7
tm350607,Escape from Mr. Lemoncello's Library,MOVIE,2017,G,69,"['fantasy', 'family']","['CA', 'US']",5.3
tm434917,I Am Jonas,MOVIE,2018,Not Availavle,82,"['drama', 'romance', 'european']",['FR'],7.0
ts57464,Life Sentence,SHOW,2018,TV-14,42,"['comedy', 'drama']",['US'],6.4
tm368538,MILF,MOVIE,2018,Not Availavle,101,"['comedy', 'european']",['FR'],4.8
tm445735,Springsteen On Broadway,MOVIE,2018,Not Availavle,153,"['music', 'documentation']",['US'],8.5
tm427293,Solo,MOVIE,2018,Not Availavle,100,"['thriller', 'drama', 'romance', 'sport', 'european']",['ES'],5.0
tm353742,Bullet Head,MOVIE,2017,R,94,"['thriller', 'crime', 'drama', 'european']","['US', 'BG']",5.4
tm311898,Small Crimes,MOVIE,2017,Not Availavle,95,"['drama', 'comedy', 'thriller', 'crime']","['CA', 'US']",5.8
tm326624,Unrest,MOVIE,2017,Not Availavle,97,"['documentation', 'drama', 'history', 'romance', 'european']","['US', 'DK', 'GB']",7.6
ts56125,Ingobernable,SHOW,2017,TV-MA,39,"['war', 'crime', 'drama', 'thriller']",['MX'],7.0
ts53399,Eternal Love,SHOW,2017,TV-14,45,"['scifi', 'drama', 'fantasy', 'romance', 'family']",['CN'],8.3
tm443993,"Take the Ball, Pass the Ball",MOVIE,2018,Not Availavle,107,"['documentation', 'sport', 'european']",['ES'],7.9
ts82445,Ashes of Love,SHOW,2018,TV-14,43,"['comedy', 'drama', 'thriller', 'fantasy', 'romance']",['CN'],8.3
ts80411,Lawless Lawyer,SHOW,2018,TV-14,64,"['crime', 'action', 'drama', 'thriller']",['KR'],7.6
ts55232,Cyborg 009: Call of Justice,SHOW,2017,Not Availavle,24,"['scifi', 'animation', 'action']",['JP'],5.7
tm420656,Reprisal,MOVIE,2018,R,89,"['action', 'thriller', 'crime', 'drama']","['GB', 'US']",4.2
tm441198,The Princess Switch,MOVIE,2018,PG,101,"['romance', 'drama', 'family', 'comedy']",['US'],6.0
tm430104,High Society,MOVIE,2018,Not Availavle,119,"['drama', 'crime']",['KR'],5.5
ts309731,Gormiti,SHOW,2018,TV-Y,11,"['comedy', 'action', 'animation', 'fantasy', 'thriller']","['ES', 'IT']",5.2
tm285649,The Ottoman Lieutenant,MOVIE,2017,R,111,"['war', 'romance', 'drama']","['TR', 'US']",6.4
tm313293,Whose Streets?,MOVIE,2017,R,90,['documentation'],['US'],5.5
tm357820,The Open House,MOVIE,2018,Not Availavle,94,"['thriller', 'horror']",['US'],3.3
ts86949,The A List,SHOW,2018,TV-PG,27,"['drama', 'thriller', 'family', 'crime']",['GB'],5.3
tm440996,Trevor Noah: Son of Patricia,MOVIE,2018,R,63,['comedy'],['US'],7.3
tm260272,Little Evil,MOVIE,2017,Not Availavle,94,"['horror', 'comedy', 'fantasy']",['US'],5.6
ts82843,The Curious Creations of Christine McConnell,SHOW,2018,TV-PG,27,"['comedy', 'reality', 'horror']",['US'],7.7
ts80479,Clean with Passion for Now,SHOW,2018,TV-MA,60,"['comedy', 'drama', 'romance']",['KR'],6.9
ts82268,GHOUL,SHOW,2018,TV-MA,46,"['scifi', 'drama', 'thriller', 'fantasy', 'horror']",['IN'],8.0
tm446424,Christmas with a Prince,MOVIE,2018,Not Availavle,90,"['drama', 'romance']",['CA'],5.2
tm320727,"Norm Macdonald: Hitler's Dog, Gossip & Trickery",MOVIE,2017,Not Availavle,60,"['comedy', 'documentation']",['US'],7.4
ts78246,Kiss Me First,SHOW,2018,TV-MA,47,"['scifi', 'thriller', 'drama']",['GB'],6.2
ts90594,Barbie: Dreamhouse Adventures,SHOW,2018,TV-Y,22,"['animation', 'comedy', 'family']",['US'],6.7
ts84833,Diablero,SHOW,2018,TV-MA,38,"['scifi', 'horror', 'thriller', 'family', 'drama', 'fantasy']",['MX'],6.7
ts76603,Erased,SHOW,2017,TV-14,28,"['drama', 'thriller', 'crime', 'fantasy', 'scifi']",['JP'],7.8
ts87194,Instant Hotel,SHOW,2018,TV-MA,49,['reality'],['AU'],7.3
tm313487,Bending the Arc,MOVIE,2017,Not Availavle,102,['documentation'],['US'],8.0
tm357479,Day of the Dead: Bloodline,MOVIE,2017,R,90,"['horror', 'action', 'scifi', 'thriller', 'drama', 'european']","['US', 'BG']",3.4
ts82631,Monkey Twins,SHOW,2018,Not Availavle,49,"['action', 'crime']",['TH'],7.9
tm368310,Retablo,MOVIE,2018,Not Availavle,95,['drama'],"['PE', 'DE', 'NO']",7.5
ts76753,A Korean Odyssey,SHOW,2017,TV-MA,75,"['comedy', 'thriller', 'fantasy', 'horror', 'romance']",['KR'],8.0
tm440415,John Leguizamo's Latin History for Morons,MOVIE,2018,PG,89,"['comedy', 'documentation']",['US'],7.3
ts77755,Power Rangers Ninja Steel,SHOW,2017,TV-Y7,24,"['action', 'scifi', 'thriller', 'drama']",['US'],5.8
ts84646,Warrior,SHOW,2018,TV-MA,42,"['action', 'drama', 'crime']",['DK'],6.7
tm300054,Orbiter 9,MOVIE,2017,Not Availavle,95,"['drama', 'romance', 'scifi', 'european']",['ES'],5.9
tm320670,White Fang,MOVIE,2018,PG,87,"['animation', 'family', 'drama', 'western', 'european']","['LU', 'US', 'FR']",6.9
ts81583,Life,SHOW,2018,Not Availavle,65,"['drama', 'thriller']",['KR'],7.6
tm233360,Sand Storm,MOVIE,2017,Not Availavle,87,['drama'],['IL'],6.8
tm443186,Generation Iron 3,MOVIE,2018,Not Availavle,75,['documentation'],['US'],6.2
tm314705,Jo Koy: Live from Seattle,MOVIE,2017,Not Availavle,63,['comedy'],['US'],7.2
tm324124,"Oh, Hello on Broadway",MOVIE,2017,Not Availavle,102,['comedy'],['US'],7.7
tm417440,Camarón: The Film,MOVIE,2018,Not Availavle,104,['documentation'],['ES'],7.5
tm139564,The Outcasts,MOVIE,2017,PG-13,95,['comedy'],['US'],5.4
ts79997,Something in the Rain,SHOW,2018,TV-MA,73,"['drama', 'romance']",['KR'],8.1
tm327540,Gnome Alone,MOVIE,2017,PG,85,"['family', 'action', 'animation', 'comedy', 'fantasy', 'music', 'thriller', 'drama']","['CA', 'GB', 'US']",5.6
ts82424,13 Reasons Why: Beyond the Reasons,SHOW,2017,TV-MA,42,['documentation'],['US'],6.2
tm371630,How to Be Really Bad,MOVIE,2018,Not Availavle,100,"['comedy', 'fantasy', 'romance', 'family', 'european']",['DE'],6.2
ts53166,Julie's Greenroom,SHOW,2017,Not Availavle,28,"['comedy', 'family']",['US'],8.2
ts76478,Prison Playbook,SHOW,2017,Not Availavle,92,"['comedy', 'drama']",['KR'],8.5
tm344886,The Angel,MOVIE,2018,Not Availavle,114,"['thriller', 'drama', 'action']","['IL', 'MA', 'US', 'BG', 'GB']",6.6
ts85202,Brainchild,SHOW,2018,TV-Y7,24,"['documentation', 'family']",['US'],7.9
ts36650,Apaches,SHOW,2018,TV-MA,68,"['crime', 'action', 'drama', 'thriller', 'european']",['ES'],7.0
tm420989,Father of the Year,MOVIE,2018,Not Availavle,94,['comedy'],['US'],5.2
tm270490,The B-Side: Elsa Dorfman's Portrait Photography,MOVIE,2017,R,76,['documentation'],['US'],6.7
tm426202,Demetri Martin: The Overthinker,MOVIE,2018,Not Availavle,56,['comedy'],['US'],7.2
tm313988,The Death and Life of Marsha P. Johnson,MOVIE,2017,Not Availavle,105,['documentation'],['US'],7.2
ts75750,Revolutionary Love,SHOW,2017,TV-MA,68,"['comedy', 'romance']",['KR'],6.9
tm404690,Happy Anniversary,MOVIE,2018,Not Availavle,78,"['romance', 'comedy']",['US'],5.7
ts77545,Dope,SHOW,2017,TV-MA,44,"['documentation', 'crime', 'war', 'thriller', 'comedy', 'drama']",['US'],7.3
ts75718,Neo Yokio,SHOW,2017,TV-MA,23,"['action', 'scifi', 'comedy', 'fantasy', 'animation']",['US'],5.9
tm376903,Dry Martina,MOVIE,2018,Not Availavle,95,"['comedy', 'drama']","['AR', 'CL']",5.8
tm359713,El Camino Christmas,MOVIE,2017,Not Availavle,89,"['comedy', 'drama', 'crime', 'western']",['US'],5.7
ts116101,Crazy Delicious,SHOW,2017,Not Availavle,52,['reality'],['GB'],8.9
ts57300,Marlon,SHOW,2017,TV-PG,21,['comedy'],['US'],6.9
ts85967,Bumping Mics with Jeff Ross & Dave Attell,SHOW,2018,TV-MA,36,['comedy'],['US'],7.7
ts9075,The Fix,SHOW,2018,TV-MA,27,['comedy'],['US'],7.0
ts80313,Bobby Kennedy for President,SHOW,2018,TV-MA,61,"['documentation', 'drama']",['US'],8.1
tm238377,The Legacy of a Whitetail Deer Hunter,MOVIE,2018,Not Availavle,83,"['comedy', 'drama']",['US'],5.5
tm285171,Clinical,MOVIE,2017,Not Availavle,104,"['thriller', 'horror']",['US'],5.1
tm363231,Godzilla: City on the Edge of Battle,MOVIE,2018,PG-13,105,"['animation', 'action', 'scifi']",['JP'],5.8
ts79679,The Yard,SHOW,2018,TV-MA,108,"['drama', 'crime']",['TR'],7.1
ts82298,Familiar Wife,SHOW,2018,TV-MA,62,"['scifi', 'drama', 'fantasy', 'romance']",['KR'],7.7
ts84645,Medal of Honor,SHOW,2018,TV-MA,55,"['documentation', 'war']",['US'],8.2
ts78299,Llama Llama,SHOW,2018,TV-Y,17,"['animation', 'family']",['US'],6.3
tm424032,My Masterpiece,MOVIE,2018,Not Availavle,100,"['comedy', 'drama']","['AR', 'ES']",7.1
tm421776,Ronnie Coleman: The King,MOVIE,2018,Not Availavle,93,['documentation'],['US'],7.0
ts74962,True and the Rainbow Kingdom,SHOW,2017,TV-Y,21,"['animation', 'comedy', 'family', 'fantasy']",['CA'],7.2
tm322569,Hasan Minhaj: Homecoming King,MOVIE,2017,Not Availavle,72,"['comedy', 'documentation']",['US'],8.2
tm266702,The Climb,MOVIE,2017,Not Availavle,103,"['comedy', 'romance', 'action', 'drama', 'european']",['FR'],6.9
tm307776,Secret Superstar,MOVIE,2017,Not Availavle,150,"['drama', 'music']",['IN'],7.8
ts77014,Wolf,SHOW,2018,TV-MA,75,"['reality', 'war', 'action', 'drama', 'thriller']",['TR'],8.0
ts82181,Back Street Girls -GOKUDOLS-,SHOW,2018,TV-MA,24,"['comedy', 'animation']",['JP'],6.7
tm426569,A Twelve-Year Night,MOVIE,2018,Not Availavle,117,"['drama', 'history', 'crime', 'european']","['AR', 'ES', 'UY']",7.5
tm414447,Dear Ex,MOVIE,2018,Not Availavle,99,"['drama', 'comedy', 'romance']",['TW'],7.3
tm311319,Manhunt,MOVIE,2017,Not Availavle,106,"['thriller', 'action', 'crime']","['HK', 'CN']",5.2
ts54050,Ultimate Beastmaster,SHOW,2017,TV-PG,59,"['action', 'reality']",['US'],7.3
ts80090,The Piano Forest,SHOW,2018,TV-PG,26,"['comedy', 'drama', 'animation']",['JP'],7.2
tm405849,Flavors of Youth,MOVIE,2018,PG-13,68,"['romance', 'drama', 'animation']","['JP', 'CN']",6.6
tm344336,Burn Out,MOVIE,2018,Not Availavle,107,"['thriller', 'crime', 'action', 'european']",['FR'],6.2
ts84799,Victim Number 8,SHOW,2018,Not Availavle,54,"['crime', 'drama', 'action', 'thriller', 'fantasy']",['ES'],7.0
tm406831,Modest Heroes,MOVIE,2018,PG,18,"['fantasy', 'animation', 'drama', 'family', 'comedy']",['JP'],6.6
ts79086,Jenni Rivera: Mariposa de Barrio,SHOW,2017,TV-MA,43,['drama'],['US'],7.2
tm423761,Iliza Shlesinger: Elder Millennial,MOVIE,2018,Not Availavle,72,['comedy'],['US'],7.2
ts82127,Sirius the Jaeger,SHOW,2018,TV-MA,25,"['action', 'thriller', 'scifi', 'animation', 'history', 'horror']",['JP'],6.7
tm374845,The Seven Deadly Sins: Prisoners of the Sky,MOVIE,2018,PG-13,99,"['fantasy', 'animation', 'action']",['JP'],7.1
ts78053,Kakegurui,SHOW,2018,TV-MA,25,"['thriller', 'drama']",['JP'],6.7
tm311995,The Battleship Island,MOVIE,2017,PG-13,132,"['drama', 'action', 'history']",['KR'],7.1
tm366590,Sanju,MOVIE,2018,Not Availavle,159,"['drama', 'comedy']","['IN', 'US']",7.7
ts78031,Ultraviolet,SHOW,2017,TV-MA,46,"['drama', 'crime', 'european']",['PL'],6.9
tm515157,Point Blank,MOVIE,2017,NC-17,86,"['action', 'thriller', 'crime', 'drama']",['US'],5.7
tm434727,"Ron White: If You Quit Listening, I'll Shut Up",MOVIE,2018,Not Availavle,63,['comedy'],['US'],6.5
tm361770,Craig Ferguson: Tickle Fight,MOVIE,2017,Not Availavle,66,['comedy'],['US'],6.6
tm371952,Sarkar,MOVIE,2018,Not Availavle,164,"['drama', 'action']",['IN'],7.0
tm306811,Casting JonBenet,MOVIE,2017,Not Availavle,81,"['documentation', 'crime', 'drama']","['US', 'AU']",6.1
tm425884,They'll Love Me When I'm Dead,MOVIE,2018,Not Availavle,98,['documentation'],['US'],7.4
tm307612,Strong Island,MOVIE,2017,Not Availavle,107,"['documentation', 'crime']",['US'],6.4
tm366820,Come Sunday,MOVIE,2018,Not Availavle,106,['drama'],['US'],6.0
tm311789,The Most Hated Woman in America,MOVIE,2017,Not Availavle,91,"['drama', 'history']",['US'],6.1
tm244300,Lommbock,MOVIE,2017,Not Availavle,102,"['comedy', 'european']",['DE'],6.7
ts85732,The Final Table,SHOW,2018,TV-PG,53,['reality'],['US'],7.6
ts55627,Time: The Kalief Browder Story,SHOW,2017,TV-MA,43,['documentation'],['US'],8.4
tm301024,Wedding Unplanned,MOVIE,2017,Not Availavle,94,"['romance', 'comedy', 'drama', 'european']",['FR'],5.7
ts80059,Trump: An American Dream,SHOW,2017,TV-14,55,"['documentation', 'european']",['GB'],7.2
tm317491,Spyder,MOVIE,2017,Not Availavle,145,"['thriller', 'action', 'crime']",['IN'],6.3
ts56933,The New Legends of Monkey,SHOW,2018,TV-PG,26,"['scifi', 'action', 'comedy', 'fantasy']",['NZ'],6.4
tm327053,The Killer,MOVIE,2017,Not Availavle,99,"['western', 'horror', 'action']",['BR'],6.0
tm419496,Lust Stories,MOVIE,2018,R,120,"['drama', 'romance']",['IN'],6.4
ts118696,Robot Trains,SHOW,2017,TV-Y7,13,"['animation', 'action', 'comedy', 'fantasy', 'scifi']",['KR'],6.2
tm410748,The Most Unknown,MOVIE,2018,Not Availavle,92,['documentation'],['US'],6.5
ts79219,Flint Town,SHOW,2018,TV-MA,42,"['documentation', 'crime', 'action']",['US'],7.8
tm299764,The Motive,MOVIE,2017,Not Availavle,104,"['drama', 'thriller', 'comedy', 'crime', 'european']","['ES', 'MX']",6.5
tm408941,Mercury 13,MOVIE,2018,NC-17,79,['documentation'],['IE'],6.9
ts85183,Vai Anitta,SHOW,2018,TV-MA,30,"['documentation', 'reality']",['BR'],5.5
tm444469,Eerie,MOVIE,2018,Not Availavle,101,"['horror', 'crime', 'thriller', 'drama']","['PH', 'SG']",4.6
ts84135,The Inmate,SHOW,2018,TV-MA,45,"['drama', 'crime', 'thriller']",['MX'],6.9
ts86067,Death by Magic,SHOW,2018,TV-14,35,['reality'],['US'],6.0
ts76245,The Day I Met El Chapo: The Kate del Castillo Story,SHOW,2017,TV-MA,55,['documentation'],['MX'],6.8
tm412273,Tig Notaro: Happy To Be Here,MOVIE,2018,Not Availavle,58,['comedy'],['XX'],6.6
tm365122,Benji,MOVIE,2018,PG,87,"['drama', 'crime', 'family']","['US', 'AE']",6.3
tm309903,The Little Vampire 3D,MOVIE,2017,Not Availavle,83,"['family', 'fantasy', 'comedy', 'animation', 'horror', 'european']","['DE', 'DK', 'NL', 'GB']",5.4
tm362121,Time Share,MOVIE,2018,Not Availavle,96,"['horror', 'thriller', 'drama', 'european']","['NL', 'MX']",5.9
ts56033,Surviving Escobar - Alias JJ,SHOW,2017,TV-MA,42,"['crime', 'drama']",['CO'],7.7
ts56636,My Sassy Girl,SHOW,2017,TV-14,44,"['comedy', 'romance']",['KR'],6.8
ts92825,Lego Jurassic World: The Secret Exhibit,SHOW,2018,TV-Y,22,"['action', 'comedy', 'family', 'scifi', 'animation']",['US'],6.1
ts76509,Beyond Stranger Things,SHOW,2017,TV-14,21,['documentation'],['US'],7.4
tm321628,Rip Tide,MOVIE,2017,Not Availavle,85,"['family', 'drama', 'action', 'thriller']",['AU'],5.4
tm299504,Holy Camp!,MOVIE,2017,Not Availavle,109,"['comedy', 'romance', 'european']",['ES'],6.2
ts55978,Samurai Gourmet,SHOW,2017,Not Availavle,21,['comedy'],['JP'],8.1
tm346939,Alaska Is a Drag,MOVIE,2017,Not Availavle,83,['drama'],['US'],6.5
ts77520,Mob Psycho 100,SHOW,2018,Not Availavle,24,"['action', 'scifi', 'thriller']",['JP'],5.2
tm326704,Parmanu: The Story of Pokhran,MOVIE,2018,Not Availavle,129,"['drama', 'action', 'history']",['IN'],7.6
tm365824,Zero,MOVIE,2018,Not Availavle,180,"['romance', 'drama', 'comedy', 'scifi', 'thriller', 'fantasy', 'european']",['IN'],5.2
tm407295,Amateur,MOVIE,2018,R,17,"['drama', 'sport']",['US'],5.9
tm357552,Pottersville,MOVIE,2017,Not Availavle,85,['comedy'],['US'],5.4
ts78789,Re: Mind,SHOW,2017,TV-MA,23,"['drama', 'thriller']",['JP'],4.9
tm438995,A Christmas Prince: The Royal Wedding,MOVIE,2018,PG,92,"['romance', 'drama']",['US'],5.3
tm404475,The Bleeding Edge,MOVIE,2018,Not Availavle,99,['documentation'],['US'],7.6
tm244274,Lowriders,MOVIE,2017,PG-13,99,"['crime', 'drama', 'action']",['US'],5.6
ts82867,Becoming Champions,SHOW,2018,TV-G,51,"['documentation', 'sport']",['US'],6.7
tm375302,Derren Brown: The Push,MOVIE,2018,Not Availavle,69,"['reality', 'documentation']",[],7.5
tm376234,The Warning,MOVIE,2018,Not Availavle,93,"['thriller', 'fantasy', 'crime', 'drama', 'action', 'horror', 'european']",['ES'],5.9
ts86164,Hero Mask,SHOW,2018,TV-14,25,"['animation', 'action', 'thriller', 'scifi', 'crime']",['JP'],6.1
ts74959,Yummy Mummies,SHOW,2017,Not Availavle,34,"['reality', 'comedy']",['AU'],4.0
tm314829,NY Prison Break: The Seduction of Joyce Mitchell,MOVIE,2017,Not Availavle,103,"['crime', 'drama']",['US'],5.5
tm327622,S.W.A.T.: Under Siege,MOVIE,2017,R,89,"['action', 'crime', 'thriller']",['US'],4.5
ts78913,Live,SHOW,2018,Not Availavle,61,"['drama', 'crime', 'comedy']",['KR'],8.3
ts84780,Wild District,SHOW,2018,TV-MA,45,"['drama', 'action', 'crime', 'thriller']",['CO'],8.2
ts85822,Selection Day,SHOW,2018,TV-14,25,"['drama', 'comedy', 'sport']",['IN'],7.3
tm371959,6 Balloons,MOVIE,2018,Not Availavle,75,['drama'],['US'],5.9
tm313120,Chasing Coral,MOVIE,2017,Not Availavle,93,['documentation'],['US'],8.1
tm429208,Next Gen,MOVIE,2018,PG,105,"['action', 'animation', 'family', 'scifi', 'comedy']","['CA', 'CN']",6.6
ts76511,The Big Family Cooking Showdown,SHOW,2017,TV-PG,59,"['reality', 'european']",['GB'],7.0
ts53516,Edgar Rice Burroughs' Tarzan and Jane,SHOW,2017,TV-Y7,21,"['action', 'animation', 'comedy', 'drama', 'family', 'scifi']",['US'],4.6
tm372305,First Match,MOVIE,2018,Not Availavle,94,"['drama', 'sport']",['US'],6.4
tm326773,Sunday's Illness,MOVIE,2018,PG-13,113,"['drama', 'european']",['ES'],6.9
tm407714,I Am Not an Easy Man,MOVIE,2018,Not Availavle,98,"['fantasy', 'comedy', 'european']",['FR'],6.3
tm318641,Justice,MOVIE,2017,R,99,"['western', 'drama', 'action', 'european']",['US'],4.0
tm408306,Seth Rogen's Hilarity for Charity,MOVIE,2018,Not Availavle,70,"['comedy', 'documentation']",['CA'],5.0
tm233485,Charming,MOVIE,2018,Not Availavle,90,"['comedy', 'family', 'fantasy', 'music', 'animation', 'action']",['US'],5.6
ts84346,Falsa identidad,SHOW,2018,TV-14,43,"['crime', 'action', 'drama', 'thriller']","['US', 'MX']",7.0
tm363329,Christmas Wedding Planner,MOVIE,2017,PG,86,['romance'],['CA'],4.3
tm328175,Budapest,MOVIE,2018,R,102,"['comedy', 'european']",['FR'],5.4
ts90880,44 Cats,SHOW,2018,TV-Y7,15,"['action', 'animation', 'comedy', 'family', 'music']",['IT'],6.0
tm344173,All I Wish,MOVIE,2018,G,94,"['romance', 'comedy', 'drama']",['US'],5.2
ts57913,Strongest Deliveryman,SHOW,2017,TV-MA,55,"['drama', 'romance']",['KR'],7.3
tm307843,Angamaly Diaries,MOVIE,2017,Not Availavle,132,"['drama', 'thriller', 'action', 'comedy']",['IN'],7.9
tm441060,ReMastered: Tricky Dick & The Man in Black,MOVIE,2018,Not Availavle,58,"['documentation', 'music']",['US'],7.1
ts58442,Live Up To Your Name,SHOW,2017,TV-MA,69,"['drama', 'fantasy', 'romance']",['KR'],8.0
ts84772,Ingress: The Animation,SHOW,2018,TV-MA,24,"['scifi', 'animation', 'action']",['JP'],6.5
tm370628,Fred Armisen: Standup for Drummers,MOVIE,2018,Not Availavle,65,"['music', 'comedy']",['US'],5.8
tm300027,Thi Mai,MOVIE,2018,G,99,"['comedy', 'family', 'european']",['ES'],6.0
ts80030,Fastest Car,SHOW,2018,TV-MA,44,"['reality', 'action', 'documentation']",['US'],7.1
tm406098,Battle,MOVIE,2018,R,95,"['drama', 'romance', 'music', 'european']","['NO', 'SE', 'DK', 'NL']",5.9
ts77405,Bad Guys: Vile City,SHOW,2017,Not Availavle,64,"['action', 'comedy', 'animation', 'crime', 'drama']",['KR'],5.9
tm300056,Holy Goalie,MOVIE,2018,Not Availavle,95,"['comedy', 'sport', 'european']",['ES'],5.3
tm355666,Saving Capitalism,MOVIE,2017,Not Availavle,73,['documentation'],['US'],6.8
ts111582,The Platform,SHOW,2018,TV-14,45,['music'],['ES'],5.4
tm244292,Bibi & Tina: Perfect Pandemonium,MOVIE,2017,Not Availavle,110,"['fantasy', 'action', 'family', 'comedy', 'drama', 'european']",['DE'],4.0
ts85126,The Degenerates,SHOW,2018,Not Availavle,24,['comedy'],['US'],6.2
tm313712,Mom,MOVIE,2017,Not Availavle,147,"['drama', 'thriller', 'crime']",['IN'],7.2
ts70631,Children of the Whales,SHOW,2017,TV-14,24,"['scifi', 'animation', 'drama', 'fantasy']",['JP'],7.0
tm359714,Christmas Inheritance,MOVIE,2017,Not Availavle,105,"['romance', 'drama', 'comedy']",['US'],5.7
tm336712,An Imperfect Murder,MOVIE,2017,R,71,"['crime', 'thriller', 'drama']",['US'],3.2
tm376015,LEGO Marvel Super Heroes: Guardians of the Galaxy - The Thanos Threat,MOVIE,2017,Not Availavle,22,"['scifi', 'animation', 'family', 'action', 'comedy', 'fantasy']",['US'],5.8
tm348010,Killing Hasselhoff,MOVIE,2017,R,80,['comedy'],['US'],4.4
ts83213,The Rise of Phoenixes,SHOW,2018,TV-14,45,"['drama', 'romance', 'history']",['CN'],8.4
tm238587,Shepherds and Butchers,MOVIE,2017,R,106,"['drama', 'crime']","['US', 'DE', 'ZA']",6.8
tm372662,The Skin of the Wolf,MOVIE,2018,Not Availavle,110,"['romance', 'thriller', 'drama', 'action', 'european']",['ES'],5.8
tm438994,The Holiday Calendar,MOVIE,2018,Not Availavle,94,"['romance', 'comedy', 'family', 'drama', 'fantasy']",['US'],5.7
ts82419,Zac & Mia,SHOW,2017,TV-14,20,['drama'],['US'],7.8
tm279585,Deidra & Laney Rob a Train,MOVIE,2017,Not Availavle,92,"['drama', 'comedy', 'crime']",['US'],6.0
tm270987,Sahara,MOVIE,2017,Not Availavle,86,"['animation', 'comedy', 'family', 'action', 'romance', 'drama', 'european']","['CA', 'FR']",5.5
tm374216,Take Your Pills,MOVIE,2018,Not Availavle,87,['documentation'],['US'],6.3
tm362074,And Breathe Normally,MOVIE,2018,Not Availavle,102,"['drama', 'european']","['IS', 'SE', 'BE']",6.9
ts86945,Abby Hatcher,SHOW,2018,TV-Y,17,"['animation', 'family', 'fantasy', 'comedy']",['US'],5.4
ts55484,My Only Love Song,SHOW,2017,TV-MA,29,"['drama', 'romance', 'comedy', 'fantasy']",['KR'],7.0
ts74805,A Little Help with Carol Burnett,SHOW,2018,TV-G,24,[],['US'],6.3
ts80042,ReBoot: The Guardian Code,SHOW,2018,TV-G,23,"['drama', 'scifi', 'action', 'comedy']",['CA'],3.7
tm285298,Naked,MOVIE,2017,Not Availavle,96,"['comedy', 'fantasy', 'romance']",['US'],5.4
ts80466,Secret Agent Selection: WW2,SHOW,2018,Not Availavle,59,"['war', 'documentation', 'history', 'european']",['GB'],7.7
ts89067,Love and Fortune,SHOW,2018,TV-MA,58,"['drama', 'romance']",['JP'],7.3
ts78145,Drug Lords,SHOW,2018,TV-MA,46,['documentation'],['US'],6.8
tm263427,The Invisible Guardian,MOVIE,2017,Not Availavle,129,"['thriller', 'crime', 'european']","['DE', 'ES']",6.4
ts77770,Fate/Extra Last Encore,SHOW,2018,Not Availavle,27,"['action', 'animation', 'fantasy']",['JP'],5.3
tm421335,Jim Jefferies: This Is Me Now,MOVIE,2018,Not Availavle,70,['comedy'],['US'],7.3
tm428453,Cities of Last Things,MOVIE,2018,Not Availavle,106,"['drama', 'scifi', 'crime']","['CN', 'FR', 'TW', 'US']",6.2
tm371741,Si saben cómo me pongo ¿Pa' qué me invitan?,MOVIE,2018,Not Availavle,89,['comedy'],['CO'],4.5
ts80600,Luis Miguel: The Series,SHOW,2018,TV-14,52,"['drama', 'history', 'music', 'romance']",['MX'],8.0
tm295177,It's for Your Own Good,MOVIE,2017,Not Availavle,93,"['comedy', 'european']",['ES'],5.5
ts80413,Busted!,SHOW,2018,TV-14,75,"['thriller', 'comedy', 'reality']",['KR'],7.6
tm299783,The Laws of Thermodynamics,MOVIE,2018,Not Availavle,100,"['comedy', 'european']",['ES'],6.0
ts83925,Boca Juniors Confidential,SHOW,2018,Not Availavle,42,"['documentation', 'sport']",['AR'],6.3
tm313748,Handsome: A Netflix Mystery Movie,MOVIE,2017,Not Availavle,81,"['comedy', 'documentation']",['US'],5.2
ts79585,Dinotrux: Supercharged,SHOW,2017,TV-Y7,23,"['animation', 'action', 'comedy', 'family']",['US'],7.5
tm444043,Hometown Holiday,MOVIE,2018,Not Availavle,84,"['comedy', 'drama', 'romance']",['CA'],5.0
ts83554,Inside the Criminal Mind,SHOW,2018,TV-MA,49,"['crime', 'documentation']",['US'],5.4
tm287041,Jailbreak,MOVIE,2017,Not Availavle,100,"['action', 'comedy']",['KH'],5.4
tm327652,"Roxanne, Roxanne",MOVIE,2017,Not Availavle,98,"['drama', 'music']",['US'],6.2
tm416620,Quién te cantará,MOVIE,2018,Not Availavle,125,"['drama', 'thriller', 'music', 'european']","['ES', 'FR']",6.9
tm354644,Something Huge,MOVIE,2017,Not Availavle,86,"['comedy', 'european']",['ES'],4.4
ts82565,Sparta,SHOW,2018,TV-MA,53,"['thriller', 'drama']",['RU'],6.6
tm299730,Lucid Dream,MOVIE,2017,Not Availavle,101,"['thriller', 'scifi']",['KR'],6.1
tm331117,Carbone,MOVIE,2017,Not Availavle,104,"['thriller', 'crime', 'european']","['BE', 'FR']",6.5
tm417317,Bhavesh Joshi Superhero,MOVIE,2018,Not Availavle,155,"['action', 'crime', 'drama']",['IN'],7.6
tm359150,Nothing to Hide,MOVIE,2018,Not Availavle,93,"['drama', 'comedy', 'european']","['BE', 'FR', 'IT']",6.8
ts79409,A.I.C.O. -Incarnation-,SHOW,2018,TV-14,25,"['animation', 'action', 'scifi']",['JP'],6.3
tm358666,The Awakening of Motti Wolkenbruch,MOVIE,2018,Not Availavle,94,"['comedy', 'drama', 'european']","['DE', 'CH']",6.6
ts119730,Luo Bao Bei,SHOW,2018,TV-Y,11,['animation'],[],8.0
ts53264,My Shy Boss,SHOW,2017,TV-MA,71,"['comedy', 'drama', 'romance']",['KR'],7.2
ts83359,100 Days My Prince,SHOW,2018,TV-14,75,"['drama', 'thriller', 'comedy', 'action', 'history', 'romance']",['KR'],7.7
ts83071,Afflicted,SHOW,2018,TV-MA,42,"['documentation', 'thriller', 'reality']",['BR'],5.1
tm300447,Bill Burr: Walk Your Way Out,MOVIE,2017,Not Availavle,77,"['comedy', 'documentation']",['US'],7.2
ts84484,Dancing Queen,SHOW,2018,Not Availavle,41,"['reality', 'music']",['US'],6.9
ts75012,Million Yen Women,SHOW,2017,Not Availavle,30,"['drama', 'crime', 'romance', 'comedy']",['JP'],7.6
ts80208,Fugitiva,SHOW,2018,TV-MA,52,"['drama', 'thriller', 'action', 'crime']",['ES'],5.6
tm463806,The Legend of Cocaine Island,MOVIE,2018,Not Availavle,87,['documentation'],['US'],6.3
tm289882,Birdshot,MOVIE,2017,Not Availavle,116,"['thriller', 'drama']",['PH'],6.6
tm296398,Steel Rain,MOVIE,2017,Not Availavle,139,"['action', 'thriller', 'drama']",['KR'],7.1
tm440946,Christmas with a View,MOVIE,2018,Not Availavle,90,"['romance', 'family', 'drama']",['CA'],5.1
tm408104,Greg Davies: You Magnificent Beast,MOVIE,2018,Not Availavle,66,['comedy'],['GB'],7.1
tm244521,Catfight,MOVIE,2017,Not Availavle,96,"['comedy', 'drama', 'action']",['US'],5.9
tm414676,Paradise Lost,MOVIE,2018,Not Availavle,110,"['drama', 'music', 'documentation']",['BR'],6.9
tm321627,Ali's Wedding,MOVIE,2017,Not Availavle,110,"['romance', 'comedy', 'drama']",['AU'],6.9
tm307761,Toilet: A Love Story,MOVIE,2017,Not Availavle,155,"['comedy', 'drama', 'romance']",['IN'],7.2
tm428073,When Angels Sleep,MOVIE,2018,Not Availavle,94,"['thriller', 'drama', 'horror', 'action', 'crime', 'fantasy', 'european']",['ES'],5.5
ts83070,72 Dangerous Animals: Asia,SHOW,2018,TV-14,47,['documentation'],['US'],6.6
tm356563,The Stolen,MOVIE,2017,Not Availavle,98,"['western', 'drama', 'thriller', 'action']","['DE', 'NZ', 'GB']",5.3
tm365670,Perú: Tesoro Escondido,MOVIE,2017,Not Availavle,76,['documentation'],['PE'],6.1
tm415875,Break,MOVIE,2018,Not Availavle,91,"['drama', 'comedy', 'european']",['FR'],5.7
ts82398,My Dead Ex,SHOW,2018,Not Availavle,25,"['comedy', 'drama', 'scifi']",['US'],7.4
ts78353,Misty,SHOW,2018,TV-MA,71,"['drama', 'crime', 'thriller', 'romance']",['KR'],8.1
tm432838,Black Is Beltza,MOVIE,2018,Not Availavle,88,"['thriller', 'animation', 'drama']",['ES'],5.8
ts84977,Terrorism Close Calls,SHOW,2018,Not Availavle,48,['documentation'],['US'],5.2
tm427143,Edge of Fear,MOVIE,2018,R,91,"['action', 'thriller', 'crime']",['US'],4.4
ts82296,My ID is Gangnam Beauty,SHOW,2018,TV-MA,57,"['drama', 'comedy', 'romance']",['KR'],7.4
ts79330,Girls Incarcerated,SHOW,2018,TV-MA,43,"['reality', 'documentation']",['GB'],7.2
tm346398,Ryan Hamilton: Happy Face,MOVIE,2017,Not Availavle,56,"['comedy', 'documentation']",['US'],7.3
tm367473,Bad Seeds,MOVIE,2018,Not Availavle,100,"['comedy', 'european']",['FR'],7.3
ts83430,Smoking,SHOW,2018,TV-MA,24,"['crime', 'drama', 'comedy']",['JP'],7.4
tm409942,Shéhérazade,MOVIE,2018,Not Availavle,111,"['thriller', 'drama', 'romance', 'european']",['FR'],7.0
tm300440,The Mansion,MOVIE,2017,PG-13,100,"['comedy', 'horror', 'european']",['FR'],4.6
tm408890,Yucatán,MOVIE,2018,PG,129,"['comedy', 'romance', 'european']",['ES'],5.5
tm307950,Mike Birbiglia: Thank God for Jokes,MOVIE,2017,Not Availavle,71,['comedy'],['US'],7.5
tm375729,Us and Them,MOVIE,2018,Not Availavle,120,"['drama', 'romance']",['CN'],7.3
tm313424,Pad Man,MOVIE,2018,PG-13,140,"['drama', 'comedy']",['IN'],7.9
tm426117,On My Skin,MOVIE,2018,Not Availavle,100,"['drama', 'european']",['IT'],7.3
tm244321,Sun Dogs,MOVIE,2017,Not Availavle,93,"['comedy', 'drama', 'fantasy']","['MX', 'US']",6.2
tm372610,Derren Brown: Miracle,MOVIE,2018,Not Availavle,73,['documentation'],['GB'],6.5
tm409456,Manto,MOVIE,2018,Not Availavle,113,"['drama', 'history']",['IN'],7.3
tm242108,Little Boxes,MOVIE,2017,Not Availavle,84,"['drama', 'comedy']",['US'],5.9
ts95011,Move,SHOW,2018,TV-MA,48,['documentation'],['US'],7.4
tm242765,Raising the Bar,MOVIE,2017,PG,93,"['family', 'drama', 'documentation', 'sport']",['AU'],5.5
ts85276,Hymn of Death,SHOW,2018,Not Availavle,45,"['drama', 'history', 'music', 'romance']",['KR'],7.6
tm322210,Bomb Scared,MOVIE,2017,Not Availavle,89,"['comedy', 'european']",['ES'],5.6
ts77467,Terrace House: Opening New Doors,SHOW,2017,Not Availavle,39,"['reality', 'drama']",['JP'],7.8
ts83814,Undercover Law,SHOW,2018,Not Availavle,54,"['drama', 'action']",['CO'],7.2
tm439854,Baazaar,MOVIE,2018,Not Availavle,140,"['crime', 'drama', 'thriller']",['IN'],6.5
tm340587,Ittefaq,MOVIE,2017,PG,107,"['crime', 'thriller']",['IN'],7.2
ts68146,Myths & Monsters,SHOW,2017,TV-PG,43,"['documentation', 'fantasy', 'european']",['GB'],7.7
tm266705,Giant,MOVIE,2017,PG-13,114,"['drama', 'history', 'european']",['ES'],6.6
tm372891,Chris Rock: Tamborine,MOVIE,2018,Not Availavle,64,"['comedy', 'documentation']",['US'],6.6
ts78099,72 Dangerous Animals: Latin America,SHOW,2017,Not Availavle,43,['documentation'],"['AU', 'US']",6.6
tm315850,Take Me,MOVIE,2017,Not Availavle,83,"['comedy', 'crime', 'thriller']",['US'],6.1
tm421748,Ee Nagaraniki Emaindi,MOVIE,2018,Not Availavle,120,"['drama', 'comedy']",['IN'],7.9
tm353046,Patton Oswalt: Annihilation,MOVIE,2017,Not Availavle,66,"['comedy', 'documentation']",['US'],7.2
tm418039,LEGO Marvel Super Heroes: Black Panther - Trouble in Wakanda,MOVIE,2018,Not Availavle,22,"['fantasy', 'animation', 'action', 'comedy', 'scifi']",['US'],5.6
tm324588,Rory Scovel Tries Stand-Up for the First Time,MOVIE,2017,Not Availavle,66,"['comedy', 'documentation']",['US'],6.7
tm440678,Revenger,MOVIE,2018,NC-17,102,"['action', 'crime', 'thriller']",['KR'],5.7
tm995893,The Crossing,MOVIE,2017,Not Availavle,10,['documentation'],['PS'],7.5
tm275437,Coin Heist,MOVIE,2017,PG,97,"['family', 'crime', 'drama', 'romance', 'thriller']",['US'],4.7
ts89538,Bitter Daisies,SHOW,2018,Not Availavle,70,"['drama', 'thriller']",['ES'],7.2
ts89069,LEGO Friends: Girls on a Mission,SHOW,2018,TV-Y,11,['animation'],"['US', 'DK']",6.2
tm426983,Joy,MOVIE,2018,Not Availavle,99,"['drama', 'european']",['AT'],6.6
tm440278,Hakkunde,MOVIE,2017,Not Availavle,92,"['drama', 'comedy']",['NG'],6.4
tm307774,Jagga Jasoos,MOVIE,2017,PG,180,"['comedy', 'thriller', 'romance', 'action']",['IN'],6.3
ts78707,The Joel McHale Show with Joel McHale,SHOW,2018,TV-MA,25,['comedy'],['US'],7.1
tm299396,Getaway Plan,MOVIE,2017,Not Availavle,105,"['action', 'thriller', 'crime', 'drama', 'european']",['ES'],5.6
ts75676,The Velvet Collection,SHOW,2017,TV-14,57,"['comedy', 'drama', 'romance', 'european']",['ES'],7.2
tm366972,The Drug King,MOVIE,2018,Not Availavle,139,"['crime', 'action', 'drama']",['KR'],6.2
tm307751,Jab Harry Met Sejal,MOVIE,2017,PG,200,"['drama', 'romance', 'comedy']",['IN'],5.0
tm367008,Katt Williams: Great America,MOVIE,2018,Not Availavle,60,['comedy'],['US'],6.2
tm437631,Derren Brown: Sacrifice,MOVIE,2018,Not Availavle,49,"['documentation', 'reality']",['US'],7.1
ts80993,Kibaoh Klashers,SHOW,2017,TV-Y7,24,['scifi'],['CN'],6.4
tm445899,Struggle: The Life and Lost Art of Szukalski,MOVIE,2018,Not Availavle,104,"['documentation', 'european']","['PL', 'US']",7.9
tm236659,Sky Ladder: The Art of Cai Guo-Qiang,MOVIE,2017,Not Availavle,80,['documentation'],['US'],7.3
tm305112,The Fortress,MOVIE,2017,Not Availavle,140,"['drama', 'action', 'history', 'war', 'thriller']",['KR'],6.8
tm353247,Qarib Qarib Singlle,MOVIE,2017,Not Availavle,125,"['comedy', 'drama', 'romance']",['IN'],7.1
ts80057,Last Hope,SHOW,2018,TV-14,24,"['drama', 'animation', 'action', 'scifi']",['JP'],5.8
ts55936,My Secret Romance,SHOW,2017,TV-14,52,"['comedy', 'romance']",['KR'],7.1
tm477838,Disconnect,MOVIE,2018,Not Availavle,107,"['romance', 'comedy', 'scifi']",['KE'],5.3
tm375007,Feminists: What Were They Thinking?,MOVIE,2018,Not Availavle,86,['documentation'],['US'],6.9
tm233484,Duck Duck Goose,MOVIE,2018,PG,82,"['comedy', 'animation', 'family', 'action']",['CN'],5.7
tm355724,A Christmas Prince,MOVIE,2017,PG,92,"['romance', 'comedy', 'family']",['US'],5.7
tm496588,Azali,MOVIE,2018,Not Availavle,92,['drama'],['GH'],5.7
ts82085,Ainori Love Wagon: Asian Journey,SHOW,2017,Not Availavle,30,['reality'],['JP'],6.8
ts81886,All About the Washingtons,SHOW,2018,TV-G,25,"['comedy', 'music']",['US'],4.5
ts57281,All Hail King Julien: Exiled,SHOW,2017,TV-Y7,23,"['animation', 'comedy', 'family', 'fantasy']",['US'],7.4
ts81036,The Who Was? Show,SHOW,2018,Not Availavle,24,"['family', 'comedy']",[],6.5
ts82875,Switched,SHOW,2018,TV-MA,39,"['drama', 'scifi']",['JP'],7.1
tm363878,Aiyaary,MOVIE,2018,Not Availavle,157,"['thriller', 'action', 'drama']",['IN'],5.2
ts80410,Kantaro: The Sweet Tooth Salaryman,SHOW,2017,Not Availavle,30,"['comedy', 'drama']",['JP'],7.6
ts55533,Legend Quest,SHOW,2017,TV-Y7,25,"['comedy', 'fantasy', 'animation']",['MX'],7.2
ts57116,Ask the Doctor,SHOW,2017,Not Availavle,28,['documentation'],['AU'],6.5
tm347850,SPF-18,MOVIE,2017,PG-13,75,"['romance', 'drama', 'sport']",['US'],3.2
ts85250,Kulipari: Dream Walker,SHOW,2018,TV-Y7,23,"['animation', 'action', 'fantasy']",['US'],7.6
tm411856,Hari Kondabolu: Warn Your Relatives,MOVIE,2018,Not Availavle,67,['comedy'],['US'],6.5
tm363003,Seeing Allred,MOVIE,2018,Not Availavle,96,['documentation'],['US'],7.2
tm348386,Resurface,MOVIE,2017,Not Availavle,27,"['documentation', 'sport', 'war']",['US'],7.1
ts112279,Empire Games,SHOW,2018,Not Availavle,49,"['documentation', 'history']",[],5.8
tm372054,The Tribe,MOVIE,2018,Not Availavle,90,"['comedy', 'family', 'european']",['ES'],5.8
tm440255,The Plagues of Breslau,MOVIE,2018,Not Availavle,93,"['thriller', 'action', 'crime', 'european']",['PL'],5.9
tm372061,Sudani from Nigeria,MOVIE,2018,PG,123,"['comedy', 'drama', 'sport']",['IN'],8.2
tm372917,Pope Francis: A Man of His Word,MOVIE,2018,PG,96,"['documentation', 'european']","['IT', 'CH', 'VA', 'FR', 'DE']",6.4
tm411503,Candy Jar,MOVIE,2018,PG-13,92,['comedy'],['US'],5.8
tm293867,Neal Brennan: 3 Mics,MOVIE,2017,Not Availavle,65,"['comedy', 'documentation']",['US'],7.9
ts84597,FIGHTWORLD,SHOW,2018,TV-MA,42,['documentation'],['US'],7.5
tm420800,"To Each, Her Own",MOVIE,2018,Not Availavle,95,"['comedy', 'drama', 'european']",['FR'],5.4
tm273600,Kuroko's Basketball the Movie: Last Game,MOVIE,2017,Not Availavle,90,"['animation', 'drama', 'sport']",['JP'],7.7
tm286532,Rock my Heart,MOVIE,2017,Not Availavle,105,"['drama', 'family', 'action', 'european']",['DE'],6.5
tm320817,Mersal,MOVIE,2017,Not Availavle,169,"['thriller', 'action']",['IN'],7.5
tm348568,Jerry Before Seinfeld,MOVIE,2017,Not Availavle,62,"['comedy', 'documentation']",['US'],7.0
tm348392,The Last Shaman,MOVIE,2017,Not Availavle,83,"['documentation', 'drama', 'family', 'european']","['PE', 'GB', 'US', 'IL', 'IT']",6.6
tm372486,All Good,MOVIE,2018,Not Availavle,93,"['drama', 'comedy', 'european']",['DE'],6.5
tm327708,Bareilly Ki Barfi,MOVIE,2017,Not Availavle,123,"['romance', 'comedy']",['IN'],7.5
ts78767,First Team: Juventus,SHOW,2018,TV-G,36,"['scifi', 'reality', 'sport', 'documentation']",['IT'],7.3
tm320489,Expedition Happiness,MOVIE,2017,G,95,"['documentation', 'european']",['DE'],5.9
tm411467,Dany Boon: Des Hauts-De-France,MOVIE,2018,Not Availavle,113,"['comedy', 'european']",['FR'],6.2
tm307767,Baadshaho,MOVIE,2017,Not Availavle,136,"['action', 'thriller']",['IN'],4.9
ts79707,Edha,SHOW,2018,TV-MA,40,['drama'],['AR'],4.9
ts78692,Rapture,SHOW,2018,TV-MA,58,"['documentation', 'scifi', 'thriller', 'horror', 'music']",['US'],5.4
tm432327,C/o Kancharapalem,MOVIE,2018,PG,152,['drama'],['IN'],8.9
ts81596,Black Crows,SHOW,2017,TV-MA,33,"['drama', 'war', 'thriller']","['SA', 'SY', 'AE']",5.3
ts84932,Super Drags,SHOW,2018,TV-MA,25,"['animation', 'comedy', 'fantasy']",['BR'],5.4
ts84038,Battlefish,SHOW,2018,Not Availavle,43,"['documentation', 'reality']",['US'],7.1
tm352705,Jack Whitehall: At Large,MOVIE,2017,Not Availavle,67,['comedy'],['GB'],6.8
tm376801,The Rachel Divide,MOVIE,2018,Not Availavle,104,['documentation'],['US'],6.3
tm306631,Trevor Noah: Afraid of the Dark,MOVIE,2017,PG-13,68,['comedy'],['US'],7.2
tm370447,The Tree of Blood,MOVIE,2018,Not Availavle,130,"['drama', 'european']",['ES'],6.3
tm375962,Nothing to Lose,MOVIE,2018,PG,130,['drama'],['BR'],2.3
ts79856,SWORDGAI The Animation,SHOW,2018,TV-MA,23,"['action', 'animation', 'scifi', 'fantasy', 'horror']",['JP'],5.8
ts84782,Larva Island,SHOW,2018,TV-Y7,8,"['animation', 'comedy']","['US', 'KR']",6.5
ts83045,Accidentally In Love,SHOW,2018,TV-14,31,"['family', 'drama', 'comedy', 'music', 'romance']",['CN'],7.4
tm414340,Spivak,MOVIE,2018,Not Availavle,91,['comedy'],['US'],5.6
tm313118,"Love, Surreal and Odd",MOVIE,2017,G,95,"['comedy', 'romance']",['TR'],5.6
tm408871,Jefe,MOVIE,2018,Not Availavle,89,"['comedy', 'european']",['ES'],5.4
ts83204,Million Pound Menu,SHOW,2018,Not Availavle,60,['reality'],['GB'],6.6
tm363787,Christmas in the Heartland,MOVIE,2017,Not Availavle,90,['family'],['US'],5.8
tm409817,Sir,MOVIE,2018,Not Availavle,98,"['drama', 'romance', 'european']","['IN', 'FR']",7.7
ts80751,The Break with Michelle Wolf,SHOW,2018,TV-MA,26,['comedy'],['US'],5.1
tm286520,Jim Gaffigan: Cinco,MOVIE,2017,Not Availavle,73,['comedy'],['US'],7.1
tm244287,Half Girlfriend,MOVIE,2017,Not Availavle,135,"['drama', 'romance']",['IN'],4.5
ts74765,Daughters of Destiny,SHOW,2017,Not Availavle,61,['documentation'],['IN'],8.6
tm364206,Ex-Shaman,MOVIE,2018,Not Availavle,81,['documentation'],['BR'],7.1
tm411358,The American Meme,MOVIE,2018,Not Availavle,90,['documentation'],['US'],6.7
ts82559,Amazing Interiors,SHOW,2018,TV-PG,26,['documentation'],"['GB', 'US']",6.6
ts81944,The Comedy Lineup,SHOW,2018,TV-MA,15,"['comedy', 'action']",[],5.9
tm283559,The Art of Loving: Story of Michalina Wislocka,MOVIE,2017,Not Availavle,121,"['comedy', 'romance', 'drama', 'european']",['PL'],7.1
ts75887,Paul Hollywood's Big Continental Road Trip,SHOW,2017,TV-14,59,"['documentation', 'european']",['GB'],7.4
ts89372,Titipo Titipo,SHOW,2018,TV-Y,18,['animation'],['KR'],6.8
tm363922,Dovlatov,MOVIE,2018,PG-13,126,['drama'],"['RS', 'PL', 'RU']",6.4
ts81856,Borges,SHOW,2018,TV-MA,0,['comedy'],['BR'],6.2
ts76771,Stretch Armstrong & the Flex Fighters,SHOW,2017,TV-G,23,"['animation', 'action', 'comedy', 'scifi']",['US'],6.1
tm476960,El testigo,MOVIE,2018,Not Availavle,76,['documentation'],[],8.1
ts84335,1983,SHOW,2018,TV-MA,57,"['drama', 'thriller', 'crime']",['PL'],6.7
tm373873,Weed the People,MOVIE,2018,Not Availavle,98,['documentation'],['US'],7.3
tm366143,Maktub,MOVIE,2017,PG-13,100,"['drama', 'comedy']",['IL'],7.3
tm372969,Love per Square Foot,MOVIE,2018,Not Availavle,133,"['comedy', 'romance']",['IN'],7.2
ts93947,Wrong Kind of Black,SHOW,2018,TV-MA,16,"['drama', 'comedy']",['AU'],7.6
ts82160,Harvey Street Kids,SHOW,2018,TV-Y7,24,"['family', 'action', 'animation', 'comedy']",['US'],6.7
ts83247,Stay Here,SHOW,2018,TV-PG,32,"['reality', 'documentation']",['US'],7.4
tm405738,Perdida,MOVIE,2018,R,103,"['crime', 'drama', 'thriller']","['ES', 'AR']",5.6
ts86994,Serial Killer with Piers Morgan,SHOW,2017,TV-14,47,"['documentation', 'crime']",['GB'],3.9
tm319512,The Girl from the Song,MOVIE,2017,Not Availavle,102,"['romance', 'drama', 'music', 'european']",['ES'],5.6
tm374357,Going for Gold,MOVIE,2018,G,89,"['drama', 'family', 'sport']",['AU'],4.7
tm326089,Mubarakan,MOVIE,2017,PG-13,156,"['drama', 'comedy', 'romance']",['IN'],5.6
ts80084,Dragon Pilot: Hisone and Masotan,SHOW,2018,TV-14,25,"['animation', 'scifi', 'drama', 'fantasy']",['JP'],6.9
ts76646,Blazing Transfer Students,SHOW,2017,TV-MA,26,"['action', 'comedy']",['JP'],6.9
ts75138,Argon,SHOW,2017,Not Availavle,63,['drama'],['KR'],7.3
tm445255,Qismat,MOVIE,2018,Not Availavle,140,"['drama', 'romance', 'comedy']",['IN'],8.1
ts75491,Fire Chasers,SHOW,2017,Not Availavle,55,['documentation'],['US'],6.5
tm358609,Sara's Notebook,MOVIE,2018,R,115,"['thriller', 'drama', 'european']",['ES'],5.9
tm409494,Ali Wong: Hard Knock Wife,MOVIE,2018,Not Availavle,64,['comedy'],['US'],7.3
tm366973,Tom Segura: Disgraceful,MOVIE,2018,PG-13,74,"['comedy', 'documentation']",['US'],7.5
ts80342,AMO,SHOW,2018,TV-MA,24,"['crime', 'drama']",['PH'],6.4
ts57291,Unrequited Love,SHOW,2017,Not Availavle,33,['drama'],['JP'],6.7
tm431760,Paskal,MOVIE,2018,Not Availavle,114,"['action', 'war', 'drama']",['MY'],6.8
tm295558,The Grown-Ups,MOVIE,2017,Not Availavle,82,['documentation'],"['CL', 'NL', 'FR']",7.7
tm434883,Been So Long,MOVIE,2018,Not Availavle,100,"['music', 'romance', 'drama']",['GB'],5.4
tm360945,Soorma,MOVIE,2018,PG-13,131,"['drama', 'sport']",['IN'],7.3
tm320785,The Mars Generation,MOVIE,2017,Not Availavle,97,['documentation'],['US'],6.5
tm314939,Kalushi : The Story of Solomon Mahlangu,MOVIE,2017,Not Availavle,106,"['thriller', 'drama']",['ZA'],6.5
tm345767,The Maus,MOVIE,2017,Not Availavle,90,"['fantasy', 'horror', 'drama', 'european']",['ES'],4.7
tm405901,Family Blood,MOVIE,2018,Not Availavle,92,"['thriller', 'horror', 'drama']",['US'],4.2
tm445456,Pihu,MOVIE,2018,G,91,"['thriller', 'drama', 'family']",['IN'],6.7
tm322200,Superlopez,MOVIE,2018,G,108,"['comedy', 'scifi', 'action', 'european']",['ES'],5.4
tm358813,Judd Apatow: The Return,MOVIE,2017,Not Availavle,69,['comedy'],['US'],6.2
tm424888,Armed to the Teeth,MOVIE,2018,Not Availavle,105,"['documentation', 'crime', 'thriller']",['MX'],7.9
tm323195,Sarah Silverman: A Speck of Dust,MOVIE,2017,Not Availavle,71,"['comedy', 'documentation']",['US'],6.9
tm244277,Pa Paandi,MOVIE,2017,Not Availavle,125,"['comedy', 'action', 'romance', 'drama', 'family']",['IN'],7.4
tm314295,Nobody Speak: Trials of the Free Press,MOVIE,2017,Not Availavle,95,"['documentation', 'european']","['US', 'NL']",6.4
tm368441,Aapla Manus,MOVIE,2018,Not Availavle,132,"['drama', 'thriller']",['IN'],7.0
tm325433,Dismissal,MOVIE,2017,Not Availavle,90,['comedy'],"['AR', 'ES']",5.0
tm444799,Christmas Catch,MOVIE,2018,Not Availavle,80,"['romance', 'comedy', 'crime']",['CA'],5.3
tm359030,F.R.E.D.I.,MOVIE,2018,Not Availavle,89,"['scifi', 'family']",['XX'],4.9
tm233345,Love Beats Rhymes,MOVIE,2017,R,105,"['music', 'drama']",['US'],5.3
ts84985,Robozuna,SHOW,2018,Not Availavle,23,['animation'],['GB'],6.7
tm309115,Naam Shabana,MOVIE,2017,Not Availavle,147,"['thriller', 'action', 'drama']",['IN'],6.2
tm358242,Brian Regan: Nunchucks and Flamethrowers,MOVIE,2017,Not Availavle,61,"['comedy', 'documentation']",['US'],6.3
tm320206,#realityhigh,MOVIE,2017,Not Availavle,99,"['comedy', 'drama', 'romance']",['US'],5.1
ts80671,We Speak Dance,SHOW,2018,TV-MA,22,['documentation'],['US'],7.4
tm358239,DeRay Davis: How to Act Black,MOVIE,2017,PG,66,['comedy'],['US'],6.1
tm351688,Def Comedy Jam 25,MOVIE,2017,Not Availavle,81,"['comedy', 'documentation']",['US'],6.6
tm362264,The Gift,MOVIE,2017,Not Availavle,85,['drama'],['TZ'],8.0
ts83429,Take My Brother Away,SHOW,2018,Not Availavle,46,"['family', 'comedy', 'drama']",[],6.7
tm463827,Paranormal Investigation,MOVIE,2018,Not Availavle,92,"['thriller', 'horror']",['FR'],3.7
ts75357,LEGO Elves: Secrets of Elvendale,SHOW,2017,TV-Y7,24,"['scifi', 'animation', 'fantasy']",['US'],6.8
ts85217,Motown Magic,SHOW,2018,TV-Y,15,"['animation', 'comedy', 'family', 'fantasy', 'music']",['US'],7.9
tm421125,The Suit,MOVIE,2018,Not Availavle,96,"['comedy', 'action', 'drama']",['EG'],5.3
tm311283,Amy Schumer: The Leather Special,MOVIE,2017,Not Availavle,57,['comedy'],['US'],3.1
ts82192,Samantha!,SHOW,2018,TV-MA,28,['comedy'],['BR'],6.5
tm275004,Bon Cop Bad Cop 2,MOVIE,2017,Not Availavle,126,"['crime', 'comedy', 'action']",['CA'],6.6
tm358949,A Very Country Christmas,MOVIE,2017,G,83,"['drama', 'romance', 'family', 'comedy']","['CA', 'US']",6.0
ts85953,Paprika,SHOW,2018,TV-Y,13,"['family', 'animation']",['US'],7.9
tm418870,Close Enemies,MOVIE,2018,Not Availavle,111,"['thriller', 'drama', 'european']","['FR', 'BE']",6.4
tm413955,A Fortunate Man,MOVIE,2018,Not Availavle,162,"['drama', 'romance', 'european']",['DK'],7.2
tm348073,Pup Star: Better 2Gether,MOVIE,2017,G,90,['family'],['US'],4.3
tm359658,The 3rd Eye,MOVIE,2017,Not Availavle,107,"['horror', 'thriller', 'animation', 'drama', 'fantasy', 'european']",['ID'],5.1
tm357272,Barbra: The Music ... The Mem'ries ... The Magic!,MOVIE,2017,Not Availavle,108,"['documentation', 'music']",['US'],7.5
ts84167,Age of Rebellion,SHOW,2018,TV-MA,72,"['crime', 'drama', 'romance']",['TW'],8.6
tm408892,Unbridled,MOVIE,2018,Not Availavle,96,"['thriller', 'european']","['IT', 'ES']",5.0
tm371619,Sabrina,MOVIE,2018,Not Availavle,98,"['horror', 'thriller']","['ID', 'MY', 'SG']",4.1
tm337040,Maz Jobrani: Immigrant,MOVIE,2017,Not Availavle,67,"['comedy', 'documentation']",['US'],6.7
tm361505,48 Christmas Wishes,MOVIE,2017,Not Availavle,84,"['family', 'comedy', 'fantasy']",['CA'],3.9
ts86279,Nailed It! Holiday!,SHOW,2018,TV-PG,33,['reality'],['US'],7.7
tm417111,How to Get Over a Breakup,MOVIE,2018,Not Availavle,104,['comedy'],['PE'],6.1
tm429984,Pachamama,MOVIE,2018,PG,72,"['fantasy', 'family', 'animation', 'european']","['FR', 'LU', 'CA']",6.8
tm307551,Katherine Ryan: In Trouble,MOVIE,2017,Not Availavle,63,['comedy'],['GB'],7.0
ts265844,#ABtalks,SHOW,2018,TV-PG,68,[],[],9.6
ts77219,Part-Time Idol,SHOW,2017,TV-14,40,"['drama', 'family', 'music', 'comedy']",['KR'],6.7
ts103638,Standup and Away! with Brian Regan,SHOW,2018,TV-PG,25,['comedy'],['US'],5.7
tm449262,Ascharya Fuck It,MOVIE,2018,Not Availavle,90,"['thriller', 'drama', 'romance']",['IN'],5.1
ts76159,Super Monsters,SHOW,2017,TV-Y,13,"['animation', 'comedy', 'family', 'horror']",['CA'],6.2
tm412489,Dear Son,MOVIE,2018,Not Availavle,100,['drama'],"['FR', 'QA', 'TN', 'BE']",6.5
tm407318,Sofía Niño de Rivera: Natural Selection,MOVIE,2018,Not Availavle,62,['comedy'],['MX'],6.9
tm429382,Nappily Ever After,MOVIE,2018,NC-17,98,"['comedy', 'romance', 'drama']",['US'],6.4
tm321073,Judwaa 2,MOVIE,2017,Not Availavle,150,"['action', 'comedy', 'romance']",['IN'],3.6
tm353627,Christina P: Mother Inferior,MOVIE,2017,Not Availavle,59,['comedy'],['US'],6.4
tm411313,Forgive Us Our Debts,MOVIE,2018,Not Availavle,104,"['drama', 'european']","['PL', 'CH', 'AL', 'IT']",6.2
tm367264,Milada,MOVIE,2017,Not Availavle,130,"['drama', 'history', 'european']","['CZ', 'US']",6.3
ts79988,Lost Song,SHOW,2018,TV-14,24,"['animation', 'action', 'scifi', 'drama', 'fantasy', 'music', 'romance']",['JP'],7.0
ts86302,Check The Store Next Door,SHOW,2018,TV-14,30,"['comedy', 'drama']",['ID'],7.7
ts83710,First and Last,SHOW,2018,TV-MA,41,['documentation'],['US'],6.7
ts55576,Buddy Thunderstruck,SHOW,2017,TV-Y7,23,"['comedy', 'family', 'sport', 'animation', 'action']",['US'],7.7
tm334949,Right Here Right Now,MOVIE,2018,Not Availavle,89,"['drama', 'comedy', 'music', 'european']",['DE'],5.4
ts77011,The Many Faces of Ito,SHOW,2017,Not Availavle,30,"['drama', 'thriller', 'romance', 'comedy']",['JP'],6.7
ts56251,ID-0,SHOW,2017,TV-14,24,"['scifi', 'drama', 'animation', 'action']",['JP'],6.1
tm365961,Mustang Island,MOVIE,2017,Not Availavle,86,"['comedy', 'drama']",['US'],6.2
tm413418,Cycle,MOVIE,2018,Not Availavle,96,"['comedy', 'drama', 'animation']",['IN'],8.1
ts84644,Westside,SHOW,2018,TV-MA,50,['reality'],['US'],6.1
tm370440,Paradox,MOVIE,2018,Not Availavle,73,"['western', 'fantasy', 'music']",['US'],3.9
tm328052,Sparring,MOVIE,2017,Not Availavle,95,"['drama', 'action', 'sport', 'european']",['FR'],6.4
tm359975,The Chase,MOVIE,2017,Not Availavle,110,"['thriller', 'crime', 'drama']",['KR'],6.6
ts95274,Age of Tanks,SHOW,2017,TV-PG,54,"['documentation', 'history']",['FR'],7.3
tm348467,Invisible,MOVIE,2017,Not Availavle,87,['drama'],"['AR', 'FR']",6.0
ts101883,Regiment Diaries,SHOW,2018,TV-PG,42,['documentation'],[],8.6
tm326270,Tiffany Haddish: She Ready! From the Hood to Hollywood!,MOVIE,2017,Not Availavle,65,"['comedy', 'documentation']",['US'],6.7
tm413129,Goyo: The Boy General,MOVIE,2018,Not Availavle,155,"['action', 'war', 'history']",['PH'],6.7
tm444821,5 Star Christmas,MOVIE,2018,Not Availavle,92,"['comedy', 'european']",['IT'],4.5
tm443537,Ani... Dr. Kashinath Ghanekar,MOVIE,2018,Not Availavle,159,['drama'],['IN'],8.4
tm435487,Suzzanna: Buried Alive,MOVIE,2018,Not Availavle,125,"['drama', 'comedy', 'horror', 'thriller']",['ID'],5.5
tm422715,Stree,MOVIE,2018,Not Availavle,128,"['horror', 'comedy']",['IN'],7.5
tm558730,A Champion Heart,MOVIE,2018,G,90,['family'],['US'],5.9
tm283322,Burning Sands,MOVIE,2017,Not Availavle,105,"['drama', 'thriller', 'action']",['US'],6.0
tm356666,Judah Friedlander: America Is the Greatest Country in the United States,MOVIE,2017,R,84,"['comedy', 'documentation']",['US'],7.8
tm285329,Take the 10,MOVIE,2017,Not Availavle,80,['comedy'],['US'],4.7
tm422359,Aurora,MOVIE,2018,Not Availavle,110,"['horror', 'thriller']",['PH'],4.3
tm357708,The Bros,MOVIE,2017,Not Availavle,102,"['comedy', 'fantasy']",['KR'],6.1
tm311902,Jim Norton: Mouthful of Shame,MOVIE,2017,Not Availavle,61,['comedy'],['US'],7.0
tm244310,Merku Thodarchi Malai,MOVIE,2018,Not Availavle,122,['drama'],['IN'],8.6
tm247631,Clair Obscur,MOVIE,2017,Not Availavle,100,"['drama', 'european']",['TR'],6.5
ts81485,Ponysitters Club,SHOW,2018,TV-Y,23,['family'],['US'],5.6
tm366025,Blanche Gardin: I Talk to Myself,MOVIE,2017,Not Availavle,88,"['comedy', 'european']",['FR'],7.9
tm428597,Being Napoleon,MOVIE,2018,Not Availavle,88,['documentation'],['US'],5.5
tm352033,The Milk System,MOVIE,2018,Not Availavle,90,"['documentation', 'european']","['DE', 'IT']",7.0
tm323602,The Price of Success,MOVIE,2017,Not Availavle,92,"['drama', 'comedy', 'european']",['FR'],5.7
tm416121,Kuntilanak,MOVIE,2018,Not Availavle,105,"['horror', 'comedy', 'family']",['ID'],4.6
tm430281,Dhh,MOVIE,2018,R,126,"['drama', 'family']",['IN'],7.8
ts80692,REA(L)OVE,SHOW,2018,TV-MA,42,['reality'],['JP'],6.5
tm371622,Malena Pichot: Estupidez compleja,MOVIE,2018,Not Availavle,50,['comedy'],['AR'],5.7
tm428483,The Girl Allergic to Wi-Fi,MOVIE,2018,Not Availavle,104,"['comedy', 'romance']",['PH'],6.2
tm456983,Mauli,MOVIE,2018,Not Availavle,134,"['action', 'drama']",['IN'],5.5
ts82323,On Children,SHOW,2018,Not Availavle,98,"['drama', 'family', 'scifi']",['TW'],7.2
tm410298,Samouni Road,MOVIE,2018,Not Availavle,129,"['animation', 'documentation', 'european']","['IT', 'FR']",6.7
tm464947,Chief Daddy,MOVIE,2018,Not Availavle,98,"['drama', 'comedy']",['NG'],4.7
tm319310,CIA: Comrade In America,MOVIE,2017,Not Availavle,134,"['action', 'romance', 'drama']",['IN'],6.4
ts85660,The Sound of Your Heart: Reboot,SHOW,2018,Not Availavle,34,['comedy'],['KR'],5.9
tm424898,Bayonet,MOVIE,2018,Not Availavle,101,['drama'],"['MX', 'FI']",5.7
tm351201,In the Family,MOVIE,2017,PG-13,124,['comedy'],['TR'],7.7
tm429377,Bert Kreischer: Secret Time,MOVIE,2018,Not Availavle,57,"['comedy', 'documentation']",['US'],7.3
tm299771,Gad Gone Wild,MOVIE,2017,Not Availavle,57,"['comedy', 'european']",['FR'],6.9
tm324806,Counterpunch,MOVIE,2017,Not Availavle,91,"['documentation', 'sport']",['US'],6.7
tm436171,El Potro: lo mejor del amor,MOVIE,2018,Not Availavle,122,"['drama', 'music']",['AR'],5.2
tm431928,Rajma Chawal,MOVIE,2018,Not Availavle,129,"['drama', 'comedy', 'family']",['IN'],5.7
ts82705,Cupcake & Dino - General Services,SHOW,2018,TV-Y7,18,"['animation', 'comedy', 'action', 'family']","['CA', 'BR']",7.5
tm363088,Russell Howard: Recalibrate,MOVIE,2017,Not Availavle,69,['comedy'],['GB'],7.4
tm1068348,Deranged,MOVIE,2017,Not Availavle,99,['thriller'],[],3.2
tm375091,Marlon Wayans: Woke-ish,MOVIE,2018,Not Availavle,68,"['comedy', 'documentation']",['US'],6.5
tm324204,Monster Island,MOVIE,2017,PG,80,"['comedy', 'animation', 'action', 'family', 'fantasy']","['IN', 'MX']",4.7
ts84200,Best.Worst.Weekend.Ever.,SHOW,2018,TV-PG,24,"['comedy', 'family']",['US'],6.3
tm370430,Liberated: The New Sexual Revolution,MOVIE,2017,Not Availavle,84,['documentation'],"['US', 'MX']",6.0
tm443034,Your Son,MOVIE,2018,Not Availavle,103,"['drama', 'crime', 'thriller', 'action', 'european']",['ES'],6.1
tm348281,Kingdom of Us,MOVIE,2017,Not Availavle,109,"['documentation', 'drama']",['GB'],6.9
ts85618,Prince of Peoria,SHOW,2018,TV-Y7,26,"['comedy', 'family']",['US'],5.7
tm445153,Njan Prakashan,MOVIE,2018,G,125,"['comedy', 'drama']",['IN'],7.6
tm407730,Target,MOVIE,2018,Not Availavle,93,"['horror', 'comedy', 'thriller']",['ID'],4.0
tm320249,Maria Bamford: Old Baby,MOVIE,2017,Not Availavle,64,"['comedy', 'documentation']",['US'],6.1
tm374226,Gad Elmaleh: American Dream,MOVIE,2018,Not Availavle,57,['comedy'],['US'],7.2
tm319477,Rodney King,MOVIE,2017,Not Availavle,52,"['drama', 'crime', 'documentation', 'comedy', 'history']",['US'],5.8
ts84179,Made in Mexico,SHOW,2018,Not Availavle,50,['reality'],['US'],3.9
tm518107,Alter Ego,MOVIE,2017,Not Availavle,111,['drama'],['NG'],5.7
tm245383,Te Ata,MOVIE,2017,PG,105,"['drama', 'history']",['US'],7.4
tm350971,The Last Hour,MOVIE,2017,Not Availavle,118,"['crime', 'drama', 'history', 'thriller']",['PE'],6.3
tm443283,Loudon Wainwright III: Surviving Twin,MOVIE,2018,Not Availavle,91,"['music', 'documentation']",['US'],7.1
tm279017,"Michael Bolton's Big, Sexy Valentine's Day Special",MOVIE,2017,Not Availavle,54,"['comedy', 'music', 'romance']",['US'],6.8
tm349656,A Sort of Family,MOVIE,2017,Not Availavle,95,"['thriller', 'crime', 'drama', 'european']","['BR', 'DK', 'FR', 'DE', 'PL', 'AR']",6.3
tm512751,In Line,MOVIE,2017,Not Availavle,115,['drama'],['NG'],6.1
tm353875,All the Reasons to Forget,MOVIE,2017,Not Availavle,90,"['romance', 'comedy', 'drama']",['BR'],6.2
tm315865,Laerte-se,MOVIE,2017,Not Availavle,100,['documentation'],['BR'],7.0
tm369433,Awe!,MOVIE,2018,Not Availavle,115,"['romance', 'drama', 'fantasy', 'horror', 'scifi', 'thriller']",['IN'],7.7
tm437159,ReMastered: Who Shot the Sheriff,MOVIE,2018,Not Availavle,57,"['documentation', 'crime', 'history', 'music']",['US'],6.9
tm459527,Good Game: The Beginning,MOVIE,2018,PG-13,104,"['comedy', 'drama', 'sport']",['TR'],4.4
tm444564,Tattoo of Revenge,MOVIE,2018,R,150,"['comedy', 'romance', 'thriller']",['MX'],4.9
tm446574,Love Jacked,MOVIE,2018,PG-13,100,"['comedy', 'romance']","['ZA', 'US', 'CA']",5.8
tm858471,The Bridge,MOVIE,2017,Not Availavle,115,"['drama', 'romance']",['CA'],5.6
tm430090,The Last Runaway,MOVIE,2018,Not Availavle,107,"['crime', 'drama', 'action']",['PY'],5.9
tm351181,Turkish Dance School,MOVIE,2017,PG-13,106,"['comedy', 'drama']",['TR'],5.6
tm504329,Bigger Than Africa,MOVIE,2018,Not Availavle,87,['documentation'],"['US', 'NG']",7.0
tm431081,Lionheart,MOVIE,2018,Not Availavle,95,"['drama', 'comedy']",['NG'],5.6
tm446987,Russell Brand: Re:Birth,MOVIE,2018,Not Availavle,63,['comedy'],['GB'],6.5
tm375547,El club de los buenos infieles,MOVIE,2018,Not Availavle,90,"['comedy', 'european']",['ES'],5.5
tm348175,Jeff Dunham: Relative Disaster,MOVIE,2017,Not Availavle,70,['comedy'],['IE'],6.4
tm351720,The Most Assassinated Woman in the World,MOVIE,2018,Not Availavle,102,"['thriller', 'drama', 'european']","['US', 'BE', 'GB']",5.3
tm492277,Semesta,MOVIE,2018,Not Availavle,88,['documentation'],['ID'],7.3
tm461349,Stars in the Sky: A Hunting Story,MOVIE,2018,Not Availavle,69,['documentation'],['US'],7.2
tm425748,Cook Off,MOVIE,2017,PG,116,"['romance', 'comedy']",['ZW'],6.0
tm411257,Kevin James: Never Don't Give Up,MOVIE,2018,PG,62,['comedy'],['US'],6.2
tm403197,Heaven Without People,MOVIE,2017,Not Availavle,91,['drama'],['LB'],7.6
tm368729,My Birthday Song,MOVIE,2018,Not Availavle,95,['thriller'],['IN'],5.6
tm138667,Taramani,MOVIE,2017,Not Availavle,150,"['drama', 'romance']",['IN'],7.5
tm314272,Love.com,MOVIE,2017,Not Availavle,92,"['romance', 'comedy']",['BR'],5.8
tm436266,Born Racer,MOVIE,2018,R,88,"['action', 'drama', 'documentation']",['NZ'],6.1
tm432313,Manu,MOVIE,2018,Not Availavle,182,"['thriller', 'romance']",['IN'],7.6
tm433215,Exes Baggage,MOVIE,2018,Not Availavle,104,"['drama', 'romance']",['PH'],6.4
tm408781,Teefa in Trouble,MOVIE,2018,PG-13,155,"['drama', 'comedy', 'action', 'crime', 'romance']",['PK'],7.0
tm429186,Up Among the Stars,MOVIE,2018,Not Availavle,86,"['drama', 'european']",['ES'],6.2
tm459024,Food on the Go,MOVIE,2017,Not Availavle,66,"['documentation', 'european']","['IT', 'AR']",6.3
tm411288,Nigerian Prince,MOVIE,2018,Not Availavle,104,"['thriller', 'drama', 'crime']","['NG', 'US']",5.7
ts85515,Bangkok Love Stories 2: Innocence,SHOW,2018,Not Availavle,44,"['drama', 'romance']",['TH'],6.6
ts82500,Treehouse Detectives,SHOW,2018,TV-Y7,24,['animation'],[],7.6
tm481188,Isoken,MOVIE,2017,Not Availavle,100,"['romance', 'comedy', 'drama']",['NG'],6.4
ts83820,The Judgement,SHOW,2018,Not Availavle,48,"['drama', 'crime']",['TH'],7.1
tm313472,The Lost Brother,MOVIE,2017,R,112,"['thriller', 'crime', 'drama', 'european']",['AR'],6.5
tm430057,Weapon of Choice,MOVIE,2018,Not Availavle,90,"['documentation', 'european']","['AT', 'IQ', 'US']",4.8
tm316744,Lucas Brothers: On Drugs,MOVIE,2017,Not Availavle,49,['comedy'],['US'],5.7
tm361312,A StoryBots Christmas,MOVIE,2017,Not Availavle,25,"['animation', 'comedy', 'family', 'fantasy']",['US'],5.8
ts84372,YG Future Strategy Office,SHOW,2018,TV-MA,26,['comedy'],['KR'],6.7
tm407349,The Birth Reborn 2,MOVIE,2018,PG,91,['documentation'],['BR'],6.6
tm327951,The Doll 2,MOVIE,2017,Not Availavle,116,"['horror', 'thriller']",['ID'],5.1
tm447261,Free Rein: The Twelve Neighs of Christmas,MOVIE,2018,Not Availavle,58,"['drama', 'comedy', 'family']",['US'],6.6
tm321149,Fishtronaut: The Movie,MOVIE,2018,G,88,"['animation', 'action', 'family']",['BR'],7.5
tm684591,Freej Al Taibeen,MOVIE,2018,PG-13,100,"['comedy', 'sport']",['AE'],5.8
tm197806,For Here or to Go?,MOVIE,2017,Not Availavle,105,"['comedy', 'drama']",['US'],6.7
tm404449,Ayotzinapa: The Turtle's Pace,MOVIE,2018,Not Availavle,80,['documentation'],['MX'],7.4
tm352865,Rodney Carrington: Here Comes the Truth,MOVIE,2017,Not Availavle,66,"['comedy', 'documentation']",['XX'],4.5
tm412515,Coffee for All,MOVIE,2017,Not Availavle,69,"['documentation', 'european']","['AR', 'IT']",5.6
tm415938,No One Will Ever Know,MOVIE,2018,Not Availavle,102,['drama'],['MX'],6.2
tm344562,Listen,MOVIE,2017,Not Availavle,109,"['drama', 'romance']",['LB'],6.6
tm317274,Can't Help Falling in Love,MOVIE,2017,Not Availavle,119,"['romance', 'comedy', 'drama']",['PH'],6.9
tm348845,Marc Maron: Too Real,MOVIE,2017,Not Availavle,70,['comedy'],['US'],7.2
tm361588,Mission Kathmandu: The Adventures of Nelly & Simon,MOVIE,2017,Not Availavle,84,"['animation', 'comedy']",['CA'],5.1
tm434676,Joe Rogan: Strange Times,MOVIE,2018,Not Availavle,63,['comedy'],['US'],7.3
tm346867,Lynne Koplitz: Hormonal Beast,MOVIE,2017,Not Availavle,51,['comedy'],['US'],6.3
ts84341,What She Put on the Table,SHOW,2017,TV-14,85,['drama'],['TW'],7.3
tm319127,Vir Das: Abroad Understanding,MOVIE,2017,Not Availavle,65,['comedy'],"['IN', 'US']",6.9
ts83663,A Taiwanese Tale of Two Cities,SHOW,2018,Not Availavle,69,['drama'],['TW'],6.1
ts231159,Learning Songs by Little Baby Bum: Nursery Rhyme Friends,SHOW,2017,TV-Y,30,"['animation', 'family', 'music']",[],4.2
tm416458,The Insomnia Club,MOVIE,2018,PG-13,84,"['comedy', 'drama']",['MX'],6.2
tm409376,Pickpockets,MOVIE,2018,Not Availavle,100,"['crime', 'drama', 'thriller']",['CO'],5.4
ts81857,Club de Cuervos Presents: The Ballad of Hugo Sánchez,SHOW,2018,TV-MA,33,"['comedy', 'drama']",['MX'],6.5
tm430660,Munafik 2,MOVIE,2018,Not Availavle,104,['horror'],['MY'],5.5
ts272185,Running Man,SHOW,2017,Not Availavle,11,"['comedy', 'animation']",['KR'],8.5
tm421161,W. Kamau Bell: Private School Negro,MOVIE,2018,Not Availavle,65,['comedy'],['US'],6.4
tm347060,Poster Boys,MOVIE,2017,PG-13,128,['comedy'],['IN'],5.4
tm478147,The Lost Café,MOVIE,2018,Not Availavle,76,"['drama', 'comedy']","['NG', 'NO']",7.0
ts82564,Jimmy: The True Story of a True Idiot,SHOW,2018,TV-MA,46,"['drama', 'comedy']",['JP'],6.8
tm430059,The Hows of Us,MOVIE,2018,Not Availavle,117,"['drama', 'romance', 'comedy']",['PH'],6.7
tm434179,Two Catalonias,MOVIE,2018,Not Availavle,116,"['documentation', 'history', 'european']",['ES'],6.4
tm445258,Marriage Palace,MOVIE,2018,Not Availavle,102,['comedy'],['XX'],6.2
ts81632,A House of Blocks,SHOW,2017,TV-MA,85,"['drama', 'horror']",['TW'],2.3
tm346334,Out of Thin Air,MOVIE,2017,Not Availavle,85,"['crime', 'documentation']","['IS', 'GB']",6.3
ts113031,Droppin' Cash: Los Angeles,SHOW,2018,TV-MA,23,['reality'],[],3.4
tm294696,Bygones Be Bygones,MOVIE,2017,PG-13,103,['comedy'],['TR'],6.2
tm332500,Finally Found Someone,MOVIE,2017,Not Availavle,118,"['comedy', 'romance']",['PH'],5.7
tm325610,Chris D'Elia: Man on Fire,MOVIE,2017,Not Availavle,65,"['comedy', 'documentation']",['US'],6.5
ts83025,Baby Ballroom,SHOW,2017,Not Availavle,45,['documentation'],[],7.7
tm351505,The Reservoir Game,MOVIE,2017,Not Availavle,100,['documentation'],['KR'],6.0
tm423315,Pacíficum,MOVIE,2017,Not Availavle,74,['documentation'],['PE'],6.5
tm423593,Aruna & Her Palate,MOVIE,2018,Not Availavle,106,"['drama', 'romance']",['ID'],7.2
tm434126,Rafinha Bastos: Ultimatum,MOVIE,2018,Not Availavle,62,['comedy'],['BR'],6.5
ts87591,Justice: Qalb Al Adala,SHOW,2017,TV-14,42,"['drama', 'crime']",['US'],5.4
tm332572,Meghnadbodh Rohoshyo,MOVIE,2017,Not Availavle,122,['thriller'],['IN'],6.3
tm411508,Mahi NRI,MOVIE,2017,Not Availavle,132,"['drama', 'comedy']",['IN'],6.0
tm439678,Solo el amor,MOVIE,2018,Not Availavle,93,"['drama', 'romance', 'music', 'comedy']",['AR'],4.8
tm311193,Seeking a Man,MOVIE,2017,Not Availavle,100,"['romance', 'comedy', 'drama']",['EG'],6.3
tm430426,El Diesel,MOVIE,2018,Not Availavle,105,"['crime', 'thriller', 'action']",['EG'],4.5
tm418894,Franco Escamilla: Por La Anécdota,MOVIE,2018,Not Availavle,66,['comedy'],['MX'],6.9
ts58061,Memories of Love,SHOW,2018,TV-PG,44,"['drama', 'romance']",['CN'],5.7
ts75320,A Boy Named Flora A,SHOW,2017,TV-MA,89,"['drama', 'comedy']",['TW'],7.9
ts119220,The Hollywood Masters,SHOW,2017,TV-MA,34,['documentation'],['US'],7.2
tm446104,Fantastica,MOVIE,2018,G,114,"['comedy', 'fantasy']",['PH'],3.6
tm352951,Smaller and Smaller Circles,MOVIE,2017,Not Availavle,111,"['crime', 'thriller']",['PH'],6.7
tm354136,"El Especial de Alex Fernández, el Especial",MOVIE,2017,Not Availavle,52,['comedy'],['MX'],6.7
tm447514,Vir Das: Losing It,MOVIE,2018,PG-13,67,['comedy'],['US'],7.0
tm374395,Vanjagar Ulagam,MOVIE,2018,PG-13,161,"['thriller', 'action', 'crime', 'drama']",['IN'],6.1
tm376844,Penalty Kick,MOVIE,2018,PG-13,89,['comedy'],"['MX', 'CO']",3.7
tm426238,Pulang,MOVIE,2018,Not Availavle,120,"['romance', 'drama', 'action']",['MY'],6.7
tm346390,Brad Paisley's Comedy Rodeo,MOVIE,2017,Not Availavle,63,['comedy'],['US'],5.7
ts104093,Dance & Sing With True,SHOW,2018,Not Availavle,2,"['family', 'animation']",['CA'],6.4
ts82887,The Could've-Gone-All-the-Way Committee,SHOW,2018,TV-14,24,"['comedy', 'drama']",['JP'],6.8
tm369315,Garbage,MOVIE,2018,Not Availavle,105,"['thriller', 'drama']",['IN'],3.7
tm320756,Tracy Morgan: Staying Alive,MOVIE,2017,Not Availavle,60,['comedy'],['XX'],6.3
ts83407,Follow This,SHOW,2018,TV-MA,18,['documentation'],['US'],4.9
tm345225,Gurgaon,MOVIE,2017,Not Availavle,107,"['crime', 'thriller']",['IN'],6.5
tm408257,Todo lo que sería Lucas Lauriente,MOVIE,2018,Not Availavle,74,['comedy'],"['AR', 'US']",6.7
tm371188,#FriendButMarried,MOVIE,2018,Not Availavle,102,"['romance', 'comedy', 'drama']",['ID'],6.8
tm429174,Gun City,MOVIE,2018,Not Availavle,127,"['thriller', 'action', 'crime', 'history', 'european']","['ES', 'FR']",6.3
tm362047,Todd Barry: Spicy Honey,MOVIE,2017,Not Availavle,60,['comedy'],['US'],6.8
tm351171,My Travel Buddy,MOVIE,2017,PG-13,115,['comedy'],['TR'],6.1
tm434776,Mo Amer: The Vagabond,MOVIE,2018,Not Availavle,56,"['comedy', 'documentation']",['US'],7.3
tm444576,Puppy Star Christmas,MOVIE,2018,PG,90,"['family', 'comedy']",['US'],3.6
tm814861,Noblemen,MOVIE,2018,Not Availavle,108,['drama'],['IN'],5.6
tm431214,Back to Q82,MOVIE,2017,Not Availavle,105,"['scifi', 'action', 'comedy']",['KW'],6.1
tm363181,Ladies First,MOVIE,2017,G,39,"['documentation', 'comedy', 'romance']",['IN'],3.9
tm466084,Voulez-vous rire avec moi ce soir?,MOVIE,2018,Not Availavle,93,"['documentation', 'european']",['FR'],6.8
tm413082,Recovery Boys,MOVIE,2018,Not Availavle,90,['documentation'],['US'],6.7
tm449860,King of Boys,MOVIE,2018,Not Availavle,169,"['drama', 'crime']",['NG'],5.8
tm431169,Late Life: The Chien-Ming Wang Story,MOVIE,2018,Not Availavle,97,"['documentation', 'sport']","['TW', 'US']",7.1
tm476959,What Did I Mess,MOVIE,2018,PG-13,100,"['comedy', 'romance']",['LB'],7.1
tm458074,"Edmilson Filho: Notas, Comedy about Relationships",MOVIE,2018,Not Availavle,79,['comedy'],['BR'],4.9
tm353791,Seven Sundays,MOVIE,2017,Not Availavle,128,"['drama', 'comedy']",['PH'],7.6
tm246330,Pandigai,MOVIE,2017,R,150,"['romance', 'action', 'thriller']",['IN'],6.3
tm426994,Brij Mohan Amar Rahe!,MOVIE,2018,Not Availavle,100,"['comedy', 'drama', 'crime']",['IN'],6.9
tm364769,Pahuna: The Little Visitors,MOVIE,2017,Not Availavle,138,['drama'],"['NP', 'IN']",7.5
tm442354,Adhugo,MOVIE,2018,Not Availavle,110,['drama'],['IN'],5.9
tm423802,Luciano Mellera: Infantiloide,MOVIE,2018,PG-13,66,"['comedy', 'drama', 'crime']",['AR'],7.5
tm426367,Coco y Raulito: Carrusel de ternura,MOVIE,2018,PG-13,56,['comedy'],['MX'],6.6
tm312738,Jindua,MOVIE,2017,Not Availavle,140,"['romance', 'family']",['IN'],6.3
tm358746,A Witches' Ball,MOVIE,2017,PG,90,"['fantasy', 'comedy', 'family']",['CA'],5.1
tm416341,HiGH&LOW The Movie 3: Final Mission,MOVIE,2017,Not Availavle,118,"['drama', 'action']",['JP'],7.1
tm368448,Eve's Apple,MOVIE,2017,Not Availavle,90,"['documentation', 'european']",['ES'],5.8
tm420311,Ana e Vitória,MOVIE,2018,Not Availavle,115,"['romance', 'comedy', 'music']",['BR'],6.4
tm316658,Frat Star,MOVIE,2017,Not Availavle,85,"['drama', 'comedy']",['US'],3.6
tm325650,King of Peking,MOVIE,2017,Not Availavle,88,"['drama', 'comedy']","['AU', 'US', 'CN']",6.4
tm424162,Secrets in the Hot Spring,MOVIE,2018,Not Availavle,109,"['horror', 'comedy']",['TW'],6.0
tm368350,Jonaki,MOVIE,2018,Not Availavle,96,"['fantasy', 'drama', 'european']","['FR', 'IN', 'SG']",6.8
tm438105,Into the Wind,MOVIE,2018,Not Availavle,76,"['drama', 'european']",['CZ'],4.1
tm373864,Agustín Aristarán: Soy Rada,MOVIE,2018,Not Availavle,60,['comedy'],['AR'],6.2
tm323300,Joshua: Teenager vs. Superpower,MOVIE,2017,Not Availavle,78,['documentation'],['US'],7.3
tm327619,Aditi Mittal: Things They Wouldn't Let Me Say,MOVIE,2017,Not Availavle,62,['comedy'],['IN'],4.3
tm407881,Fary Is the New Black,MOVIE,2018,Not Availavle,74,"['comedy', 'european']",['FR'],5.8
tm440208,Hadithi za Kumekucha: Fatuma,MOVIE,2018,Not Availavle,85,['drama'],['TZ'],7.7
tm435333,DTC –Yukemuri Junjo Hen– from HiGH&LOW,MOVIE,2018,Not Availavle,102,"['comedy', 'drama']",['JP'],7.0
tm367105,Alejandro Riaño: Especial de stand up,MOVIE,2018,Not Availavle,60,['comedy'],['CO'],4.9
tm307698,My Ex & Whys,MOVIE,2017,Not Availavle,120,"['romance', 'drama']",['PH'],6.0
tm373134,Night of Knots,MOVIE,2018,G,100,['comedy'],['TR'],5.4
tm446558,Hedefim Sensin,MOVIE,2018,Not Availavle,105,['comedy'],['TR'],6.2
tm336227,Catching Feelings,MOVIE,2017,Not Availavle,115,"['romance', 'comedy', 'drama']",['ZA'],5.8
tm242887,Sei,MOVIE,2018,Not Availavle,128,"['drama', 'romance', 'thriller', 'action', 'crime']",['IN'],4.2
tm413266,Pup Star: World Tour,MOVIE,2018,G,87,"['music', 'comedy', 'family']","['JP', 'US', 'CA']",3.8
tm1063790,A Man for The Weekend,MOVIE,2017,Not Availavle,94,"['romance', 'comedy']",['CM'],4.5
tm438423,For the Broken Hearted,MOVIE,2018,Not Availavle,92,['drama'],['PH'],6.7
tm447328,ReMastered: Who Killed Jam Master Jay?,MOVIE,2018,Not Availavle,58,"['music', 'documentation']",['US'],6.5
tm376421,HiGH&LOW The Movie 2: End of Sky,MOVIE,2017,Not Availavle,124,['action'],['JP'],7.1
tm411649,Thug Life,MOVIE,2017,Not Availavle,134,"['comedy', 'drama']",['IN'],5.7
tm328041,Doob,MOVIE,2017,Not Availavle,102,['drama'],"['BD', 'IN']",6.1
tm445852,Three Words to Forever,MOVIE,2018,Not Availavle,106,"['drama', 'family', 'comedy', 'romance']",['XX'],6.8
tm479734,Table Manners,MOVIE,2018,Not Availavle,105,"['comedy', 'drama']","['CA', 'ZA']",5.1
tm438005,First Love,MOVIE,2018,Not Availavle,122,"['drama', 'romance']",['PH'],5.9
tm436704,Super Monsters Save Halloween,MOVIE,2018,Not Availavle,24,"['animation', 'family']",['US'],5.4
tm348191,Love You to the Stars and Back,MOVIE,2017,Not Availavle,111,"['drama', 'romance', 'comedy']",['PH'],7.4
tm701033,Na stojáka v kině,MOVIE,2018,Not Availavle,90,['comedy'],['CZ'],5.0
tm469399,Music Teacher,MOVIE,2018,Not Availavle,101,"['romance', 'drama', 'music']",['IN'],6.2
tm305227,Daniel Sosa: Sosafado,MOVIE,2017,Not Availavle,77,['comedy'],['MX'],5.4
tm350116,B. A. Pass 2,MOVIE,2017,Not Availavle,136,['drama'],['IN'],2.2
tm361161,DreamWorks Home: For the Holidays,MOVIE,2017,PG-13,45,"['scifi', 'fantasy', 'animation', 'comedy', 'family']",['GB'],4.8
tm349418,The Royal Hibiscus Hotel,MOVIE,2018,Not Availavle,90,"['comedy', 'romance']",['NG'],5.4
tm450512,Pinky Memsaab,MOVIE,2018,Not Availavle,124,"['drama', 'family']",['PK'],6.3
tm415245,Crossroads: One Two Jaga,MOVIE,2018,Not Availavle,80,"['crime', 'drama']",['MY'],6.5
tm479933,Project Papa,MOVIE,2018,G,97,['drama'],['XX'],6.3
tm345960,Alan Saldaña: mi vida de pobre,MOVIE,2017,Not Availavle,53,['comedy'],['MX'],6.3
tm417488,Mama's Boy,MOVIE,2018,Not Availavle,104,['comedy'],['EG'],6.1
tm370781,Natalia Valdebenito: El especial,MOVIE,2018,Not Availavle,76,['comedy'],['CL'],5.0
tm362878,Dilan 1990,MOVIE,2018,Not Availavle,109,"['drama', 'romance']",['ID'],7.0
tm358370,Love and Shukla,MOVIE,2017,Not Availavle,117,"['romance', 'comedy', 'drama']",['IN'],7.3
tm369453,Mau Nieto: viviendo sobrio… desde el bar,MOVIE,2018,Not Availavle,57,['comedy'],['MX'],6.7
tm815509,Mrs. Miracle Animals: An Squirrel's Princess Bride,MOVIE,2017,Not Availavle,28,"['comedy', 'fantasy', 'animation', 'family']",[],4.7
tm358188,Alexis de Anda: Mea Culpa,MOVIE,2017,Not Availavle,54,['comedy'],['MX'],4.9
tm442805,My Travel Buddy 2,MOVIE,2018,PG-13,111,"['family', 'comedy']",['TR'],5.8
tm307383,Ghost Hunting,MOVIE,2017,Not Availavle,94,"['documentation', 'european']","['FR', 'PS', 'CH', 'QA']",7.1
tm478701,Lara and the Beat,MOVIE,2018,Not Availavle,137,"['drama', 'music', 'romance']",['NG'],5.8
tm414746,Carlos Ballarta: furia ñera,MOVIE,2018,Not Availavle,62,['comedy'],['MX'],7.2
tm324753,Marco Luque - We are together,MOVIE,2017,Not Availavle,73,['comedy'],['BR'],4.3
tm314138,Felipe Neto: My Life Makes No Sense,MOVIE,2017,Not Availavle,90,"['comedy', 'documentation']",['BR'],4.4
tm244473,Blessed Benefit,MOVIE,2017,Not Availavle,83,"['drama', 'comedy', 'european']","['NL', 'JO', 'DE']",6.6
tm478654,Salam - The First ****** Nobel Laureate,MOVIE,2018,Not Availavle,75,['documentation'],['US'],7.8
ts80859,Here to Heart,SHOW,2018,TV-14,45,"['drama', 'romance']",['CN'],7.5
tm460198,Catch.er,MOVIE,2017,Not Availavle,81,"['crime', 'drama']",['NG'],4.5
tm369210,Ricardo Quevedo: Hay gente así,MOVIE,2018,Not Availavle,58,['comedy'],['CO'],6.3
tm404569,Shubh Aarambh,MOVIE,2017,Not Availavle,126,"['comedy', 'drama', 'family']",['IN'],6.7
tm367613,Mr. Chandramouli,MOVIE,2018,Not Availavle,122,"['romance', 'comedy', 'sport']",['IN'],5.1
tm350945,Posesif,MOVIE,2017,Not Availavle,102,"['drama', 'comedy', 'romance']",['ID'],7.4
tm478967,Until Midnight,MOVIE,2018,R,78,"['thriller', 'drama']",['AE'],6.9
tm438250,"I, Potro",MOVIE,2018,Not Availavle,50,"['comedy', 'sport']","['MX', 'AR']",6.2
tm369456,Fakkah Fuzz: Almost Banned,MOVIE,2018,Not Availavle,60,['comedy'],['XX'],4.2
tm368284,Arango y Sanint: Ríase el show,MOVIE,2018,Not Availavle,62,['comedy'],['CO'],4.0
tm376709,Jani Dueñas: Grandes fracasos de ayer y hoy,MOVIE,2018,Not Availavle,77,['comedy'],"['US', 'CL', 'MX']",4.8
tm316923,Kartini: Princess of Java,MOVIE,2017,Not Availavle,118,"['drama', 'family', 'history', 'european']",['ID'],7.6
tm375836,Adel Karam: Live from Beirut,MOVIE,2018,R,59,['comedy'],['LB'],5.3
tm480647,Ayana,MOVIE,2017,Not Availavle,128,"['drama', 'documentation']",['KG'],7.1
tm450769,Nathicharami,MOVIE,2018,Not Availavle,116,['drama'],['IN'],7.1
tm452767,Next Enti?,MOVIE,2018,Not Availavle,157,"['comedy', 'drama', 'romance']",['XX'],4.5
tm430666,Hantu Kak Limah,MOVIE,2018,Not Availavle,111,"['horror', 'comedy']",['MY'],5.6
tm369079,Todd Glass: Act Happy,MOVIE,2018,Not Availavle,62,['comedy'],['US'],5.1
tm416134,Fernando Sanjiao: Hombre,MOVIE,2018,Not Availavle,63,['comedy'],['AR'],6.3
tm404828,Yoo Byung Jae: Too Much Information,MOVIE,2018,Not Availavle,63,['comedy'],['KR'],5.3
tm321035,Mawlana,MOVIE,2017,Not Availavle,130,"['thriller', 'drama']",['EG'],6.9
tm441915,Elf Pets: Santa's St. Bernards Save Christmas,MOVIE,2018,G,26,"['animation', 'family', 'comedy', 'fantasy']",['US'],5.3
tm361633,Potato Potahto,MOVIE,2017,Not Availavle,104,['comedy'],['GH'],4.1
ts229123,Little Singham,SHOW,2018,Not Availavle,12,"['animation', 'action']",['IN'],3.5
tm368006,Harith Iskander: I Told You So,MOVIE,2018,Not Availavle,61,['comedy'],['US'],4.6
tm840936,Zoé: Panoramas,MOVIE,2017,PG,89,"['documentation', 'music']",['XX'],6.8
tm430459,La Leyenda del Diamante,MOVIE,2018,Not Availavle,87,"['action', 'fantasy', 'horror', 'western', 'family', 'scifi']",['MX'],3.3
tm440324,Santo cachón,MOVIE,2018,Not Availavle,87,['comedy'],['CO'],4.7
ts78444,Luna Petunia Return to Amazia,SHOW,2018,TV-Y,24,['animation'],['US'],4.8
tm1146751,Bahasha,MOVIE,2018,Not Availavle,85,['drama'],['TZ'],7.0
tm411528,Enissa Amani: Ehrenwort,MOVIE,2018,PG,65,"['comedy', 'european']",['US'],5.5
ts84555,The Unknown Hitman: The Story of El Cholo Adrián,SHOW,2017,TV-MA,50,"['action', 'crime']",['MX'],6.6
tm153164,Puriyaatha Puthir,MOVIE,2017,Not Availavle,140,['thriller'],['IN'],6.5
tm320949,Simplemente Manu NNa,MOVIE,2017,Not Availavle,71,['comedy'],['MX'],5.4
tm428877,Babamın Ceketi,MOVIE,2018,Not Availavle,100,['comedy'],['TR'],4.9
tm314677,Silence Is Welcome,MOVIE,2017,Not Availavle,94,['drama'],['MX'],5.1
ts54112,Life Plan A and B,SHOW,2017,TV-PG,80,['drama'],['TW'],7.8
tm306680,Grillo vs Grillo,MOVIE,2017,Not Availavle,95,"['comedy', 'european']",['XX'],5.3
tm430748,Neevevaro,MOVIE,2018,PG,130,"['thriller', 'action', 'drama', 'romance']",['IN'],6.9
tm369452,Sebastián Marcelo Wainraich,MOVIE,2018,Not Availavle,49,['comedy'],['AR'],6.4
tm471288,Baby Mamas,MOVIE,2018,Not Availavle,93,"['comedy', 'drama']",['ZA'],6.6
ts80445,The Honeymoon Stand Up Special,SHOW,2018,Not Availavle,32,['comedy'],[],6.8
tm491499,Fan of Amoory,MOVIE,2018,G,91,['drama'],['AE'],6.0
tm493814,Satria Heroes: Revenge of the Darkness,MOVIE,2017,Not Availavle,92,"['scifi', 'action', 'drama', 'fantasy']",['ID'],4.4
tm465864,Hajwala 2: Mysterious Mission,MOVIE,2018,PG-13,115,"['action', 'comedy']",['AE'],3.9
tm433087,Rise: Ini Kalilah,MOVIE,2018,Not Availavle,102,['drama'],['MY'],5.1
tm336084,Echcharikkai,MOVIE,2018,Not Availavle,134,"['thriller', 'horror', 'crime', 'drama']",['IN'],6.3
tm360763,Verses of Love 2,MOVIE,2017,Not Availavle,125,"['drama', 'romance']",['ID'],5.5
tm370472,Kavin Jay : Everybody Calm Down!,MOVIE,2018,Not Availavle,53,"['comedy', 'documentation']",['XX'],5.9
tm368697,Unexpectedly Yours,MOVIE,2017,Not Availavle,120,"['comedy', 'romance']",['PH'],6.7
ts250172,Afronta!,SHOW,2017,TV-PG,14,['documentation'],['BR'],7.4
tm420789,Lilli,MOVIE,2018,PG,91,['thriller'],['IN'],5.7
ts97584,Highland: Thailand's Marijuana Awakening,SHOW,2017,TV-MA,20,['documentation'],['US'],6.2
tm819641,Match,MOVIE,2017,Not Availavle,7,['drama'],[],4.1
tm458186,Komola Rocket,MOVIE,2018,Not Availavle,95,['drama'],['BD'],7.4
tm430496,D.L. Hughley: Contrarian,MOVIE,2018,Not Availavle,58,['comedy'],['US'],6.5
tm327926,Panoptic,MOVIE,2017,Not Availavle,79,['documentation'],"['AE', 'LB']",6.3
tm327636,Joe Mande's Award-Winning Comedy Special,MOVIE,2017,Not Availavle,66,"['comedy', 'documentation']",['US'],6.1
tm366383,Deliha 2,MOVIE,2018,G,106,['comedy'],['TR'],4.7
tm349134,Fabrizio Copano: solo pienso en mí,MOVIE,2017,Not Availavle,59,['comedy'],['CL'],5.0
tm285712,Jen Kirkman: Just Keep Livin'?,MOVIE,2017,Not Availavle,69,['comedy'],['US'],6.8
tm834886,Wedy Atkalam,MOVIE,2018,Not Availavle,72,"['comedy', 'drama']",['KW'],5.7
tm426260,Si Doel the Movie,MOVIE,2018,Not Availavle,85,"['family', 'romance', 'drama', 'comedy']",['ID'],6.8
ts76645,The Umbrella Academy,SHOW,2019,TV-14,50,"['comedy', 'drama', 'fantasy', 'scifi', 'action']",['US'],8.0
ts216746,The Secret of Skinwalker Ranch,SHOW,2020,TV-PG,42,"['horror', 'reality', 'thriller', 'documentation']",['US'],6.0
ts89840,Virgin River,SHOW,2019,TV-14,44,"['drama', 'romance']",['US'],7.4
tm441050,The Gentlemen,MOVIE,2019,R,113,"['crime', 'action', 'comedy']","['US', 'GB']",7.8
ts87466,Demon Slayer: Kimetsu no Yaiba,SHOW,2019,TV-MA,25,"['scifi', 'action', 'animation', 'horror', 'fantasy', 'thriller']",['JP'],8.7
ts88361,"Love, Death & Robots",SHOW,2019,TV-MA,13,"['scifi', 'animation', 'thriller', 'horror', 'comedy', 'fantasy', 'drama', 'action']",['US'],8.4
ts87248,In the Dark,SHOW,2019,TV-14,41,"['drama', 'comedy', 'action', 'crime', 'horror']",['US'],7.5
ts90311,Vinland Saga,SHOW,2019,TV-MA,24,"['animation', 'action', 'drama', 'war', 'history']",['JP'],8.8
ts80962,Tuca & Bertie,SHOW,2019,TV-MA,24,"['comedy', 'animation']",['US'],7.3
ts86497,Russian Doll,SHOW,2019,TV-MA,28,"['comedy', 'drama']",['US'],7.8
ts254656,Jurassic World: Camp Cretaceous,SHOW,2020,TV-PG,24,"['action', 'animation', 'scifi', 'family']",['US'],7.5
ts57327,The Witcher,SHOW,2019,TV-MA,58,"['scifi', 'action', 'horror', 'drama', 'fantasy']",['US'],8.2
ts216679,Bridgerton,SHOW,2020,TV-MA,62,"['drama', 'history', 'romance']",['US'],7.3
ts237109,Control Z,SHOW,2020,TV-MA,38,"['drama', 'thriller']",['MX'],6.9
ts81007,After Life,SHOW,2019,TV-MA,28,"['comedy', 'drama']",['GB'],8.4
tm510203,A Call to Spy,MOVIE,2019,PG-13,123,"['crime', 'drama', 'thriller', 'war', 'history']",['US'],6.6
ts86912,Surviving R. Kelly,SHOW,2019,TV-14,59,"['documentation', 'crime', 'music']",['US'],7.5
ts252505,Are You Afraid of the Dark?,SHOW,2019,TV-PG,42,"['thriller', 'horror', 'family', 'drama', 'fantasy']",['US'],7.0
ts191559,The UnXplained,SHOW,2019,TV-14,42,['documentation'],['US'],7.1
ts89259,The Queen's Gambit,SHOW,2020,TV-MA,56,"['drama', 'sport']",['US'],8.6
ts83555,"Roswell, New Mexico",SHOW,2019,TV-14,41,"['scifi', 'drama', 'romance']",['US'],6.1
ts82915,Sex Education,SHOW,2019,TV-MA,52,"['drama', 'comedy']",['GB'],8.3
ts82914,Dead to Me,SHOW,2019,TV-MA,31,"['thriller', 'crime', 'drama', 'comedy']",['US'],8.0
ts215046,Capitani,SHOW,2019,TV-MA,29,"['crime', 'drama', 'thriller']",['LU'],6.6
ts90234,I Think You Should Leave with Tim Robinson,SHOW,2019,TV-MA,16,['comedy'],['US'],7.9
ts88613,Formula 1: Drive to Survive,SHOW,2019,TV-MA,38,"['documentation', 'sport']",['GB'],8.6
ts81120,The Last Dance,SHOW,2020,TV-MA,50,"['documentation', 'history', 'sport']",['US'],9.1
ts87953,Locke & Key,SHOW,2020,TV-14,48,"['drama', 'thriller', 'scifi', 'horror', 'fantasy']",['US'],7.4
ts235655,Outer Banks,SHOW,2020,TV-MA,49,"['thriller', 'action', 'drama', 'romance', 'crime']",['US'],7.5
ts84146,Emily in Paris,SHOW,2020,TV-MA,29,"['drama', 'comedy', 'romance']",['US'],6.9
tm681578,The Rental,MOVIE,2020,R,88,"['drama', 'horror', 'thriller']",['US'],5.7
ts221904,Unbelievable,SHOW,2019,TV-MA,48,"['drama', 'crime']",['US'],8.4
ts55762,Kingdom,SHOW,2019,TV-MA,48,"['action', 'scifi', 'thriller', 'history', 'drama', 'horror']",['KR'],8.3
tm369594,I'm Thinking of Ending Things,MOVIE,2020,R,134,"['drama', 'thriller', 'fantasy']",['US'],6.6
tm244149,The Irishman,MOVIE,2019,R,209,"['crime', 'drama', 'history', 'thriller']",['US'],7.8
ts100116,Blown Away,SHOW,2019,TV-PG,26,"['reality', 'comedy', 'history', 'documentation']",['CA'],7.1
ts219101,Marianne,SHOW,2019,TV-MA,45,"['thriller', 'drama', 'horror']",['FR'],7.4
ts87453,Space Force,SHOW,2020,TV-MA,30,['comedy'],['US'],6.7
ts222988,Love on the Spectrum,SHOW,2019,TV-14,42,"['reality', 'romance', 'documentation']",['AU'],8.6
ts235758,Never Have I Ever,SHOW,2020,TV-14,28,"['comedy', 'drama']",['US'],7.8
tm496322,Extraction,MOVIE,2020,R,116,"['crime', 'drama', 'action', 'thriller']",['US'],6.7
ts224901,The Stranger,SHOW,2020,TV-MA,45,"['thriller', 'crime', 'drama']",['GB'],7.3
tm863808,My Octopus Teacher,MOVIE,2020,Not Availavle,84,['documentation'],"['ZA', 'GB']",8.1
tm827638,Synchronic,MOVIE,2019,R,102,"['crime', 'drama', 'horror', 'scifi', 'thriller']",['US'],6.2
ts84633,The Promised Neverland,SHOW,2019,TV-MA,23,"['animation', 'thriller', 'scifi', 'action', 'drama', 'horror', 'fantasy']",['JP'],8.3
tm460124,"Yes, God, Yes",MOVIE,2020,R,78,"['comedy', 'drama']","['GB', 'US']",6.1
ts88379,Dracula,SHOW,2020,TV-MA,88,"['drama', 'action', 'thriller', 'fantasy', 'horror']",['GB'],6.8
tm824398,The Platform,MOVIE,2019,Not Availavle,95,"['scifi', 'thriller', 'horror', 'european']",['ES'],7.0
tm911973,Enola Holmes,MOVIE,2020,PG-13,123,"['crime', 'drama', 'action']",['US'],6.6
ts249891,The Comey Rule,SHOW,2020,TV-MA,82,"['war', 'drama']",['US'],7.4
tm849003,The Old Guard,MOVIE,2020,R,125,"['fantasy', 'action', 'thriller']",['US'],6.6
ts89564,Black Summer,SHOW,2019,TV-MA,39,"['scifi', 'thriller', 'action', 'drama', 'horror']",['US'],6.5
tm845489,His House,MOVIE,2020,Not Availavle,93,"['thriller', 'drama', 'horror']",['GB'],6.5
tm403709,Marriage Story,MOVIE,2019,R,136,"['drama', 'romance', 'comedy']",['GB'],7.9
ts224303,The Daily Life of the Immortal King,SHOW,2020,TV-14,19,"['scifi', 'animation', 'comedy', 'action', 'fantasy']",['CN'],7.2
tm362198,Scary Stories to Tell in the Dark,MOVIE,2019,PG-13,108,"['horror', 'thriller']","['US', 'CA', 'CN']",6.2
tm368699,The Devil All the Time,MOVIE,2020,R,138,"['crime', 'drama', 'thriller', 'horror']",['US'],7.1
tm828369,Lunana: A Yak in the Classroom,MOVIE,2019,Not Availavle,109,"['drama', 'family']","['BT', 'CN']",7.4
tm502532,Fantastic Fungi,MOVIE,2019,Not Availavle,81,['documentation'],['US'],7.4
tm417392,The King,MOVIE,2019,R,140,"['history', 'war', 'drama', 'romance']","['US', 'AU']",7.2
ts219660,Alice in Borderland,SHOW,2020,TV-MA,47,"['action', 'drama', 'scifi', 'thriller', 'fantasy']",['JP'],7.6
ts57213,The Dark Crystal: Age of Resistance,SHOW,2019,TV-PG,51,"['scifi', 'family', 'animation', 'fantasy', 'horror', 'drama', 'action']","['US', 'GB']",8.4
ts82913,When They See Us,SHOW,2019,TV-MA,74,"['drama', 'crime', 'history']",['US'],8.9
tm414584,Rambo: Last Blood,MOVIE,2019,R,101,"['drama', 'action', 'crime', 'thriller', 'western']","['US', 'CN']",6.1
ts221200,The Haunting of Bly Manor,SHOW,2020,TV-MA,55,"['thriller', 'drama', 'scifi', 'horror']",['US'],7.3
tm817504,1BR,MOVIE,2019,Not Availavle,90,"['thriller', 'drama', 'horror']",['US'],5.8
tm412937,Trading Paint,MOVIE,2019,R,87,"['drama', 'thriller', 'action', 'sport', 'european']","['GB', 'US']",4.4
ts237107,Sweet Magnolias,SHOW,2020,TV-14,50,"['drama', 'romance']",['US'],7.3
tm456156,Sweetheart,MOVIE,2019,PG-13,82,"['horror', 'thriller', 'drama', 'fantasy', 'scifi']",['US'],5.8
tm943790,Summerland,MOVIE,2020,PG,102,"['romance', 'war', 'drama']",['GB'],7.0
tm239927,Official Secrets,MOVIE,2019,R,112,"['drama', 'thriller', 'history', 'crime', 'war', 'romance']","['GB', 'US']",7.3
ts89210,Warrior Nun,SHOW,2020,TV-MA,43,"['action', 'drama', 'scifi', 'fantasy']",['US'],6.8
tm919961,Pieces of a Woman,MOVIE,2020,R,127,['drama'],"['CA', 'HU', 'US']",7.0
tm427335,Freaks,MOVIE,2019,R,105,"['scifi', 'thriller', 'drama']","['US', 'CA']",6.7
tm431321,21 Bridges,MOVIE,2019,R,99,"['action', 'drama', 'crime', 'thriller']",['US'],6.6
tm417553,6 Underground,MOVIE,2019,R,128,"['thriller', 'comedy', 'action']",['US'],6.1
tm821789,Mank,MOVIE,2020,R,131,"['comedy', 'drama']",['US'],6.8
tm834851,I Care a Lot,MOVIE,2020,R,118,"['drama', 'thriller', 'comedy', 'crime']","['GB', 'US']",6.3
ts223210,Don't F**k with Cats: Hunting an Internet Killer,SHOW,2019,TV-MA,62,"['documentation', 'crime']",['GB'],8.0
tm827648,El Camino: A Breaking Bad Movie,MOVIE,2019,R,123,"['crime', 'drama', 'thriller', 'action']",['US'],7.3
tm460948,Always Be My Maybe,MOVIE,2019,PG-13,102,"['romance', 'comedy']",['US'],6.8
ts107724,The Defeated,SHOW,2020,TV-MA,55,"['history', 'thriller', 'drama']",['DE'],7.0
tm847085,The Social Dilemma,MOVIE,2020,PG-13,94,"['drama', 'documentation']",['US'],7.6
tm494295,Straight Up,MOVIE,2019,Not Availavle,95,"['comedy', 'romance']",['US'],6.8
tm916405,The Outpost,MOVIE,2020,R,123,"['history', 'action', 'war', 'drama']","['BG', 'US']",6.8
tm823545,Disappearance at Clifton Hill,MOVIE,2020,Not Availavle,100,"['thriller', 'drama']",['CA'],5.4
tm244207,Triple Frontier,MOVIE,2019,R,125,"['thriller', 'action', 'crime', 'drama']",['US'],6.4
tm849004,Eurovision Song Contest: The Story of Fire Saga,MOVIE,2020,PG-13,123,"['music', 'comedy']",['US'],6.5
ts218802,The Family,SHOW,2019,TV-14,50,"['documentation', 'sport', 'reality']",['US'],6.4
ts287836,Into the Night,SHOW,2020,TV-MA,36,"['scifi', 'drama', 'thriller']",['BE'],7.1
tm423666,The Wandering Earth,MOVIE,2019,PG-13,126,"['scifi', 'action', 'drama', 'thriller']",['CN'],5.9
tm818266,The Forgotten Battle,MOVIE,2020,Not Availavle,124,"['drama', 'war', 'history', 'documentation', 'european']","['BE', 'LT', 'NL']",7.1
ts225651,Feel Good,SHOW,2020,TV-MA,25,"['drama', 'comedy', 'romance']",['GB'],7.5
tm813695,After We Collided,MOVIE,2020,R,105,"['drama', 'romance']",['US'],5.0
tm448792,In the Shadow of the Moon,MOVIE,2019,R,115,"['scifi', 'crime', 'thriller']","['US', 'CA']",6.2
tm1121246,Code 8,MOVIE,2019,Not Availavle,99,"['scifi', 'action', 'crime', 'thriller', 'drama']","['CA', 'GB', 'US']",6.1
tm447963,Fractured,MOVIE,2019,R,99,['thriller'],['US'],6.4
ts104401,Ragnarok,SHOW,2020,TV-MA,47,"['thriller', 'action', 'drama', 'fantasy', 'scifi']",['NO'],7.5
tm832345,365 Days,MOVIE,2020,Not Availavle,114,"['romance', 'drama', 'european']",['PL'],3.3
ts304505,Love Is Blind,SHOW,2020,TV-MA,54,"['reality', 'romance']",['US'],6.1
ts103702,Young Wallander,SHOW,2020,TV-MA,45,"['thriller', 'crime', 'drama']",['GB'],6.9
ts88577,Hollywood,SHOW,2020,TV-MA,50,"['drama', 'history']",['US'],7.5
ts85398,Our Planet,SHOW,2019,TV-G,50,['documentation'],['GB'],9.3
ts91039,The Chef Show,SHOW,2019,TV-MA,31,['documentation'],['US'],8.2
ts257301,Big Timber,SHOW,2020,Not Availavle,48,['reality'],['CA'],6.6
ts95997,Raising Dion,SHOW,2019,TV-G,43,"['scifi', 'drama']",['US'],7.1
tm428856,I Am Mother,MOVIE,2019,PG-13,114,"['scifi', 'horror', 'drama', 'thriller']",['AU'],6.7
tm983787,Ava,MOVIE,2020,R,96,"['thriller', 'crime', 'action', 'drama']",['US'],5.4
tm840196,The Trial of the Chicago 7,MOVIE,2020,R,130,"['drama', 'history', 'thriller']",['US'],7.7
tm455636,The Dirt,MOVIE,2019,R,108,"['drama', 'comedy', 'music']",['US'],6.9
ts82912,Ratched,SHOW,2020,TV-MA,54,"['drama', 'history', 'thriller', 'crime']",['US'],7.2
tm824331,Can You Keep a Secret?,MOVIE,2019,Not Availavle,94,"['romance', 'comedy']",['US'],5.3
ts84663,The Politician,SHOW,2019,TV-14,43,"['comedy', 'drama']",['US'],7.5
tm441231,Murder Mystery,MOVIE,2019,PG-13,90,"['comedy', 'crime', 'romance', 'action']","['IT', 'MC', 'US', 'CA']",6.0
tm843444,Da 5 Bloods,MOVIE,2020,R,156,"['war', 'drama']",['US'],6.5
tm832916,The Midnight Sky,MOVIE,2020,PG-13,118,"['drama', 'scifi', 'thriller', 'fantasy']",['US'],5.6
ts242210,The Cursed,SHOW,2020,TV-MA,62,"['thriller', 'scifi', 'drama', 'fantasy']",['KR'],7.1
ts221749,Dorohedoro,SHOW,2020,TV-MA,25,"['scifi', 'action', 'comedy', 'fantasy', 'horror', 'animation']",['JP'],8.1
ts86165,The Society,SHOW,2019,TV-MA,56,"['drama', 'scifi', 'thriller']",['US'],7.0
ts225522,Unorthodox,SHOW,2020,TV-MA,54,['drama'],['DE'],8.0
ts116814,The Twelve,SHOW,2019,TV-MA,48,"['thriller', 'drama']",['BE'],7.4
ts246072,Barbarians,SHOW,2020,TV-MA,47,"['drama', 'action', 'history']",['DE'],7.2
tm458553,Wine Country,MOVIE,2019,R,103,"['comedy', 'drama']",['US'],5.4
ts218569,The Movies That Made Us,SHOW,2019,TV-PG,47,"['documentation', 'family', 'history']",['US'],7.6
tm886464,The Wrong Missy,MOVIE,2020,R,90,"['romance', 'comedy']",['US'],5.7
tm417416,Five Feet Apart,MOVIE,2019,PG-13,116,"['romance', 'drama']",['US'],7.2
tm439163,Brahms: The Boy II,MOVIE,2020,PG-13,86,"['thriller', 'horror', 'drama']","['CN', 'US', 'AU', 'CA']",4.7
tm426428,After,MOVIE,2019,PG-13,102,"['drama', 'romance']",['US'],5.2
ts84661,Cursed,SHOW,2020,TV-MA,55,"['action', 'scifi', 'fantasy', 'drama']",['US'],5.8
tm441232,Someone Great,MOVIE,2019,R,92,"['romance', 'comedy']",['US'],6.1
ts220751,Lego Jurassic World: Legend of Isla Nublar,SHOW,2019,TV-PG,22,"['comedy', 'family', 'scifi', 'animation', 'action']",['CA'],6.7
tm450262,Last Breath,MOVIE,2019,Not Availavle,85,"['documentation', 'european']","['BE', 'SE', 'GB']",7.7
ts83082,Living with Yourself,SHOW,2019,TV-MA,26,"['drama', 'scifi', 'comedy']",['US'],7.2
ts113842,Giri/Haji,SHOW,2019,TV-MA,58,"['drama', 'thriller', 'crime']",['GB'],7.8
tm435520,The Two Popes,MOVIE,2019,PG-13,125,"['drama', 'comedy', 'history']",['US'],7.6
tm443615,Rebecca,MOVIE,2020,PG-13,123,"['romance', 'drama', 'thriller']",['GB'],6.0
tm432765,The Wind,MOVIE,2019,R,86,"['western', 'thriller', 'horror']",['US'],5.5
ts129445,The Spy,SHOW,2019,TV-MA,53,"['drama', 'history']",['FR'],7.9
tm456436,Bad Trip,MOVIE,2020,Not Availavle,87,"['comedy', 'reality']","['CA', 'US']",6.5
ts241486,Pokémon Journeys: The Series,SHOW,2020,TV-PG,22,"['animation', 'action', 'scifi', 'comedy', 'family', 'fantasy']",['JP'],6.9
tm470240,The Half of It,MOVIE,2020,PG-13,104,"['comedy', 'romance', 'drama']",['US'],6.9
tm458585,Dolemite Is My Name,MOVIE,2019,R,118,"['drama', 'comedy', 'history']",['US'],7.2
tm678022,The Prom,MOVIE,2020,PG-13,130,"['comedy', 'drama', 'music', 'romance']",['US'],5.9
ts237560,Jeffrey Epstein: Filthy Rich,SHOW,2020,TV-MA,57,"['documentation', 'crime']",['US'],7.1
ts269397,Bogdan Boner: Egzorcysta,SHOW,2020,TV-MA,12,"['animation', 'comedy']",['PL'],7.3
tm361746,Ophelia,MOVIE,2019,PG-13,114,"['drama', 'romance', 'history', 'war', 'thriller']","['GB', 'US']",6.6
ts105825,The Valhalla Murders,SHOW,2019,TV-MA,47,"['crime', 'drama', 'thriller', 'scifi']",['IS'],7.1
tm821143,Ma Rainey's Black Bottom,MOVIE,2020,R,94,"['drama', 'music']",['US'],6.9
ts113506,The Last Czars,SHOW,2019,TV-MA,45,"['romance', 'documentation', 'drama', 'history', 'war']",['GB'],7.3
tm453862,The Call,MOVIE,2020,Not Availavle,112,"['scifi', 'thriller', 'drama', 'crime', 'horror']",['KR'],7.1
tm849022,Hillbilly Elegy,MOVIE,2020,R,117,['drama'],['US'],6.7
ts89339,Selling Sunset,SHOW,2019,TV-MA,36,['reality'],['US'],6.4
ts88909,Glow Up: Britain's Next Make-Up Star,SHOW,2019,TV-14,54,['reality'],['GB'],6.8
ts103133,I Am Not Okay with This,SHOW,2020,TV-MA,21,"['drama', 'fantasy', 'scifi', 'comedy']",['US'],7.5
tm358770,Paradise Hills,MOVIE,2019,Not Availavle,95,"['scifi', 'thriller', 'fantasy', 'european']","['US', 'ES']",5.3
ts83491,WHAT / IF,SHOW,2019,TV-MA,54,"['drama', 'thriller', 'romance']",['US'],6.3
tm420826,The Highwaymen,MOVIE,2019,R,133,"['drama', 'thriller', 'crime']",['US'],6.9
ts281928,Unsolved Mysteries,SHOW,2020,TV-MA,49,"['documentation', 'drama', 'thriller', 'crime']",['US'],7.3
tm372066,Fast Color,MOVIE,2019,PG-13,102,"['scifi', 'thriller', 'drama']",['US'],6.0
ts223981,Cheer,SHOW,2020,TV-MA,56,"['documentation', 'sport', 'reality']",['US'],8.1
ts89014,DC Super Hero Girls,SHOW,2019,TV-PG,10,"['scifi', 'animation', 'family', 'action', 'comedy', 'fantasy', 'drama']",['US'],7.1
ts83657,The Order,SHOW,2019,TV-MA,48,"['scifi', 'drama', 'thriller', 'fantasy', 'horror']",['US'],6.7
tm499045,Occupation: Rainfall,MOVIE,2020,R,128,"['scifi', 'action']",['AU'],5.2
ts250997,Down to Earth with Zac Efron,SHOW,2020,TV-PG,39,"['documentation', 'history', 'reality']",['US'],8.0
tm444017,"Extremely Wicked, Shockingly Evil and Vile",MOVIE,2019,R,110,"['crime', 'thriller', 'drama']",['US'],6.7
ts215012,Kipo and the Age of Wonderbeasts,SHOW,2020,TV-Y7,23,"['comedy', 'family', 'fantasy', 'scifi', 'animation', 'action']",['US'],8.3
tm433462,We Summon the Darkness,MOVIE,2020,R,91,"['thriller', 'horror', 'comedy', 'music']",['US'],5.2
ts103329,Ghost in the Shell: SAC_2045,SHOW,2020,TV-14,25,"['scifi', 'action', 'animation', 'crime', 'drama', 'thriller']",['JP'],6.2
tm927718,The Paper Tigers,MOVIE,2020,PG-13,110,"['comedy', 'action']",['US'],6.3
ts215683,The Untamed,SHOW,2019,TV-14,44,"['action', 'drama', 'thriller', 'romance', 'comedy', 'fantasy', 'horror']",['CN'],8.8
tm548602,Between Two Ferns: The Movie,MOVIE,2019,Not Availavle,82,['comedy'],['US'],6.1
ts236531,Too Hot to Handle,SHOW,2020,TV-MA,42,"['reality', 'romance']",['US'],4.6
tm325325,The Game Changers,MOVIE,2019,Not Availavle,88,['documentation'],['US'],7.8
tm845484,Dick Johnson Is Dead,MOVIE,2020,PG-13,89,"['documentation', 'drama']",['US'],7.4
tm332071,Velvet Buzzsaw,MOVIE,2019,R,113,"['thriller', 'horror', 'comedy']",['US'],5.7
ts80709,Another Life,SHOW,2019,TV-MA,42,"['scifi', 'drama', 'thriller']",['US'],5.2
ts256007,Love & Anarchy,SHOW,2020,TV-MA,31,"['comedy', 'drama', 'romance']",['SE'],7.4
ts86908,L.A.'s Finest,SHOW,2019,TV-14,47,"['crime', 'drama', 'action', 'comedy', 'thriller']",['US'],6.1
ts105441,Greatest Events of WWII in Colour,SHOW,2019,Not Availavle,50,"['documentation', 'history', 'war']",['GB'],8.7
ts227305,Tiger King,SHOW,2020,TV-MA,44,"['documentation', 'crime']",['US'],7.5
tm943774,The Old Ways,MOVIE,2020,R,90,"['fantasy', 'horror', 'thriller', 'drama']",['US'],5.4
ts88469,Undercover,SHOW,2019,TV-MA,49,"['drama', 'crime', 'thriller']",['BE'],7.8
tm824488,The Art of Incarceration,MOVIE,2019,Not Availavle,90,['documentation'],['AU'],8.6
tm428557,The Laundromat,MOVIE,2019,R,96,"['drama', 'history', 'comedy', 'crime']",['US'],6.3
tm878333,Pokémon the Movie: Secrets of the Jungle,MOVIE,2020,Not Availavle,99,"['family', 'fantasy', 'animation', 'action', 'scifi']",['JP'],6.4
tm893480,Project Power,MOVIE,2020,R,113,"['crime', 'scifi', 'action', 'thriller']",['US'],6.0
tm413660,In the Tall Grass,MOVIE,2019,Not Availavle,102,"['drama', 'thriller', 'scifi', 'horror']","['CA', 'US']",5.4
ts284800,Criminal: UK,SHOW,2019,TV-MA,44,"['crime', 'drama', 'thriller']",['GB'],7.6
tm820190,#Alive,MOVIE,2020,Not Availavle,98,"['horror', 'thriller', 'action', 'drama']",['KR'],6.3
ts88262,Traitors,SHOW,2019,TV-MA,51,"['war', 'drama', 'thriller', 'history']",['GB'],6.6
ts286390,Merli: Dare to Know,SHOW,2019,TV-MA,48,"['comedy', 'drama']",['ES'],7.6
ts224907,Backstreet Rookie,SHOW,2020,TV-14,62,"['drama', 'comedy', 'romance', 'action']",['KR'],7.4
ts161737,Dare Me,SHOW,2019,TV-MA,43,"['thriller', 'crime', 'drama', 'reality']",['US'],6.6
ts187541,Hotel Del Luna,SHOW,2019,TV-14,80,"['romance', 'action', 'comedy', 'drama', 'fantasy', 'horror', 'scifi']",['KR'],8.2
tm464662,Tread,MOVIE,2020,Not Availavle,88,"['crime', 'documentation']",['US'],7.1
tm455568,Paddleton,MOVIE,2019,R,89,"['drama', 'comedy']",['US'],7.1
ts88283,Wu Assassins,SHOW,2019,TV-MA,44,"['scifi', 'action', 'crime', 'drama', 'fantasy']",['US'],6.4
tm471967,Lost Girls,MOVIE,2020,R,95,"['thriller', 'drama', 'crime']",['US'],6.1
tm447788,Fyre,MOVIE,2019,Not Availavle,98,"['documentation', 'crime', 'music']",['US'],7.2
tm361998,The Wolf's Call,MOVIE,2019,Not Availavle,115,"['thriller', 'action', 'scifi', 'war', 'drama', 'european']",['FR'],6.9
ts105047,To the Lake,SHOW,2019,TV-MA,51,"['thriller', 'drama', 'scifi']",['RU'],7.2
tm451078,Pokemon the Movie: Mewtwo Strikes Back - Evolution,MOVIE,2019,PG,98,"['animation', 'action', 'fantasy', 'family']",['JP'],5.7
tm414341,The Red Sea Diving Resort,MOVIE,2019,R,129,"['history', 'drama', 'thriller']","['CA', 'US']",6.6
ts215691,Teenage Bounty Hunters,SHOW,2020,TV-MA,49,"['comedy', 'drama', 'action', 'crime']",['US'],7.6
tm450375,Thackeray,MOVIE,2019,Not Availavle,139,"['drama', 'history', 'action']",['IN'],5.3
ts90729,Away,SHOW,2020,TV-14,50,"['drama', 'scifi', 'romance']",['US'],6.6
tm437221,Charlie Says,MOVIE,2019,R,104,"['drama', 'documentation', 'crime']",['US'],5.9
tm845496,Crip Camp: A Disability Revolution,MOVIE,2020,R,107,"['documentation', 'history']",['US'],7.7
ts242820,Floor is Lava,SHOW,2020,TV-Y7,31,['reality'],['US'],5.3
ts288350,Julie and the Phantoms,SHOW,2020,TV-G,2,"['scifi', 'fantasy', 'music', 'comedy', 'drama', 'family', 'documentation']",['US'],8.4
tm449105,Polar,MOVIE,2019,R,118,"['action', 'drama', 'crime', 'thriller', 'european']","['DE', 'US']",6.3
tm418847,The Silence,MOVIE,2019,PG-13,90,"['drama', 'thriller', 'fantasy', 'horror', 'scifi', 'european']",['DE'],5.3
ts89744,How to Sell Drugs Online (Fast),SHOW,2019,TV-MA,32,"['comedy', 'crime', 'drama', 'romance']",['DE'],7.9
ts82361,Ultraman,SHOW,2019,TV-14,24,"['animation', 'action', 'scifi', 'fantasy', 'drama']",['JP'],6.8
tm498803,Spenser Confidential,MOVIE,2020,R,111,"['action', 'comedy', 'drama', 'thriller', 'crime']",['US'],6.2
ts250801,Dark Desire,SHOW,2020,TV-MA,34,"['thriller', 'drama']",['MX'],6.5
tm315255,Ip Man 4: The Finale,MOVIE,2019,PG,107,"['action', 'drama', 'history']","['CN', 'HK']",7.0
ts223986,The Circle,SHOW,2020,TV-MA,52,['reality'],['US'],7.2
tm853783,David Attenborough: A Life on Our Planet,MOVIE,2020,PG,83,['documentation'],['GB'],8.9
ts216522,BEASTARS,SHOW,2019,TV-MA,23,"['animation', 'drama', 'crime', 'fantasy', 'romance', 'thriller']",['JP'],7.7
ts82851,Messiah,SHOW,2020,TV-MA,45,"['drama', 'thriller']",['US'],7.6
tm411750,Doom: Annihilation,MOVIE,2019,R,96,"['action', 'scifi', 'thriller', 'horror']",['US'],3.7
ts252758,Get Organized with The Home Edit,SHOW,2020,TV-PG,42,['reality'],['US'],5.4
ts84993,Daybreak,SHOW,2019,TV-MA,47,"['scifi', 'drama', 'fantasy', 'horror', 'action', 'comedy', 'thriller']",['US'],6.6
ts224859,The Pharmacist,SHOW,2020,TV-MA,54,"['documentation', 'crime']",['US'],7.7
tm469991,I Lost My Body,MOVIE,2019,Not Availavle,81,"['fantasy', 'drama', 'romance', 'animation', 'european']",['FR'],7.5
tm434553,Cut Throat City,MOVIE,2020,R,123,"['thriller', 'drama', 'action', 'crime']",['US'],4.8
ts269690,Schulz Saves America,SHOW,2020,TV-MA,17,['comedy'],['US'],7.3
tm428558,High Flying Bird,MOVIE,2019,Not Availavle,90,"['drama', 'sport']",['US'],6.2
tm927037,The Water Man,MOVIE,2020,PG,92,"['action', 'thriller', 'drama', 'family', 'fantasy']",['US'],5.4
ts88699,Northern Rescue,SHOW,2019,TV-14,44,"['drama', 'family']",['CA'],6.9
ts223240,Itaewon Class,SHOW,2020,TV-MA,70,"['drama', 'romance']",['KR'],8.2
tm884511,The Lost Husband,MOVIE,2020,PG-13,109,"['romance', 'drama']",['US'],6.1
tm285317,IO,MOVIE,2019,PG-13,96,"['scifi', 'romance', 'drama']",['US'],4.7
tm817709,Rocks,MOVIE,2019,Not Availavle,93,['drama'],['GB'],7.4
tm824477,Over the Moon,MOVIE,2020,PG,95,"['comedy', 'family', 'fantasy', 'scifi', 'romance', 'animation']","['CN', 'US']",6.3
tm927480,Kiss the Ground,MOVIE,2020,Not Availavle,84,['documentation'],['US'],8.2
ts88151,Quicksand,SHOW,2019,TV-MA,46,"['drama', 'crime', 'thriller']",['SE'],7.5
tm444247,This Changes Everything,MOVIE,2019,PG,97,['documentation'],['US'],7.6
tm355783,Eli,MOVIE,2019,R,98,"['horror', 'thriller', 'drama']",['US'],5.8
tm449195,The Boy Who Harnessed the Wind,MOVIE,2019,Not Availavle,113,"['drama', 'history']","['US', 'MW', 'GB']",7.6
tm925486,Jiu Jitsu,MOVIE,2020,R,102,"['action', 'scifi', 'fantasy', 'thriller', 'comedy']","['US', 'CY']",2.9
tm934040,American Murder: The Family Next Door,MOVIE,2020,R,83,"['documentation', 'thriller', 'crime']",['US'],7.2
ts225101,Start-Up,SHOW,2020,TV-14,80,"['drama', 'comedy', 'romance']",['KR'],8.1
ts79695,Sintonia,SHOW,2019,TV-MA,44,"['drama', 'crime', 'music']",['BR'],6.6
tm469193,Atlantics,MOVIE,2019,PG-13,106,"['fantasy', 'drama', 'romance']","['BE', 'FR', 'SN']",6.7
ts223404,It's Okay to Not Be Okay,SHOW,2020,TV-MA,76,"['drama', 'comedy', 'romance']",['KR'],8.6
ts89075,Her Private Life,SHOW,2019,TV-14,75,"['comedy', 'drama', 'romance']",['KR'],7.7
tm420455,Rim of the World,MOVIE,2019,PG,99,"['scifi', 'action', 'comedy']",['US'],5.2
ts236747,Middleditch & Schwartz,SHOW,2020,TV-MA,51,['comedy'],['US'],8.6
tm925584,The Vanished,MOVIE,2020,R,115,"['thriller', 'action', 'crime']",['US'],5.7
tm914535,2 Hearts,MOVIE,2020,PG-13,100,"['drama', 'romance']",['US'],6.2
ts90019,Bonding,SHOW,2019,TV-MA,17,"['drama', 'comedy']",['US'],7.1
tm423140,Avengement,MOVIE,2019,Not Availavle,90,"['action', 'crime', 'thriller']",['GB'],6.5
tm348403,A Shaun the Sheep Movie: Farmageddon,MOVIE,2019,G,87,"['family', 'comedy', 'animation', 'fantasy', 'scifi']","['GB', 'FR']",6.8
ts87364,Conversations with a Killer: The Ted Bundy Tapes,SHOW,2019,TV-MA,59,"['documentation', 'crime', 'history']",['US'],7.8
tm878842,The Edge of All We Know,MOVIE,2020,Not Availavle,99,['documentation'],['US'],6.6
tm453099,Rolling Thunder Revue: A Bob Dylan Story by Martin Scorsese,MOVIE,2019,Not Availavle,142,"['documentation', 'music', 'history']",['US'],7.6
tm446176,American Factory,MOVIE,2019,Not Availavle,110,['documentation'],['US'],7.4
ts250912,Fear City: New York vs The Mafia,SHOW,2020,TV-MA,52,"['crime', 'documentation']",['US'],7.1
ts219162,Inside Bill's Brain: Decoding Bill Gates,SHOW,2019,TV-14,53,['documentation'],['US'],7.9
tm316311,Wasp Network,MOVIE,2020,R,128,"['thriller', 'drama', 'crime']","['BR', 'FR', 'ES', 'BE']",5.9
tm375883,Klaus,MOVIE,2019,PG,96,"['fantasy', 'comedy', 'family', 'animation', 'european']",['ES'],8.1
ts268560,The Uncanny Counter,SHOW,2020,TV-14,64,"['drama', 'thriller', 'action', 'fantasy', 'horror']",['KR'],8.1
ts306090,GREAT PRETENDER,SHOW,2020,TV-MA,23,"['drama', 'action', 'animation', 'comedy', 'crime']",['JP'],7.9
tm974366,We Can Be Heroes,MOVIE,2020,PG,97,"['fantasy', 'drama', 'family', 'action', 'comedy']",['US'],4.7
tm443179,All the Bright Places,MOVIE,2020,Not Availavle,108,"['romance', 'drama']",['US'],6.5
tm498034,The Last Blockbuster,MOVIE,2020,Not Availavle,86,['documentation'],['US'],6.7
tm446609,The Great Hack,MOVIE,2019,Not Availavle,114,"['documentation', 'history']",['US'],7.1
ts105542,The Baker and the Beauty,SHOW,2020,TV-14,32,"['comedy', 'drama', 'romance']",['US'],7.3
ts83107,V Wars,SHOW,2019,TV-MA,42,"['scifi', 'drama', 'horror']",['US'],6.0
ts251782,High Score,SHOW,2020,TV-14,42,"['documentation', 'history']",['US'],7.4
tm810547,Night in Paradise,MOVIE,2020,Not Availavle,131,"['thriller', 'drama', 'action', 'crime']",['KR'],6.7
tm919864,The Disciple,MOVIE,2020,Not Availavle,128,"['drama', 'music']",['IN'],7.1
ts88721,Special,SHOW,2019,TV-MA,22,"['comedy', 'drama']",['US'],7.6
ts89347,Street Food,SHOW,2019,TV-G,31,['documentation'],['US'],7.9
ts236091,Oh My Baby,SHOW,2020,TV-14,68,"['comedy', 'family', 'drama', 'romance']",['KR'],7.2
tm827508,The Boys in the Band,MOVIE,2020,R,121,['drama'],['US'],6.8
tm845415,Miss Americana,MOVIE,2020,R,85,"['music', 'documentation']",['US'],7.4
ts89747,High Seas,SHOW,2019,TV-MA,42,"['crime', 'drama', 'comedy']",['ES'],6.8
ts81646,Chambers,SHOW,2019,TV-MA,44,"['drama', 'thriller', 'fantasy', 'horror']",['US'],6.4
tm822246,The Forty-Year-Old Version,MOVIE,2020,R,123,"['comedy', 'drama', 'music']",['US'],7.2
ts108392,The Letter for the King,SHOW,2020,TV-PG,47,"['action', 'family', 'fantasy', 'scifi']",['GB'],5.9
tm948128,Audrey,MOVIE,2020,PG,100,"['documentation', 'history']","['US', 'CH']",7.1
ts222455,The Devil Next Door,SHOW,2019,TV-MA,46,"['crime', 'documentation', 'history']","['US', 'IL']",7.6
tm828069,Calm with Horses,MOVIE,2020,Not Availavle,100,"['crime', 'drama']","['IE', 'GB']",6.8
tm935309,Skylines,MOVIE,2020,R,113,"['scifi', 'action']","['FR', 'LT', 'GB']",4.7
ts106536,White Lines,SHOW,2020,TV-MA,55,"['drama', 'thriller', 'crime']",['GB'],6.6
tm458467,Girl on the Third Floor,MOVIE,2019,Not Availavle,93,"['horror', 'thriller', 'drama']",['US'],4.7
ts84586,Spinning Out,SHOW,2020,TV-MA,49,"['drama', 'sport']",['US'],7.6
ts89251,Tales of the City,SHOW,2019,TV-MA,56,['drama'],['US'],7.4
ts90937,Stateless,SHOW,2020,TV-14,53,['drama'],['AU'],7.5
ts86978,Power Rangers Beast Morphers,SHOW,2019,TV-Y7,22,"['action', 'animation', 'scifi', 'thriller', 'comedy', 'drama', 'fantasy']",['ES'],6.5
tm426638,Vita & Virginia,MOVIE,2019,Not Availavle,110,"['drama', 'romance', 'european']","['GB', 'IE']",5.7
tm852996,Captain Underpants: Epic Choice-o-rama,MOVIE,2020,Not Availavle,37,"['comedy', 'fantasy', 'family', 'animation', 'action', 'scifi']",['US'],6.4
ts87471,Darwin's Game,SHOW,2020,TV-14,25,"['action', 'scifi', 'animation', 'thriller', 'drama']",['JP'],7.2
tm464557,The Perfect Date,MOVIE,2019,PG-13,93,"['romance', 'comedy']",['US'],5.8
ts86946,Osmosis,SHOW,2019,TV-MA,42,"['drama', 'scifi', 'romance']",['FR'],5.7
ts86726,Tidying Up with Marie Kondo,SHOW,2019,TV-PG,40,['reality'],['US'],6.6
tm554944,Love Wedding Repeat,MOVIE,2020,Not Availavle,100,"['comedy', 'romance']","['GB', 'IT']",5.5
tm845437,Disclosure,MOVIE,2020,Not Availavle,107,['documentation'],['US'],8.2
tm463385,Framing John DeLorean,MOVIE,2019,Not Availavle,109,"['drama', 'documentation']",['US'],6.5
tm856375,The Decline,MOVIE,2020,R,83,"['thriller', 'action']",['CA'],6.0
tm822907,Patsy & Loretta,MOVIE,2019,Not Availavle,88,"['music', 'drama']",['US'],6.8
tm952590,What Lies Below,MOVIE,2020,Not Availavle,87,"['horror', 'thriller', 'scifi']",['US'],4.3
tm918706,The Sleepover,MOVIE,2020,Not Availavle,103,"['action', 'comedy', 'family']",['US'],5.6
ts243036,Selena: The Series,SHOW,2020,TV-PG,38,"['drama', 'music']",['US'],6.9
tm831061,Magamuni,MOVIE,2019,PG-13,157,"['drama', 'thriller', 'crime']",['IN'],7.8
ts271247,LEGO City Adventures,SHOW,2019,TV-Y7,13,"['animation', 'action', 'comedy', 'family']",['US'],6.7
ts255926,Dash & Lily,SHOW,2020,TV-14,25,"['drama', 'comedy', 'romance']",['US'],7.5
tm827216,Bill Burr: Paper Tiger,MOVIE,2019,Not Availavle,67,['comedy'],"['GB', 'US']",8.1
ts76382,Carmen Sandiego,SHOW,2019,TV-Y7,25,"['animation', 'action', 'thriller', 'family']",['US'],7.9
ts89282,Toy Boy,SHOW,2019,TV-MA,61,"['drama', 'thriller', 'crime', 'action']",['ES'],6.5
tm497383,Sergio,MOVIE,2020,R,118,"['drama', 'history', 'romance', 'documentation']","['JO', 'TH', 'US', 'AL']",6.2
tm475252,The Lift Boy,MOVIE,2019,Not Availavle,107,"['drama', 'comedy']",['IN'],7.1
tm887450,Made You Look: A True Story About Fake Art,MOVIE,2020,Not Availavle,96,"['documentation', 'crime']",['CA'],7.0
ts321758,Vagabond,SHOW,2019,TV-MA,63,"['drama', 'thriller', 'romance', 'action']",['KR'],8.2
tm898474,The Swarm,MOVIE,2020,Not Availavle,101,"['horror', 'drama', 'fantasy', 'european']",['FR'],5.3
tm852097,A Whisker Away,MOVIE,2020,Not Availavle,104,"['fantasy', 'drama', 'romance', 'animation', 'family']",['JP'],6.7
tm471878,Fatima,MOVIE,2020,PG-13,113,"['drama', 'war']","['PT', 'US']",6.5
tm827142,Dave Chappelle: Sticks & Stones,MOVIE,2019,R,65,['comedy'],['US'],8.4
ts256309,Aunty Donna's Big Ol House of Fun,SHOW,2020,TV-MA,20,['comedy'],['AU'],7.9
ts219080,Caliphate,SHOW,2020,TV-MA,48,"['drama', 'war', 'thriller', 'crime']",['SE'],8.2
ts256764,Heaven Official's Blessing,SHOW,2020,TV-14,24,"['scifi', 'drama', 'action', 'animation']","['CN', 'US']",8.2
tm828317,Tell Me Who I Am,MOVIE,2019,Not Availavle,85,"['thriller', 'documentation', 'drama']",['GB'],7.6
tm918734,Concrete Cowboy,MOVIE,2020,R,111,"['western', 'drama']","['US', 'GB']",6.3
tm818502,"Live Twice, Love Once",MOVIE,2019,Not Availavle,101,"['comedy', 'drama', 'european']",['ES'],7.2
ts223308,Astronomy Club: The Sketch Show,SHOW,2019,TV-MA,20,['comedy'],['US'],6.9
tm490222,Uncorked,MOVIE,2020,Not Availavle,104,"['drama', 'comedy']",['US'],6.4
ts215178,Grand Army,SHOW,2020,TV-MA,52,['drama'],['US'],7.4
ts213820,Next in Fashion,SHOW,2020,TV-14,50,['reality'],['US'],7.3
ts89326,Persona,SHOW,2019,TV-MA,22,['drama'],['KR'],6.6
ts223759,Killer Inside: The Mind of Aaron Hernandez,SHOW,2020,TV-MA,67,"['documentation', 'crime', 'sport']",['US'],7.4
tm452826,Poms,MOVIE,2019,PG-13,91,"['comedy', 'drama', 'sport']","['GB', 'US']",6.0
tm928541,Barbie: Princess Adventure,MOVIE,2020,G,71,"['animation', 'family']",['US'],5.5
tm858954,Nobody Sleeps in the Woods Tonight,MOVIE,2020,Not Availavle,102,"['horror', 'thriller', 'drama', 'romance', 'fantasy', 'european']",['PL'],4.9
tm845549,The Reason I Jump,MOVIE,2020,Not Availavle,82,"['documentation', 'drama']","['US', 'GB']",7.5
tm432022,Violet Evergarden: The Movie,MOVIE,2020,PG,140,"['fantasy', 'animation', 'drama', 'romance']",['JP'],8.3
ts192440,Garth Brooks: The Road I'm On,SHOW,2019,TV-PG,86,"['documentation', 'reality']",['US'],7.4
ts225912,Biohackers,SHOW,2020,TV-MA,42,"['drama', 'scifi', 'action', 'thriller']",['DE'],6.8
ts93066,The I-Land,SHOW,2019,TV-MA,40,"['drama', 'scifi', 'reality']",['US'],4.6
tm475783,Jo Koy: Comin’ In Hot,MOVIE,2019,Not Availavle,60,['comedy'],['US'],7.3
ts219561,"The Mind, Explained",SHOW,2019,TV-14,22,['documentation'],['US'],8.0
tm452851,The Operative,MOVIE,2019,Not Availavle,120,"['thriller', 'drama', 'action']","['IL', 'US', 'FR', 'DE']",5.7
ts85480,Carole & Tuesday,SHOW,2019,TV-PG,24,"['scifi', 'drama', 'animation', 'music']",['JP'],7.8
ts89958,Arthdal Chronicles,SHOW,2019,Not Availavle,80,"['drama', 'action', 'fantasy', 'history', 'romance']",['KR'],8.3
ts88485,Green Eggs and Ham,SHOW,2019,TV-Y7,28,"['animation', 'comedy', 'action', 'family', 'drama', 'fantasy', 'romance']",['US'],8.1
ts252856,Challenger: The Final Flight,SHOW,2020,TV-14,45,"['documentation', 'history']",['US'],7.8
tm465724,See You Yesterday,MOVIE,2019,Not Availavle,86,"['scifi', 'thriller', 'action', 'crime', 'drama']",['US'],5.2
tm849005,The Willoughbys,MOVIE,2020,PG,92,"['comedy', 'fantasy', 'animation', 'drama', 'family']",['CA'],6.3
ts225787,Unabomber: In His Own Words,SHOW,2020,TV-MA,44,"['crime', 'documentation']",['US'],7.2
ts254592,Song Exploder,SHOW,2020,TV-MA,25,"['documentation', 'music']",['US'],7.4
ts218500,Dragons: Rescue Riders,SHOW,2019,TV-Y,24,"['action', 'comedy', 'family', 'fantasy', 'animation', 'scifi']",['US'],5.9
tm451512,Close,MOVIE,2019,R,95,"['action', 'thriller', 'drama']","['US', 'GB']",5.7
ts224796,The Ghost Bride,SHOW,2020,TV-14,51,['drama'],"['TW', 'MY']",6.2
tm369389,The Silence of Others,MOVIE,2019,Not Availavle,95,"['documentation', 'history', 'european']","['US', 'CA', 'FR', 'ES']",8.0
tm933375,Cuties,MOVIE,2020,NC-17,96,"['drama', 'european']",['FR'],3.4
tm471922,An Easy Girl,MOVIE,2019,Not Availavle,92,"['comedy', 'drama', 'european']",['FR'],5.6
tm465231,Nate Bargatze: The Tennessee Kid,MOVIE,2019,Not Availavle,60,['comedy'],['US'],7.6
tm922788,The Babysitter: Killer Queen,MOVIE,2020,R,101,"['comedy', 'horror']",['US'],5.8
ts87473,7SEEDS,SHOW,2019,TV-MA,25,"['scifi', 'drama', 'animation', 'romance', 'action', 'horror']",['JP'],6.3
ts89881,Mr. Iglesias,SHOW,2019,TV-14,29,['comedy'],['US'],7.1
ts237751,Gameboys,SHOW,2020,TV-14,27,"['drama', 'romance']",['PH'],8.4
ts104449,The Liberator,SHOW,2020,TV-MA,49,"['action', 'drama', 'war', 'animation']",['US'],7.5
tm827501,Tall Girl,MOVIE,2019,PG,101,"['comedy', 'drama', 'romance', 'family']",['US'],5.2
tm936236,Cadaver,MOVIE,2020,Not Availavle,86,"['thriller', 'horror', 'drama']","['FI', 'NO']",5.1
ts251067,The Baby-Sitters Club,SHOW,2020,TV-G,27,"['comedy', 'drama', 'family']",['US'],7.3
ts223344,The Gift,SHOW,2019,TV-MA,43,"['thriller', 'drama', 'scifi', 'fantasy']",['TR'],7.0
ts214861,Prank Encounters,SHOW,2019,TV-MA,23,"['reality', 'comedy', 'horror', 'scifi']",['US'],5.2
tm120072,Let It Snow,MOVIE,2019,PG-13,93,"['romance', 'comedy']",['US'],5.8
ts93054,Trinkets,SHOW,2019,TV-MA,26,"['drama', 'comedy', 'crime']",['US'],7.0
tm936396,Holidate,MOVIE,2020,Not Availavle,104,"['romance', 'comedy']",['US'],6.1
tm676311,Sightless,MOVIE,2020,Not Availavle,89,"['drama', 'thriller']",['US'],5.5
tm464351,The Last Thing He Wanted,MOVIE,2020,R,116,"['thriller', 'crime', 'drama']","['GB', 'US']",4.3
tm493175,ZZ Top: That Little Ol' Band from Texas,MOVIE,2019,Not Availavle,91,"['music', 'documentation']",['GB'],7.5
ts237513,Ju-On: Origins,SHOW,2020,TV-MA,29,"['drama', 'horror']",['JP'],6.1
ts87986,Dolly Parton's Heartstrings,SHOW,2019,TV-14,66,"['drama', 'music', 'comedy']",['US'],7.6
ts93611,October Faction,SHOW,2020,TV-MA,41,"['horror', 'scifi', 'drama', 'fantasy']",['US'],6.1
ts85619,Hache,SHOW,2019,TV-MA,45,"['crime', 'drama', 'thriller']",['ES'],6.5
tm283581,Super Deluxe,MOVIE,2019,NC-17,176,"['comedy', 'thriller', 'drama', 'action', 'crime']",['IN'],8.4
tm447439,System Crasher,MOVIE,2019,Not Availavle,118,"['drama', 'european']",['DE'],7.8
tm885775,Unbreakable Kimmy Schmidt: Kimmy vs. the Reverend,MOVIE,2020,PG-13,80,"['comedy', 'scifi', 'romance']",['US'],6.9
ts100359,Medical Police,SHOW,2020,TV-MA,24,['comedy'],['US'],5.9
ts235862,My Unfamiliar Family,SHOW,2020,TV-14,73,['drama'],['KR'],7.8
ts105608,Puerta 7,SHOW,2020,TV-MA,41,"['crime', 'drama', 'thriller']",['AR'],5.6
ts93482,The Last Kids on Earth,SHOW,2019,Not Availavle,35,"['animation', 'comedy', 'family', 'horror', 'scifi']",['US'],7.2
tm835486,Jenny Slate: Stage Fright,MOVIE,2019,Not Availavle,66,"['comedy', 'reality']",['US'],5.8
ts103360,The Barrier,SHOW,2020,TV-MA,53,"['scifi', 'fantasy', 'thriller', 'action', 'drama', 'war']",['ES'],6.8
ts236501,Valeria,SHOW,2020,TV-MA,41,"['comedy', 'drama', 'romance']",['ES'],6.5
tm511940,Lying and Stealing,MOVIE,2019,R,100,"['crime', 'drama', 'comedy']",['US'],5.4
tm837756,I'm No Longer Here,MOVIE,2019,Not Availavle,112,['drama'],"['MX', 'US']",7.3
tm460829,Children of the Sea,MOVIE,2019,Not Availavle,110,"['thriller', 'animation', 'fantasy', 'action', 'scifi', 'drama', 'family']",['JP'],6.5
ts106126,The Bonfire of Destiny,SHOW,2019,TV-MA,50,"['drama', 'history']",['FR'],7.6
tm877456,9to5: The Story of A Movement,MOVIE,2020,Not Availavle,89,"['documentation', 'history']",['US'],7.4
ts190462,Gentefied,SHOW,2020,TV-MA,30,"['comedy', 'drama']",['US'],7.3
tm459512,To All the Boys: P.S. I Still Love You,MOVIE,2020,PG-13,102,"['romance', 'comedy', 'drama']",['US'],6.0
ts225430,Mystic Pop-up Bar,SHOW,2020,Not Availavle,70,"['drama', 'scifi', 'comedy', 'fantasy']",['KR'],8.0
ts218888,BNA,SHOW,2020,TV-14,24,"['scifi', 'action', 'animation', 'fantasy']",['JP'],7.2
tm847998,Hubie Halloween,MOVIE,2020,PG-13,103,"['horror', 'comedy', 'thriller', 'fantasy']",['US'],5.2
ts88352,Designated Survivor: 60 Days,SHOW,2019,Not Availavle,74,"['thriller', 'war', 'drama', 'crime']",['KR'],8.1
tm931686,Vampires vs. the Bronx,MOVIE,2020,PG-13,86,"['comedy', 'horror']",['US'],5.6
ts237096,Trial by Media,SHOW,2020,TV-MA,62,"['crime', 'documentation']",['US'],7.1
ts83810,Cannon Busters,SHOW,2019,TV-MA,24,"['scifi', 'action', 'animation', 'fantasy']","['US', 'FR', 'JP']",6.6
tm461366,The Coldest Game,MOVIE,2019,Not Availavle,104,"['thriller', 'history', 'sport', 'european']",['PL'],6.2
tm467299,Anthony Jeselnik: Fire in the Maternity Ward,MOVIE,2019,Not Availavle,64,['comedy'],['US'],7.2
ts254537,"Good Morning, Verônica",SHOW,2020,TV-MA,45,"['crime', 'drama', 'thriller']",['BR'],7.5
ts86413,AJ and the Queen,SHOW,2020,TV-14,51,"['comedy', 'drama']",['US'],7.4
ts252341,Chef's Table: BBQ,SHOW,2020,TV-14,44,['documentation'],['US'],7.8
ts90413,Gigantosaurus,SHOW,2019,TV-G,13,['animation'],"['FR', 'US']",6.4
ts275111,Rainbow High,SHOW,2020,TV-Y,6,"['comedy', 'family', 'animation']",['US'],5.8
ts87008,Turn Up Charlie,SHOW,2019,TV-MA,27,"['comedy', 'drama', 'music']",['GB'],7.0
tm855600,The Stand In,MOVIE,2020,R,97,"['comedy', 'drama']",['US'],4.7
tm503508,Earthquake Bird,MOVIE,2019,R,107,"['romance', 'thriller', 'crime', 'drama']","['GB', 'JP']",5.9
tm824165,Falling Inn Love,MOVIE,2019,Not Availavle,98,"['romance', 'comedy']",['US'],5.6
tm425698,The Wedding Guest,MOVIE,2019,R,96,['thriller'],"['IN', 'GB']",5.8
tm446625,Miles Davis: Birth of the Cool,MOVIE,2019,Not Availavle,116,"['documentation', 'music']",['US'],7.4
ts225716,Family Business,SHOW,2019,TV-MA,33,"['comedy', 'family']",['FR'],7.4
ts88312,The Eddy,SHOW,2020,TV-MA,58,"['drama', 'music']","['FR', 'US']",7.1
ts222917,Kevin Hart: Don't F**k This Up,SHOW,2019,TV-MA,32,['documentation'],['US'],6.4
tm850723,Altered Carbon: Resleeved,MOVIE,2020,Not Availavle,75,"['scifi', 'animation', 'crime', 'drama', 'thriller', 'action']",['JP'],6.5
tm855483,Have a Good Trip: Adventures in Psychedelics,MOVIE,2020,Not Availavle,85,"['documentation', 'comedy']",['US'],6.8
ts101408,The Mess You Leave Behind,SHOW,2020,TV-MA,45,"['crime', 'drama', 'thriller']",['ES'],6.7
ts189629,"Nisman. The Prosecutor, the President and the Spy",SHOW,2019,Not Availavle,62,"['history', 'thriller', 'documentation', 'crime']",['AR'],7.6
ts215378,Love 101,SHOW,2020,TV-14,46,"['drama', 'romance', 'comedy']",['TR'],7.5
tm524282,Invader ZIM: Enter the Florpus,MOVIE,2019,Not Availavle,71,"['drama', 'animation', 'action', 'family', 'fantasy', 'comedy', 'scifi', 'thriller', 'horror']",['US'],7.4
tm857051,Forensic,MOVIE,2020,PG-13,134,"['crime', 'thriller']",['IN'],6.8
ts223126,The Confession Killer,SHOW,2019,TV-14,48,"['crime', 'documentation']",['US'],7.4
ts90621,Kota Factory,SHOW,2019,TV-MA,39,"['drama', 'comedy']",['IN'],9.1
tm451548,The Fable,MOVIE,2019,Not Availavle,123,"['comedy', 'action']",['JP'],6.5
tm469008,How High 2,MOVIE,2019,Not Availavle,89,['comedy'],['US'],3.0
tm816038,Violet Evergarden: Eternity and the Auto Memories Doll,MOVIE,2019,Not Availavle,90,"['family', 'animation', 'drama', 'fantasy']",['JP'],7.4
ts236725,Lenox Hill,SHOW,2020,TV-MA,48,['documentation'],['US'],8.6
tm812916,The Stronghold,MOVIE,2020,Not Availavle,105,"['crime', 'thriller', 'action', 'european']",['FR'],6.9
ts255880,Dream Home Makeover,SHOW,2020,TV-G,27,['reality'],['US'],5.6
ts113637,The Alcàsser Murders,SHOW,2019,TV-MA,61,"['documentation', 'crime']",['ES'],7.1
tm845535,Coded Bias,MOVIE,2020,Not Availavle,86,['documentation'],"['US', 'CN', 'GB']",6.7
tm447159,The Kindness of Strangers,MOVIE,2019,Not Availavle,114,"['drama', 'european']","['US', 'FR', 'SE', 'GB', 'DE', 'DK', 'CA']",6.4
ts89119,The Disappearance of Madeleine McCann,SHOW,2019,TV-14,55,"['crime', 'documentation']",['GB'],6.6
ts251617,Connected,SHOW,2020,TV-14,44,"['documentation', 'comedy']",['US'],7.5
ts103890,The InBESTigators,SHOW,2019,Not Availavle,19,"['comedy', 'crime', 'family']",['AU'],8.1
tm938793,I Am Woman,MOVIE,2020,Not Availavle,116,"['drama', 'music', 'romance', 'history']",['AU'],6.5
tm897732,Bigfoot Family,MOVIE,2020,G,97,"['animation', 'family']","['BE', 'FR']",5.8
tm924991,Death of Me,MOVIE,2020,R,95,"['horror', 'thriller']","['US', 'TH']",4.4
ts277126,Black Space,SHOW,2020,TV-MA,46,"['crime', 'drama', 'thriller']",['IL'],6.7
ts110703,Interior Design Masters,SHOW,2019,Not Availavle,54,['reality'],['GB'],6.4
ts84129,No Good Nick,SHOW,2019,TV-PG,29,"['comedy', 'family', 'drama']",['US'],5.9
tm893799,Lost Bullet,MOVIE,2020,Not Availavle,92,"['thriller', 'action', 'crime']","['BE', 'FR']",6.3
ts237104,History 101,SHOW,2020,TV-PG,22,"['documentation', 'history']",['GB'],6.8
tm430171,Screwball,MOVIE,2019,Not Availavle,105,"['history', 'documentation']",['US'],7.1
tm848996,Tigertail,MOVIE,2020,PG,91,['drama'],['US'],6.6
tm846964,A Fall from Grace,MOVIE,2020,Not Availavle,120,"['thriller', 'drama', 'fantasy']",['US'],5.8
tm902330,Ghosts of War,MOVIE,2020,R,94,"['war', 'fantasy', 'horror', 'thriller']",['GB'],5.5
tm450478,Under the Eiffel Tower,MOVIE,2019,Not Availavle,87,"['romance', 'comedy']",['US'],5.4
ts89583,Trailer Park Boys: The Animated Series,SHOW,2019,TV-MA,25,"['animation', 'comedy']",['CA'],7.5
ts238242,The Great Heist,SHOW,2020,TV-MA,42,"['crime', 'drama', 'thriller']",['CO'],7.3
tm826563,A Cinderella Story: Christmas Wish,MOVIE,2019,PG,93,"['music', 'romance', 'fantasy', 'comedy']",['US'],5.3
tm500565,Friendsgiving,MOVIE,2020,R,95,"['comedy', 'drama']",['US'],4.4
tm887369,Jerry Seinfeld: 23 Hours to Kill,MOVIE,2020,Not Availavle,60,['comedy'],['US'],6.7
tm844642,Michelle Wolf: Joke Show,MOVIE,2019,Not Availavle,59,['comedy'],['US'],7.2
tm981451,Death to 2020,MOVIE,2020,Not Availavle,71,['comedy'],"['GB', 'US']",6.8
tm822832,Lingua Franca,MOVIE,2020,Not Availavle,95,['drama'],"['PH', 'US']",6.5
ts236051,The Least Expected Day: Inside the Movistar Team 2019,SHOW,2020,TV-MA,30,"['documentation', 'sport']",['ES'],7.4
tm680024,Surviving R. Kelly: The Impact,MOVIE,2019,Not Availavle,120,['documentation'],['US'],6.1
tm678851,Article 15,MOVIE,2019,Not Availavle,130,"['crime', 'drama', 'thriller']",['IN'],8.2
tm935895,The Life Ahead,MOVIE,2020,PG-13,94,"['drama', 'european']","['IT', 'US']",6.8
tm893816,Desperados,MOVIE,2020,Not Availavle,105,"['comedy', 'romance']",['US'],5.2
ts223238,My Holo Love,SHOW,2020,TV-14,53,"['drama', 'scifi', 'romance']",['KR'],7.6
ts88296,Ares,SHOW,2020,TV-MA,29,"['thriller', 'horror', 'drama']",['NL'],5.7
ts86744,Romance Is a Bonus Book,SHOW,2019,Not Availavle,63,"['drama', 'comedy', 'romance']",['KR'],8.0
ts106141,The Chosen One,SHOW,2019,TV-MA,44,"['thriller', 'drama']",['BR'],5.7
tm860965,Dave Chappelle: The Kennedy Center Mark Twain Prize,MOVIE,2020,Not Availavle,86,['comedy'],['US'],7.4
tm890674,Becoming,MOVIE,2020,PG,89,['documentation'],['US'],6.8
ts189422,Home for Christmas,SHOW,2019,TV-MA,29,"['comedy', 'drama', 'romance']",['NO'],7.7
tm447520,Sebastian Maniscalco: Stay Hungry,MOVIE,2019,Not Availavle,65,['comedy'],['US'],7.0
tm977997,Captain Underpants: Mega Blissmas,MOVIE,2020,G,46,"['animation', 'comedy', 'family']",['US'],5.2
ts89028,Delhi Crime,SHOW,2019,TV-MA,35,"['drama', 'crime']",['IN'],8.5
ts187070,Pup Academy,SHOW,2019,TV-Y,27,"['family', 'comedy']",['US'],6.5
ts252122,The Possessed,SHOW,2020,TV-MA,9,"['thriller', 'horror']",['KR'],5.7
ts111206,Fast & Furious Spy Racers,SHOW,2019,TV-Y7,24,"['family', 'animation', 'action', 'drama', 'comedy', 'crime']",['US'],5.7
ts90995,1994,SHOW,2019,TV-MA,178,"['documentation', 'history']",['MX'],7.6
tm812998,Miracle in Cell No. 7,MOVIE,2019,Not Availavle,132,['drama'],['TR'],8.2
ts223192,Hospital Playlist,SHOW,2020,TV-14,93,"['drama', 'comedy']",['KR'],8.8
ts254600,The Playbook,SHOW,2020,TV-MA,34,"['documentation', 'sport']",['US'],7.4
tm857430,The Occupant,MOVIE,2020,R,103,"['thriller', 'european', 'horror', 'drama']",['ES'],6.4
ts226588,100 Humans: Life's Questions. Answered.,SHOW,2020,TV-14,37,"['documentation', 'reality']",['US'],5.7
ts242244,Japan Sinks: 2020,SHOW,2020,TV-MA,26,"['action', 'scifi', 'animation', 'drama']",['JP'],6.4
ts268608,The Ripper,SHOW,2020,TV-MA,49,"['documentation', 'crime']",['GB'],7.1
ts189405,Killer Ratings,SHOW,2019,TV-MA,50,"['documentation', 'crime']",['BR'],7.6
tm452573,Gabriel Iglesias: One Show Fits All,MOVIE,2019,Not Availavle,90,"['comedy', 'documentation']",['US'],7.2
ts254916,The Cabin with Bert Kreischer,SHOW,2020,TV-MA,27,"['comedy', 'reality']",[],6.6
tm834664,Nikki Glaser: Bangin',MOVIE,2019,Not Availavle,63,['comedy'],['US'],6.1
ts251028,Detention,SHOW,2020,TV-MA,49,"['drama', 'horror', 'thriller']",['TW'],6.3
ts103213,Queen Sono,SHOW,2020,TV-MA,43,"['thriller', 'action', 'crime', 'drama']",['ZA'],5.9
tm493511,The Sky Is Pink,MOVIE,2019,Not Availavle,143,"['family', 'drama', 'romance']",['IN'],7.5
ts268508,Alien Worlds,SHOW,2020,TV-PG,44,"['documentation', 'scifi', 'animation']",['GB'],6.5
ts92547,Rise of Empires: Ottoman,SHOW,2020,Not Availavle,45,"['drama', 'history', 'war', 'documentation', 'action']",['TR'],7.9
ts88744,Losers,SHOW,2019,TV-MA,8,"['documentation', 'sport', 'comedy', 'european']",['GB'],7.6
tm883441,Money Heist: The Phenomenon,MOVIE,2020,Not Availavle,57,['documentation'],['ES'],7.4
tm922532,Freaks – You're One of Us,MOVIE,2020,NC-17,93,"['fantasy', 'thriller', 'drama', 'action', 'scifi']",['DE'],5.4
ts217719,Basketball or Nothing,SHOW,2019,TV-PG,34,"['documentation', 'sport']",['US'],7.4
ts226602,How to Fix a Drug Scandal,SHOW,2020,TV-MA,53,"['documentation', 'crime']",['US'],7.0
ts255104,Deaf U,SHOW,2020,TV-MA,19,"['reality', 'documentation', 'drama']",['US'],6.4
ts101060,Merry Happy Whatever,SHOW,2019,TV-PG,26,['comedy'],['US'],6.4
ts222367,We Are the Wave,SHOW,2019,Not Availavle,49,['drama'],['DE'],6.2
ts86365,Rilakkuma and Kaoru,SHOW,2019,TV-PG,12,"['animation', 'comedy', 'drama', 'family']",['JP'],8.2
tm453850,Time to Hunt,MOVIE,2020,Not Availavle,135,"['thriller', 'drama', 'action', 'scifi', 'crime']",['KR'],6.3
ts91124,Love Alarm,SHOW,2019,TV-MA,52,"['scifi', 'drama', 'romance', 'comedy']",['KR'],6.8
ts222634,Nobody's Looking,SHOW,2019,TV-MA,26,"['comedy', 'drama', 'fantasy']",['BR'],7.7
ts223589,"Sex, Explained",SHOW,2020,TV-MA,22,['documentation'],['US'],6.9
tm472195,Almost Love,MOVIE,2019,Not Availavle,94,"['comedy', 'drama', 'romance']",['US'],5.7
ts317497,The Neighbor,SHOW,2019,TV-MA,29,"['comedy', 'action']",['ES'],6.5
ts256783,We Are the Champions,SHOW,2020,TV-MA,32,['documentation'],['US'],7.1
tm455059,We Die Young,MOVIE,2019,R,93,"['thriller', 'drama', 'action', 'crime', 'european']","['BG', 'US']",5.2
tm893680,Jo Koy: In His Elements,MOVIE,2020,Not Availavle,55,['comedy'],['US'],5.4
tm888080,The Last Days of American Crime,MOVIE,2020,Not Availavle,149,"['action', 'crime', 'thriller', 'scifi', 'drama']",['US'],3.7
tm854669,Taylor Tomlinson: Quarter-Life Crisis,MOVIE,2020,Not Availavle,61,['comedy'],['US'],7.4
ts222933,Who Killed Little Gregory?,SHOW,2019,Not Availavle,60,"['documentation', 'crime', 'thriller', 'drama']",['FR'],7.4
ts223982,Until Dawn,SHOW,2020,Not Availavle,21,"['reality', 'comedy']",['FR'],2.4
ts89876,Lunatics,SHOW,2019,TV-MA,36,['comedy'],['US'],6.5
ts218277,Apache: The Life of Carlos Tevez,SHOW,2019,TV-MA,47,"['crime', 'drama', 'sport', 'thriller']",['AR'],7.2
ts315066,Vampires,SHOW,2020,TV-MA,40,"['scifi', 'fantasy', 'horror', 'drama']",['FR'],5.7
ts223659,Jamtara – Sabka Number Ayega,SHOW,2020,Not Availavle,27,"['drama', 'crime']",['IN'],7.2
ts219422,When the Camellia Blooms,SHOW,2019,Not Availavle,55,"['drama', 'romance', 'thriller', 'comedy']",['KR'],7.9
tm458127,Human Nature,MOVIE,2019,Not Availavle,107,"['documentation', 'thriller']",['US'],7.7
ts225102,Record of Youth,SHOW,2020,TV-14,73,"['drama', 'romance']",['KR'],7.2
ts88336,Dating Around,SHOW,2019,Not Availavle,27,"['reality', 'romance']",['US'],6.3
ts102933,Les de l'hoquei,SHOW,2019,TV-MA,51,"['drama', 'sport']",['ES'],6.8
tm454375,Benchwarmers 2: Breaking Balls,MOVIE,2019,PG-13,90,"['comedy', 'sport']",['US'],4.1
tm838687,Holiday in the Wild,MOVIE,2019,Not Availavle,85,"['romance', 'comedy', 'drama']",['US'],6.1
ts224072,Self Made: Inspired by the Life of Madam C.J. Walker,SHOW,2020,TV-MA,47,"['drama', 'history']",['US'],7.3
ts254568,The Last Word,SHOW,2020,TV-MA,41,"['drama', 'comedy']",['DE'],7.0
tm848995,Jingle Jangle: A Christmas Journey,MOVIE,2020,PG,122,"['fantasy', 'music', 'family']",['US'],6.4
ts105192,The Unlisted,SHOW,2019,Not Availavle,24,"['scifi', 'thriller', 'family']",['AU'],6.5
tm470560,Circus of Books,MOVIE,2019,Not Availavle,92,"['documentation', 'history']",['US'],7.1
ts219895,Tiny Pretty Things,SHOW,2020,TV-MA,56,"['thriller', 'drama']",['US'],5.9
tm883189,Dangerous Lies,MOVIE,2020,Not Availavle,96,"['thriller', 'horror', 'drama', 'comedy', 'crime']",['US'],5.3
tm1127695,The Endless Trench,MOVIE,2019,Not Availavle,148,"['drama', 'history', 'thriller', 'war', 'action', 'european']","['ES', 'FR']",7.2
tm469400,Brené Brown: The Call to Courage,MOVIE,2019,Not Availavle,76,"['documentation', 'drama']",['US'],7.7
tm670553,Your Name Engraved Herein,MOVIE,2020,Not Availavle,118,"['drama', 'romance']",['TW'],7.2
tm942240,Dance of the Forty One,MOVIE,2020,Not Availavle,99,"['drama', 'history']","['BR', 'MX']",6.8
tm839411,Me Against You: Mr. S's Vendetta,MOVIE,2020,Not Availavle,64,"['comedy', 'family', 'european']",['IT'],1.6
ts226468,Summertime,SHOW,2020,TV-MA,43,"['drama', 'comedy', 'romance']",['IT'],6.0
tm823355,Inside Man: Most Wanted,MOVIE,2019,R,106,"['action', 'thriller', 'crime']",['US'],5.6
ts110635,Luna Nera,SHOW,2020,TV-MA,45,"['drama', 'fantasy', 'thriller', 'scifi']",['IT'],5.9
ts87224,Always a Witch,SHOW,2019,TV-14,38,"['scifi', 'drama', 'fantasy']",['CO'],6.2
ts192297,Morphle,SHOW,2019,TV-Y,10,"['animation', 'family']","['NL', 'GB']",5.2
tm857187,Tom Segura: Ball Hog,MOVIE,2020,Not Availavle,70,['comedy'],['US'],7.3
tm814671,Secret Obsession,MOVIE,2019,Not Availavle,97,"['drama', 'thriller']",['US'],4.4
ts87372,Ultramarine Magmell,SHOW,2019,TV-14,24,"['animation', 'action', 'fantasy']",['JP'],6.0
ts93981,Monarca,SHOW,2019,TV-MA,44,['drama'],['MX'],7.8
ts103209,Exhibit A,SHOW,2019,TV-14,36,"['documentation', 'thriller', 'crime', 'family']",['US'],6.3
ts218564,"Breakfast, Lunch & Dinner",SHOW,2019,TV-MA,44,['documentation'],['US'],6.7
tm472411,Iron Fists and Kung Fu Kicks,MOVIE,2019,Not Availavle,108,"['documentation', 'history']",['AU'],6.6
tm826368,American Son,MOVIE,2019,Not Availavle,90,['drama'],['US'],5.8
tm824559,"Bikram: Yogi, Guru, Predator",MOVIE,2019,Not Availavle,86,"['crime', 'documentation']",['US'],6.7
tm376739,Bethany Hamilton: Unstoppable,MOVIE,2019,PG,99,"['documentation', 'sport']",['US'],7.4
ts108593,The Unsettling,SHOW,2019,TV-14,23,"['crime', 'fantasy', 'horror', 'scifi', 'thriller']",['US'],5.2
ts223948,The Goop Lab,SHOW,2020,TV-MA,33,"['documentation', 'reality']",[],2.5
ts223456,Pandemic: How to Prevent an Outbreak,SHOW,2020,TV-14,48,['documentation'],['US'],6.3
tm814644,Coffee & Kareem,MOVIE,2020,Not Availavle,88,"['crime', 'action', 'comedy']",['US'],5.1
tm458326,Walk. Ride. Rodeo.,MOVIE,2019,Not Availavle,100,['drama'],['US'],6.4
tm449594,Brother,MOVIE,2019,Not Availavle,96,"['drama', 'european']",['FR'],6.7
ts226617,The Innocence Files,SHOW,2020,TV-MA,64,"['documentation', 'crime', 'drama']",['US'],8.0
tm454824,Silver Skates,MOVIE,2020,Not Availavle,136,"['history', 'romance', 'action', 'drama', 'family']",['RU'],7.1
ts270439,Best Leftovers Ever!,SHOW,2020,TV-G,36,['reality'],['US'],5.6
tm853113,Thomas & Friends: Marvelous Machinery,MOVIE,2020,Not Availavle,59,"['fantasy', 'animation', 'action', 'family']",[],6.1
tm885805,Debt Collectors,MOVIE,2020,R,97,"['action', 'comedy', 'crime']",['US'],5.8
ts91087,One Spring Night,SHOW,2019,Not Availavle,47,"['drama', 'romance']",['KR'],7.9
ts90645,Drug Squad: Costa del Sol,SHOW,2019,TV-MA,64,"['drama', 'crime', 'action', 'thriller', 'romance']",['ES'],6.7
tm453994,The Body Remembers When the World Broke Open,MOVIE,2019,Not Availavle,105,"['drama', 'european']","['NO', 'CA']",6.9
ts220552,Power Players,SHOW,2019,Not Availavle,11,"['comedy', 'fantasy', 'scifi', 'animation', 'action']","['FR', 'US']",6.0
ts104483,Typewriter,SHOW,2019,TV-MA,50,"['thriller', 'horror', 'drama']",['IN'],6.5
ts106015,Kengan Ashura,SHOW,2019,TV-MA,25,"['animation', 'action', 'sport']",['JP'],8.0
ts107963,Restaurants on the Edge,SHOW,2019,TV-14,47,['reality'],[],6.8
tm458328,Badla,MOVIE,2019,PG-13,120,"['thriller', 'crime', 'drama']",['IN'],7.8
tm470836,The Show Must Go On: The Queen + Adam Lambert Story,MOVIE,2019,Not Availavle,81,"['music', 'documentation']",['US'],7.8
tm840438,Mike Birbiglia: The New One,MOVIE,2019,Not Availavle,85,['comedy'],[],7.7
ts89231,You vs. Wild,SHOW,2019,TV-PG,19,"['reality', 'action']",['US'],6.6
tm495609,Game Over,MOVIE,2019,Not Availavle,102,"['drama', 'thriller', 'horror', 'scifi']",['IN'],7.0
ts105645,Historical Roasts,SHOW,2019,TV-MA,29,['comedy'],['US'],5.3
tm833638,The Forest of Love,MOVIE,2019,Not Availavle,151,"['drama', 'crime', 'horror', 'thriller']",['JP'],6.3
ts288353,Omniscient,SHOW,2020,Not Availavle,46,"['scifi', 'drama', 'thriller']",['BR'],6.5
ts110637,Mortel,SHOW,2019,TV-MA,52,"['horror', 'scifi', 'crime', 'drama', 'fantasy']",['FR'],6.4
tm453903,Elisa & Marcela,MOVIE,2019,Not Availavle,118,"['drama', 'romance', 'european']",['ES'],6.6
tm461829,The Hard Way,MOVIE,2019,Not Availavle,94,['action'],['US'],4.8
tm446581,The Edge of Democracy,MOVIE,2019,Not Availavle,121,"['documentation', 'history']",['BR'],7.3
tm831873,The Crimes That Bind,MOVIE,2020,Not Availavle,99,"['crime', 'drama', 'thriller']",['AR'],6.7
ts90063,Put Your Head on My Shoulder,SHOW,2019,TV-Y7,41,"['drama', 'comedy', 'romance']",['CN'],8.0
tm868777,"Love, Guaranteed",MOVIE,2020,Not Availavle,90,"['comedy', 'romance']",['US'],5.6
tm483997,The Kissing Booth 2,MOVIE,2020,Not Availavle,134,"['comedy', 'romance']",['GB'],5.7
tm838876,Undercover Brother 2,MOVIE,2019,R,85,"['comedy', 'action']",['US'],3.4
ts225718,La Révolution,SHOW,2020,TV-MA,46,"['drama', 'thriller', 'action', 'fantasy']",['FR'],6.6
tm819054,Dear Mother,MOVIE,2020,Not Availavle,98,"['comedy', 'drama']","['BE', 'FR']",5.8
ts236388,The Circle France,SHOW,2020,Not Availavle,47,['reality'],['FR'],7.4
ts216474,The Trial,SHOW,2019,TV-MA,50,"['crime', 'thriller', 'drama']",['IT'],7.2
ts86927,Touch Your Heart,SHOW,2019,TV-MA,63,"['drama', 'comedy', 'romance']",['KR'],7.6
tm915043,The F**k-It List,MOVIE,2020,R,103,['comedy'],['US'],5.1
ts187443,The Minions of Midas,SHOW,2020,TV-MA,53,"['crime', 'drama', 'thriller']",['ES'],6.6
tm827304,LEGO Marvel Spider-Man: Vexed by Venom,MOVIE,2019,Not Availavle,21,"['animation', 'action', 'comedy', 'family']",['US'],5.6
tm954303,Ni de coña,MOVIE,2020,Not Availavle,90,"['comedy', 'european']","['CO', 'ES']",2.8
ts217356,Betaal,SHOW,2020,TV-MA,47,"['thriller', 'action', 'horror']",['IN'],5.4
ts213544,Rookie Historian Goo Hae-Ryung,SHOW,2019,Not Availavle,43,"['romance', 'comedy', 'drama', 'history']",['KR'],8.1
ts251061,Legend of Exorcism,SHOW,2020,TV-14,20,"['scifi', 'action', 'fantasy', 'animation']",['CN'],7.7
tm467467,Homecoming: A Film by Beyoncé,MOVIE,2019,PG-13,137,"['documentation', 'music']",['US'],7.5
ts312044,Beyblade Burst Surge,SHOW,2020,TV-Y,23,['animation'],['JP'],8.3
ts221174,Ricky Zoom,SHOW,2019,TV-Y,12,"['animation', 'family']",['CN'],6.3
tm467848,NiNoKuni,MOVIE,2019,PG-13,106,"['family', 'fantasy', 'romance', 'animation', 'action']",['JP'],6.1
tm917974,Hard Kill,MOVIE,2020,R,98,"['thriller', 'action']",['US'],3.3
tm848443,World Famous Lover,MOVIE,2020,Not Availavle,156,"['romance', 'drama']",['IN'],5.0
ts223895,"Hi Bye, Mama!",SHOW,2020,Not Availavle,63,"['scifi', 'comedy', 'drama', 'fantasy']",['KR'],7.9
tm917822,The 2nd,MOVIE,2020,Not Availavle,93,"['action', 'drama']",['US'],3.8
ts269501,BREAK IT ALL: The History of Rock in Latin America,SHOW,2020,TV-MA,50,"['documentation', 'music']",['AR'],7.6
ts269442,The Surgeon's Cut,SHOW,2020,TV-14,54,['documentation'],[],8.5
tm889018,Nobody Knows I'm Here,MOVIE,2020,Not Availavle,91,"['drama', 'music']",['CL'],6.5
tm843768,John Mulaney & The Sack Lunch Bunch,MOVIE,2019,PG,70,"['comedy', 'family']",['US'],7.4
tm846166,Pets United,MOVIE,2019,Not Availavle,89,"['comedy', 'animation']","['CN', 'DE', 'GB']",3.7
tm819107,Aziz Ansari: Right Now,MOVIE,2019,Not Availavle,65,['comedy'],['US'],7.5
tm886086,Seized,MOVIE,2020,R,85,"['action', 'thriller']",['US'],5.3
tm847629,Dolly Parton: Here I Am,MOVIE,2019,Not Availavle,89,"['documentation', 'music']",['GB'],7.3
ts89048,My First First Love,SHOW,2019,TV-PG,48,['drama'],['KR'],7.5
ts88937,Shadow,SHOW,2019,TV-MA,43,"['crime', 'action', 'drama', 'thriller']",['ZA'],6.5
ts82739,Women of the Night,SHOW,2019,TV-MA,47,"['drama', 'crime']","['NL', 'BE']",6.3
ts251615,(Un)Well,SHOW,2020,TV-MA,52,"['documentation', 'reality']",['US'],6.4
ts89832,Abyss,SHOW,2019,TV-14,63,"['scifi', 'crime', 'fantasy', 'romance', 'comedy']",['KR'],7.1
ts216493,The Naked Director,SHOW,2019,TV-MA,50,"['drama', 'comedy']",['JP'],7.7
tm375446,Asphalt Burning,MOVIE,2020,Not Availavle,100,"['comedy', 'action', 'european']","['NO', 'DE']",5.1
tm881859,A Secret Love,MOVIE,2020,Not Availavle,83,"['documentation', 'drama']",['US'],7.8
ts217891,SAINT SEIYA: Knights of the Zodiac,SHOW,2019,TV-14,24,"['animation', 'action', 'scifi', 'fantasy']",['US'],4.5
tm986700,All My Friends Are Dead,MOVIE,2020,Not Availavle,95,"['comedy', 'drama', 'thriller', 'crime']",['PL'],5.8
tm674099,Rose Island,MOVIE,2020,Not Availavle,117,"['drama', 'comedy']",['IT'],7.0
tm434830,The Grizzlies,MOVIE,2019,R,106,"['drama', 'sport']",['CA'],7.4
ts88841,The School Nurse Files,SHOW,2020,TV-14,51,"['scifi', 'fantasy', 'comedy', 'drama']",['KR'],6.4
ts104840,Skylines,SHOW,2019,TV-MA,57,"['crime', 'drama', 'music', 'documentation', 'reality']",['DE'],7.5
tm814734,Kidnapping Stella,MOVIE,2019,Not Availavle,89,"['crime', 'thriller']",['DE'],4.9
tm912373,Jim Jefferies: Intolerant,MOVIE,2020,Not Availavle,66,['comedy'],['US'],7.2
tm916997,Work It,MOVIE,2020,PG-13,93,"['comedy', 'music']",['US'],6.1
tm465408,Burning Cane,MOVIE,2019,Not Availavle,77,['drama'],['US'],5.5
tm932595,A Babysitter's Guide to Monster Hunting,MOVIE,2020,PG,94,"['fantasy', 'family', 'comedy']",['US'],5.4
tm454156,In Family I Trust,MOVIE,2019,Not Availavle,94,"['romance', 'comedy', 'european']",['ES'],6.2
tm889679,Roped,MOVIE,2020,PG,90,"['drama', 'romance', 'family', 'comedy']",['US'],5.4
ts251560,Do Do Sol Sol La La Sol,SHOW,2020,Not Availavle,60,"['comedy', 'drama', 'music', 'romance']",['KR'],7.3
tm502151,A Remarkable Tale,MOVIE,2019,PG,93,"['comedy', 'drama', 'european']",['ES'],5.3
ts223242,Was It Love?,SHOW,2020,TV-MA,69,"['drama', 'comedy', 'romance']",['KR'],7.1
ts268099,LEGO Marvel Avengers: Climate Conundrum,SHOW,2020,TV-Y7,39,"['animation', 'family', 'action']",['US'],6.5
tm927286,Making The Witcher,MOVIE,2020,PG-13,37,['documentation'],['GB'],6.8
tm881162,Athlete A,MOVIE,2020,PG-13,104,"['documentation', 'crime', 'sport']",['US'],7.6
tm319139,Saaho,MOVIE,2019,Not Availavle,171,"['thriller', 'action', 'crime', 'drama', 'romance']",['IN'],5.0
tm461159,Trouble,MOVIE,2019,Not Availavle,88,"['action', 'family', 'comedy', 'music', 'animation']",['CA'],5.8
tm305433,Rocko's Modern Life: Static Cling,MOVIE,2019,Not Availavle,45,"['animation', 'comedy', 'family', 'fantasy', 'scifi', 'action']",['US'],6.9
tm980097,Holiday on Mars,MOVIE,2020,Not Availavle,93,"['scifi', 'comedy']",['IT'],2.7
tm485801,So My Grandma's a Lesbian!,MOVIE,2019,Not Availavle,94,"['comedy', 'romance', 'european']","['ES', 'PT']",4.3
ts253722,Sing On!,SHOW,2020,TV-G,36,"['reality', 'music']",['US'],6.4
ts268890,Lovestruck in the City,SHOW,2020,TV-14,30,"['drama', 'romance']",['KR'],7.6
tm835869,Jarhead: Law of Return,MOVIE,2019,R,103,['war'],"['IL', 'US']",5.6
ts114080,Twice Upon a Time,SHOW,2019,Not Availavle,48,"['drama', 'romance', 'scifi', 'thriller', 'comedy']",['FR'],6.2
ts251512,Immigration Nation,SHOW,2020,TV-MA,63,['documentation'],['US'],7.4
ts90356,Terrace House: Tokyo 2019-2020,SHOW,2019,Not Availavle,45,"['reality', 'drama']",['JP'],7.4
ts222325,Magical Andes,SHOW,2019,Not Availavle,34,['documentation'],['DE'],7.8
ts89291,Mythomaniac,SHOW,2019,TV-MA,46,"['comedy', 'drama']",['FR'],6.8
ts225544,The Trials of Gabriel Fernandez,SHOW,2020,TV-MA,55,"['crime', 'documentation']",['US'],8.1
tm836662,Go!,MOVIE,2020,Not Availavle,102,"['family', 'sport']",['AU'],5.9
ts251618,Tiny Creatures,SHOW,2020,TV-PG,25,"['documentation', 'drama', 'family']",['GB'],5.0
ts85451,45 RPM,SHOW,2019,TV-MA,57,"['drama', 'music']",['ES'],7.1
tm457856,ReMastered: The Two Killings of Sam Cooke,MOVIE,2019,Not Availavle,74,"['documentation', 'music']",[],7.2
ts226403,The Circle Brazil,SHOW,2020,TV-MA,50,['reality'],['BR'],6.8
ts90902,Search: WWW,SHOW,2019,Not Availavle,63,"['drama', 'comedy', 'family', 'romance']",['KR'],7.8
tm464435,Grass Is Greener,MOVIE,2019,Not Availavle,97,['documentation'],['US'],7.1
ts218176,The Big Show Show,SHOW,2020,TV-PG,26,"['comedy', 'family']",['US'],6.3
ts222380,Brotherhood,SHOW,2019,TV-MA,51,"['drama', 'action', 'crime', 'thriller']",['BR'],7.5
ts236653,Cooked With Cannabis,SHOW,2020,TV-MA,35,['reality'],['US'],6.6
ts252166,Private Lives,SHOW,2020,Not Availavle,67,"['crime', 'thriller', 'drama', 'action', 'comedy', 'romance']",['KR'],6.6
tm823488,David Foster: Off the Record,MOVIE,2019,Not Availavle,98,['documentation'],['CA'],7.0
tm816992,Double World,MOVIE,2020,PG-13,110,"['fantasy', 'action']","['CN', 'HK']",6.1
ts255809,Carmel: Who Killed Maria Marta?,SHOW,2020,TV-14,58,"['documentation', 'crime']",['AR'],7.0
ts237208,The Big Flower Fight,SHOW,2020,Not Availavle,39,['reality'],"['US', 'GB']",7.4
ts88271,Flavorful Origins,SHOW,2019,Not Availavle,12,['documentation'],['CN'],7.6
ts256853,The King's Avatar,SHOW,2019,TV-MA,36,"['action', 'fantasy']",['CN'],8.2
ts87320,Can You Hear Me?,SHOW,2019,TV-MA,23,"['comedy', 'drama']",['CA'],7.6
tm451502,Kolaiyuthir Kaalam,MOVIE,2019,Not Availavle,109,"['horror', 'thriller', 'drama']",['IN'],2.6
tm884369,"Best Wishes, Warmest Regards: A Schitt's Creek Farewell",MOVIE,2020,Not Availavle,44,['documentation'],['CA'],8.6
tm454096,Only Mine,MOVIE,2019,Not Availavle,87,"['drama', 'thriller']",['US'],4.6
tm850454,Tom Papa: You're Doing Great!,MOVIE,2020,Not Availavle,60,['comedy'],['US'],7.2
ts251272,Skin Decision: Before and After,SHOW,2020,TV-MA,40,['reality'],['US'],5.8
tm814150,How I Became a Super Hero,MOVIE,2020,Not Availavle,97,"['action', 'comedy', 'drama', 'fantasy', 'thriller']",['FR'],5.8
ts90980,It's Bruno!,SHOW,2019,TV-MA,3,"['comedy', 'animation']",['US'],7.4
ts185885,Oktoberfest: Beer & Blood,SHOW,2020,TV-MA,48,"['drama', 'history', 'thriller']",['DE'],6.8
tm864480,Unknown Origins,MOVIE,2020,Not Availavle,96,"['crime', 'drama', 'thriller', 'comedy', 'action']","['AR', 'ES']",6.1
ts227412,Shaun the Sheep: Adventures from Mossy Bottom,SHOW,2020,TV-Y7,12,"['animation', 'comedy', 'family']",['GB'],8.1
ts91741,Three Days of Christmas,SHOW,2019,Not Availavle,58,['drama'],[],6.8
tm518467,Dragon Rider,MOVIE,2020,Not Availavle,91,"['animation', 'comedy', 'family', 'fantasy', 'action', 'european']","['ES', 'BE', 'DE']",5.6
ts254293,The American Barbecue Showdown,SHOW,2020,TV-G,43,['reality'],['US'],7.1
tm844250,Ala Vaikunthapurramuloo,MOVIE,2020,PG-13,165,"['action', 'drama', 'comedy']",['IN'],7.3
tm816593,"Frankenstein's Monster's Monster, Frankenstein",MOVIE,2019,Not Availavle,32,['comedy'],['US'],5.8
ts251119,Hook,SHOW,2020,TV-MA,43,"['drama', 'romance', 'sport']",['TH'],6.5
ts237111,Almost Happy,SHOW,2020,TV-MA,27,['comedy'],['AR'],6.8
ts233530,Win the Wilderness: Alaska,SHOW,2020,Not Availavle,59,"['documentation', 'reality']",[],6.9
tm366245,Drive,MOVIE,2019,Not Availavle,147,"['thriller', 'crime', 'drama', 'action']",['IN'],3.1
tm948100,Footfairy,MOVIE,2020,Not Availavle,115,"['crime', 'thriller']",['IN'],4.9
tm857399,Marc Maron: End Times Fun,MOVIE,2020,Not Availavle,71,"['comedy', 'documentation']",['US'],6.8
tm941382,Stand by Me Doraemon 2,MOVIE,2020,PG,96,"['scifi', 'animation', 'comedy', 'drama', 'family', 'fantasy']",['JP'],7.5
tm571805,Otherhood,MOVIE,2019,R,100,['comedy'],"['US', 'GB']",6.1
tm931330,BLACKPINK: Light Up the Sky,MOVIE,2020,PG-13,79,"['documentation', 'music']",['US'],7.3
ts351349,Street Food: Latin America,SHOW,2020,TV-PG,35,['documentation'],['US'],7.8
tm981863,Ammar,MOVIE,2020,Not Availavle,90,['horror'],[],2.6
tm494731,Sextuplets,MOVIE,2019,Not Availavle,97,['comedy'],['US'],4.4
tm470378,ReMastered: Devil at the Crossroads,MOVIE,2019,Not Availavle,48,"['documentation', 'music']",['US'],7.0
tm1081074,Justine,MOVIE,2019,Not Availavle,105,['drama'],['US'],6.7
ts105601,Archibald's Next Big Thing,SHOW,2019,TV-Y7,23,"['family', 'fantasy', 'scifi', 'animation', 'comedy', 'action']",['US'],7.5
ts269844,Paava Kadhaigal,SHOW,2020,Not Availavle,37,"['drama', 'family']",['IN'],8.1
ts101874,Frontera Verde,SHOW,2019,Not Availavle,41,"['crime', 'drama', 'thriller', 'scifi']",['CO'],7.2
ts89656,The Legend of White Snake,SHOW,2019,TV-14,46,"['drama', 'scifi', 'fantasy']",['CN'],7.3
tm452962,Eye for an Eye,MOVIE,2019,Not Availavle,107,"['drama', 'thriller', 'crime', 'action', 'european']","['US', 'FR', 'ES']",6.6
ts217389,Masaba Masaba,SHOW,2020,TV-MA,28,"['comedy', 'drama']",['IN'],6.7
ts236332,Absurd Planet,SHOW,2020,TV-PG,20,['documentation'],['US'],3.9
ts85510,Rhythm + Flow,SHOW,2019,TV-MA,56,"['reality', 'music']",['US'],7.6
ts187386,My Perfect Landing,SHOW,2020,TV-G,25,['family'],['CA'],6.4
tm894619,Feel the Beat,MOVIE,2020,G,107,"['comedy', 'drama', 'family']","['US', 'CA']",6.3
tm458893,"Oh, Ramona!",MOVIE,2019,R,109,"['comedy', 'romance', 'european']",['RO'],4.8
tm897170,Furie,MOVIE,2019,Not Availavle,98,"['thriller', 'drama', 'horror']",['FR'],5.6
ts254767,"Whose Vote Counts, Explained",SHOW,2020,TV-PG,25,['documentation'],[],7.3
tm449590,Rattlesnake,MOVIE,2019,Not Availavle,85,"['horror', 'thriller', 'crime', 'drama']",['US'],4.6
tm884581,Rich in Love,MOVIE,2020,Not Availavle,104,"['comedy', 'romance', 'music']",['BR'],6.0
ts104168,El Dragón: Return of a Warrior,SHOW,2019,TV-MA,45,"['action', 'drama']",['US'],6.8
ts221363,Criminal: Germany,SHOW,2019,TV-MA,44,"['drama', 'crime']",['DE'],7.6
ts222049,Who Killed Malcolm X?,SHOW,2019,TV-MA,43,"['crime', 'history', 'documentation']",['US'],7.6
tm898262,Coven,MOVIE,2020,Not Availavle,92,"['drama', 'history', 'thriller', 'horror', 'action']","['ES', 'FR', 'AR']",6.4
tm462611,Ready to Mingle,MOVIE,2019,Not Availavle,97,"['romance', 'comedy']",['MX'],5.9
tm844513,M8 - When Death Rescues Life,MOVIE,2019,Not Availavle,84,"['thriller', 'drama']",['BR'],7.0
tm854876,Out of My League,MOVIE,2020,Not Availavle,90,"['romance', 'comedy', 'drama', 'european']",['IT'],6.1
ts237071,The Forest of Love: Deep Cut,SHOW,2020,TV-MA,40,"['drama', 'crime', 'horror', 'thriller']",['JP'],6.8
tm987599,Best of Stand-up 2020,MOVIE,2020,Not Availavle,76,['comedy'],['US'],5.4
tm462778,Jimmy Carr: The Best of Ultimate Gold Greatest Hits,MOVIE,2019,Not Availavle,58,['comedy'],['US'],7.3
tm890660,The Paramedic,MOVIE,2020,Not Availavle,94,"['thriller', 'action', 'crime', 'drama']",['ES'],5.7
tm421560,Let's Dance,MOVIE,2019,Not Availavle,109,"['drama', 'comedy', 'music', 'family']","['BE', 'FR']",5.9
tm857397,A Life of Speed: The Juan Manuel Fangio Story,MOVIE,2020,Not Availavle,92,"['documentation', 'sport']",['AR'],6.9
tm472766,Kardec,MOVIE,2019,Not Availavle,110,['drama'],['BR'],6.1
tm460360,4 latas,MOVIE,2019,Not Availavle,105,"['comedy', 'drama', 'european']","['ES', 'FR']",5.9
tm973536,Kevin Hart: Zero F**ks Given,MOVIE,2020,R,69,['comedy'],['US'],6.0
ts191121,Reality Z,SHOW,2020,TV-MA,31,"['comedy', 'horror', 'scifi']",['BR'],5.6
ts213232,Awake: The Million Dollar Game,SHOW,2019,TV-PG,38,['reality'],['US'],5.9
tm462660,Inhuman Kiss,MOVIE,2019,Not Availavle,122,"['horror', 'drama', 'romance']",['TH'],6.4
ts251378,Mystery Lab,SHOW,2020,TV-PG,26,"['comedy', 'family', 'documentation', 'animation']",['BR'],7.4
ts218890,Drifting Dragons,SHOW,2020,TV-14,24,"['animation', 'action', 'scifi', 'fantasy']",['JP'],6.0
ts268592,Beyblade Burst Rise,SHOW,2019,Not Availavle,23,"['action', 'scifi', 'thriller', 'animation', 'fantasy', 'sport']",['XX'],6.0
ts88552,Go! Live Your Way,SHOW,2019,TV-Y7,40,"['drama', 'romance', 'comedy', 'family']",['AR'],6.7
ts87361,Back with the Ex,SHOW,2019,Not Availavle,45,"['reality', 'comedy']",['AU'],6.2
ts296153,Ashley Garcia: Genius in Love,SHOW,2020,TV-PG,29,['comedy'],['US'],6.7
tm946604,What We Wanted,MOVIE,2020,Not Availavle,94,['drama'],['AT'],5.9
tm514257,The Legacy of the Bones,MOVIE,2019,Not Availavle,121,"['crime', 'thriller', 'european']",['ES'],6.3
tm933826,Serious Men,MOVIE,2020,Not Availavle,115,"['drama', 'comedy']",['IN'],6.8
tm835432,Sky High,MOVIE,2020,Not Availavle,121,"['action', 'crime', 'thriller', 'drama', 'european']",['ES'],5.6
tm933447,Michael McIntyre: Showman,MOVIE,2020,Not Availavle,62,['comedy'],[],7.1
tm453098,Svaha: The Sixth Finger,MOVIE,2019,Not Availavle,122,"['thriller', 'crime', 'horror']",['KR'],6.2
ts270465,SanPa: Sins of the Savior,SHOW,2020,Not Availavle,60,"['documentation', 'history', 'crime']",['IT'],7.8
tm886283,Legacy of Lies,MOVIE,2020,R,101,"['thriller', 'action']","['NL', 'PL', 'UA', 'GB', 'US']",5.0
ts214192,El Final del Paraíso,SHOW,2019,TV-MA,50,"['drama', 'action']",['MX'],5.1
tm920096,Definition Please,MOVIE,2020,Not Availavle,91,"['drama', 'comedy']",[],5.5
ts250871,The Business of Drugs,SHOW,2020,TV-MA,43,"['documentation', 'crime']",['US'],7.2
ts252141,Alien TV,SHOW,2020,TV-Y7,24,"['family', 'animation', 'comedy']",['AU'],6.1
ts87488,Malibu Rescue: The Series,SHOW,2019,TV-G,24,"['comedy', 'family', 'action']",['US'],5.4
ts222606,Black Dog,SHOW,2019,TV-14,80,"['drama', 'action']",['KR'],7.6
tm475501,Wanda Sykes: Not Normal,MOVIE,2019,Not Availavle,66,['comedy'],['US'],7.2
tm464888,Love Aaj Kal,MOVIE,2020,PG-13,141,"['romance', 'comedy', 'drama']",['IN'],6.8
tm880059,All Day and a Night,MOVIE,2020,R,121,['drama'],['US'],5.9
ts216744,Heroes of Goo Jit Zu,SHOW,2019,TV-Y7,12,"['scifi', 'animation', 'action', 'comedy']",[],7.7
tm933639,Wish Upon a Unicorn,MOVIE,2020,PG,93,"['fantasy', 'family']",['US'],5.3
tm675171,The Black Godfather,MOVIE,2019,Not Availavle,118,"['documentation', 'music']",['US'],7.4
ts314648,The Witcher: A Look Inside the Episodes,SHOW,2020,Not Availavle,6,['documentation'],['GB'],7.1
ts214579,Dino Girl Gauko,SHOW,2019,Not Availavle,9,"['fantasy', 'scifi', 'animation', 'comedy', 'family']",['JP'],6.9
ts270742,Korean Pork Belly Rhapsody,SHOW,2020,Not Availavle,48,['documentation'],['KR'],7.8
ts228502,The Iliza Shlesinger Sketch Show,SHOW,2020,TV-MA,19,['comedy'],['US'],4.9
tm455410,Grand-Daddy Day Care,MOVIE,2019,PG-13,91,"['comedy', 'family']",['FR'],4.9
ts214462,The Queen and the Conqueror,SHOW,2020,TV-14,46,"['drama', 'history']",['CO'],6.5
ts104485,The Stranded,SHOW,2019,TV-MA,49,"['drama', 'action']",['TH'],6.2
ts214280,You Cannot Hide,SHOW,2019,TV-MA,45,"['action', 'crime']",['MX'],6.4
tm450673,The Last Laugh,MOVIE,2019,Not Availavle,98,['comedy'],['US'],5.6
tm855827,Pete Davidson: Alive from New York,MOVIE,2020,Not Availavle,49,['comedy'],['US'],6.1
tm1108868,Sin City,MOVIE,2019,Not Availavle,101,"['thriller', 'drama']",[],3.1
tm812781,Katherine Ryan: Glitter Room,MOVIE,2019,Not Availavle,65,['comedy'],['US'],6.7
ts88133,Well-Intended Love,SHOW,2019,TV-14,45,"['drama', 'romance']",['CN'],7.2
tm494531,Seventeen,MOVIE,2019,Not Availavle,99,"['drama', 'european']",['ES'],7.2
ts89361,The Idhun Chronicles,SHOW,2020,TV-14,27,"['action', 'scifi', 'animation', 'fantasy']",['ES'],5.3
ts268758,Mismatched,SHOW,2020,TV-MA,33,"['comedy', 'drama', 'romance']",['IN'],5.5
tm912400,Jack Whitehall: I'm Only Joking,MOVIE,2020,Not Availavle,58,['comedy'],['GB'],6.6
tm465513,Bulletproof 2,MOVIE,2020,Not Availavle,97,"['action', 'comedy', 'drama']",['US'],3.5
tm944331,Shawn Mendes: In Wonder,MOVIE,2020,Not Availavle,83,"['documentation', 'music']",['US'],6.4
ts236769,"Coronavirus, Explained",SHOW,2020,TV-PG,23,['documentation'],['US'],7.6
tm823302,Alice Júnior,MOVIE,2019,PG-13,90,"['romance', 'comedy', 'drama', 'animation']",['BR'],6.8
tm496648,School Life,MOVIE,2019,Not Availavle,111,"['drama', 'comedy', 'european']",['FR'],6.5
tm430106,El Pepe: A Supreme Life,MOVIE,2019,Not Availavle,74,['documentation'],"['RS', 'UY', 'AR']",7.1
ts306187,Family Reunion,SHOW,2019,TV-PG,29,"['comedy', 'family']",['US'],6.4
ts236182,Brews Brothers,SHOW,2020,TV-MA,28,"['comedy', 'drama']",['US'],5.1
ts231260,Last One Standing,SHOW,2019,Not Availavle,36,"['thriller', 'drama', 'scifi']",[],6.8
ts188840,Seis Manos,SHOW,2019,TV-MA,27,"['crime', 'drama', 'fantasy', 'animation', 'action']",['US'],7.1
ts268648,Anitta: Made in Honório,SHOW,2020,TV-MA,30,"['documentation', 'music']",['BR'],6.9
tm817542,Hikaru Utada Laughter in the Dark Tour 2018,MOVIE,2019,G,141,"['music', 'documentation', 'comedy']",['JP'],8.2
tm918043,Raat Akeli Hai,MOVIE,2020,Not Availavle,149,"['crime', 'thriller', 'drama']",['IN'],7.3
tm454861,Patria,MOVIE,2019,Not Availavle,89,"['documentation', 'history', 'war']",['MX'],7.2
tm450698,The Ruthless,MOVIE,2019,Not Availavle,111,"['crime', 'drama', 'european']","['FR', 'IT']",6.2
ts103935,Bolívar: Una lucha admirable,SHOW,2019,TV-MA,52,"['action', 'drama', 'romance']",['CO'],7.3
tm889629,Lady Driver,MOVIE,2020,PG,104,"['drama', 'sport']",['US'],5.7
tm895839,Under the Riccione Sun,MOVIE,2020,Not Availavle,101,"['romance', 'comedy', 'drama']",['IT'],5.5
ts89696,Tijuana,SHOW,2019,TV-14,41,"['drama', 'crime']",['MX'],6.9
ts190452,Stolen Away,SHOW,2020,TV-14,48,"['thriller', 'action', 'crime', 'drama']",['ES'],7.1
ts215869,Extreme Engagement,SHOW,2019,Not Availavle,38,"['reality', 'documentation']",[],5.6
ts90280,Yankee,SHOW,2019,TV-MA,38,"['drama', 'crime']",['MX'],5.8
tm474548,Good Sam,MOVIE,2019,PG,90,"['romance', 'drama', 'comedy']",['US'],5.7
tm946718,Funny Boy,MOVIE,2020,Not Availavle,109,['drama'],"['CA', 'LK']",6.4
ts100354,Monzón: A Knockout Blow,SHOW,2019,TV-MA,45,"['sport', 'crime', 'drama', 'history']",['AR'],7.9
ts88471,Girls from Ipanema,SHOW,2019,TV-MA,46,"['drama', 'romance']",['BR'],7.8
tm466255,Kevin Hart: Irresponsible,MOVIE,2019,Not Availavle,60,['comedy'],['US'],6.5
tm832903,Airplane Mode,MOVIE,2020,Not Availavle,96,"['comedy', 'drama', 'romance']",['BR'],5.1
tm450832,Paradise Beach,MOVIE,2019,Not Availavle,93,"['action', 'thriller', 'crime', 'drama', 'european']",['FR'],4.6
tm450462,Petta,MOVIE,2019,Not Availavle,172,"['action', 'drama']",['IN'],7.3
tm882887,LA Originals,MOVIE,2020,Not Availavle,92,['documentation'],"['US', 'AR']",7.2
ts86928,The Crowned Clown,SHOW,2019,TV-14,75,"['drama', 'action', 'history', 'romance']",['KR'],8.0
tm960414,A California Christmas,MOVIE,2020,PG-13,106,"['romance', 'comedy', 'drama']",['US'],5.8
ts90640,The Writer,SHOW,2019,TV-14,37,"['drama', 'crime']",['LB'],8.2
tm945168,Secrets of the Saqqara Tomb,MOVIE,2020,Not Availavle,113,"['documentation', 'history']","['EG', 'US']",7.2
ts84639,revisions,SHOW,2019,TV-MA,23,"['animation', 'action', 'scifi']",['JP'],5.9
ts251094,Indian Matchmaking,SHOW,2020,TV-14,36,"['reality', 'documentation', 'romance']","['US', 'IN']",6.2
tm466954,Alien Warfare,MOVIE,2019,Not Availavle,88,"['action', 'scifi', 'thriller']",['US'],2.6
ts86940,COMEDIANS of the world,SHOW,2019,TV-MA,30,['comedy'],[],6.5
ts89315,Huge in France,SHOW,2019,TV-MA,31,['comedy'],['FR'],6.7
tm413558,Funan,MOVIE,2019,Not Availavle,82,"['drama', 'history', 'war', 'animation', 'european']","['FR', 'LU', 'BE', 'KH']",6.8
ts87698,Examination of Conscience,SHOW,2019,TV-MA,52,"['documentation', 'crime', 'history']",['ES'],7.8
tm679284,The Knight Before Christmas,MOVIE,2019,Not Availavle,92,"['comedy', 'drama', 'fantasy', 'romance']",['US'],5.5
tm925858,Black Beach,MOVIE,2020,Not Availavle,115,"['drama', 'fantasy', 'action', 'thriller']","['US', 'BE', 'ES']",5.6
tm972010,Hospital,MOVIE,2020,Not Availavle,89,"['horror', 'thriller']",['TW'],3.1
tm483420,Ella Fitzgerald: Just One of Those Things,MOVIE,2019,Not Availavle,89,"['documentation', 'music']",['GB'],6.9
ts91034,Leila,SHOW,2019,TV-MA,46,"['scifi', 'war', 'drama']",['IN'],4.9
tm821164,Enter the Anime,MOVIE,2019,Not Availavle,58,['documentation'],"['US', 'JP']",2.6
tm514494,Offering to the Storm,MOVIE,2020,Not Availavle,139,"['crime', 'thriller', 'european']","['DE', 'ES']",6.2
ts87489,Trigger Warning with Killer Mike,SHOW,2019,TV-MA,26,"['documentation', 'comedy']",['US'],6.9
tm825102,Our Planet: Behind the Scenes,MOVIE,2019,Not Availavle,63,['documentation'],"['US', 'GB']",8.3
ts217045,Levius,SHOW,2019,Not Availavle,25,"['animation', 'action', 'scifi']",['JP'],6.9
ts235979,The Victims' Game,SHOW,2020,TV-MA,59,"['drama', 'crime', 'thriller']",['TW'],7.3
ts88169,Possessed,SHOW,2019,Not Availavle,64,"['thriller', 'drama', 'comedy', 'crime', 'horror', 'romance']",['KR'],6.7
ts256297,The Devil Punisher,SHOW,2020,Not Availavle,70,"['scifi', 'fantasy', 'romance']",['TW'],5.8
tm932609,The Binding,MOVIE,2020,Not Availavle,93,"['horror', 'thriller', 'drama']",['IT'],4.8
tm447755,Back of the Net,MOVIE,2019,Not Availavle,86,"['drama', 'family', 'comedy']",['AU'],5.1
tm448767,Knock Down the House,MOVIE,2019,PG,86,['documentation'],['US'],7.2
tm462277,Romeo Akbar Walter,MOVIE,2019,Not Availavle,139,"['thriller', 'action', 'drama']",['IN'],6.6
ts252661,La Línea: Shadow of Narco,SHOW,2020,TV-MA,30,"['documentation', 'crime']",['ES'],6.4
tm970327,Seven,MOVIE,2019,Not Availavle,113,['drama'],[],7.3
tm814894,Parchís: the Documentary,MOVIE,2019,PG-13,105,"['documentation', 'music']",['ES'],6.8
ts256606,Trial 4,SHOW,2020,TV-MA,55,"['documentation', 'crime']",['US'],7.4
tm843276,Memories of a Teenager,MOVIE,2019,Not Availavle,93,['drama'],['AR'],6.5
tm949267,Notes for My Son,MOVIE,2020,Not Availavle,83,['drama'],['AR'],6.4
tm919106,Rising Phoenix,MOVIE,2020,PG-13,105,"['documentation', 'sport']",['GB'],8.1
tm494847,Made in China,MOVIE,2019,PG,128,"['comedy', 'drama', 'romance', 'thriller', 'crime', 'european']",['IN'],6.2
ts254817,A Perfect Crime,SHOW,2020,Not Availavle,43,"['documentation', 'crime']",['DE'],7.3
ts215166,Scams,SHOW,2019,Not Availavle,24,"['action', 'crime', 'drama']",['JP'],6.4
tm931436,Welcome to Sudden Death,MOVIE,2020,R,80,['action'],"['CA', 'FR', 'JP', 'GB', 'US']",4.3
tm943718,Operation Christmas Drop,MOVIE,2020,Not Availavle,95,"['romance', 'family', 'comedy']",['US'],5.8
ts251621,World's Most Wanted,SHOW,2020,TV-14,47,"['documentation', 'crime']",['US'],7.1
tm837690,Eeb Allay Ooo!,MOVIE,2020,Not Availavle,97,"['drama', 'comedy']",['IN'],7.2
tm484989,The Influence,MOVIE,2019,Not Availavle,99,"['documentation', 'horror', 'european']",['ES'],4.6
ts216513,The Healing Powers of Dude,SHOW,2020,TV-G,25,"['family', 'fantasy', 'action', 'comedy', 'drama']",[],6.4
tm879609,Brave Blue World,MOVIE,2019,Not Availavle,50,['documentation'],"['CA', 'GB']",6.7
tm897418,DNA,MOVIE,2020,Not Availavle,90,"['drama', 'history']",['FR'],5.9
tm863890,Rising High,MOVIE,2020,Not Availavle,94,"['comedy', 'drama']",['DE'],5.9
tm420181,Spelling the Dream,MOVIE,2020,Not Availavle,82,['documentation'],['US'],6.9
tm847623,Rogue Warfare: Death of a Nation,MOVIE,2020,R,103,"['war', 'action']",['US'],3.3
tm925218,Monster Run,MOVIE,2020,Not Availavle,104,"['fantasy', 'scifi', 'thriller', 'action', 'drama']","['CN', 'HK']",5.2
ts188991,Someone Has to Die,SHOW,2020,TV-MA,50,"['drama', 'thriller', 'crime']","['ES', 'MX']",6.3
ts90511,Crime Diaries: Night Out,SHOW,2019,TV-MA,44,['crime'],['MX'],7.3
tm977464,Youth v Gov,MOVIE,2020,Not Availavle,110,['documentation'],[],6.7
ts191285,The Prince of Tennis,SHOW,2019,TV-PG,45,"['drama', 'sport']",['CN'],7.6
tm946360,Really Love,MOVIE,2020,Not Availavle,95,"['romance', 'drama']",['US'],6.1
tm984935,Rhys Nicholson: Live at the Athenaeum,MOVIE,2020,Not Availavle,65,['comedy'],[],7.5
tm917325,Dragons: Rescue Riders: Secrets of the Songwing,MOVIE,2020,Not Availavle,45,"['animation', 'action', 'comedy', 'family', 'fantasy']",['US'],5.0
tm838954,Wira,MOVIE,2019,Not Availavle,108,"['action', 'drama']",['MY'],6.3
tm675154,Malaal,MOVIE,2019,Not Availavle,136,"['drama', 'romance', 'action']",['IN'],5.8
tm844662,Ronny Chieng: Asian Comedian Destroys America!,MOVIE,2019,Not Availavle,63,['comedy'],['US'],7.4
tm918853,All Together Now,MOVIE,2020,PG,92,['drama'],['US'],6.5
tm460815,Luka Chuppi,MOVIE,2019,Not Availavle,126,"['comedy', 'romance', 'drama']",['IN'],6.3
ts90466,Hong Kong West Side Stories,SHOW,2019,TV-MA,23,"['drama', 'comedy']",['HK'],5.7
tm856424,Bheeshma,MOVIE,2020,Not Availavle,151,"['comedy', 'romance', 'action']",['IN'],6.5
tm470252,Calum von Moger: Unbroken,MOVIE,2019,Not Availavle,93,['documentation'],['US'],6.2
tm919082,Octonauts and the Caves of Sac Actun,MOVIE,2020,Not Availavle,72,"['family', 'animation', 'comedy']",['GB'],6.2
tm843938,18 Presents,MOVIE,2020,Not Availavle,110,"['drama', 'fantasy', 'european']",['IT'],6.9
ts226410,Handsome Siblings,SHOW,2020,Not Availavle,46,"['comedy', 'drama', 'fantasy', 'romance', 'action']",['CN'],7.9
tm455161,Panipat,MOVIE,2019,Not Availavle,171,"['history', 'war', 'romance', 'action', 'drama']",['IN'],5.2
tm869307,Three Thieves,MOVIE,2019,Not Availavle,108,['comedy'],['NG'],8.2
tm452440,Cinderela Pop,MOVIE,2019,Not Availavle,94,"['romance', 'comedy', 'family', 'music']",['BR'],4.5
tm849407,Isi & Ossi,MOVIE,2020,Not Availavle,113,"['romance', 'comedy']",['DE'],6.4
tm831934,The Millions,MOVIE,2019,Not Availavle,94,"['comedy', 'crime', 'thriller', 'drama']",['NG'],5.4
tm465427,Maria,MOVIE,2019,Not Availavle,89,"['action', 'crime', 'drama', 'thriller']",['PH'],5.0
tm851346,Residue,MOVIE,2020,Not Availavle,90,['drama'],['US'],6.5
tm475339,Beats,MOVIE,2019,Not Availavle,109,['drama'],['US'],6.3
tm892081,Eric Andre: Legalize Everything,MOVIE,2020,R,51,['comedy'],['US'],6.1
ts78324,Pinky Malinky,SHOW,2019,TV-Y7,13,"['comedy', 'family', 'animation']",['US'],5.5
tm954543,Wheels of Fortune,MOVIE,2020,R,107,['comedy'],['US'],5.3
tm975398,Christmas Crossfire,MOVIE,2020,Not Availavle,106,"['thriller', 'comedy', 'crime']",['DE'],4.8
ts113748,Twelve Forever,SHOW,2019,TV-PG,14,"['family', 'fantasy', 'animation', 'action', 'comedy']",['US'],6.6
tm948916,The Scary House,MOVIE,2020,Not Availavle,100,"['thriller', 'family', 'fantasy', 'drama', 'horror', 'european']","['AT', 'DE']",5.4
ts222625,A Little Thing Called First Love,SHOW,2019,Not Availavle,45,"['comedy', 'drama', 'romance']",['CN'],7.9
ts90508,Flinch,SHOW,2019,TV-PG,24,['reality'],['GB'],4.3
ts221041,My Dear Warrior,SHOW,2019,TV-14,44,"['drama', 'romance', 'fantasy']",['TH'],4.9
ts223084,Nowhere Man,SHOW,2019,TV-MA,47,"['crime', 'action', 'drama', 'thriller']",['TW'],5.5
ts269157,Room 2806: The Accusation,SHOW,2020,TV-MA,49,"['documentation', 'crime']",['FR'],7.0
tm910999,Xico's Journey,MOVIE,2020,Not Availavle,85,"['family', 'fantasy', 'animation']",['MX'],5.1
ts101503,Team Kaylie,SHOW,2019,TV-PG,29,"['comedy', 'family']",['US'],4.1
tm830833,"Hello, Privilege. It's Me, Chelsea",MOVIE,2019,Not Availavle,64,['documentation'],['US'],4.5
tm819497,"Berlin, Berlin",MOVIE,2020,Not Availavle,80,"['comedy', 'drama', 'romance']",['DE'],3.8
tm836674,The Main Event,MOVIE,2020,Not Availavle,102,"['family', 'comedy', 'action', 'fantasy', 'sport']",['US'],4.8
ts269740,How To Ruin Christmas,SHOW,2020,TV-MA,50,"['drama', 'comedy']",['ZA'],6.0
tm373452,Kannum Kannum Kollaiyadithaal,MOVIE,2020,Not Availavle,162,"['comedy', 'romance', 'drama', 'thriller']",['IN'],7.7
tm982100,"ariana grande: excuse me, i love you",MOVIE,2020,Not Availavle,97,"['documentation', 'music']",['US'],6.3
ts90789,Jailbirds,SHOW,2019,TV-MA,41,"['reality', 'thriller', 'crime']",['US'],7.0
tm945825,Bobbleheads: The Movie,MOVIE,2020,PG,82,"['animation', 'family']",['US'],2.3
tm885669,The Christmas Chronicles: Part Two,MOVIE,2020,PG,112,"['fantasy', 'family', 'comedy']",['US'],6.0
tm945435,Octonauts and the Great Barrier Reef,MOVIE,2020,Not Availavle,47,"['animation', 'action', 'comedy', 'family']",['XX'],6.5
tm474061,Malibu Rescue,MOVIE,2019,Not Availavle,69,"['family', 'action', 'comedy']",['US'],4.9
tm837843,It Takes a Lunatic,MOVIE,2019,Not Availavle,120,"['documentation', 'drama']","['US', 'GB', 'DE']",6.6
tm856593,Bert Kreischer: Hey Big Boy,MOVIE,2020,Not Availavle,62,['comedy'],['US'],7.0
tm948607,Midnight at the Magnolia,MOVIE,2020,Not Availavle,87,"['comedy', 'romance']",['CA'],5.8
tm351938,Girls with Balls,MOVIE,2019,Not Availavle,77,"['horror', 'comedy', 'european']","['FR', 'BE']",3.9
tm470597,A Kid from Coney Island,MOVIE,2019,Not Availavle,89,"['documentation', 'sport']","['US', 'CN']",7.0
tm426630,Soni,MOVIE,2019,Not Availavle,97,"['crime', 'drama']",['IN'],7.1
tm483602,Malang,MOVIE,2020,Not Availavle,135,"['romance', 'action', 'crime', 'drama', 'thriller']",['IN'],6.5
tm886214,Mrs. Serial Killer,MOVIE,2020,Not Availavle,106,"['thriller', 'drama', 'crime']",['IN'],4.2
tm919903,Tragic Jungle,MOVIE,2020,Not Availavle,96,"['drama', 'thriller']","['FR', 'MX', 'CO']",5.6
tm455981,Rubaru Roshni,MOVIE,2019,Not Availavle,110,['documentation'],['IN'],8.6
tm836638,The Man Without Gravity,MOVIE,2019,Not Availavle,107,"['fantasy', 'drama', 'comedy']","['BE', 'FR', 'IT']",5.8
ts105589,Rhyme Time Town,SHOW,2020,TV-Y,21,"['animation', 'comedy', 'family']",['US'],7.6
tm847008,Shine Your Eyes,MOVIE,2020,Not Availavle,102,"['drama', 'thriller']","['BR', 'FR']",6.5
tm452929,The Little Switzerland,MOVIE,2019,PG-13,86,"['comedy', 'european']",['ES'],4.8
tm845532,Mucho Mucho Amor: The Legend of Walter Mercado,MOVIE,2020,Not Availavle,96,['documentation'],['US'],7.2
tm818786,Menendez: The Day of the Lord,MOVIE,2020,Not Availavle,93,"['drama', 'horror', 'thriller']","['ES', 'MX']",4.9
tm834715,Single Slipper Size - 7,MOVIE,2019,Not Availavle,120,"['thriller', 'drama']",['IN'],8.4
tm830795,Happy Old Year,MOVIE,2019,Not Availavle,113,"['drama', 'romance']",['TH'],7.2
tm450095,37 Seconds,MOVIE,2019,Not Availavle,115,['drama'],['JP'],7.4
tm833382,Keeping the Bees,MOVIE,2019,PG-13,93,['drama'],['TR'],5.8
ts222802,Once Upon a Time in Lingjian Mountain,SHOW,2019,TV-14,44,"['action', 'scifi', 'comedy', 'drama', 'fantasy', 'romance']",['CN'],7.4
tm477006,Psycho,MOVIE,2020,Not Availavle,134,"['drama', 'crime', 'thriller']",['IN'],6.2
ts243256,Social Distance,SHOW,2020,TV-MA,20,"['drama', 'comedy']",['US'],5.7
ts250803,Say I Do,SHOW,2020,TV-14,54,['reality'],"['GB', 'US']",7.7
tm825952,Simon Amstell: Set Free,MOVIE,2019,Not Availavle,51,['comedy'],['US'],6.5
tm863992,The Most Dangerous Man in Europe,MOVIE,2020,Not Availavle,68,"['documentation', 'history', 'war']",['ES'],6.8
ts112733,Bard of Blood,SHOW,2019,TV-MA,44,"['action', 'drama', 'thriller']",['IN'],6.8
ts90095,Jinn,SHOW,2019,TV-14,32,"['drama', 'scifi', 'horror', 'fantasy', 'thriller']",['JO'],3.4
tm466832,Dragon Quest: Your Story,MOVIE,2019,PG,102,"['action', 'fantasy', 'animation', 'family', 'comedy']",['JP'],6.5
tm845020,Jack Whitehall: Christmas with my Father,MOVIE,2019,Not Availavle,64,"['comedy', 'documentation']",[],6.0
tm871330,Full Out 2: You Got This!,MOVIE,2020,Not Availavle,90,['family'],['US'],4.6
tm458418,Tune in for Love,MOVIE,2019,Not Availavle,122,"['romance', 'drama']",['KR'],7.1
tm817087,#AnneFrank. Parallel Stories,MOVIE,2019,Not Availavle,92,"['drama', 'history', 'documentation']",['IT'],6.5
tm461827,Who Would You Take to a Deserted Island?,MOVIE,2019,Not Availavle,90,"['comedy', 'drama', 'european']",['ES'],5.3
tm947555,Sarah Cooper: Everything's Fine,MOVIE,2020,Not Availavle,49,['comedy'],['US'],5.5
tm372035,Paris Is Us,MOVIE,2019,Not Availavle,84,"['drama', 'european']",['FR'],4.6
ts250920,Home Game,SHOW,2020,TV-MA,29,"['documentation', 'sport']",['US'],7.0
tm819016,The Path of the Anaconda,MOVIE,2019,Not Availavle,73,['documentation'],['CO'],6.7
tm838765,A Christmas Prince: The Royal Baby,MOVIE,2019,Not Availavle,84,"['romance', 'family']",['US'],5.4
tm818588,All the Freckles in the World,MOVIE,2019,Not Availavle,90,"['comedy', 'sport', 'romance']",['MX'],5.2
tm811971,Oprah Winfrey Presents: When They See Us Now,MOVIE,2019,Not Availavle,61,['documentation'],[],7.7
ts112667,Go! Go! Cory Carson,SHOW,2020,TV-Y,9,"['comedy', 'family', 'animation']",['US'],7.9
tm845850,Out of the Clear Blue Sky,MOVIE,2019,Not Availavle,112,"['drama', 'music', 'comedy', 'romance']","['MX', 'US']",6.5
ts104507,Triad Princess,SHOW,2019,Not Availavle,43,"['drama', 'comedy']",['TW'],6.7
tm884616,Quiet,MOVIE,2020,Not Availavle,102,['drama'],['CL'],6.4
tm850822,Fortune Feimster: Sweet & Salty,MOVIE,2020,Not Availavle,61,"['comedy', 'drama']",[],6.8
tm931158,Gather,MOVIE,2020,Not Availavle,74,['documentation'],['US'],7.8
tm677746,Bombay Rose,MOVIE,2019,PG-13,97,"['drama', 'romance', 'animation']","['FR', 'IN', 'QA']",6.2
tm452867,Jo Pil-ho: The Dawning Rage,MOVIE,2019,Not Availavle,127,"['drama', 'action', 'crime', 'thriller']",['KR'],6.3
ts222803,Maradona in Mexico,SHOW,2019,TV-MA,33,"['documentation', 'sport', 'comedy', 'drama']","['AR', 'PE']",7.3
tm464527,ReMastered: The Miami Showband Massacre,MOVIE,2019,Not Availavle,70,"['documentation', 'crime', 'music']",[],7.0
tm458721,Amy Schumer: Growing,MOVIE,2019,Not Availavle,61,['comedy'],['US'],5.4
tm492043,Motichoor Chaknachoor,MOVIE,2019,Not Availavle,150,"['comedy', 'romance']",['IN'],5.8
tm881891,Chris D'Elia: No Pain,MOVIE,2020,Not Availavle,55,['comedy'],['US'],5.9
tm929630,A New York Christmas Wedding,MOVIE,2020,Not Availavle,88,"['drama', 'romance']",['US'],5.3
tm935993,Classmates Minus,MOVIE,2020,R,122,"['drama', 'comedy']",['TW'],7.1
tm901947,Little Big Women,MOVIE,2020,Not Availavle,123,['drama'],['TW'],7.2
ts88821,I Hear You,SHOW,2019,TV-14,44,"['drama', 'comedy', 'romance']",['CN'],7.2
ts89336,Charlie's Colorforms City,SHOW,2019,TV-Y,23,"['animation', 'family']",['US'],6.7
ts87680,Playing with Fire,SHOW,2019,TV-14,43,['drama'],['MX'],5.9
ts89331,My Husband Won't Fit,SHOW,2019,TV-MA,35,"['drama', 'romance']",['JP'],6.7
tm976632,Indoo Ki Jawani,MOVIE,2020,Not Availavle,115,"['comedy', 'drama']",['IN'],3.0
tm469025,Franco Escamilla: bienvenido al mundo,MOVIE,2019,Not Availavle,54,['comedy'],[],7.0
tm921416,Class of '83,MOVIE,2020,Not Availavle,98,"['drama', 'crime', 'thriller', 'action']",['IN'],5.8
ts87599,Somewhere Only We Know,SHOW,2019,TV-MA,58,"['drama', 'romance']",['CN'],7.2
tm849937,Jungle Beat: The Movie,MOVIE,2020,G,84,"['family', 'animation', 'scifi', 'comedy', 'fantasy']",['MU'],5.4
tm861718,Villain,MOVIE,2020,R,97,"['crime', 'drama', 'thriller', 'action']",['GB'],5.9
tm937044,Bigflo & Oli: Hip Hop Frenzy,MOVIE,2020,Not Availavle,100,"['documentation', 'music']",['FR'],6.7
ts252318,Million Dollar Beach House,SHOW,2020,TV-MA,28,['reality'],['US'],4.2
tm442199,Shanghai Fortress,MOVIE,2019,Not Availavle,107,"['scifi', 'war', 'action']",['CN'],4.3
tm455197,Kabir Singh,MOVIE,2019,Not Availavle,172,"['drama', 'romance', 'crime', 'action']",['IN'],7.0
tm840224,Seth Meyers: Lobby Baby,MOVIE,2019,Not Availavle,61,['comedy'],['US'],7.4
tm459329,Firebrand,MOVIE,2019,Not Availavle,116,['drama'],['IN'],5.1
tm453727,Deadly Switch,MOVIE,2019,Not Availavle,86,['thriller'],['US'],4.5
tm818154,Whitney Cummings: Can I Touch It?,MOVIE,2019,Not Availavle,59,['comedy'],['US'],6.5
ts225539,Hyena,SHOW,2020,Not Availavle,62,"['drama', 'crime', 'romance']",['KR'],7.7
ts89330,Stay Tuned!,SHOW,2019,TV-14,44,['comedy'],['JP'],7.5
tm832843,Jeff Dunham: Beside Himself,MOVIE,2019,Not Availavle,58,['comedy'],['US'],6.9
tm919210,Uma Maheswara Ugra Roopasya,MOVIE,2020,Not Availavle,136,"['comedy', 'drama']",['IN'],7.7
tm851912,Gunjan Saxena: The Kargil Girl,MOVIE,2020,Not Availavle,112,"['action', 'drama', 'war']",['IN'],5.6
tm941531,The Beast,MOVIE,2020,Not Availavle,90,"['crime', 'action', 'drama', 'thriller']",['IT'],5.2
tm938466,Kitty Love: An Homage to Cats,MOVIE,2020,Not Availavle,60,"['documentation', 'european']",['NL'],5.1
ts251616,Sing On! Germany,SHOW,2020,Not Availavle,38,"['reality', 'music']",['DE'],5.5
tm977478,Nate: A One Man Show,MOVIE,2020,Not Availavle,59,['comedy'],['US'],6.6
tm912190,Cargo,MOVIE,2019,PG-13,113,"['fantasy', 'scifi', 'drama']",['IN'],5.6
tm873159,The Yin-Yang Master: Dream of Eternity,MOVIE,2020,PG-13,132,"['drama', 'fantasy', 'scifi', 'action']",['CN'],6.4
tm957567,Hazel Brugger: Tropical,MOVIE,2020,Not Availavle,59,['comedy'],['DE'],6.2
tm468200,Uyare,MOVIE,2019,Not Availavle,125,['drama'],['IN'],8.0
ts222835,Holiday Secrets,SHOW,2019,Not Availavle,38,['drama'],['DE'],6.5
tm893874,Choked: Paisa Bolta Hai,MOVIE,2020,Not Availavle,114,"['thriller', 'drama']",['IN'],5.7
tm931701,Òlòtūré,MOVIE,2019,Not Availavle,106,"['drama', 'crime']",['NG'],5.5
tm827640,Travis Scott: Look Mom I Can Fly,MOVIE,2019,Not Availavle,85,"['documentation', 'music']",['US'],6.3
tm908529,Tell Me When,MOVIE,2020,Not Availavle,95,"['romance', 'documentation', 'comedy']",['MX'],5.7
ts238316,Twogether,SHOW,2020,Not Availavle,58,['reality'],[],8.4
tm817284,Bridezilla,MOVIE,2019,Not Availavle,93,"['romance', 'drama', 'comedy']",['ID'],6.1
ts268997,Futmalls.com,SHOW,2020,TV-14,40,"['scifi', 'thriller']",['TW'],6.5
tm975765,Emicida: AmarElo - It's All for Yesterday,MOVIE,2020,Not Availavle,89,"['music', 'documentation']",['BR'],8.5
tm977782,Shawn Mendes: Live in Concert,MOVIE,2020,PG,87,"['music', 'documentation']",['CA'],7.1
tm429172,The (Silent) War,MOVIE,2019,Not Availavle,123,"['thriller', 'war', 'crime', 'action', 'drama', 'european']",['ES'],5.5
tm849131,I Am Vengeance: Retaliation,MOVIE,2020,R,90,['action'],['GB'],3.4
ts223098,Lugar de Mulher,SHOW,2019,Not Availavle,15,['comedy'],['BR'],4.7
ts221851,The Lies Within,SHOW,2019,Not Availavle,60,"['drama', 'thriller']",['KR'],7.0
tm929600,Afonso Padilha: Classless,MOVIE,2020,Not Availavle,63,['comedy'],['BR'],6.8
ts222599,Queer Eye: We're in Japan!,SHOW,2019,TV-14,50,['reality'],['US'],8.2
tm977952,Fierce,MOVIE,2020,Not Availavle,118,"['comedy', 'music']",['PL'],5.5
tm824560,The Lost Okoroshi,MOVIE,2020,Not Availavle,94,"['action', 'drama']",['NG'],5.8
tm920320,Lift Like a Girl,MOVIE,2020,Not Availavle,93,['documentation'],"['DE', 'DK', 'EG']",7.8
tm466426,The Trap,MOVIE,2019,Not Availavle,90,['comedy'],['US'],4.3
tm853910,Road to Roma,MOVIE,2020,Not Availavle,73,['documentation'],['MX'],7.7
tm898699,Larry the Cable Guy: Remain Seated,MOVIE,2020,R,67,['comedy'],['US'],6.6
tm854682,Asphalt Goddess,MOVIE,2020,Not Availavle,126,['drama'],['MX'],4.9
tm828326,The Crystal Calls - Making The Dark Crystal: Age of Resistance,MOVIE,2019,Not Availavle,83,['documentation'],['US'],7.6
tm835512,The Spooky Tale of Captain Underpants Hack-a-Ween,MOVIE,2019,Not Availavle,45,"['action', 'comedy', 'family', 'animation']",['US'],5.9
tm841239,The Road to El Camino: Behind the Scenes of El Camino: A Breaking Bad Movie,MOVIE,2019,PG-13,13,['documentation'],['US'],7.1
ts241246,The Smart Money Woman,SHOW,2020,TV-MA,48,['drama'],[],6.2
ts189314,Tiffany Haddish Presents: They Ready,SHOW,2019,TV-14,23,"['comedy', 'reality']",['US'],6.5
ts233367,Sing On! Spain,SHOW,2020,TV-G,39,"['music', 'reality']",['ES'],6.1
tm446480,Cemara's Family,MOVIE,2019,Not Availavle,110,"['family', 'drama']",['ID'],7.7
tm423624,Ek Ladki Ko Dekha Toh Aisa Laga,MOVIE,2019,Not Availavle,121,"['drama', 'comedy', 'romance', 'crime']",['IN'],5.6
ts214463,"Los Briceño, una familia todo terreno",SHOW,2019,Not Availavle,46,['drama'],['US'],7.8
ts89679,A Thousand Goodnights,SHOW,2019,Not Availavle,71,"['family', 'drama']",['TW'],8.0
tm912327,The Larva Island Movie,MOVIE,2020,Not Availavle,89,"['animation', 'family', 'comedy']",['KR'],5.1
tm852662,Ultras,MOVIE,2020,Not Availavle,109,['drama'],['IT'],6.2
tm452996,"Ken Jeong: You Complete Me, Ho",MOVIE,2019,Not Availavle,62,['comedy'],['US'],5.7
ts88146,Larry Charles' Dangerous World of Comedy,SHOW,2019,TV-MA,59,"['documentation', 'comedy']",['US'],7.3
tm889647,The Stand at Paxton County,MOVIE,2020,R,102,"['thriller', 'drama']",['US'],6.3
ts266898,A Queen Is Born,SHOW,2020,Not Availavle,44,['reality'],['BR'],6.0
tm1079495,A Second Chance: Rivals!,MOVIE,2019,PG,89,"['drama', 'family', 'sport']",['AU'],4.6
ts89363,YooHoo to the Rescue,SHOW,2019,TV-Y,13,"['animation', 'family']",['KR'],6.8
tm885845,Murder to Mercy - The Cyntoia Brown Story,MOVIE,2020,Not Availavle,96,['documentation'],['US'],6.3
tm851860,Alex Fernández: The Best Comedian in the World,MOVIE,2020,Not Availavle,51,['comedy'],['MX'],6.1
tm943771,Angela's Christmas Wish,MOVIE,2020,G,47,"['animation', 'family', 'comedy', 'drama']","['US', 'IE']",7.1
tm1005077,Strain,MOVIE,2020,Not Availavle,106,['drama'],[],5.6
tm462551,"¡Ay, mi madre!",MOVIE,2019,Not Availavle,81,"['comedy', 'european']",['ES'],3.9
tm840723,Ramprasad Ki Tehrvi,MOVIE,2019,Not Availavle,106,"['drama', 'family', 'comedy']",['IN'],7.5
tm898773,Bulbbul,MOVIE,2020,Not Availavle,94,"['fantasy', 'horror', 'drama']",['IN'],6.5
ts222942,Narcoworld: Dope Stories,SHOW,2019,TV-MA,40,"['documentation', 'crime']",['US'],6.6
tm908777,Thiago Ventura: POKAS,MOVIE,2020,Not Availavle,82,['comedy'],['BR'],6.4
tm1028083,Red Snow,MOVIE,2019,Not Availavle,100,['drama'],['CA'],4.5
tm938227,Dolly Parton's Christmas on the Square,MOVIE,2020,PG,98,"['comedy', 'music', 'family']",['US'],5.2
tm937265,You've Got This,MOVIE,2020,Not Availavle,111,"['romance', 'comedy']",['MX'],5.8
tm917999,"Rob Schneider: Asian Momma, Mexican Kids",MOVIE,2020,Not Availavle,44,['comedy'],['US'],5.5
tm832684,Los Tigres del Norte at Folsom Prison,MOVIE,2019,Not Availavle,64,"['documentation', 'music']",['US'],7.0
tm463038,Despite Everything,MOVIE,2019,Not Availavle,75,"['comedy', 'european']",['ES'],5.3
ts213071,Sleepless Society NYCTOPHOBIA,SHOW,2019,TV-MA,46,"['thriller', 'drama']",['TH'],5.6
tm845117,Tiffany Haddish: Black Mitzvah,MOVIE,2019,Not Availavle,55,['comedy'],['US'],6.3
tm822596,Into the Beat,MOVIE,2020,Not Availavle,102,"['music', 'romance', 'drama', 'european']",['DE'],5.3
tm844208,What the F* Is Going On?,MOVIE,2019,Not Availavle,86,['documentation'],['ES'],7.4
tm824858,Cuddle Weather,MOVIE,2019,Not Availavle,95,"['drama', 'romance', 'comedy']",['PH'],6.0
tm944631,The Three Deaths of Marisela Escobedo,MOVIE,2020,Not Availavle,109,"['crime', 'documentation']",['MX'],8.1
tm843958,Rogue Warfare: The Hunt,MOVIE,2019,R,103,['action'],['US'],3.1
ts225377,Taj Mahal 1989,SHOW,2020,Not Availavle,34,"['drama', 'comedy', 'romance']",['IO'],7.4
tm511991,99 Songs,MOVIE,2019,Not Availavle,128,"['romance', 'drama']",['IN'],6.6
ts266966,Juman,SHOW,2019,TV-PG,39,"['romance', 'drama']",['KW'],5.0
tm1149814,Uncovered,MOVIE,2019,Not Availavle,95,"['crime', 'thriller', 'action']",['ZA'],4.6
ts235689,J-Style Trip,SHOW,2020,TV-14,64,['reality'],"['TW', 'CN']",5.0
tm957792,The Rope Curse 2,MOVIE,2020,Not Availavle,104,['horror'],[],4.7
tm474862,Bennett's War,MOVIE,2019,PG-13,94,"['drama', 'sport']",['US'],6.0
tm853485,Night on Earth: Shot in the Dark,MOVIE,2020,Not Availavle,59,['documentation'],[],7.7
tm849323,Shikara,MOVIE,2020,Not Availavle,118,"['drama', 'romance', 'history']",['IN'],3.3
tm425944,A Land Imagined,MOVIE,2019,Not Availavle,95,"['thriller', 'drama', 'european']","['FR', 'NL', 'SG']",6.2
tm469432,Hating Peter Tatchell,MOVIE,2020,Not Availavle,91,['documentation'],"['AU', 'GB']",7.6
tm501222,Twin Murders: The Silence of the White City,MOVIE,2019,Not Availavle,110,"['action', 'crime', 'drama', 'horror', 'thriller', 'european']",['ES'],5.3
ts251072,The Underclass,SHOW,2020,TV-MA,55,['drama'],['TH'],6.5
tm428506,The Man Who Feels No Pain,MOVIE,2019,PG,136,"['comedy', 'action']",['IN'],7.3
tm957903,The Boys in the Band: Something Personal,MOVIE,2020,Not Availavle,28,['documentation'],['US'],7.2
tm923612,Any Crybabies Around?,MOVIE,2020,Not Availavle,106,['drama'],['JP'],6.0
tm838705,Holiday Rush,MOVIE,2019,Not Availavle,94,"['drama', 'comedy', 'romance', 'family']",['US'],4.9
ts252015,GAME ON: A Comedy Crossover Event,SHOW,2020,TV-G,30,"['comedy', 'family']",['US'],5.5
tm946277,Love,MOVIE,2020,Not Availavle,91,"['thriller', 'drama']",['IN'],7.0
tm973335,The Body,MOVIE,2019,Not Availavle,104,"['thriller', 'comedy']",['IN'],5.5
tm822099,The Blue Elephant 2,MOVIE,2019,Not Availavle,130,"['horror', 'thriller', 'crime', 'drama']",[],8.2
tm234980,A Choo,MOVIE,2020,Not Availavle,101,"['romance', 'comedy', 'action', 'fantasy']",['TW'],5.5
tm910612,The Claus Family,MOVIE,2020,Not Availavle,96,"['comedy', 'family', 'fantasy']",['BE'],5.5
tm850382,Sillu Karupatti,MOVIE,2019,G,138,"['drama', 'romance']",['IN'],8.0
tm464509,K. D.,MOVIE,2019,Not Availavle,119,['drama'],['IN'],8.4
tm820116,Street Flow,MOVIE,2019,Not Availavle,96,"['drama', 'crime']",['FR'],6.4
tm859143,Torbaaz,MOVIE,2020,Not Availavle,132,"['drama', 'thriller', 'action', 'sport']",['IN'],6.9
tm918026,Sam Jay: 3 in the Morning,MOVIE,2020,Not Availavle,64,['comedy'],[],6.4
tm918960,The Magic School Bus Rides Again: Kids in Space,MOVIE,2020,Not Availavle,45,"['action', 'family', 'animation', 'comedy', 'scifi']",['CA'],6.1
ts89340,Crime Diaries: The Candidate,SHOW,2019,TV-MA,42,"['thriller', 'war', 'drama', 'crime']",['MX'],7.5
ts103574,Sakho & Mangane,SHOW,2019,TV-MA,51,"['action', 'comedy', 'crime']",['SN'],6.3
ts218367,Secreto bien guardado,SHOW,2019,TV-MA,30,"['drama', 'romance']",['AR'],5.0
tm840216,Iliza Shlesinger: Unveiled,MOVIE,2019,Not Availavle,78,['comedy'],['US'],6.5
tm938048,Michelle Buteau: Welcome to Buteaupia,MOVIE,2020,Not Availavle,58,['comedy'],[],7.0
tm821662,Vikruthi,MOVIE,2019,Not Availavle,123,"['drama', 'comedy']",['IN'],7.4
tm540277,Nasha Natasha,MOVIE,2020,Not Availavle,83,"['documentation', 'music']",['UY'],6.3
tm810642,Manmadhudu 2,MOVIE,2019,Not Availavle,155,"['comedy', 'romance', 'drama']",['IN'],4.8
tm984018,Cops and Robbers,MOVIE,2020,PG-13,8,['animation'],['US'],6.9
tm946801,Just Another Christmas,MOVIE,2020,Not Availavle,101,"['comedy', 'drama']",['BR'],6.7
ts221891,Legend Quest: Masters of Myth,SHOW,2019,TV-Y7,25,"['animation', 'action']",['MX'],7.5
tm1172010,The Lockdown Plan,MOVIE,2020,Not Availavle,49,[],[],6.5
tm847630,The App,MOVIE,2019,Not Availavle,79,"['drama', 'scifi', 'thriller']",['IT'],2.7
tm946927,Dance Dreams: Hot Chocolate Nutcracker,MOVIE,2020,Not Availavle,80,"['documentation', 'family']",['US'],7.0
ts218504,Hello Ninja,SHOW,2019,TV-Y,13,"['family', 'fantasy', 'animation', 'action', 'comedy']",['CA'],6.8
tm431769,Once Again,MOVIE,2019,Not Availavle,101,"['drama', 'romance', 'european']","['DE', 'IN', 'AT']",7.0
ts237487,True: Terrific Tales,SHOW,2020,Not Availavle,8,"['animation', 'family']",['US'],6.2
tm878995,Dragons: Rescue Riders: Hunt for the Golden Dragon,MOVIE,2020,Not Availavle,46,"['animation', 'action', 'comedy', 'family', 'fantasy']",['US'],5.1
tm856545,Intuition,MOVIE,2020,Not Availavle,116,"['thriller', 'crime', 'drama']",['AR'],5.5
tm474263,Still Laugh-In: The Stars Celebrate,MOVIE,2019,Not Availavle,60,"['comedy', 'music']",[],5.2
tm462037,Mi amigo Alexis,MOVIE,2019,Not Availavle,100,"['drama', 'family', 'comedy', 'sport']",['CL'],5.1
tm851499,Vir Das: For India,MOVIE,2020,Not Availavle,75,['comedy'],['IN'],7.7
tm927033,True: Friendship Day,MOVIE,2020,Not Availavle,23,"['animation', 'family']",['CA'],6.9
tm849102,Shimla Mirchi,MOVIE,2020,Not Availavle,129,"['romance', 'comedy']",['IN'],4.6
tm954606,Felix Lobrecht: Hype,MOVIE,2020,Not Availavle,59,['comedy'],['DE'],5.8
tm431810,Evelyn,MOVIE,2019,Not Availavle,95,['documentation'],['GB'],7.2
tm469966,The Unknown Saint,MOVIE,2020,Not Availavle,100,"['comedy', 'drama', 'crime']","['MA', 'FR', 'QA']",6.5
tm818239,Penalty,MOVIE,2019,Not Availavle,128,"['sport', 'drama']",['IN'],5.3
ts222980,Singapore Social,SHOW,2019,Not Availavle,38,['reality'],['US'],4.7
ts221151,Living Undocumented,SHOW,2019,TV-MA,43,['documentation'],['US'],6.6
tm469510,Albert  Pinto Ko Gussa Kyun Aata Hai?,MOVIE,2019,Not Availavle,94,"['crime', 'drama']",['IN'],5.5
tm845607,Spirit Riding Free: Spirit of Christmas,MOVIE,2019,PG,45,"['animation', 'family', 'action', 'comedy', 'drama']",['US'],5.2
tm926528,AK vs AK,MOVIE,2020,Not Availavle,108,"['drama', 'action', 'crime', 'thriller', 'comedy']",['IN'],6.9
tm1013697,Nneka the Pretty Serpent,MOVIE,2020,Not Availavle,140,"['horror', 'thriller', 'fantasy']",['NG'],3.7
tm854454,Varane Avashyamund,MOVIE,2020,Not Availavle,145,"['comedy', 'family', 'romance', 'drama']",['IN'],6.9
ts269073,The Fabulous Lives of Bollywood Wives,SHOW,2020,TV-MA,37,"['reality', 'documentation', 'romance']",['IN'],4.7
tm473813,Chopsticks,MOVIE,2019,Not Availavle,100,"['comedy', 'drama']",['IN'],6.5
tm1226722,U-Turn,MOVIE,2020,Not Availavle,120,"['thriller', 'horror']","['PS', 'PH']",4.4
tm863611,Kappela,MOVIE,2020,Not Availavle,113,"['romance', 'comedy']",['IN'],7.5
tm998899,The Fisherman's Diary,MOVIE,2020,Not Availavle,142,['drama'],['CM'],6.4
tm826875,Back to School,MOVIE,2019,Not Availavle,83,['comedy'],['FR'],5.3
ts258169,Holiday Home Makeover with Mr. Christmas,SHOW,2020,TV-G,44,['reality'],['US'],5.8
ts92405,Hasmukh,SHOW,2020,TV-MA,32,"['comedy', 'crime', 'drama']",['IN'],5.3
tm452900,ReMastered: Massacre at the Stadium,MOVIE,2019,Not Availavle,64,"['documentation', 'drama']",['CL'],7.2
tm918962,Fearless,MOVIE,2020,PG,89,"['animation', 'family', 'scifi', 'documentation', 'comedy']",['CA'],4.9
tm908128,Chaman Bahar,MOVIE,2020,Not Availavle,111,"['drama', 'comedy']",['IN'],6.9
ts223110,Sugar Rush Christmas,SHOW,2019,TV-PG,51,['reality'],['US'],6.8
tm882606,Sethum Aayiram Pon,MOVIE,2019,G,102,"['drama', 'family']",['IN'],7.2
ts218776,Happy Jail,SHOW,2019,Not Availavle,34,['documentation'],[],6.9
tm473647,ReMastered: The Lion's Share,MOVIE,2019,PG-13,84,"['music', 'documentation']",['US'],6.9
tm452574,"Ray Romano: Right Here, Around the Corner",MOVIE,2019,Not Availavle,58,"['comedy', 'documentation']",['US'],7.2
tm840242,Arsenio Hall: Smart and Classy,MOVIE,2019,Not Availavle,63,['comedy'],['US'],6.0
ts88608,Cricket Fever: Mumbai Indians,SHOW,2019,TV-MA,38,"['documentation', 'sport']",['IN'],7.2
tm115973,Guna 369,MOVIE,2019,Not Availavle,146,"['romance', 'action', 'drama']",['IN'],6.7
ts234501,Buddi,SHOW,2020,TV-Y,10,"['family', 'fantasy', 'animation', 'comedy']",['US'],7.2
tm869373,High & Low: The Worst,MOVIE,2019,Not Availavle,125,"['action', 'comedy']",['JP'],6.7
tm843143,Whipped,MOVIE,2020,Not Availavle,97,"['drama', 'romance', 'comedy']",['ID'],4.0
ts253288,Felipe Esparza: Bad Decisions,SHOW,2020,TV-MA,63,['comedy'],['US'],5.3
tm848444,Masameer: The Movie,MOVIE,2020,Not Availavle,112,"['animation', 'comedy', 'action', 'drama']",['SA'],5.9
ts89895,Mighty Little Bheem,SHOW,2019,TV-Y,6,"['animation', 'comedy', 'family', 'fantasy']",['US'],6.4
tm823350,Luccas Neto in: Summer Camp,MOVIE,2019,G,87,['comedy'],['BR'],2.8
ts262228,Tobot Galaxy Detectives,SHOW,2020,TV-Y7,13,['animation'],[],6.7
tm431349,Bulbul Can Sing,MOVIE,2019,Not Availavle,95,['drama'],['IN'],7.0
tm881984,Maska,MOVIE,2020,Not Availavle,111,"['comedy', 'drama', 'romance']",['IN'],5.9
tm451852,The 3rd Eye 2,MOVIE,2019,Not Availavle,115,"['thriller', 'horror', 'drama', 'fantasy']",['ID'],5.4
tm842829,Dead Kids,MOVIE,2019,Not Availavle,94,"['crime', 'drama', 'thriller']",['PH'],5.3
tm451584,Too Handsome To Handle,MOVIE,2019,Not Availavle,106,"['comedy', 'drama', 'romance']",['ID'],6.7
tm935388,Ginny Weds Sunny,MOVIE,2020,Not Availavle,125,"['comedy', 'drama', 'romance']",['IN'],5.7
tm907704,Dark City Beneath the Beat,MOVIE,2020,Not Availavle,65,"['documentation', 'music']",['US'],6.6
tm452237,The Car: Road to Revenge,MOVIE,2019,Not Availavle,89,"['action', 'horror', 'thriller', 'scifi']",['US'],4.0
tm456074,Jezebel,MOVIE,2020,Not Availavle,88,['drama'],['US'],6.6
tm894241,Kenny Sebastian: The Most Interesting Person in the Room,MOVIE,2020,Not Availavle,67,['comedy'],['IN'],6.0
ts224906,Find Yourself,SHOW,2020,TV-14,45,"['drama', 'romance']",['CN'],7.7
tm887052,Father Soldier Son,MOVIE,2020,R,99,"['war', 'documentation']",['US'],7.3
tm458363,Juanita,MOVIE,2019,Not Availavle,90,['drama'],['US'],6.0
tm845942,A Family Reunion Christmas,MOVIE,2019,Not Availavle,29,"['comedy', 'family']",['US'],5.8
tm498444,Nimbe: The Movie,MOVIE,2019,Not Availavle,110,['drama'],[],5.9
tm831196,Chippa,MOVIE,2019,G,90,['drama'],['IN'],6.5
tm819841,Isa Pa with Feelings,MOVIE,2019,Not Availavle,102,"['comedy', 'romance', 'drama']",['PH'],7.8
tm996316,Omo Ghetto: The Saga,MOVIE,2020,Not Availavle,110,"['comedy', 'action', 'drama']",[],7.5
ts262037,Bread Barbershop,SHOW,2020,TV-Y,11,['animation'],['KR'],7.4
tm834653,The Knight and the Princess,MOVIE,2019,PG,97,"['comedy', 'family', 'fantasy', 'history', 'animation', 'action']","['EG', 'SA']",5.5
tm863280,Showtime 1958,MOVIE,2020,Not Availavle,110,['drama'],['MY'],5.6
ts225708,Six Windows in the Desert,SHOW,2020,TV-14,21,"['drama', 'scifi', 'comedy', 'history']",['SA'],4.3
tm866782,One-Way to Tomorrow,MOVIE,2020,Not Availavle,90,"['comedy', 'romance', 'drama']",['TR'],5.6
tm810423,"Colin Quinn: Red State, Blue State",MOVIE,2019,Not Availavle,65,['comedy'],['US'],7.6
tm918373,Malibu Rescue: The Next Wave,MOVIE,2020,Not Availavle,70,"['comedy', 'family', 'action']",['US'],4.8
tm457410,Money Trap,MOVIE,2019,Not Availavle,121,"['action', 'comedy', 'crime', 'drama']",['TR'],6.0
tm940566,Kaali Khuhi,MOVIE,2020,Not Availavle,90,"['thriller', 'horror', 'drama']",['IN'],3.5
tm825210,Nothing to Lose 2,MOVIE,2019,PG-13,96,['drama'],['BR'],3.0
tm460259,Blood Will Tell,MOVIE,2019,Not Availavle,113,"['thriller', 'drama']","['CL', 'AR', 'CA']",6.1
tm896246,George Lopez: We'll Do It for Half,MOVIE,2020,Not Availavle,51,['comedy'],['US'],5.7
tm483190,Time Out,MOVIE,2019,Not Availavle,93,"['comedy', 'drama', 'romance']",[],5.9
tm925785,Dark Forces,MOVIE,2020,Not Availavle,81,"['horror', 'thriller', 'action']",['MX'],2.7
tm454464,Pegasus,MOVIE,2019,Not Availavle,98,"['comedy', 'action', 'fantasy', 'sport']",['CN'],6.3
tm484173,Bhangra Paa Le,MOVIE,2020,Not Availavle,131,"['music', 'comedy', 'drama']",['IN'],6.2
tm919920,Milestone,MOVIE,2020,Not Availavle,98,['drama'],['IN'],6.6
tm405637,122,MOVIE,2019,R,95,"['horror', 'thriller']",['EG'],6.0
tm478962,Saavat,MOVIE,2019,Not Availavle,117,"['thriller', 'crime', 'drama']",['IN'],6.5
tm813634,Dorasani,MOVIE,2019,Not Availavle,130,"['drama', 'romance']",['IN'],5.8
tm877746,Krishna and His Leela,MOVIE,2020,Not Availavle,125,"['comedy', 'romance']",[],5.6
tm938333,A Go! Go! Cory Carson Halloween,MOVIE,2020,G,21,"['animation', 'family', 'horror']",[],6.4
ts89182,Green Door,SHOW,2019,Not Availavle,49,"['drama', 'comedy', 'horror', 'thriller']",['TW'],6.4
tm828318,Axone,MOVIE,2019,Not Availavle,96,"['comedy', 'drama']",['IN'],6.9
tm455715,Dilan 1991,MOVIE,2019,Not Availavle,118,"['drama', 'romance']",['ID'],6.5
ts243189,Booba: Food Puzzle,SHOW,2020,TV-Y,3,"['comedy', 'family', 'animation']",[],8.3
tm977184,A Go! Go! Cory Carson Christmas,MOVIE,2020,Not Availavle,21,"['animation', 'family']",['US'],6.1
tm474695,Dying to Tell,MOVIE,2019,Not Availavle,87,"['documentation', 'european']",['ES'],6.8
tm845616,Tootsies & The Fake,MOVIE,2019,Not Availavle,108,['comedy'],['TH'],5.9
ts234505,Fary: Hexagone,SHOW,2020,TV-MA,51,['comedy'],['FR'],6.2
ts224261,Nailed It! Germany,SHOW,2020,TV-14,0,['reality'],['DE'],5.7
tm1000551,Namaste Wahala,MOVIE,2020,Not Availavle,106,"['comedy', 'drama', 'romance']",['NG'],5.1
tm943808,Guillermo Vilas: Settling the Score,MOVIE,2020,Not Availavle,94,"['documentation', 'sport']",['AR'],7.1
tm975616,The Beginning of Life 2: Outside,MOVIE,2020,G,92,['documentation'],['BR'],8.0
tm373471,90 ML,MOVIE,2019,Not Availavle,125,"['drama', 'romance', 'comedy']",['IN'],3.3
tm946795,Citation,MOVIE,2020,Not Availavle,151,"['thriller', 'drama']",['NG'],6.1
tm813936,Adam Devine: Best Time of Our Lives,MOVIE,2019,PG-13,58,['comedy'],['US'],5.9
ts88166,Nailed It! Mexico,SHOW,2019,TV-PG,33,['reality'],['MX'],6.2
tm918258,Dogwashers,MOVIE,2020,Not Availavle,107,"['crime', 'drama', 'comedy']","['AR', 'CO']",5.8
tm1047951,Small Chops,MOVIE,2020,Not Availavle,98,['drama'],['NG'],3.0
tm493556,Kaagar,MOVIE,2019,Not Availavle,129,"['crime', 'drama']",['IN'],6.2
ts221472,Valentino,SHOW,2020,TV-14,37,['comedy'],['EG'],5.2
tm460411,Stunt School,MOVIE,2019,Not Availavle,95,['comedy'],['TR'],4.4
tm816432,Bypass Road,MOVIE,2019,Not Availavle,137,"['thriller', 'drama']",['IN'],5.4
tm1020701,La Vocera,MOVIE,2020,Not Availavle,82,['documentation'],['MX'],7.2
tm839479,Fan Girl,MOVIE,2020,Not Availavle,100,['drama'],['PH'],6.6
tm828570,Ahaan,MOVIE,2019,Not Availavle,81,"['comedy', 'drama']",['IN'],7.0
tm466850,Ricardo Quevedo: los amargados somos más,MOVIE,2019,Not Availavle,58,['comedy'],[],7.3
tm835445,Deon Cole: Cole Hearted,MOVIE,2019,Not Availavle,69,['comedy'],['US'],6.9
tm1004219,Who's the Boss,MOVIE,2020,Not Availavle,105,"['comedy', 'romance']",[],5.7
tm435327,27 Steps of May,MOVIE,2019,Not Availavle,112,['drama'],['ID'],8.0
tm435836,Mere Pyare Prime Minister,MOVIE,2019,Not Availavle,104,['drama'],['IN'],6.8
ts222687,No hay tiempo para la vergüenza,SHOW,2019,Not Availavle,43,['reality'],[],5.8
tm674135,Brother in Love,MOVIE,2019,Not Availavle,115,"['comedy', 'family']",['TR'],7.0
tm938434,All Because of You,MOVIE,2020,Not Availavle,101,"['romance', 'comedy', 'action']",['MY'],3.9
tm912415,Urzila Carlson: Overqualified Loser,MOVIE,2020,Not Availavle,62,['comedy'],[],6.3
tm992712,From Stress to Happiness,MOVIE,2020,PG-13,60,['documentation'],[],6.3
ts298837,Badanamu Stories,SHOW,2020,TV-Y,10,['animation'],[],5.6
tm475638,Luccas Neto em: Uma Babá Muito Esquisita,MOVIE,2019,Not Availavle,75,"['comedy', 'family']",['BR'],3.0
ts251607,Word Party Songs,SHOW,2020,TV-Y,4,"['animation', 'family']",[],3.6
ts213611,Bangkok Love Stories: Plead,SHOW,2019,Not Availavle,42,['drama'],['TH'],7.2
tm483511,Jai Mummy Di,MOVIE,2020,Not Availavle,103,"['comedy', 'drama', 'romance']",['IN'],3.7
ts101042,The 43,SHOW,2019,TV-MA,66,"['documentation', 'war']",['MX'],7.1
ts269280,Kings of Jo'Burg,SHOW,2020,TV-MA,53,"['crime', 'thriller']",['ZA'],5.0
ts255418,Bad Boy Billionaires: India,SHOW,2020,TV-14,59,"['crime', 'documentation']",['XX'],7.9
tm830151,One Day We'll Talk About Today,MOVIE,2020,Not Availavle,121,"['drama', 'family', 'music', 'documentation']",['ID'],7.4
tm1026240,Perfume Imaginary Museum “Time Warp”,MOVIE,2020,Not Availavle,53,['music'],['JP'],6.5
tm838007,Dolly Kitty and Those Twinkling Stars,MOVIE,2019,R,120,"['drama', 'comedy']",['IN'],5.5
ts237556,The Unremarkable Juanquini,SHOW,2020,TV-MA,29,['comedy'],['CO'],4.3
tm873357,Mariposa,MOVIE,2020,Not Availavle,117,"['comedy', 'drama', 'romance']",[],6.9
tm1062350,Kedibone,MOVIE,2020,Not Availavle,94,['drama'],['ZA'],4.5
tm457296,Kevin Hart's Guide to Black History,MOVIE,2019,PG,60,['comedy'],['US'],5.5
tm982569,London Hughes: To Catch A D*ck,MOVIE,2020,Not Availavle,60,['comedy'],['US'],4.7
tm840208,Jeff Garlin: Our Man in Chicago,MOVIE,2019,Not Availavle,58,['comedy'],['GB'],5.9
tm840236,Milea,MOVIE,2020,Not Availavle,99,"['drama', 'romance']",['ID'],6.1
tm844978,Guatemala: Heart of the Mayan World,MOVIE,2019,Not Availavle,66,['documentation'],"['GT', 'UY']",6.6
ts45322,"Wait, My Youth",SHOW,2019,TV-PG,36,"['drama', 'romance']",['CN'],8.0
tm849599,Furtive,MOVIE,2020,Not Availavle,84,['thriller'],['AR'],5.1
ts257243,Voices of Fire,SHOW,2020,TV-PG,37,"['music', 'reality']",['US'],6.8
tm981475,Illegal Woman,MOVIE,2020,Not Availavle,119,"['drama', 'crime', 'european']",['ES'],6.1
ts89740,The Defected,SHOW,2019,TV-14,42,"['drama', 'crime']",['HK'],7.4
ts256134,Country Ever After,SHOW,2020,TV-PG,24,"['reality', 'music']",['US'],6.4
tm862830,Seriously Single,MOVIE,2020,Not Availavle,107,"['comedy', 'romance']",['ZA'],4.4
tm971819,Four Sisters Before the Wedding,MOVIE,2020,Not Availavle,116,"['comedy', 'drama']",[],6.2
tm915354,Girl's Revenge,MOVIE,2020,Not Availavle,81,['drama'],['TW'],5.7
tm881575,Velvet Colección: Grand Finale,MOVIE,2020,Not Availavle,82,"['comedy', 'romance']","['US', 'ES']",7.2
ts218000,Dollar,SHOW,2019,Not Availavle,41,"['action', 'drama', 'romance']",['LB'],6.6
tm848261,Aaviri,MOVIE,2019,Not Availavle,113,"['drama', 'thriller']",['IN'],3.5
tm454431,A Home with a View,MOVIE,2019,Not Availavle,92,"['comedy', 'drama']",['HK'],5.9
tm982018,A Trash Truck Christmas,MOVIE,2020,G,28,"['action', 'family', 'animation', 'comedy']",['US'],5.5
tm1015303,RattleSnake: The Ahanna Story,MOVIE,2020,Not Availavle,135,['drama'],[],4.7
tm813231,The Bling Lagosians,MOVIE,2019,Not Availavle,97,['drama'],['NG'],6.4
tm835414,Sitara,MOVIE,2019,Not Availavle,128,"['drama', 'animation']",['IN'],8.0
tm823459,Léa & I,MOVIE,2019,Not Availavle,84,['documentation'],['US'],6.5
tm832463,Mundina Nildana,MOVIE,2019,Not Availavle,106,"['drama', 'romance', 'comedy']",['IN'],6.2
ts252695,Bookmarks: Celebrating Black Voices,SHOW,2020,TV-G,7,['family'],['US'],5.0
tm836449,Tuna Girl,MOVIE,2019,Not Availavle,89,"['drama', 'comedy']",['JP'],6.1
tm832844,Mo Gilligan: Momentum,MOVIE,2019,Not Availavle,64,['comedy'],['GB'],6.3
tm898322,This Lady Called Life,MOVIE,2020,Not Availavle,120,['drama'],['NG'],6.7
tm925702,Andre and His Olive Tree,MOVIE,2020,Not Availavle,104,['documentation'],['SG'],6.7
tm472999,Guddiyan Patole,MOVIE,2019,Not Availavle,127,"['comedy', 'drama']",['IN'],7.0
tm925186,Santana,MOVIE,2020,Not Availavle,106,"['action', 'crime', 'drama']","['ZA', 'AO']",3.8
tm852728,Hunter in the Blue Side of Manchester,MOVIE,2020,Not Availavle,89,['drama'],['ID'],5.7
ts283159,A Perfect Day for Arsenide,SHOW,2020,TV-MA,23,"['drama', 'romance']",['HK'],5.0
tm846630,Tarung Sarung,MOVIE,2020,Not Availavle,115,"['drama', 'action', 'sport', 'thriller']",['ID'],5.9
tm813929,Gold Statue,MOVIE,2019,Not Availavle,145,"['drama', 'comedy']",['NG'],6.2
tm475815,The Zoya Factor,MOVIE,2019,Not Availavle,134,"['romance', 'sport', 'comedy', 'drama']",['IN'],4.3
tm683841,"Hello, Love, Goodbye",MOVIE,2019,Not Availavle,118,"['drama', 'romance']","['HK', 'PH']",7.3
tm468824,Super Monsters Furever Friends,MOVIE,2019,Not Availavle,58,"['fantasy', 'animation']",[],5.7
tm474647,Hot Gimmick: Girl Meets Boy,MOVIE,2019,Not Availavle,119,"['drama', 'romance']",['JP'],4.4
tm854786,Yeh Ballet,MOVIE,2020,PG-13,117,['drama'],['IN'],7.5
ts222901,糖糖Online,SHOW,2019,TV-MA,24,"['drama', 'family']",['TW'],5.4
tm973704,Andhaghaaram,MOVIE,2020,Not Availavle,171,"['thriller', 'horror']",['IN'],7.6
tm467735,Liss Pereira: Reteniendo Liquidos,MOVIE,2019,Not Availavle,59,['comedy'],[],6.4
ts250872,Southern Survival,SHOW,2020,Not Availavle,29,['reality'],['US'],5.2
tm676905,Hire a Woman,MOVIE,2019,Not Availavle,109,"['romance', 'comedy']",[],7.1
tm844201,Super Monsters Save Christmas,MOVIE,2019,G,24,"['family', 'animation', 'fantasy']",['US'],4.8
tm437379,I'm Leaving Now,MOVIE,2019,Not Availavle,74,"['documentation', 'european']","['MX', 'US']",6.6
tm847805,Ludo,MOVIE,2020,PG-13,150,"['crime', 'comedy', 'drama', 'action']",['IN'],7.6
tm814652,Mallesham,MOVIE,2019,Not Availavle,131,['drama'],['IN'],8.3
tm813938,Mike Epps: Only One Mike,MOVIE,2019,Not Availavle,63,['comedy'],['US'],4.7
tm461532,Kill Me If You Dare,MOVIE,2019,Not Availavle,104,"['romance', 'comedy']",['TR'],4.4
tm820338,The 9th Precinct,MOVIE,2019,Not Availavle,94,"['crime', 'fantasy', 'thriller', 'drama', 'action']",['TW'],5.6
tm822502,Whindersson Nunes: Adulto,MOVIE,2019,Not Availavle,68,['comedy'],['BR'],7.0
ts218307,Styling Hollywood,SHOW,2019,TV-14,36,['reality'],['US'],6.6
tm839761,"Kalel, 15",MOVIE,2019,Not Availavle,104,['drama'],['PH'],7.2
tm468651,Kandasamys: The Wedding,MOVIE,2019,Not Availavle,98,['comedy'],['ZA'],6.0
tm474618,A Tale of Two Kitchens,MOVIE,2019,Not Availavle,29,['documentation'],"['MX', 'US']",6.5
tm474496,Mujeres arriba,MOVIE,2020,Not Availavle,100,"['comedy', 'romance']",['CL'],3.8
tm677904,2 Weeks in Lagos,MOVIE,2019,Not Availavle,107,"['romance', 'drama', 'comedy']",['NG'],6.5
tm476708,Kids on the Block,MOVIE,2019,Not Availavle,103,"['comedy', 'family']",['TR'],5.6
tm822210,Eggnoid: Love & Time Portal,MOVIE,2019,Not Availavle,102,"['romance', 'scifi', 'drama', 'fantasy']",[],6.1
tm949905,Asura Guru,MOVIE,2020,Not Availavle,120,"['action', 'crime', 'thriller']",['IN'],3.2
ts223121,Bangkok Buddies,SHOW,2019,TV-MA,40,"['drama', 'comedy']",['TH'],6.8
tm477403,Kaake Da Viyah,MOVIE,2019,Not Availavle,133,"['comedy', 'romance']",['IN'],5.1
tm935941,Horrid Henry's Gross Day Out,MOVIE,2020,Not Availavle,61,"['family', 'animation', 'action', 'comedy']",['GB'],5.9
tm863514,House Arrest,MOVIE,2019,Not Availavle,104,['comedy'],['IN'],5.5
tm922943,Beyond the Boundary: ICC Women's T20 World Cup Australia 2020,MOVIE,2020,Not Availavle,59,"['documentation', 'sport']",['AU'],6.0
tm439365,Bombairiya,MOVIE,2019,Not Availavle,108,"['drama', 'crime', 'comedy']",['IN'],4.5
tm927926,Dad Wanted,MOVIE,2020,Not Availavle,102,"['drama', 'family', 'comedy']",['MX'],5.7
tm818499,Revenge of the Pontianak,MOVIE,2019,Not Availavle,92,"['horror', 'romance']","['SG', 'MY']",5.3
tm476922,Wanted - Matloubin,MOVIE,2019,Not Availavle,90,"['comedy', 'drama']",['LB'],4.5
tm822272,Love for Sale 2,MOVIE,2019,Not Availavle,92,"['drama', 'romance']",['ID'],7.0
tm466854,Uriyadi 2,MOVIE,2019,G,119,"['action', 'thriller']",['IN'],7.1
tm845594,Irandam Ulagaporin Kadaisi Gundu,MOVIE,2019,Not Availavle,141,"['drama', 'thriller']",['IN'],7.2
tm530822,Carlos Almaraz: Playing with Fire,MOVIE,2019,Not Availavle,82,['documentation'],['US'],7.5
tm463217,Hamid,MOVIE,2019,Not Availavle,108,['drama'],['IN'],7.7
tm467116,Life Overtakes Me,MOVIE,2019,Not Availavle,39,['documentation'],"['SE', 'US']",5.0
tm879556,David A. Arnold Fat Ballerina,MOVIE,2020,Not Availavle,60,['comedy'],['US'],7.3
tm838022,Upstarts,MOVIE,2019,Not Availavle,112,['drama'],['IN'],6.7
tm468811,Mehandi Circus,MOVIE,2019,Not Availavle,135,['drama'],['IN'],7.3
tm812593,Feo pero Sabroso,MOVIE,2019,Not Availavle,90,['comedy'],['CO'],4.3
tm814953,This Earth of Mankind,MOVIE,2019,Not Availavle,181,"['drama', 'history']",['ID'],6.8
tm467955,Francesco De Carlo: Cose di Questo Mondo,MOVIE,2019,Not Availavle,61,['comedy'],[],6.3
tm846354,#FriendButMarried 2,MOVIE,2020,Not Availavle,104,"['drama', 'comedy', 'romance']",['ID'],6.9
tm373655,Sarvam Thaala Mayam,MOVIE,2019,PG,133,"['drama', 'music']",['IN'],7.6
tm981956,Spirit Riding Free: Ride Along Adventure,MOVIE,2020,Not Availavle,22,"['animation', 'comedy', 'action', 'family', 'western', 'drama']",['US'],6.1
tm842869,Fadily Camara: La plus drôle de tes copines,MOVIE,2019,Not Availavle,54,['comedy'],['FR'],5.7
tm918894,Anelka: Misunderstood,MOVIE,2020,Not Availavle,94,"['documentation', 'sport']",['FR'],6.4
tm675214,Mokalik (Mechanic),MOVIE,2019,Not Availavle,100,"['comedy', 'drama']",['NG'],6.2
tm852775,Amit Tandon: Family Tandoncies,MOVIE,2020,Not Availavle,72,['comedy'],['IN'],7.1
tm822167,The Panti Sisters,MOVIE,2019,PG-13,108,"['comedy', 'drama', 'romance']",['PH'],5.5
tm461427,15 August,MOVIE,2019,Not Availavle,124,"['romance', 'drama']",['IN'],5.7
tm464212,Antoine Griezmann: The Making of a Legend,MOVIE,2019,Not Availavle,60,"['documentation', 'sport']",['FR'],6.5
tm1041549,Dear Affy,MOVIE,2020,Not Availavle,126,"['romance', 'comedy']",['NG'],5.2
tm471802,Sur Sapata,MOVIE,2019,Not Availavle,128,"['comedy', 'drama', 'sport']",['IN'],7.3
tm837802,Luccas Neto in: Children's Day,MOVIE,2019,Not Availavle,81,"['comedy', 'family']",['BR'],2.5
tm849871,Death Can Wait,MOVIE,2020,Not Availavle,91,['comedy'],['CO'],4.6
tm825934,Super Monsters Back to School,MOVIE,2019,Not Availavle,23,['animation'],"['US', 'CA']",6.2
tm866495,Love Like the Falling Rain,MOVIE,2020,Not Availavle,86,"['drama', 'romance', 'fantasy']",['ID'],4.7
tm813423,Marjoun and the Flying Headscarf,MOVIE,2019,Not Availavle,84,['drama'],"['LB', 'US', 'NL', 'CA']",6.8
tm922407,Kilometers and Kilometers,MOVIE,2020,Not Availavle,129,"['action', 'drama', 'comedy']",['IN'],6.3
tm843345,Pinkfong & Baby Shark's Space Adventure,MOVIE,2019,Not Availavle,66,"['animation', 'family', 'music', 'fantasy']","['KR', 'US']",5.1
tm901961,One Take,MOVIE,2020,Not Availavle,85,"['documentation', 'music', 'drama']",['DE'],5.9
tm483103,Ali & Alia,MOVIE,2019,PG-13,105,"['drama', 'romance']",['EG'],5.0
tm898285,Love and Fury,MOVIE,2020,Not Availavle,93,['documentation'],[],6.6
tm924556,Maniyarayile Ashokan,MOVIE,2020,Not Availavle,110,"['drama', 'comedy', 'romance']",['IN'],4.7
tm976168,Gone,MOVIE,2020,Not Availavle,15,"['horror', 'drama']",['AU'],7.4
tm451269,Born Beautiful,MOVIE,2019,Not Availavle,96,['comedy'],['PH'],5.4
tm813075,To Be of Service,MOVIE,2019,Not Availavle,88,['documentation'],['US'],7.3
tm893510,What are the Odds?,MOVIE,2019,Not Availavle,92,"['drama', 'documentation', 'music']",['IN'],5.2
tm475254,"Sincerely Yours, Dhaka",MOVIE,2019,Not Availavle,134,['drama'],['BD'],6.9
tm976797,Fukrey Boyzzz: Space Mein Fukrapanti,MOVIE,2020,G,74,"['animation', 'comedy', 'family']",[],7.8
ts251929,DeMarcus Family Rules,SHOW,2020,TV-14,28,['reality'],['US'],6.4
tm873354,Si Doel the Movie 3,MOVIE,2020,Not Availavle,93,"['drama', 'romance']",[],6.5
tm852060,Grego Rossello: Disculpe las molestias,MOVIE,2019,Not Availavle,65,['comedy'],['AR'],4.5
tm907872,Sky Tour: The Movie,MOVIE,2020,Not Availavle,94,"['music', 'documentation']",[],5.5
ts223115,The Charming Stepmom,SHOW,2019,TV-14,46,"['family', 'romance', 'comedy']",['TH'],7.9
tm474721,Saverio Raimondo: Il Satiro Parlante,MOVIE,2019,PG-13,53,['comedy'],[],5.7
tm824855,Lola Igna,MOVIE,2019,Not Availavle,114,"['drama', 'comedy']",['PH'],7.2
tm851862,Mutiny of the Worker Bees,MOVIE,2020,Not Availavle,100,['comedy'],['MX'],4.1
tm944307,I'm Glad I Did,MOVIE,2020,Not Availavle,123,['documentation'],['TR'],8.4
tm510525,RK Nagar,MOVIE,2019,Not Availavle,110,"['comedy', 'romance']",['IN'],5.1
tm835958,"Martin Matte: La vie, la mort... eh la la..!",MOVIE,2019,Not Availavle,61,['comedy'],['CA'],6.5
tm883070,David Batra: Elephant in The Room,MOVIE,2020,Not Availavle,77,['comedy'],['SE'],5.9
ts230973,Arashi's Diary: Voyage,SHOW,2019,TV-Y7,30,"['documentation', 'music']",['JP'],7.8
tm679270,Evvarikee Cheppoddu,MOVIE,2019,Not Availavle,133,"['drama', 'romance']",['IN'],7.2
ts255823,The House Arrest of Us,SHOW,2020,TV-MA,26,"['comedy', 'romance']",['PH'],5.5
tm435295,Ave Maryam,MOVIE,2019,Not Availavle,74,"['romance', 'drama']",['ID'],6.9
tm678035,Uncle Naji in UAE,MOVIE,2019,PG-13,95,"['comedy', 'horror']",['AE'],5.0
tm958984,Voiceless,MOVIE,2020,Not Availavle,120,['thriller'],[],6.7
tm507191,Mayday Life,MOVIE,2019,Not Availavle,112,"['music', 'documentation']",['TW'],6.7
tm836501,Super Monsters: Vida's First Halloween,MOVIE,2019,Not Availavle,24,"['comedy', 'animation']",[],5.9
ts236850,Children of Adam,SHOW,2020,TV-14,40,"['drama', 'action']",['LB'],7.7
tm977772,40 Sticks,MOVIE,2020,Not Availavle,93,['thriller'],[],5.7
tm430120,Belmonte,MOVIE,2019,Not Availavle,75,"['drama', 'comedy', 'european']","['UY', 'MX', 'ES']",6.1
tm981770,An Unremarkable Christmas,MOVIE,2020,Not Availavle,83,"['comedy', 'drama']",['CO'],3.2
ts222512,Nailed It! France,SHOW,2019,TV-14,34,['reality'],[],6.5
tm878495,Kambili: The Whole 30 Yards,MOVIE,2020,Not Availavle,119,"['romance', 'comedy']",[],6.8
tm929614,GIMS: On the Record,MOVIE,2020,Not Availavle,96,"['music', 'documentation']",['FR'],6.8
ts233732,Mighty Little Bheem: Festival of Colors,SHOW,2020,Not Availavle,7,"['animation', 'comedy']",[],7.2
tm474405,Between Maybes,MOVIE,2019,Not Availavle,107,"['drama', 'romance']","['PH', 'JP']",6.2
tm454338,Alone/Together,MOVIE,2019,Not Availavle,103,"['romance', 'drama']",['PH'],6.6
tm885948,"Yours Sincerely, Kanan Gill",MOVIE,2020,Not Availavle,72,['comedy'],['IN'],7.1
ts235916,Ladies Up,SHOW,2020,Not Availavle,17,"['reality', 'comedy']",['IN'],4.3
tm912399,We Are One,MOVIE,2020,Not Availavle,86,['documentation'],['FR'],4.7
ts90696,In the Bosom of a Thorn,SHOW,2019,TV-14,46,['drama'],[],7.2
tm834608,Alelí,MOVIE,2019,Not Availavle,88,"['comedy', 'drama']",['UY'],6.3
tm925490,Ainu Mosir,MOVIE,2020,Not Availavle,84,['drama'],"['CN', 'JP', 'US']",6.6
tm476496,Bhai - Vyakti Ki Valli 2,MOVIE,2019,R,130,"['drama', 'comedy']",['IN'],7.6
tm947446,Finding Agnes,MOVIE,2020,Not Availavle,105,['drama'],['PH'],5.0
tm812783,Daniel Sosa: Maleducado,MOVIE,2019,Not Availavle,54,['comedy'],[],6.1
tm976519,The App That Stole Christmas,MOVIE,2020,PG,63,"['comedy', 'drama']",['US'],3.7
tm1005937,Sanitation Day,MOVIE,2020,Not Availavle,104,"['thriller', 'crime']",['NG'],3.3
tm822271,Crazy Awesome Teachers,MOVIE,2020,Not Availavle,101,"['comedy', 'drama']",['ID'],6.1
tm980439,Chico Bon Bon and the Very Berry Holiday,MOVIE,2020,G,25,"['animation', 'family']",[],5.7
ts215862,True Tunes,SHOW,2019,TV-Y7,3,"['family', 'animation']",['US'],8.0
tm1113921,In Vitro,MOVIE,2019,Not Availavle,27,[],[],7.7
tm816983,In Paradox,MOVIE,2019,Not Availavle,95,"['thriller', 'fantasy']",['KW'],5.0
tm461907,Rakkhosh,MOVIE,2019,Not Availavle,113,['horror'],['IN'],4.8
tm983849,Vir Das: Outside in - The Lockdown Special,MOVIE,2020,Not Availavle,50,['comedy'],[],6.4
ts103918,The Good Bandit,SHOW,2019,Not Availavle,44,"['comedy', 'crime', 'drama', 'family']",['CO'],7.8
tm854261,Leyla Everlasting,MOVIE,2020,Not Availavle,112,['comedy'],['TR'],3.7
tm464284,We Are Legends,MOVIE,2019,Not Availavle,108,['action'],['HK'],5.2
tm460149,My Stupid Boss 2,MOVIE,2019,Not Availavle,94,"['comedy', 'drama']",['ID'],6.6
tm878492,Fate of Alakada,MOVIE,2020,Not Availavle,114,['comedy'],['NG'],6.9
tm815438,Sab el-Burumbah,MOVIE,2019,Not Availavle,95,['comedy'],['EG'],5.6
tm472231,Si Doel the Movie 2,MOVIE,2019,Not Availavle,95,"['romance', 'drama']",['ID'],6.8
tm902993,Mama Drama,MOVIE,2020,Not Availavle,85,['drama'],['US'],6.3
tm462809,The Wedding Shaman,MOVIE,2019,Not Availavle,111,"['drama', 'romance']",['ID'],7.1
tm843408,She Is,MOVIE,2019,Not Availavle,106,['drama'],[],5.8
tm836077,Holy Expectations,MOVIE,2019,Not Availavle,89,['comedy'],['CO'],5.2
tm811954,Nenjamundu Nermaiyundu Odu Raja,MOVIE,2019,G,128,"['comedy', 'romance', 'drama']",['IN'],6.1
tm842976,Go! The Unforgettable Party,MOVIE,2019,Not Availavle,60,"['music', 'family']",['AR'],5.1
tm426634,The Day I Lost My Shadow,MOVIE,2019,Not Availavle,94,['drama'],"['LB', 'QA', 'SY', 'FR']",6.1
tm452578,Miranda Sings Live... Your Welcome,MOVIE,2019,Not Availavle,61,"['comedy', 'music']",['US'],5.4
tm921230,Story of Kale: When Someone's in Love,MOVIE,2020,Not Availavle,77,"['drama', 'romance']",['ID'],6.4
tm450129,Sakaling Maging Tayo,MOVIE,2019,Not Availavle,90,"['romance', 'comedy']",['PH'],7.0
tm810873,Thottappan,MOVIE,2019,Not Availavle,140,['drama'],['IN'],6.9
tm824566,Ibrahim: A Fate to Define,MOVIE,2019,Not Availavle,75,['documentation'],"['PS', 'DK', 'LB']",7.4
tm981675,Super Monsters: Santa's Super Monster Helpers,MOVIE,2020,Not Availavle,24,"['animation', 'family']",['US'],4.5
ts222362,Mighty Little Bheem: Diwali,SHOW,2019,Not Availavle,6,"['comedy', 'animation']",[],7.7
tm460199,High End Yaariyaan,MOVIE,2019,Not Availavle,140,"['romance', 'comedy', 'drama', 'family']",['IN'],5.4
tm463814,Edoardo Ferrario: Temi Caldi,MOVIE,2019,Not Availavle,65,['comedy'],['IT'],6.5
tm1080445,The Gray Man,MOVIE,2022,PG-13,128,"['thriller', 'action']","['US', 'CZ']",6.6
ts252861,Resident Evil,SHOW,2022,TV-MA,51,"['scifi', 'thriller', 'action', 'horror']",['US'],3.7
tm463762,RRR,MOVIE,2022,R,187,"['drama', 'action']",['IN'],8.0
tm305129,Sing 2,MOVIE,2021,PG,110,"['comedy', 'family', 'fantasy', 'music', 'drama', 'animation']",['US'],7.4
tm852360,The Man from Toronto,MOVIE,2022,PG-13,110,"['action', 'thriller', 'drama', 'romance', 'comedy']",['US'],5.8
tm1126268,Hustle,MOVIE,2022,R,117,"['drama', 'sport', 'comedy']",['US'],7.4
tm1020438,Spiderhead,MOVIE,2022,R,106,"['scifi', 'thriller', 'drama', 'action', 'crime']",['US'],5.4
ts271450,The Lincoln Lawyer,SHOW,2022,TV-MA,50,"['crime', 'drama', 'thriller']",['US'],7.7
ts277084,Man vs. Bee,SHOW,2022,TV-PG,11,"['comedy', 'family']",['GB'],6.8
tm1067148,The Sea Beast,MOVIE,2022,PG,115,"['comedy', 'family', 'fantasy', 'scifi', 'animation']",['US'],7.1
tm1226954,Girl in the Picture,MOVIE,2022,R,102,"['documentation', 'crime']",['US'],7.3
ts356995,How to Change Your Mind,SHOW,2022,TV-MA,54,['documentation'],['US'],8.2
ts269395,God's Favorite Idiot,SHOW,2022,TV-MA,27,"['comedy', 'fantasy']",['US'],5.7
ts353844,Keep Sweet: Pray and Obey,SHOW,2022,TV-MA,49,"['crime', 'documentation']",['US'],7.4
tm1143265,Incantation,MOVIE,2022,Not Availavle,111,['horror'],['TW'],6.2
tm957290,Umma,MOVIE,2022,PG-13,83,"['horror', 'drama']",['US'],4.6
ts306335,"Boo, Bitch",SHOW,2022,TV-14,25,"['scifi', 'comedy']",['US'],5.7
tm1043537,Operation Mincemeat,MOVIE,2022,PG-13,128,"['drama', 'war', 'history']","['GB', 'US']",6.6
ts215951,Midnight Mass,SHOW,2021,TV-MA,64,"['fantasy', 'horror', 'action', 'drama', 'scifi']",['US'],7.7
ts108385,Inventing Anna,SHOW,2022,TV-MA,68,['drama'],['US'],6.8
tm928497,Valley of the Dead,MOVIE,2022,R,101,"['comedy', 'horror', 'war', 'fantasy', 'thriller', 'action']",['ES'],6.5
ts308317,Snowflake Mountain,SHOW,2022,TV-MA,38,['reality'],['GB'],4.9
tm1228854,Bill Burr: Live at Red Rocks,MOVIE,2022,Not Availavle,82,"['comedy', 'documentation']",[],7.8
ts264270,Anatomy of a Scandal,SHOW,2022,TV-MA,46,"['drama', 'thriller']","['GB', 'US']",7.0
ts222333,Arcane,SHOW,2021,TV-14,41,"['scifi', 'action', 'drama', 'animation', 'fantasy']",['US'],9.0
ts220305,Squid Game,SHOW,2021,TV-MA,55,"['action', 'thriller', 'drama']",['KR'],8.0
ts271437,Money Heist (Korean Remake),SHOW,2022,TV-MA,70,"['action', 'drama', 'thriller', 'crime']",['KR'],5.2
tm1082564,The Adam Project,MOVIE,2022,PG-13,106,"['drama', 'action', 'comedy', 'scifi']",['US'],6.7
ts217231,Heartstopper,SHOW,2022,TV-14,28,"['romance', 'drama']",['GB'],8.7
ts225061,Pieces of Her,SHOW,2022,TV-MA,51,"['drama', 'crime', 'thriller']",['US'],6.3
ts223537,Maid,SHOW,2021,TV-MA,54,"['drama', 'comedy']",['US'],8.4
tm856378,Don't Look Up,MOVIE,2021,R,138,"['comedy', 'drama', 'scifi']",['US'],7.2
tm674063,The Power of the Dog,MOVIE,2021,R,126,"['drama', 'romance', 'western']","['GB', 'AU', 'CA', 'GR', 'NZ']",6.8
ts356887,How To Build a Sex Room,SHOW,2022,TV-MA,42,['reality'],['US'],5.3
ts328671,"BASTARD‼ -Heavy Metal, Dark Fantasy-",SHOW,2022,TV-MA,25,"['animation', 'action', 'scifi', 'comedy', 'fantasy']",['JP'],6.7
ts288808,The Longest Night,SHOW,2022,TV-MA,45,"['action', 'crime', 'drama', 'thriller']",['ES'],5.8
ts319426,You Don't Know Me,SHOW,2021,Not Availavle,56,"['drama', 'crime']",['GB'],6.9
tm1072066,Blasted,MOVIE,2022,Not Availavle,114,"['action', 'comedy', 'scifi']",['NO'],4.8
ts255888,First Kill,SHOW,2022,TV-MA,49,"['thriller', 'drama', 'fantasy', 'horror']",['US'],6.4
tm1221677,"Hello, Goodbye, and Everything in Between",MOVIE,2022,PG-13,83,"['drama', 'comedy', 'romance']",['US'],4.9
ts306526,Queen,SHOW,2022,TV-MA,49,['drama'],['PL'],7.1
ts311101,King of Stonks,SHOW,2022,TV-MA,47,"['comedy', 'drama', 'thriller']",['DE'],6.0
ts241363,Alba,SHOW,2021,TV-MA,50,['drama'],['ES'],6.2
tm1044289,Interceptor,MOVIE,2022,PG-13,98,"['thriller', 'action', 'drama']",['AU'],4.5
ts312082,Alchemy of Souls,SHOW,2022,TV-14,80,"['drama', 'action', 'thriller', 'scifi', 'comedy', 'fantasy', 'romance']",['KR'],8.6
ts90093,The Pentaverate,SHOW,2022,TV-MA,26,['comedy'],['US'],6.1
ts307973,Murderville,SHOW,2022,TV-MA,34,"['comedy', 'crime']",['US'],6.8
ts270910,Vikings: Valhalla,SHOW,2022,TV-MA,51,"['war', 'action', 'drama', 'history', 'romance']",['US'],7.1
tm1080083,The Lost Daughter,MOVIE,2021,R,122,['drama'],"['GR', 'GB', 'US']",6.7
ts87242,Shadow and Bone,SHOW,2021,TV-14,52,"['scifi', 'drama', 'fantasy', 'action']",['US'],7.6
ts302437,Kung Fu Panda: The Dragon Knight,SHOW,2022,TV-Y7,24,"['action', 'animation', 'family', 'fantasy', 'comedy']",['US'],5.9
tm979026,"tick, tick... BOOM!",MOVIE,2021,PG-13,121,['drama'],['US'],7.5
ts353837,"Web of Make Believe: Death, Lies and the Internet",SHOW,2022,TV-MA,57,"['crime', 'documentation']",['US'],6.1
ts256072,The Woman in the House Across the Street from the Girl in the Window,SHOW,2022,TV-MA,26,"['thriller', 'crime', 'drama', 'comedy']",['US'],6.3
tm404856,Red Notice,MOVIE,2021,PG-13,117,"['thriller', 'action', 'comedy', 'crime']",['US'],6.3
ts317746,Café Minamdang,SHOW,2022,Not Availavle,64,"['drama', 'comedy', 'crime', 'thriller']",['KR'],7.0
ts354073,The Future Of,SHOW,2022,TV-14,20,['documentation'],['US'],4.7
ts256710,Archive 81,SHOW,2022,TV-MA,54,"['drama', 'scifi', 'horror', 'thriller']",['US'],7.3
ts281927,Stay Close,SHOW,2021,TV-MA,47,"['crime', 'drama', 'thriller']",['GB'],6.9
ts298766,Pirate Gold of Adak Island,SHOW,2022,TV-14,29,['reality'],['US'],4.6
ts225855,All of Us Are Dead,SHOW,2022,TV-MA,61,"['action', 'drama', 'scifi', 'horror', 'thriller', 'fantasy']",['KR'],7.5
ts342732,Our Great National Parks,SHOW,2022,TV-PG,52,['documentation'],['US'],7.9
ts255037,Resident Evil: Infinite Darkness,SHOW,2021,TV-MA,27,"['scifi', 'animation', 'drama', 'action', 'horror']",['US'],5.8
tm1229846,My Daughter's Killer,MOVIE,2022,R,83,"['documentation', 'crime']","['DE', 'FR']",6.9
tm1201262,Love & Gelato,MOVIE,2022,PG-13,111,"['romance', 'comedy', 'drama']",['IT'],5.1
tm852172,Apollo 10½:  A Space Age Childhood,MOVIE,2022,PG-13,98,"['animation', 'scifi', 'action', 'comedy', 'romance', 'family', 'horror', 'drama']","['NL', 'US']",7.3
tm937814,The Alpinist,MOVIE,2021,PG-13,92,['documentation'],"['AT', 'GB', 'US']",8.0
ts320073,Attack on Pearl Harbor: Minute by Minute,SHOW,2021,TV-14,45,"['documentation', 'history']",['GB'],7.5
tm370144,The Mitchells vs. the Machines,MOVIE,2021,PG,109,"['comedy', 'family', 'scifi', 'animation']",['US'],7.6
ts293103,Juanpis González - The Series,SHOW,2022,TV-MA,25,"['comedy', 'drama']",['CO'],6.8
ts345200,Borgen - Power & Glory,SHOW,2022,TV-MA,57,"['drama', 'war']",['DK'],8.2
ts222522,Spriggan,SHOW,2022,TV-MA,46,"['animation', 'action', 'war', 'scifi', 'drama', 'thriller']",['JP'],7.0
ts237713,Sweet Tooth,SHOW,2021,TV-14,45,"['drama', 'scifi', 'fantasy', 'action']",['US'],7.8
tm825714,The Harder They Fall,MOVIE,2021,R,139,"['action', 'drama', 'western']",['US'],6.5
tm996762,Major,MOVIE,2022,Not Availavle,149,"['action', 'drama']",['IN'],9.1
ts102086,Behind Her Eyes,SHOW,2021,TV-MA,50,"['thriller', 'drama']",['GB'],7.2
tm1196288,Our Father,MOVIE,2022,Not Availavle,97,"['crime', 'documentation']",['US'],6.5
ts284297,All American: Homecoming,SHOW,2022,TV-14,39,"['drama', 'sport']",['US'],5.3
ts296046,Lupin,SHOW,2021,TV-MA,46,"['crime', 'drama', 'thriller', 'action', 'comedy']",['FR'],7.5
tm1083293,Windfall,MOVIE,2022,R,92,"['crime', 'drama', 'thriller']",['US'],5.7
ts346959,Meltdown: Three Mile Island,SHOW,2022,TV-14,44,"['documentation', 'history']",['US'],6.9
ts287722,The Upshaws,SHOW,2021,TV-14,27,"['family', 'comedy']",['US'],6.8
tm1165462,Senior Year,MOVIE,2022,R,112,"['comedy', 'drama']",['US'],5.5
ts240453,Clark,SHOW,2022,TV-MA,61,"['thriller', 'action', 'comedy', 'crime', 'drama']",['SE'],7.4
ts294227,Farzar,SHOW,2022,TV-MA,27,"['scifi', 'animation', 'action', 'comedy']",['US'],5.3
tm946869,Texas Chainsaw Massacre,MOVIE,2022,R,83,"['horror', 'thriller', 'crime']",['US'],4.8
tm986168,The Guilty,MOVIE,2021,R,91,"['drama', 'thriller', 'action', 'crime']",['US'],6.3
tm1019177,The Colony,MOVIE,2021,R,104,"['scifi', 'thriller', 'action']","['CH', 'DE']",5.3
ts256310,Pacific Rim: The Black,SHOW,2021,TV-14,24,"['scifi', 'animation', 'action']",['US'],7.0
tm1209228,Norm Macdonald: Nothing Special,MOVIE,2022,R,87,"['comedy', 'documentation']",['US'],7.6
ts311985,Inside Job,SHOW,2021,TV-MA,28,"['comedy', 'animation', 'fantasy', 'scifi']",['US'],7.6
tm1120543,The Bubble,MOVIE,2022,R,126,['comedy'],['US'],4.7
ts328051,Iron Chef: Quest for an Iron Legend,SHOW,2022,TV-G,48,['reality'],['US'],7.1
ts357137,First Class,SHOW,2022,Not Availavle,43,['reality'],['ES'],2.8
ts310081,Two Summers,SHOW,2022,TV-PG,46,"['thriller', 'drama']",['BE'],6.8
ts269096,She Would Never Know,SHOW,2021,TV-14,64,"['drama', 'romance']",['KR'],7.5
tm991529,The Hand of God,MOVIE,2021,R,130,['drama'],['IT'],7.4
ts355168,The Hidden Lives of Pets,SHOW,2022,Not Availavle,32,['documentation'],['GB'],7.4
tm1231785,For Jojo,MOVIE,2022,Not Availavle,97,"['comedy', 'drama']",['DE'],4.2
tm1092864,The Unforgivable,MOVIE,2021,R,112,"['drama', 'crime']","['GB', 'US', 'DE']",7.1
ts311987,Bad Vegan: Fame. Fraud. Fugitives.,SHOW,2022,TV-MA,52,"['documentation', 'crime']",['US'],5.8
ts85985,Cowboy Bebop,SHOW,2021,TV-MA,45,"['scifi', 'action', 'drama', 'fantasy', 'comedy', 'crime']",['US'],6.6
ts237722,The Cuphead Show!,SHOW,2022,TV-Y7,15,"['animation', 'comedy', 'family', 'fantasy', 'action']",['US'],7.4
ts251675,Hellbound,SHOW,2021,TV-MA,52,"['scifi', 'horror', 'thriller', 'crime', 'drama', 'fantasy']",['KR'],6.6
tm1014947,Against the Ice,MOVIE,2022,Not Availavle,102,"['drama', 'history', 'action']","['DK', 'IS']",6.5
tm1075698,Metal Lords,MOVIE,2022,R,97,"['music', 'comedy', 'drama']",['US'],6.7
ts252119,The Beauty Queen of Jerusalem,SHOW,2021,TV-MA,30,['drama'],['IL'],7.1
ts292696,Intimacy,SHOW,2022,TV-MA,48,"['crime', 'drama', 'thriller']",['ES'],6.8
tm1195971,Jennifer Lopez:  Halftime,MOVIE,2022,Not Availavle,95,"['music', 'documentation']",['US'],6.5
ts234817,In from the Cold,SHOW,2022,TV-MA,49,"['drama', 'scifi', 'thriller', 'action', 'crime']",['US'],6.2
ts227473,Brand New Cherry Flavor,SHOW,2021,TV-MA,43,"['thriller', 'drama', 'horror', 'scifi']",['US'],7.1
tm1117040,Anek,MOVIE,2022,Not Availavle,146,"['action', 'thriller', 'drama']",['IN'],7.1
ts269179,The G Word with Adam Conover,SHOW,2022,TV-MA,30,"['documentation', 'comedy']",['US'],6.7
tm1204402,Ricky Gervais: SuperNature,MOVIE,2022,Not Availavle,64,['comedy'],['GB'],7.8
tm1001097,Beauty,MOVIE,2022,R,95,"['drama', 'music', 'romance']",['US'],3.9
tm525645,Fear Street: Part One - 1994,MOVIE,2021,Not Availavle,107,"['drama', 'horror', 'fantasy']",['US'],6.2
ts289334,Sex/Life,SHOW,2021,TV-MA,47,"['comedy', 'drama', 'romance']",['US'],5.4
tm1022953,Who We Are: A Chronicle of Racism in America,MOVIE,2022,PG-13,117,['documentation'],['US'],6.2
tm1038686,Bo Burnham: Inside,MOVIE,2021,R,87,"['comedy', 'drama', 'music', 'reality']",['US'],8.7
tm1180524,Av: The Hunt,MOVIE,2021,Not Availavle,86,"['thriller', 'action']",['TR'],5.5
ts310057,True Story,SHOW,2021,TV-MA,39,"['drama', 'thriller', 'comedy', 'crime']",['US'],7.4
tm501313,Gunpowder Milkshake,MOVIE,2021,R,114,"['action', 'thriller', 'crime']","['FR', 'DE', 'US']",6.0
tm1137051,Bubble,MOVIE,2022,PG,101,"['scifi', 'fantasy', 'romance', 'sport', 'thriller', 'animation', 'action', 'drama']",['JP'],6.3
tm471968,Passing,MOVIE,2021,PG-13,98,"['drama', 'thriller']","['US', 'CA', 'GB']",6.7
tm1111987,Munich: The Edge of War,MOVIE,2022,PG-13,129,"['drama', 'history', 'thriller']",['GB'],6.8
ts300391,Clickbait,SHOW,2021,TV-MA,46,"['crime', 'drama', 'thriller']","['US', 'AU']",7.2
ts273436,Murder Among the Mormons,SHOW,2021,TV-14,53,"['documentation', 'crime', 'history']",['US'],7.0
ts281225,Wrong Side of the Tracks,SHOW,2021,TV-MA,71,"['action', 'crime', 'drama', 'thriller']",['ES'],6.7
tm1048362,Army of Thieves,MOVIE,2021,R,127,"['comedy', 'crime', 'thriller', 'scifi', 'horror', 'romance', 'action']","['DE', 'US']",6.4
ts349630,Love on the Spectrum U.S.,SHOW,2022,TV-14,41,"['reality', 'documentation', 'romance']",['US'],8.2
ts286731,Komi Can't Communicate,SHOW,2021,TV-14,24,"['drama', 'animation', 'comedy', 'romance']",['JP'],7.8
ts232107,The Silent Sea,SHOW,2021,TV-MA,45,"['scifi', 'thriller', 'horror', 'drama']",['KR'],6.9
ts296472,The Chestnut Man,SHOW,2021,TV-MA,55,"['crime', 'drama', 'thriller']",['DK'],7.7
ts88578,Firefly Lane,SHOW,2021,TV-MA,50,"['drama', 'romance']",['US'],7.4
tm1165983,The Weekend Away,MOVIE,2022,Not Availavle,90,"['thriller', 'crime', 'drama']",['GB'],5.6
tm1196705,A Perfect Pairing,MOVIE,2022,Not Availavle,101,"['comedy', 'romance']","['US', 'AU']",6.1
tm1219452,Cristela Alonzo: Middle Classy,MOVIE,2022,Not Availavle,60,"['comedy', 'documentation']",[],6.8
tm456513,Army of the Dead,MOVIE,2021,R,148,"['horror', 'thriller', 'crime', 'scifi', 'action']",['US'],5.7
tm1138477,Downfall: The Case Against Boeing,MOVIE,2022,R,89,['documentation'],['US'],7.4
tm1166288,Rescued by Ruby,MOVIE,2022,Not Availavle,93,"['family', 'drama']",['CA'],7.1
tm1064065,Black Crab,MOVIE,2022,Not Availavle,114,"['scifi', 'thriller', 'war', 'action', 'drama']",['SE'],5.6
tm1119272,14 Peaks: Nothing Is Impossible,MOVIE,2021,Not Availavle,101,"['documentation', 'sport']",['US'],7.7
ts343430,The 7 Lives of Lea,SHOW,2022,TV-MA,45,"['drama', 'thriller', 'fantasy', 'crime']",['FR'],7.5
tm851128,Bigbug,MOVIE,2022,R,111,"['comedy', 'scifi', 'fantasy']",['FR'],5.4
tm1137119,Image of Victory,MOVIE,2021,Not Availavle,128,"['war', 'history', 'drama']",['IL'],7.5
tm1166024,Choose or Die,MOVIE,2022,Not Availavle,85,"['scifi', 'thriller', 'drama', 'horror']",['GB'],4.7
tm1046932,Kate,MOVIE,2021,R,106,"['action', 'drama', 'thriller', 'crime']","['US', 'JP', 'TH']",6.2
tm992844,The Dig,MOVIE,2021,PG-13,112,"['history', 'drama']",['GB'],7.1
ts225645,The Chair,SHOW,2021,TV-MA,30,"['drama', 'comedy']",['US'],7.2
ts282131,Attenborough's Life in Colour,SHOW,2021,TV-PG,51,['documentation'],['GB'],8.2
tm1207097,Bill Burr Presents: Friends Who Kill,MOVIE,2022,PG-13,73,"['comedy', 'documentation']",[],4.5
ts356951,Hurts Like Hell,SHOW,2022,TV-MA,50,"['drama', 'sport']",['TH'],8.4
tm1033470,Till Death,MOVIE,2021,R,89,"['horror', 'thriller']",['US'],5.8
tm824160,Fear Street: Part Two - 1978,MOVIE,2021,Not Availavle,109,"['drama', 'horror', 'fantasy']",['US'],6.7
tm1064228,Fatherhood,MOVIE,2021,PG-13,109,"['drama', 'comedy']","['CA', 'US']",6.6
ts95572,The Serpent,SHOW,2021,TV-MA,57,"['crime', 'drama', 'thriller']",['GB'],7.6
tm1185367,White Hot: The Rise & Fall of Abercrombie & Fitch,MOVIE,2022,R,88,['documentation'],['US'],5.7
ts311989,jeen-yuhs,SHOW,2022,TV-MA,93,"['documentation', 'music']",['US'],8.0
ts307649,Turning Point: 9/11 and the War on Terror,SHOW,2021,TV-14,62,"['war', 'history', 'documentation']",['US'],8.0
ts305788,The Perfect Mother,SHOW,2022,TV-MA,49,"['drama', 'thriller']","['FR', 'DE']",5.9
tm983784,Coming Home in the Dark,MOVIE,2021,Not Availavle,93,"['thriller', 'crime', 'horror']",['NZ'],5.7
tm1171875,Too Old for Fairy Tales,MOVIE,2022,Not Availavle,106,"['comedy', 'family']",[],6.1
ts321918,Human Resources,SHOW,2022,TV-MA,27,"['animation', 'comedy', 'romance']",['US'],7.2
tm993838,Long Story Short,MOVIE,2021,R,90,"['fantasy', 'comedy', 'romance']",['AU'],6.5
ts328194,My Name,SHOW,2021,TV-MA,50,"['thriller', 'action', 'crime', 'drama']",['KR'],7.8
tm983723,The Sparks Brothers,MOVIE,2021,R,140,"['documentation', 'music', 'comedy', 'history']","['GB', 'US']",7.8
tm855839,The Shadow in My Eye,MOVIE,2021,Not Availavle,107,"['war', 'drama', 'history']",['DK'],7.3
tm1108321,Dave Chappelle: The Closer,MOVIE,2021,Not Availavle,72,['comedy'],['US'],8.0
tm1092958,No One Gets Out Alive,MOVIE,2021,R,85,"['horror', 'thriller', 'drama']","['RO', 'US']",5.3
ts296743,Welcome to Eden,SHOW,2022,TV-MA,41,"['action', 'scifi', 'drama', 'thriller']","['ES', 'KN']",5.4
ts108042,Maya and the Three,SHOW,2021,TV-Y7,131,"['comedy', 'drama', 'family', 'fantasy', 'animation', 'action']",['MX'],8.1
tm1046264,The Vault,MOVIE,2021,R,118,"['crime', 'action', 'thriller', 'fantasy']",['ES'],6.4
ts329699,The Andy Warhol Diaries,SHOW,2022,TV-MA,66,['documentation'],['US'],7.7
tm1150385,The Tinder Swindler,MOVIE,2022,Not Availavle,114,"['documentation', 'crime']",['GB'],7.2
ts283080,Who Killed Sara?,SHOW,2021,TV-MA,41,"['drama', 'crime', 'thriller']",['MX'],6.4
tm1227918,Under the Amalfi Sun,MOVIE,2022,PG-13,90,"['romance', 'comedy', 'drama']",['IT'],5.2
ts287976,Young Royals,SHOW,2021,TV-MA,45,"['drama', 'romance']",['SE'],8.3
ts225657,Halston,SHOW,2021,TV-MA,47,['drama'],['US'],7.5
tm347095,Oxygen,MOVIE,2021,Not Availavle,100,"['scifi', 'thriller', 'horror', 'drama', 'fantasy']","['FR', 'US']",6.5
ts229335,Anxious People,SHOW,2021,TV-MA,29,"['crime', 'drama', 'comedy']",['SE'],6.8
tm1087461,Last Man Down,MOVIE,2021,R,87,"['thriller', 'action', 'scifi']","['SE', 'GB']",4.8
tm1046026,The Trip,MOVIE,2021,Not Availavle,114,"['action', 'thriller', 'comedy', 'horror']",['NO'],6.9
tm416779,The Woman in the Window,MOVIE,2021,R,100,"['drama', 'thriller', 'crime']",['US'],5.7
ts287559,Jupiter's Legacy,SHOW,2021,TV-MA,45,"['scifi', 'action', 'drama', 'thriller', 'fantasy']",['US'],6.7
tm1191224,365 Days: This Day,MOVIE,2022,NC-17,111,"['romance', 'drama']",['PL'],2.5
ts301625,Hold Tight,SHOW,2022,TV-MA,47,"['crime', 'drama', 'thriller']",['PL'],6.1
tm1075215,Aftermath,MOVIE,2021,Not Availavle,114,"['horror', 'thriller', 'drama']",['US'],5.3
tm1094217,Chickenhare and the Hamster of Darkness,MOVIE,2022,Not Availavle,91,"['animation', 'comedy', 'family', 'romance', 'fantasy']","['BE', 'FR']",6.3
ts287438,The Innocent,SHOW,2021,TV-MA,58,"['thriller', 'drama', 'crime']",['ES'],7.8
tm1199146,Toscana,MOVIE,2022,Not Availavle,90,"['drama', 'romance']",['DK'],5.7
tm1141439,Home Team,MOVIE,2022,PG,95,"['family', 'comedy', 'sport']",['US'],6.0
tm1018747,Live Is Life,MOVIE,2022,Not Availavle,110,"['comedy', 'drama']",['ES'],7.0
tm949309,The White Tiger,MOVIE,2021,R,125,"['drama', 'crime']","['SG', 'US', 'IN']",7.1
ts343432,Yakamoz S-245,SHOW,2022,TV-MA,48,"['scifi', 'drama', 'action', 'thriller']",['TR'],6.1
ts287352,Hit & Run,SHOW,2021,TV-MA,44,"['drama', 'action', 'thriller', 'crime']",['IL'],7.0
ts328605,Midnight at the Pera Palace,SHOW,2022,TV-14,44,"['thriller', 'drama', 'history']",['TR'],7.0
ts328541,The Puppet Master: Hunting the Ultimate Conman,SHOW,2022,TV-MA,42,"['documentation', 'crime']",['GB'],7.0
tm1110527,Captain Nova,MOVIE,2021,Not Availavle,86,"['action', 'family', 'scifi']",['NL'],5.5
tm1022103,Outlaws,MOVIE,2021,R,125,"['crime', 'action', 'thriller']",['ES'],6.9
tm1046627,Hypnotic,MOVIE,2021,Not Availavle,88,"['thriller', 'horror', 'drama']",['CA'],5.3
ts314135,VOIR,SHOW,2021,TV-MA,20,['documentation'],['US'],6.8
tm1185360,Return to Space,MOVIE,2022,Not Availavle,128,['documentation'],['US'],7.3
ts321298,Business Proposal,SHOW,2022,TV-14,61,"['drama', 'romance', 'comedy']",['KR'],8.1
tm1120855,Along for the Ride,MOVIE,2022,Not Availavle,106,"['drama', 'romance']",['US'],6.1
tm861000,Worth,MOVIE,2021,PG-13,118,"['drama', 'history']","['CA', 'GB', 'US']",6.8
tm1021871,The Starling,MOVIE,2021,PG-13,102,"['comedy', 'drama', 'fantasy']",['US'],6.3
tm841797,The Ice Road,MOVIE,2021,PG-13,109,"['action', 'thriller', 'drama']",['US'],5.6
ts309930,Remarriage & Desires,SHOW,2022,TV-14,62,['drama'],['KR'],7.2
ts271888,Fate: The Winx Saga,SHOW,2021,TV-MA,50,"['scifi', 'drama', 'fantasy', 'action']",['US'],6.8
tm1020851,Back to the Outback,MOVIE,2021,PG,95,"['animation', 'comedy', 'family']","['AU', 'US']",6.5
ts219423,Masters of the Universe: Revelation,SHOW,2021,TV-PG,26,"['family', 'fantasy', 'scifi', 'action', 'drama', 'animation', 'comedy']",['US'],5.3
tm1003630,After We Fell,MOVIE,2021,R,99,"['romance', 'drama']","['FR', 'US']",4.6
ts255779,Gabby's Dollhouse,SHOW,2021,TV-Y,24,"['animation', 'comedy', 'family', 'fantasy']",['US'],7.0
ts314164,Tomorrow,SHOW,2022,TV-14,61,"['drama', 'fantasy', 'action', 'comedy']",['KR'],7.7
tm1229690,Jewel,MOVIE,2022,R,80,['drama'],['ZA'],3.3
ts299865,Heist,SHOW,2021,TV-MA,43,"['crime', 'documentation']",['US'],6.8
tm1000147,Zone 414,MOVIE,2021,R,98,"['scifi', 'thriller']",['GB'],4.9
ts321513,My Liberation Notes,SHOW,2022,TV-MA,68,"['drama', 'family', 'romance']",['KR'],8.4
ts273229,Feria: The Darkest Light,SHOW,2022,TV-MA,50,"['scifi', 'crime', 'drama', 'fantasy', 'horror', 'thriller']",['ES'],5.7
ts300325,Surviving Summer,SHOW,2022,TV-PG,28,"['drama', 'family']","['DE', 'AU']",6.3
tm1180610,The Wrath of God,MOVIE,2022,Not Availavle,97,"['thriller', 'drama']",['AR'],5.7
ts330425,The Principles of Pleasure,SHOW,2022,TV-MA,51,['documentation'],['US'],5.7
tm1185374,The Mystery of Marilyn Monroe: The Unheard Tapes,MOVIE,2022,R,101,['documentation'],['US'],6.2
tm992260,Yes Day,MOVIE,2021,PG,86,"['comedy', 'family']",['US'],5.7
tm1166046,Ante... Sundaraniki!,MOVIE,2022,Not Availavle,173,"['comedy', 'romance', 'family']",['IN'],8.0
ts271413,Night Stalker: The Hunt for a Serial Killer,SHOW,2021,TV-MA,47,"['documentation', 'crime', 'thriller']",['US'],7.5
tm1079334,"Bob Ross: Happy Accidents, Betrayal & Greed",MOVIE,2021,PG-13,92,['documentation'],"['US', 'NL']",6.9
ts296214,How to Become a Tyrant,SHOW,2021,TV-MA,27,"['documentation', 'war', 'history']",['US'],7.4
ts330347,Cracow Monsters,SHOW,2022,TV-MA,52,"['scifi', 'drama', 'fantasy', 'horror', 'thriller']",['PL'],5.5
tm1227853,Bhool Bhulaiyaa 2,MOVIE,2022,Not Availavle,142,"['horror', 'comedy']",['IN'],5.9
ts94677,Worst Roommate Ever,SHOW,2022,TV-MA,47,"['crime', 'documentation', 'drama', 'thriller']",['US'],8.1
tm1219941,Glamour Girls,MOVIE,2022,Not Availavle,125,['drama'],[],3.6
tm1210970,Gladbeck: The Hostage Crisis,MOVIE,2022,Not Availavle,91,"['documentation', 'crime']",['DE'],7.5
tm413169,Peter Rabbit 2: The Runaway,MOVIE,2021,PG,93,"['fantasy', 'action', 'family', 'comedy', 'animation', 'crime', 'drama']","['AU', 'US']",6.2
ts225690,Vampire in the Garden,SHOW,2022,TV-14,26,"['drama', 'scifi', 'action', 'animation', 'fantasy', 'thriller']",['JP'],6.7
tm1212673,Joel Kim Booster: Psychosexual,MOVIE,2022,Not Availavle,67,"['comedy', 'documentation']",[],5.5
ts279892,Ginny & Georgia,SHOW,2021,TV-14,54,"['drama', 'comedy']",['US'],7.4
tm1151272,Beast,MOVIE,2022,Not Availavle,162,"['thriller', 'action', 'comedy', 'crime']",['IN'],5.2
tm981945,The Last Letter From Your Lover,MOVIE,2021,Not Availavle,109,"['drama', 'romance']","['GB', 'CA']",6.6
ts344184,Conversations with a Killer: The John Wayne Gacy Tapes,SHOW,2022,TV-MA,61,"['documentation', 'crime']",['US'],7.1
ts314594,Catching Killers,SHOW,2021,TV-MA,41,"['crime', 'documentation']",['US'],7.1
ts1475,Chosen,SHOW,2022,TV-MA,41,"['scifi', 'drama', 'thriller']",['DK'],4.3
tm919880,Final Account,MOVIE,2021,PG-13,94,['documentation'],"['GB', 'US']",7.1
tm833216,Things Heard & Seen,MOVIE,2021,Not Availavle,121,"['horror', 'drama', 'thriller']",['US'],5.3
tm314863,Vivo,MOVIE,2021,PG,103,"['family', 'comedy', 'animation', 'drama']",['US'],6.7
ts330402,Is It Cake?,SHOW,2022,TV-PG,39,['reality'],['US'],5.7
ts281062,The Girl from Oslo,SHOW,2021,Not Availavle,33,"['drama', 'thriller']",['NO'],6.3
ts312071,The Way of the Househusband,SHOW,2021,TV-MA,18,"['animation', 'comedy', 'action', 'crime', 'drama', 'romance']",['JP'],7.3
ts302363,Twenty Five Twenty One,SHOW,2022,TV-14,76,"['drama', 'romance']",['KR'],8.7
ts308845,The Billion Dollar Code,SHOW,2021,TV-MA,67,"['drama', 'crime', 'thriller']",['DE'],8.0
tm841825,My Little Pony: A New Generation,MOVIE,2021,PG,91,"['music', 'action', 'animation', 'family', 'fantasy', 'comedy', 'drama', 'scifi']","['IE', 'US', 'CA']",6.8
tm1159163,Fistful of Vengeance,MOVIE,2022,R,94,"['fantasy', 'action', 'crime', 'drama']",['US'],4.4
tm1164962,Restless,MOVIE,2022,R,95,"['thriller', 'action', 'crime']","['BE', 'FR']",5.8
ts253813,Glória,SHOW,2021,TV-MA,44,"['drama', 'history', 'thriller']",['PT'],7.9
tm1027081,Blood Red Sky,MOVIE,2021,Not Availavle,121,"['thriller', 'action', 'fantasy', 'horror']","['GB', 'DE']",6.1
ts272980,The One,SHOW,2021,TV-MA,42,"['drama', 'scifi', 'thriller', 'crime', 'action']",['GB'],6.6
tm1003034,The Witcher: Nightmare of the Wolf,MOVIE,2021,Not Availavle,83,"['action', 'drama', 'fantasy', 'scifi', 'animation']","['US', 'PL', 'KR']",7.2
tm857461,Gangubai Kathiawadi,MOVIE,2022,Not Availavle,157,"['crime', 'drama']",['IN'],7.0
tm1217459,Godse,MOVIE,2022,Not Availavle,142,"['action', 'thriller']",['IN'],8.2
ts294338,Hard Cell,SHOW,2022,TV-MA,26,"['comedy', 'documentation', 'sport']","['US', 'GB']",6.2
tm976166,Malcolm & Marie,MOVIE,2021,R,106,"['romance', 'drama']",['US'],6.6
tm1141594,Brazen,MOVIE,2022,Not Availavle,94,"['thriller', 'romance', 'crime', 'drama']",['US'],4.1
ts296825,Gone for Good,SHOW,2021,TV-MA,49,"['drama', 'thriller', 'crime']",['FR'],6.3
ts284702,This Is a Robbery: The World's Biggest Art Heist,SHOW,2021,TV-MA,53,"['crime', 'documentation', 'history']",['US'],6.5
tm458292,Space Sweepers,MOVIE,2021,R,136,"['scifi', 'drama', 'fantasy', 'action']",['KR'],6.5
tm459789,The Lovebirds,MOVIE,2021,R,87,"['romance', 'comedy', 'action', 'thriller', 'crime']",['US'],6.0
ts271595,Crime Scene: The Vanishing at the Cecil Hotel,SHOW,2021,TV-MA,55,"['documentation', 'crime', 'thriller']",['US'],5.9
tm1179973,Trust No One: The Hunt for the Crypto King,MOVIE,2022,R,90,"['documentation', 'crime']",['GB'],6.3
ts269881,Record of Ragnarok,SHOW,2021,TV-MA,24,"['animation', 'action', 'scifi', 'drama', 'fantasy', 'thriller']",['JP'],6.2
tm1134087,Borrego,MOVIE,2022,R,102,"['crime', 'thriller']",['US'],5.7
ts343599,Jimmy Savile: A British Horror Story,SHOW,2022,TV-MA,85,"['documentation', 'crime']",['GB'],6.7
tm1063652,Intrusion,MOVIE,2021,Not Availavle,92,"['thriller', 'drama']",['US'],5.2
tm1082974,Count Me In,MOVIE,2021,Not Availavle,81,"['documentation', 'music']",[],6.8
tm1002815,Nightbooks,MOVIE,2021,Not Availavle,103,"['family', 'fantasy', 'horror']","['CA', 'US']",5.7
tm1107225,Through My Window,MOVIE,2022,R,116,"['drama', 'romance', 'comedy']",['ES'],5.4
ts299874,Cocaine Cowboys: The Kings of Miami,SHOW,2021,TV-MA,57,"['documentation', 'crime', 'history']",[],7.1
tm1049265,My Wonderful Life,MOVIE,2021,Not Availavle,99,"['romance', 'comedy', 'drama']",['PL'],5.8
tm1168932,Taylor Tomlinson: Look at You,MOVIE,2022,Not Availavle,60,"['comedy', 'documentation']",[],7.3
ts340376,The Marked Heart,SHOW,2022,TV-MA,44,"['thriller', 'drama']",['CO'],6.4
ts310938,New Heights,SHOW,2021,TV-MA,48,['drama'],['CH'],6.7
ts329700,Life After Death with Tyler Henry,SHOW,2022,TV-MA,43,['reality'],['US'],5.9
ts349921,That’s My Time with David Letterman,SHOW,2022,TV-MA,18,['comedy'],['US'],6.7
ts270405,Pretend It's a City,SHOW,2021,TV-14,29,"['comedy', 'documentation']",['US'],8.1
tm1166020,The Takedown,MOVIE,2022,Not Availavle,119,"['action', 'comedy', 'crime', 'drama']",['FR'],5.7
ts192196,Q-Force,SHOW,2021,TV-MA,27,"['animation', 'action', 'comedy', 'crime', 'fantasy', 'scifi']",['US'],6.3
tm897466,The Summit of the Gods,MOVIE,2021,PG,95,"['animation', 'thriller', 'drama', 'sport', 'history']","['LU', 'FR']",7.5
tm1093099,Love Hard,MOVIE,2021,Not Availavle,104,"['romance', 'comedy']",['US'],6.3
tm1207094,Pete Davidson Presents: The Best Friends,MOVIE,2022,PG-13,58,"['comedy', 'documentation']",['US'],4.7
ts297247,That Girl Lay Lay,SHOW,2021,TV-G,22,['comedy'],['US'],3.6
tm465421,The Pirates: The Last Royal Treasure,MOVIE,2022,Not Availavle,126,"['action', 'comedy', 'history']",['KR'],6.0
ts271604,Blue Period,SHOW,2021,TV-14,25,"['animation', 'drama']",['JP'],7.7
ts341767,Kotaro Lives Alone,SHOW,2022,TV-14,27,"['animation', 'drama', 'comedy']",['JP'],8.4
ts288744,The Sound of Magic,SHOW,2022,TV-14,69,"['scifi', 'drama', 'fantasy', 'music']",['KR'],7.7
tm1038327,Beckett,MOVIE,2021,R,109,"['crime', 'thriller', 'action', 'drama']","['IT', 'BR']",5.6
tm1131382,Jim Gaffigan: Comedy Monster,MOVIE,2021,Not Availavle,70,['comedy'],[],6.8
tm922429,The Block Island Sound,MOVIE,2021,Not Availavle,98,"['scifi', 'horror', 'thriller']",['US'],5.3
ts273485,Baki Hanma,SHOW,2021,TV-MA,25,"['animation', 'action', 'drama', 'sport', 'thriller']",['JP'],6.6
tm1020820,Night Teeth,MOVIE,2021,Not Availavle,107,"['crime', 'drama', 'fantasy', 'horror', 'thriller', 'comedy', 'action']","['GB', 'US']",5.6
ts290643,Super Crooks,SHOW,2021,TV-MA,30,"['action', 'crime', 'fantasy', 'scifi', 'drama', 'animation']",['JP'],7.1
tm993670,Cosmic Sin,MOVIE,2021,R,88,"['action', 'scifi']",['US'],2.5
tm1198388,Cyber Hell: Exposing an Internet Horror,MOVIE,2022,Not Availavle,105,"['documentation', 'crime']",['KR'],6.5
ts313646,"Mom, Don't Do That!",SHOW,2022,TV-MA,53,"['comedy', 'drama', 'romance']",['TW'],6.5
tm1038363,America: The Motion Picture,MOVIE,2021,R,98,"['action', 'animation', 'war', 'comedy', 'fantasy', 'history', 'scifi']",['US'],5.6
tm1048678,Like A Rolling Stone: The Life & Times of Ben Fong-Torres,MOVIE,2021,Not Availavle,102,['documentation'],['US'],7.3
tm1073510,SAS: Red Notice,MOVIE,2021,R,124,"['thriller', 'action', 'drama']","['GB', 'HU', 'NL', 'CH']",5.2
ts271867,Vincenzo,SHOW,2021,Not Availavle,81,"['action', 'drama', 'comedy', 'crime', 'romance']",['KR'],8.4
tm1158704,Tyler Perry's A Madea Homecoming,MOVIE,2022,R,105,"['comedy', 'drama', 'romance']",['US'],5.6
tm863351,The God Committee,MOVIE,2021,Not Availavle,98,"['drama', 'thriller']",['US'],5.8
tm1020073,Thunder Force,MOVIE,2021,PG-13,107,"['scifi', 'comedy', 'fantasy', 'action']",['US'],4.4
ts288087,Sophie: A Murder in West Cork,SHOW,2021,TV-14,55,"['documentation', 'crime', 'thriller', 'history']",['GB'],6.8
tm1121707,Dangerous Liaisons,MOVIE,2022,Not Availavle,109,"['romance', 'drama']",['FR'],3.9
ts314742,He-Man and the Masters of the Universe,SHOW,2021,TV-Y7,25,"['animation', 'action', 'comedy', 'drama', 'family', 'fantasy', 'scifi']",['US'],5.8
tm1038344,Awake,MOVIE,2021,R,96,"['drama', 'scifi', 'thriller', 'action']",['US'],4.9
tm1207098,Amy Schumer Presents: Parental Advisory,MOVIE,2022,R,57,"['comedy', 'documentation']",[],3.8
ts333834,The Ultimatum: Marry or Move On,SHOW,2022,TV-MA,49,['reality'],['US'],5.4
ts237972,Katla,SHOW,2021,TV-MA,46,"['drama', 'thriller', 'scifi']",['IS'],7.0
ts262246,The Last Bus,SHOW,2022,TV-PG,35,"['scifi', 'comedy', 'drama', 'family', 'fantasy']",['GB'],5.0
tm1080252,7 Prisoners,MOVIE,2021,R,93,"['drama', 'crime']",['BR'],7.1
ts313668,Tear Along the Dotted Line,SHOW,2021,TV-14,19,"['drama', 'comedy', 'animation']",['IT'],8.7
tm1028298,He's All That,MOVIE,2021,R,91,"['comedy', 'romance']",['US'],4.3
tm977704,Robin Robin,MOVIE,2021,G,30,"['animation', 'action', 'family', 'music', 'comedy']",['GB'],7.2
tm813078,Prayers for the Stolen,MOVIE,2021,R,110,['drama'],"['BR', 'DE', 'QA', 'MX', 'US', 'CH', 'AR']",7.3
tm1150872,Aziz Ansari: Nightclub Comedian,MOVIE,2022,R,29,['comedy'],['US'],7.0
tm1195561,Kuttavum Shikshayum,MOVIE,2022,Not Availavle,136,"['crime', 'drama', 'thriller', 'action']",['IN'],6.2
ts104499,Trese,SHOW,2021,TV-MA,29,"['horror', 'scifi', 'thriller', 'action', 'crime', 'fantasy', 'animation']",['PH'],7.0
ts321966,WWII in Color: Road to Victory,SHOW,2021,Not Availavle,51,"['documentation', 'war', 'history']",['GB'],8.2
tm1180123,The House,MOVIE,2022,Not Availavle,31,"['thriller', 'animation', 'comedy', 'drama', 'horror', 'fantasy']",['GB'],6.9
tm1141923,The Royal Treatment,MOVIE,2022,Not Availavle,96,"['romance', 'comedy', 'family']",['US'],5.2
tm673809,Schumacher,MOVIE,2021,Not Availavle,112,"['sport', 'documentation']",['DE'],7.4
tm1110150,There's Someone Inside Your House,MOVIE,2021,Not Availavle,96,"['horror', 'thriller']",['US'],4.8
ts315611,Animal,SHOW,2021,TV-PG,46,['documentation'],"['US', 'BR']",7.9
tm858869,Stowaway,MOVIE,2021,PG-13,117,"['thriller', 'action', 'scifi', 'drama']","['DE', 'US']",5.6
ts297483,Hometown Cha-Cha-Cha,SHOW,2021,TV-14,78,"['comedy', 'romance', 'drama']",['KR'],8.4
tm1165219,Ali Wong: Don Wong,MOVIE,2022,R,59,['comedy'],['US'],6.5
tm1132176,Jimmy Carr: His Dark Material,MOVIE,2021,Not Availavle,59,['comedy'],['GB'],7.1
ts269676,History of Swear Words,SHOW,2021,TV-MA,21,"['documentation', 'comedy']",['US'],6.4
ts304058,Ganglands,SHOW,2021,TV-MA,46,"['action', 'crime', 'drama', 'thriller']",['FR'],7.0
tm1229007,Paul Virzi: Nocturnal Admissions,MOVIE,2022,Not Availavle,65,['comedy'],[],7.1
tm898614,Sweet Girl,MOVIE,2021,R,110,"['action', 'drama', 'thriller']",['US'],5.5
ts273100,DOTA: Dragon's Blood,SHOW,2021,TV-MA,26,"['scifi', 'action', 'animation', 'fantasy', 'thriller']",['US'],7.8
tm1086874,Minnal Murali,MOVIE,2021,Not Availavle,158,"['comedy', 'action', 'drama', 'fantasy', 'scifi']",['IN'],8.1
ts222864,Falling Into Your Smile,SHOW,2021,TV-14,44,"['drama', 'comedy', 'romance']",['CN'],8.4
ts265991,The Cook of Castamar,SHOW,2021,TV-MA,55,['drama'],['ES'],7.4
ts256311,High-Rise Invasion,SHOW,2021,TV-MA,26,"['thriller', 'action', 'animation', 'horror', 'scifi']",['JP'],6.6
tm1018890,Seaspiracy,MOVIE,2021,Not Availavle,89,['documentation'],['US'],8.1
tm996676,Viraata Parvam,MOVIE,2022,Not Availavle,150,"['romance', 'action', 'drama']",['IN'],8.0
ts331680,Making Fun,SHOW,2022,TV-PG,41,['reality'],['US'],7.1
tm1210379,Collision,MOVIE,2022,Not Availavle,99,"['drama', 'crime', 'thriller']",['ZA'],3.9
tm1188818,Operation Romeo,MOVIE,2022,Not Availavle,135,"['drama', 'thriller']",['IN'],6.2
ts244930,Angry Birds: Summer Madness,SHOW,2022,TV-Y7,14,"['action', 'comedy', 'family', 'fantasy', 'animation']",['US'],5.8
tm888243,Pray Away,MOVIE,2021,PG-13,101,['documentation'],['US'],6.5
tm1018427,Moxie,MOVIE,2021,PG-13,111,"['music', 'comedy', 'drama']",['US'],6.7
ts305264,School of Chocolate,SHOW,2021,TV-PG,40,['reality'],['US'],7.6
tm434625,Wish Dragon,MOVIE,2021,PG,99,"['fantasy', 'animation', 'family', 'comedy', 'romance']","['US', 'CN']",7.2
tm1185687,Silverton Siege,MOVIE,2022,PG-13,100,"['action', 'crime', 'drama', 'thriller']",['ZA'],6.2
tm1221280,Jaadugar,MOVIE,2022,Not Availavle,167,"['drama', 'fantasy', 'romance', 'sport', 'comedy']",['IN'],7.3
tm1038369,Good on Paper,MOVIE,2021,R,92,"['comedy', 'romance']",['US'],5.6
tm863823,Finding ʻOhana,MOVIE,2021,PG,123,"['action', 'comedy', 'family']",['US'],6.1
tm912100,Bruised,MOVIE,2021,R,129,"['drama', 'sport', 'thriller']","['GB', 'US']",6.1
tm999817,Green Snake,MOVIE,2021,Not Availavle,131,"['fantasy', 'animation', 'action']",['CN'],6.8
tm1131061,Hilda and the Mountain King,MOVIE,2021,Not Availavle,85,"['fantasy', 'family', 'animation', 'comedy', 'drama']","['CA', 'GB']",7.7
ts312984,Our Blues,SHOW,2022,TV-MA,66,['drama'],['KR'],8.5
ts352579,As the Crow Flies,SHOW,2022,TV-MA,46,"['drama', 'comedy']",['TR'],6.3
ts311791,The Raincoat Killer: Chasing a Predator in Korea,SHOW,2021,TV-MA,48,"['documentation', 'crime', 'history']",['KR'],6.4
ts304053,Countdown: Inspiration4 Mission to Space,SHOW,2021,TV-14,50,['documentation'],['US'],7.9
tm1096775,Procession,MOVIE,2021,R,118,['documentation'],['US'],7.2
tm1066826,Diana: The Musical,MOVIE,2021,PG-13,117,"['history', 'music', 'romance', 'drama']",['US'],4.2
tm1161601,Ben & Jody,MOVIE,2022,Not Availavle,114,"['action', 'thriller', 'drama', 'fantasy']",['ID'],5.4
ts271025,Bling Empire,SHOW,2021,TV-MA,37,['reality'],['US'],5.8
tm1108648,The Wasteland,MOVIE,2022,Not Availavle,91,"['thriller', 'horror', 'drama']",['ES'],4.6
tm1185421,David Spade: Nothing Personal,MOVIE,2022,Not Availavle,66,"['comedy', 'documentation']",[],5.8
ts329885,Standing Up,SHOW,2022,TV-MA,47,"['comedy', 'drama']",['FR'],7.4
tm1074764,Shiny_Flakes: The Teenage Drug Lord,MOVIE,2021,Not Availavle,96,"['documentation', 'crime']",['DE'],7.3
ts306203,Monsters Inside: The 24 Faces of Billy Milligan,SHOW,2021,TV-MA,61,"['documentation', 'crime']",[],6.2
ts240807,Power Rangers Dino Fury,SHOW,2021,TV-Y7,21,"['thriller', 'action', 'comedy', 'drama', 'fantasy', 'scifi']",[],6.7
ts291718,Pretty Smart,SHOW,2021,TV-14,24,"['comedy', 'drama', 'romance']",['US'],5.8
ts271321,Beyond Evil,SHOW,2021,TV-MA,66,"['crime', 'thriller', 'drama']",['KR'],8.1
ts319412,Forecasting Love and Weather,SHOW,2022,TV-14,66,"['drama', 'romance']",['KR'],7.1
tm999927,A Cop Movie,MOVIE,2021,R,107,"['drama', 'crime', 'thriller', 'documentation', 'action']",['MX'],7.0
ts287294,"Money, Explained",SHOW,2021,TV-14,23,['documentation'],['US'],6.9
ts311915,Rebelde,SHOW,2022,TV-MA,40,"['drama', 'romance', 'family', 'comedy', 'music']",['MX'],6.2
tm1082314,Untold: Malice at the Palace,MOVIE,2021,R,69,"['crime', 'documentation', 'sport']",['US'],7.5
ts307925,On the Verge,SHOW,2021,TV-MA,32,"['comedy', 'drama']",['FR'],6.4
tm1084966,Django & Django,MOVIE,2021,Not Availavle,80,['documentation'],[],6.9
ts272463,Colin in Black & White,SHOW,2021,TV-14,32,"['drama', 'sport']",['US'],5.5
tm1106212,Photocopier,MOVIE,2021,Not Availavle,130,"['drama', 'thriller', 'crime']",['ID'],6.7
ts313781,The Club,SHOW,2021,TV-14,47,"['drama', 'comedy']",['TR'],7.9
tm1087956,Afterlife of the Party,MOVIE,2021,Not Availavle,109,"['fantasy', 'romance', 'comedy', 'drama']",['US'],5.8
ts246073,Tribes of Europa,SHOW,2021,TV-MA,47,"['scifi', 'drama', 'action', 'fantasy']",['DE'],6.7
tm1019885,F3: Fun and Frustration,MOVIE,2022,Not Availavle,148,"['comedy', 'romance', 'family']",['IN'],5.5
ts321614,Blippi Wonders,SHOW,2021,TV-Y,7,['animation'],['US'],5.1
ts250092,Shaman King,SHOW,2021,TV-PG,25,"['comedy', 'fantasy', 'animation', 'action', 'scifi']",['JP'],6.9
ts303513,42 Days of Darkness,SHOW,2022,TV-MA,46,"['drama', 'thriller', 'crime']",['CL'],6.5
tm1219787,Stand Out: An LGBTQ+ Celebration,MOVIE,2022,Not Availavle,96,"['comedy', 'documentation']",[],5.9
ts344043,Welcome to Wedding Hell,SHOW,2022,TV-14,37,"['drama', 'romance']",['KR'],6.9
ts317078,The Journalist,SHOW,2022,TV-14,51,"['crime', 'drama', 'thriller']",['JP'],7.0
tm1219831,Dirty Daddy: The Bob Saget Tribute,MOVIE,2022,PG-13,83,['comedy'],['US'],6.6
ts315041,Bulgasal: Immortal Souls,SHOW,2021,TV-MA,71,"['scifi', 'action', 'drama', 'fantasy', 'thriller']",['KR'],7.3
ts289620,House of Secrets: The Burari Deaths,SHOW,2021,TV-MA,45,"['history', 'documentation', 'crime']",['IN'],7.4
tm1042481,Riverdance: The Animated Adventure,MOVIE,2021,Not Availavle,86,"['animation', 'comedy', 'fantasy']",['CA'],5.4
ts343492,Thermae Romae Novae,SHOW,2022,TV-MA,29,"['comedy', 'animation', 'fantasy', 'history']",['JP'],7.0
tm1167440,My Best Friend Anne Frank,MOVIE,2021,PG-13,103,['drama'],['NL'],6.2
tm1195032,Thar,MOVIE,2022,Not Availavle,108,"['action', 'thriller', 'drama', 'crime', 'western']",['IN'],6.1
ts297846,An astrological guide for broken hearts,SHOW,2021,TV-14,34,"['romance', 'comedy']",['IT'],7.1
ts220196,Centaurworld,SHOW,2021,TV-Y7,29,"['scifi', 'action', 'animation', 'comedy', 'family', 'fantasy']",['US'],7.6
tm1177856,Without Saying Goodbye,MOVIE,2022,Not Availavle,96,"['romance', 'comedy']","['ES', 'PE']",5.7
tm1005109,Kingdom: Ashin of the North,MOVIE,2021,Not Availavle,92,"['fantasy', 'horror', 'thriller', 'action', 'drama']",['KR'],7.2
tm1144897,My Father's Violin,MOVIE,2022,Not Availavle,112,"['drama', 'music']",['TR'],6.4
ts319333,Tiger King: The Doc Antle Story,SHOW,2021,TV-MA,42,"['crime', 'documentation']",['US'],6.2
tm1107063,Love and Leashes,MOVIE,2022,R,118,"['comedy', 'romance']",['KR'],6.3
ts272366,Amend: The Fight for America,SHOW,2021,TV-MA,58,"['war', 'documentation', 'history']",['US'],7.8
ts268102,Juvenile Justice,SHOW,2022,TV-MA,61,"['drama', 'crime']",['KR'],8.0
ts220553,The Irregulars,SHOW,2021,TV-14,53,"['crime', 'drama', 'fantasy', 'thriller', 'scifi']",['GB'],5.9
ts288195,Invisible City,SHOW,2021,TV-MA,37,"['thriller', 'drama', 'crime', 'fantasy']",['BR'],7.7
tm1198745,Marmaduke,MOVIE,2022,Not Availavle,88,"['animation', 'comedy', 'family']","['CA', 'US']",4.8
tm1003261,Nate Bargatze: The Greatest Average American,MOVIE,2021,Not Availavle,60,['comedy'],['US'],7.3
tm1120902,The Privilege,MOVIE,2022,Not Availavle,107,"['scifi', 'thriller', 'drama', 'horror']",['DE'],4.6
ts317297,The Orbital Children,SHOW,2022,TV-14,32,"['scifi', 'animation', 'drama', 'fantasy']",['JP'],6.4
tm998188,More the Merrier,MOVIE,2021,Not Availavle,112,"['romance', 'comedy']",['ES'],5.4
ts331439,My Little Pony: Make Your Mark,SHOW,2022,TV-Y,45,"['comedy', 'scifi', 'music', 'animation', 'drama', 'family', 'fantasy']",['US'],6.0
ts317522,Dig Deeper: The Disappearance of Birgit Meier,SHOW,2021,Not Availavle,60,"['crime', 'documentation']",['DE'],7.3
tm1047503,Trees of Peace,MOVIE,2021,NC-17,97,['drama'],['US'],6.4
ts29800,Surviving Death,SHOW,2021,TV-MA,54,"['documentation', 'reality']",['US'],6.1
ts347762,Baby Fever,SHOW,2022,TV-MA,32,"['drama', 'comedy', 'romance']",['DK'],6.2
ts296563,Who Rules The World,SHOW,2022,TV-PG,42,"['drama', 'fantasy', 'romance']",['CN'],8.3
tm1138870,Badhaai Do,MOVIE,2022,Not Availavle,147,"['comedy', 'drama', 'crime']",['IN'],7.1
tm1207099,Jane Fonda & Lily Tomlin: Ladies Night Live,MOVIE,2022,PG-13,60,"['comedy', 'documentation']",['US'],5.5
tm166973,Mixtape,MOVIE,2021,Not Availavle,94,"['comedy', 'family', 'drama', 'romance']",['US'],6.6
ts320502,Getting Curious with Jonathan Van Ness,SHOW,2022,TV-MA,26,"['comedy', 'reality']",['US'],6.8
ts286317,The Sons of Sam: A Descent Into Darkness,SHOW,2021,TV-MA,60,"['crime', 'documentation', 'history']",['US'],7.0
ts301999,Open Your Eyes,SHOW,2021,TV-MA,47,"['thriller', 'drama', 'scifi']",['PL'],6.5
tm1104532,Britney vs. Spears,MOVIE,2021,Not Availavle,93,"['documentation', 'music']",['US'],6.4
ts271593,Spycraft,SHOW,2021,TV-MA,34,['documentation'],['US'],6.7
ts327074,Bullsh*t the Game Show,SHOW,2022,TV-14,0,['reality'],['US'],6.1
tm1228963,Ranveer vs Wild with Bear Grylls,MOVIE,2022,PG,70,['documentation'],['IN'],7.3
tm1213009,Dear Friend,MOVIE,2022,Not Availavle,118,"['comedy', 'drama', 'romance']",['IN'],5.9
tm1040671,Marilyn's Eyes,MOVIE,2021,Not Availavle,110,"['comedy', 'drama']",['IT'],6.6
tm1087932,Prey,MOVIE,2021,Not Availavle,87,"['drama', 'thriller']",['DE'],4.3
tm983668,Misha and the Wolves,MOVIE,2021,PG-13,90,"['documentation', 'drama']","['BE', 'GB', 'DE']",6.7
tm921206,The Kissing Booth 3,MOVIE,2021,PG-13,112,"['romance', 'comedy']","['ZA', 'GB', 'US']",4.7
ts268835,Sisyphus,SHOW,2021,Not Availavle,71,"['drama', 'thriller', 'action', 'scifi', 'fantasy']",['KR'],7.0
ts305263,Baking Impossible,SHOW,2021,TV-PG,49,['reality'],['US'],7.0
tm319224,The Loud House Movie,MOVIE,2021,G,83,"['comedy', 'action', 'family', 'animation', 'fantasy', 'drama', 'music', 'thriller']",['US'],6.1
ts301914,Inspector Koo,SHOW,2021,TV-14,69,"['comedy', 'drama', 'thriller', 'crime', 'action']",['KR'],6.9
tm1087160,Fever Dream,MOVIE,2021,R,93,"['drama', 'horror', 'thriller']","['CL', 'PE']",5.4
tm1045741,Blue Miracle,MOVIE,2021,Not Availavle,95,"['family', 'action', 'drama']","['MX', 'US']",6.6
tm855641,Home2Home,MOVIE,2022,Not Availavle,110,"['documentation', 'action', 'european']",['DE'],7.9
ts308689,Misfit: The Series,SHOW,2021,Not Availavle,24,['comedy'],['NL'],7.1
ts272939,The Lost Pirate Kingdom,SHOW,2021,TV-MA,43,"['documentation', 'drama', 'history']",['US'],6.6
ts343251,Green Mothers' Club,SHOW,2022,Not Availavle,70,"['drama', 'thriller']",['KR'],6.5
tm473502,83,MOVIE,2021,Not Availavle,163,"['drama', 'history', 'sport']",['IN'],7.5
ts308838,Bad Sport,SHOW,2021,TV-MA,68,"['crime', 'documentation', 'sport']",[],7.3
tm855075,Rurouni Kenshin: The Beginning,MOVIE,2021,R,138,"['action', 'drama']",['JP'],7.4
tm1187913,Honeymoon With My Mother,MOVIE,2022,Not Availavle,110,['comedy'],['ES'],5.8
ts349845,Mr. Good: Cop or Crook?,SHOW,2022,TV-14,51,"['documentation', 'crime']",['NO'],6.9
tm1134006,Death to 2021,MOVIE,2021,Not Availavle,60,['comedy'],"['GB', 'US']",6.3
tm881587,"Vengeance Is Mine, All Others Pay Cash",MOVIE,2021,Not Availavle,114,"['romance', 'drama', 'action', 'comedy']",['ID'],7.0
ts349842,Rhythm + Flow France,SHOW,2022,TV-MA,42,"['reality', 'music']",['FR'],6.3
tm816591,The Getaway King,MOVIE,2021,Not Availavle,100,"['drama', 'action', 'comedy', 'crime']",['PL'],6.5
tm810504,Yaksha: Ruthless Operations,MOVIE,2022,Not Availavle,125,"['action', 'crime', 'thriller']",['KR'],6.2
tm983270,Outside the Wire,MOVIE,2021,R,116,"['action', 'scifi', 'thriller', 'fantasy']",['US'],5.4
tm1201457,Civil: Ben Crump,MOVIE,2022,PG-13,101,['documentation'],[],5.4
ts317422,Saturday Morning All Star Hits!,SHOW,2021,TV-14,23,"['animation', 'comedy']",['US'],7.5
tm982887,The Minimalists: Less Is Now,MOVIE,2021,Not Availavle,53,['documentation'],['US'],5.9
tm984155,The Devil Below,MOVIE,2021,R,89,"['horror', 'thriller']",['US'],4.2
tm984204,The Seventh Day,MOVIE,2021,R,87,['horror'],['US'],4.5
ts287328,Yasuke,SHOW,2021,TV-MA,29,"['drama', 'action', 'scifi', 'animation', 'fantasy', 'thriller']",['US'],6.2
ts302489,Chicago Party Aunt,SHOW,2021,TV-MA,23,"['animation', 'comedy']",['US'],5.3
ts304468,Thirty-Nine,SHOW,2022,TV-MA,73,"['drama', 'romance']",['KR'],7.9
ts108621,Sky Rojo,SHOW,2021,TV-MA,27,"['drama', 'thriller', 'action', 'crime']",['ES'],6.5
ts307745,Money Heist: From Tokyo to Berlin,SHOW,2021,TV-MA,53,"['documentation', 'crime', 'drama']",['ES'],7.7
tm863919,Extinct,MOVIE,2021,Not Availavle,85,"['animation', 'comedy', 'family', 'action']","['CA', 'CN', 'US']",5.4
tm974195,The Fable: The Killer Who Doesn't Kill,MOVIE,2021,Not Availavle,132,"['action', 'comedy', 'thriller']",['JP'],6.8
tm858000,Rurouni Kenshin: The Final,MOVIE,2021,PG-13,139,"['drama', 'action']",['JP'],7.2
ts269493,Headspace Guide to Meditation,SHOW,2021,TV-G,22,"['documentation', 'animation']",['US'],8.4
tm1218547,Bruna Louise: Demolition,MOVIE,2022,Not Availavle,65,"['comedy', 'documentation']",['BR'],4.5
ts287703,Mine,SHOW,2021,TV-14,70,"['thriller', 'drama']",['KR'],7.7
ts310376,"Sex, Love & Goop",SHOW,2021,TV-MA,35,"['reality', 'comedy', 'romance']",['US'],4.7
ts317612,Love is Blind: Japan,SHOW,2022,TV-PG,57,"['reality', 'romance']",['JP'],7.1
tm1057343,Prophetess,MOVIE,2021,Not Availavle,144,"['drama', 'comedy']",[],6.8
ts282291,Generation 56K,SHOW,2021,TV-14,30,"['drama', 'romance', 'comedy']",['IT'],7.4
tm860261,To All the Boys: Always and Forever,MOVIE,2021,PG-13,115,"['romance', 'comedy', 'drama']",['US'],6.3
ts258415,Elves,SHOW,2021,TV-14,24,"['thriller', 'family', 'drama', 'fantasy', 'horror', 'scifi']",['DK'],5.5
tm1106044,100 días con la Tata,MOVIE,2021,Not Availavle,82,"['documentation', 'family']",[],7.9
ts297675,Sexy Beasts,SHOW,2021,TV-14,23,"['reality', 'romance']",[],4.6
tm1052498,Aileen Wuornos: American Boogeywoman,MOVIE,2021,R,85,"['thriller', 'drama', 'horror']",['US'],3.7
tm1150256,Tall Girl 2,MOVIE,2022,Not Availavle,97,"['comedy', 'romance', 'drama', 'family']",['US'],4.7
ts310335,Insiders,SHOW,2021,TV-MA,46,['reality'],['ES'],4.2
ts301196,Top Secret UFO Projects: Declassified,SHOW,2021,TV-PG,44,['documentation'],['GB'],5.5
ts250998,Dirty Lines,SHOW,2022,TV-MA,46,"['drama', 'history']",['NL'],7.4
tm1102868,Nobody Sleeps in the Woods Tonight 2,MOVIE,2021,Not Availavle,97,"['horror', 'thriller', 'comedy']",['PL'],3.9
ts320426,Crime Scene: The Times Square Killer,SHOW,2021,TV-MA,49,"['thriller', 'documentation', 'crime', 'history']",['US'],6.5
ts343427,Samurai Rabbit: The Usagi Chronicles,SHOW,2022,TV-Y7,25,"['animation', 'action', 'comedy', 'family', 'fantasy', 'scifi']",['US'],6.5
ts243780,Sharkdog,SHOW,2021,TV-Y,23,"['animation', 'comedy', 'family']","['SG', 'US']",5.8
ts288005,"Nevertheless,",SHOW,2021,Not Availavle,70,"['drama', 'romance']",['KR'],7.2
tm872108,A Week Away,MOVIE,2021,Not Availavle,94,"['drama', 'family', 'romance']",['US'],5.7
ts246178,Eden,SHOW,2021,TV-PG,25,"['animation', 'drama', 'scifi', 'reality', 'family', 'fantasy', 'action']",['JP'],6.6
ts283676,Last Chance U: Basketball,SHOW,2021,TV-MA,57,"['documentation', 'sport']",['US'],8.3
tm1143898,Jana Gana Mana,MOVIE,2022,Not Availavle,161,"['drama', 'thriller', 'crime']",['IN'],8.3
ts215989,Snabba Cash,SHOW,2021,TV-MA,43,"['crime', 'drama', 'thriller', 'action']",['SE'],7.6
tm1110389,Single All the Way,MOVIE,2021,Not Availavle,99,"['romance', 'comedy', 'drama']",['CA'],6.1
tm1031976,Dhamaka,MOVIE,2021,Not Availavle,104,"['thriller', 'crime', 'drama', 'action']",['IN'],7.2
ts308511,Back to 15,SHOW,2022,TV-14,0,"['drama', 'comedy']",['BR'],6.6
tm1093287,The River Runner,MOVIE,2021,Not Availavle,86,"['documentation', 'action']",[],6.9
tm362072,Monster,MOVIE,2021,R,98,"['drama', 'crime']","['CA', 'US']",6.5
tm1120509,Never Back Down: Revolt,MOVIE,2021,R,89,"['action', 'crime', 'drama', 'sport']",['US'],4.0
ts320075,Aranyak,SHOW,2021,TV-MA,43,"['thriller', 'drama', 'crime']",['IN'],7.9
ts280892,"Devotion, a Story of Love and Desire",SHOW,2022,TV-MA,40,"['drama', 'romance']",['IT'],6.4
tm1091155,Untold: Breaking Point,MOVIE,2021,R,79,"['documentation', 'sport']",['US'],7.6
ts260477,Post Mortem: No One Dies in Skarnes,SHOW,2021,TV-MA,45,"['thriller', 'comedy', 'drama']",['NO'],7.1
tm1219931,Heart Parade,MOVIE,2022,Not Availavle,108,"['comedy', 'romance']",['PL'],4.9
tm991351,Pelé,MOVIE,2021,PG-13,108,"['documentation', 'sport']",['GB'],7.0
ts223450,Move to Heaven,SHOW,2021,TV-MA,52,['drama'],['KR'],8.6
ts257504,Heirs to the Land,SHOW,2022,TV-MA,54,"['drama', 'history', 'comedy', 'scifi']",['ES'],7.0
tm1102891,Grudge,MOVIE,2021,Not Availavle,104,"['thriller', 'crime', 'drama']",['TR'],5.5
tm998858,Brian Regan: On the Rocks,MOVIE,2021,Not Availavle,58,['comedy'],['US'],6.8
tm894254,Penguin Bloom,MOVIE,2021,PG-13,95,['drama'],"['AU', 'US']",6.8
tm983658,Rita Moreno: Just a Girl Who Decided to Go for It,MOVIE,2021,PG-13,90,['documentation'],['US'],7.7
ts312200,I Am Georgina,SHOW,2022,TV-14,41,['reality'],['ES'],3.9
ts346500,Wild Babies,SHOW,2022,TV-PG,30,['documentation'],['GB'],7.7
ts302312,Jaguar,SHOW,2021,TV-MA,45,"['drama', 'war', 'action', 'history']",['ES'],5.7
ts317720,Coming Out Colton,SHOW,2021,TV-MA,33,['reality'],['US'],6.7
tm1003353,Operation Varsity Blues: The College Admissions Scandal,MOVIE,2021,R,100,"['drama', 'documentation', 'crime']",['US'],6.9
ts314395,The Motive,SHOW,2021,Not Availavle,35,"['crime', 'documentation']",[],5.2
tm1020520,A Stand Worthy of Men,MOVIE,2021,Not Availavle,120,"['drama', 'comedy']",[],7.2
tm817075,Furioza,MOVIE,2021,Not Availavle,139,"['crime', 'drama', 'action']",['PL'],6.2
tm1137862,Four to Dinner,MOVIE,2022,Not Availavle,104,"['comedy', 'romance']",['IT'],6.3
tm834847,Seal Team,MOVIE,2021,Not Availavle,101,"['animation', 'comedy']",['ZA'],5.5
tm876997,Most Eligible Bachelor,MOVIE,2021,Not Availavle,170,"['drama', 'romance']",['IN'],6.1
tm1204615,Katt Williams: World War III,MOVIE,2022,Not Availavle,59,['comedy'],[],4.6
tm1096769,Lead Me Home,MOVIE,2021,Not Availavle,40,['documentation'],['US'],7.1
ts255486,Godzilla Singular Point,SHOW,2021,TV-14,25,"['animation', 'action', 'scifi', 'thriller']",['JP'],6.5
tm1207096,Snoop Dogg's F*cn Around Comedy Special,MOVIE,2022,Not Availavle,67,"['documentation', 'comedy', 'music']",[],5.2
tm1092995,Shaun the Sheep: The Flight Before Christmas,MOVIE,2021,G,30,"['animation', 'comedy', 'family']",['GB'],7.3
ts312094,JAPAN SINKS: People of Hope,SHOW,2021,TV-14,55,"['scifi', 'war', 'drama']",['JP'],6.0
tm1166015,The Invisible Thread,MOVIE,2022,Not Availavle,90,"['drama', 'family', 'comedy']",['IT'],6.7
tm880822,Mobile Suit Gundam Hathaway,MOVIE,2021,PG-13,96,"['scifi', 'animation', 'action', 'drama', 'romance']",['JP'],6.6
tm1160424,AI Love You,MOVIE,2022,PG-13,95,"['scifi', 'comedy', 'romance', 'drama']",['TH'],4.4
ts258358,The Life and Movies of Erşan Kuneri,SHOW,2022,TV-MA,48,['comedy'],['TR'],6.7
tm1039147,Audible,MOVIE,2021,PG-13,39,['documentation'],['US'],5.3
ts283528,This Is Pop,SHOW,2021,TV-MA,44,"['music', 'documentation']",['CA'],6.9
ts276067,Maldivas,SHOW,2022,TV-MA,36,"['comedy', 'drama']",['BR'],5.6
tm1215536,The Hall: Honoring the Greats of Stand-Up,MOVIE,2022,Not Availavle,70,"['documentation', 'comedy']",['US'],6.3
ts320335,Summer Heat,SHOW,2022,TV-MA,48,"['drama', 'romance']",['BR'],5.6
ts286632,Why Are You Like This?,SHOW,2021,Not Availavle,24,['comedy'],['AU'],6.4
ts320302,Neymar: The Perfect Chaos,SHOW,2022,TV-MA,55,"['documentation', 'sport']","['BR', 'US']",6.6
tm833467,Hurdang,MOVIE,2022,Not Availavle,122,"['drama', 'romance']",['IN'],4.9
tm1185388,The Turning Point,MOVIE,2021,Not Availavle,90,"['drama', 'crime']",['IT'],6.1
tm998726,Sentinelle,MOVIE,2021,Not Availavle,80,"['thriller', 'action', 'drama', 'crime']",['FR'],4.7
ts257873,Dive Club,SHOW,2021,TV-PG,27,"['drama', 'family']",['AU'],6.1
tm1077201,Stuck Together,MOVIE,2021,Not Availavle,126,['comedy'],"['BE', 'FR']",6.3
tm1203307,F*ck Love Too,MOVIE,2022,Not Availavle,92,"['comedy', 'romance']",['NL'],3.8
tm945448,Vicky and Her Mystery,MOVIE,2021,Not Availavle,84,"['drama', 'family', 'european']",['FR'],6.4
ts296129,Elite Short Stories: Guzmán Caye Rebe,SHOW,2021,TV-MA,12,"['drama', 'crime', 'thriller']",['ES'],7.4
ts331681,Trivia Quest,SHOW,2022,TV-G,9,"['family', 'fantasy', 'animation']",['US'],5.7
ts320872,Queer Eye Germany,SHOW,2022,TV-14,50,['reality'],['DE'],7.2
ts328317,Alessandro Cattelan: One Simple Question,SHOW,2022,TV-MA,30,"['comedy', 'reality']",['IT'],6.5
ts296179,The War Next-door,SHOW,2021,TV-MA,33,['comedy'],['MX'],5.7
ts275448,Navillera,SHOW,2021,Not Availavle,65,"['drama', 'family']",['KR'],8.8
ts269286,Once Upon a Time... Happily Never After,SHOW,2022,TV-MA,30,"['scifi', 'comedy', 'fantasy']",['ES'],5.4
ts306322,The Unlikely Murderer,SHOW,2021,TV-MA,46,"['drama', 'crime']",['SE'],7.0
tm1119136,Game Changer,MOVIE,2021,Not Availavle,102,"['crime', 'comedy', 'drama', 'romance', 'thriller']",['TH'],4.1
ts104362,Kid Cosmic,SHOW,2021,TV-Y7,22,"['comedy', 'family', 'fantasy', 'scifi', 'animation', 'action']",['US'],7.9
tm1043290,Murder by the Coast,MOVIE,2021,PG-13,88,"['crime', 'documentation', 'history']",['ES'],6.5
tm1174856,Chappelle's Home Team - Earthquake: Legendary,MOVIE,2022,R,36,['comedy'],[],6.9
ts345976,The Boss Baby: Back in the Crib,SHOW,2022,TV-Y7,24,"['animation', 'comedy', 'family', 'fantasy']",['US'],6.2
tm810494,The 8th Night,MOVIE,2021,Not Availavle,115,"['thriller', 'horror']",['KR'],5.3
tm1029256,Ferry,MOVIE,2021,Not Availavle,106,"['drama', 'action', 'crime', 'thriller']","['BE', 'NL']",7.0
ts313849,Blown Away: Christmas,SHOW,2021,TV-PG,29,['reality'],[],6.7
ts283610,Feels Like Ishq,SHOW,2021,TV-MA,31,"['drama', 'romance', 'comedy']",['IN'],6.4
tm1144693,The Trip 6,MOVIE,2021,Not Availavle,97,['comedy'],['CO'],3.2
tm1000619,Radhe Shyam,MOVIE,2022,Not Availavle,138,"['drama', 'romance']",['IN'],5.3
ts309676,The World's Most Amazing Vacation Rentals,SHOW,2021,TV-PG,34,"['documentation', 'reality']",['US'],6.7
ts280693,Thomas & Friends: All Engines Go!,SHOW,2021,TV-Y,11,"['animation', 'fantasy', 'drama', 'family', 'music', 'comedy']",['US'],2.0
ts285469,Headspace Guide to Sleep,SHOW,2021,TV-G,19,"['documentation', 'animation']",['US'],6.8
tm675820,A Boy Called Christmas,MOVIE,2021,PG,106,"['drama', 'family', 'fantasy', 'action']",['GB'],6.7
tm1174920,Jeff Foxworthy: The Good Old Days,MOVIE,2022,Not Availavle,60,"['comedy', 'documentation']",[],6.1
ts287802,Penguin Town,SHOW,2021,TV-G,30,"['documentation', 'comedy', 'drama', 'family']",['ZA'],7.8
ts257315,Karma's World,SHOW,2021,TV-Y,12,"['animation', 'comedy', 'family']",['US'],5.8
ts299321,Dogs in Space,SHOW,2021,TV-Y7,22,"['family', 'fantasy', 'scifi', 'animation', 'action', 'comedy']",['US'],7.1
tm1185506,The Taming of the Shrewd,MOVIE,2022,Not Availavle,112,"['romance', 'comedy']",['PL'],4.5
tm1083068,Operation Hyacinth,MOVIE,2021,Not Availavle,112,"['crime', 'drama', 'thriller']",['PL'],6.7
tm879685,The Perfect Family,MOVIE,2021,Not Availavle,110,['comedy'],['ES'],5.3
tm466544,Sooryavanshi,MOVIE,2021,Not Availavle,145,"['action', 'thriller', 'crime']",['IN'],6.3
ts315551,Elite Short Stories: Phillipe Caye Felipe,SHOW,2021,Not Availavle,13,"['comedy', 'romance', 'drama']",['ES'],6.2
ts317144,Adventure Beast,SHOW,2021,TV-MA,19,"['comedy', 'animation']",['US'],5.2
ts325756,Midnight Asia: Eat · Dance · Dream,SHOW,2022,TV-MA,37,['documentation'],['SG'],6.6
ts260502,Until Life Do Us Part,SHOW,2021,TV-MA,49,['drama'],['PT'],7.5
ts320557,Elite Short Stories: Patrick,SHOW,2021,TV-MA,12,"['comedy', 'drama']",['ES'],6.1
ts296081,The Parisian Agency: Exclusive Properties,SHOW,2021,TV-14,57,['reality'],['FR'],7.5
tm448707,CBI 5: The Brain,MOVIE,2022,Not Availavle,163,"['thriller', 'crime']",['IN'],6.3
ts296069,Elite Short Stories: Omar Ander Alexis,SHOW,2021,TV-MA,12,"['drama', 'crime', 'thriller']",['ES'],7.3
tm1111717,L.O.L. Surprise: The Movie,MOVIE,2021,G,47,"['animation', 'family', 'fantasy', 'scifi', 'western', 'action']",['US'],3.8
ts287149,Hype House,SHOW,2022,TV-14,32,['reality'],['US'],2.1
tm950444,Skater Girl,MOVIE,2021,PG,107,"['drama', 'family', 'sport']","['US', 'IN']",6.6
ts239188,Kitz,SHOW,2021,TV-MA,44,"['drama', 'thriller']","['AT', 'DE']",5.7
ts297685,I Need Romance,SHOW,2021,TV-14,45,"['drama', 'romance']",['TH'],7.8
ts308002,The Five Juanas,SHOW,2021,TV-MA,39,['drama'],['MX'],6.9
tm1092892,Found,MOVIE,2021,PG,97,"['documentation', 'drama']","['CN', 'US']",7.5
ts271517,The Crew,SHOW,2021,TV-14,27,['comedy'],['US'],6.5
ts257271,The Time It Takes,SHOW,2021,TV-MA,13,"['drama', 'romance', 'comedy']",['ES'],7.1
tm1108010,Rabbids Invasion - Mission To Mars,MOVIE,2021,Not Availavle,70,"['animation', 'comedy']",['FR'],7.8
ts296059,Elite Short Stories: Carla Samuel,SHOW,2021,TV-MA,14,"['drama', 'romance']",['ES'],6.9
ts306068,Luna Park,SHOW,2021,TV-MA,50,"['drama', 'romance']",['IT'],6.4
ts346007,Savage Beauty,SHOW,2022,TV-MA,51,['drama'],['US'],5.0
tm1098514,The Falls,MOVIE,2021,Not Availavle,129,['drama'],['TW'],7.0
tm1108621,Yara,MOVIE,2021,Not Availavle,96,"['drama', 'thriller', 'crime']",['IT'],6.2
ts317526,Selling Tampa,SHOW,2021,TV-MA,40,['reality'],['US'],4.5
ts216407,Age of Samurai: Battle for Japan,SHOW,2021,TV-MA,43,"['documentation', 'action', 'drama', 'history', 'war']",['US'],7.4
tm1130264,Nicole Byer: BBW (Big Beautiful Weirdo),MOVIE,2021,Not Availavle,65,['comedy'],[],5.7
ts306510,Octonauts: Above & Beyond,SHOW,2021,TV-Y,25,"['animation', 'family']",['KR'],7.2
tm1127479,Cobalt Blue,MOVIE,2022,Not Availavle,112,"['romance', 'drama']",['IN'],6.6
tm433048,This Is the Night,MOVIE,2021,R,100,"['drama', 'comedy']",['US'],5.4
ts270798,Love (ft. Marriage and Divorce),SHOW,2021,TV-PG,69,"['drama', 'romance']",['KR'],6.6
tm972519,Don't Kill Me,MOVIE,2021,Not Availavle,90,"['fantasy', 'horror', 'romance']",['IT'],4.3
tm1003725,A Castle for Christmas,MOVIE,2021,Not Availavle,98,"['romance', 'comedy', 'drama', 'family']","['GB', 'US']",5.5
tm1036270,I Am All Girls,MOVIE,2021,Not Availavle,107,"['thriller', 'crime', 'drama']",['ZA'],5.9
ts302056,Titletown High,SHOW,2021,TV-14,34,"['reality', 'sport']",['US'],5.5
ts287838,Mad for Each Other,SHOW,2021,Not Availavle,35,"['comedy', 'drama', 'romance']",['KR'],7.9
ts273318,Country Comfort,SHOW,2021,TV-PG,24,"['drama', 'family', 'music', 'action', 'comedy']",['US'],6.8
ts318024,Sea Power,SHOW,2021,TV-14,48,"['documentation', 'war']",['US'],7.7
tm876608,Sounds Like Love,MOVIE,2021,Not Availavle,110,"['comedy', 'music', 'romance', 'drama']",['ES'],5.4
tm1000797,Ride or Die,MOVIE,2021,R,142,"['thriller', 'romance', 'drama']",['JP'],5.6
tm1096880,Thomas & Friends: All Engines Go - Race for the Sodor Cup,MOVIE,2021,Not Availavle,60,"['animation', 'family']",[],3.7
ts331449,Hei$t: The Great Robbery of Brazil's Central Bank,SHOW,2022,TV-14,61,"['documentation', 'crime']",['BR'],6.4
tm858287,Jersey,MOVIE,2022,Not Availavle,175,"['drama', 'sport', 'romance']",['IN'],7.3
tm990835,The Girl on the Train,MOVIE,2021,Not Availavle,128,"['drama', 'thriller', 'crime']",['IN'],4.4
ts283639,Decoupled,SHOW,2021,TV-MA,31,"['comedy', 'drama']",['IN'],8.0
ts296091,Elite Short Stories: Nadia Guzmán,SHOW,2021,TV-MA,11,"['drama', 'romance']",['ES'],6.2
ts271720,Pui Pui Molcar,SHOW,2021,TV-Y7,2,"['animation', 'comedy', 'family']",['JP'],8.1
ts289364,Cat People,SHOW,2021,TV-14,32,['documentation'],['US'],6.3
ts293814,Sparking Joy with Marie Kondo,SHOW,2021,TV-PG,42,"['drama', 'history', 'reality']",[],6.3
tm993435,Cousins,MOVIE,2021,R,98,['drama'],['NZ'],6.9
tm1191860,Oprah + Viola: A Netflix Special Event,MOVIE,2022,Not Availavle,48,['documentation'],['US'],7.2
tm1064532,Deep,MOVIE,2021,Not Availavle,101,"['scifi', 'thriller', 'drama']",['TH'],4.8
tm1047190,The Phantom,MOVIE,2021,Not Availavle,81,"['documentation', 'crime']","['US', 'GB']",6.5
ts292446,Taarak Mehta Kka Chhota Chashmah,SHOW,2021,TV-Y,22,"['animation', 'comedy']",['IN'],6.6
ts315549,Elite Short Stories: Samuel Omar,SHOW,2021,Not Availavle,12,"['comedy', 'drama']",['ES'],6.1
ts288997,Human: The World Within,SHOW,2021,TV-PG,53,['documentation'],['US'],6.8
ts282133,City of Ghosts,SHOW,2021,TV-Y7,19,"['animation', 'drama']",['FR'],6.1
ts289261,Transformers: BotBots,SHOW,2022,TV-Y,25,"['animation', 'action', 'comedy', 'family', 'fantasy', 'scifi']",['US'],6.9
tm1002869,Fate: The Winx Saga - The Afterparty,MOVIE,2021,PG-13,50,"['fantasy', 'reality', 'comedy']","['GB', 'IT']",6.2
ts287045,Fatma,SHOW,2021,TV-MA,42,"['drama', 'thriller', 'crime']",['TR'],7.4
tm1001267,Secret Magic Control Agency,MOVIE,2021,Not Availavle,103,"['comedy', 'family', 'fantasy', 'animation']","['RU', 'US']",6.2
ts258321,"Ada Twist, Scientist",SHOW,2021,Not Availavle,28,"['family', 'music', 'animation', 'comedy']",['US'],6.8
ts342479,Super PupZ,SHOW,2022,TV-Y7,29,"['comedy', 'family', 'fantasy', 'scifi']",['CA'],6.6
ts300274,Cooking With Paris,SHOW,2021,TV-MA,23,['reality'],['US'],5.2
ts271726,Go Dog Go,SHOW,2021,TV-Y,24,"['animation', 'family']",['US'],7.0
tm1218702,Doom of Love,MOVIE,2022,Not Availavle,100,"['romance', 'drama']",['TR'],4.7
tm1041543,Breaking Boundaries: The Science of Our Planet,MOVIE,2021,Not Availavle,73,['documentation'],['US'],7.8
ts257817,Call My Agent Bollywood,SHOW,2021,TV-MA,48,"['comedy', 'drama']",['IN'],6.9
ts310628,MaveriX,SHOW,2022,TV-G,23,"['drama', 'family', 'sport', 'action']",['AU'],5.8
ts300456,My Unorthodox Life,SHOW,2021,TV-MA,40,['reality'],['US'],5.5
tm1146393,All Hail,MOVIE,2022,Not Availavle,118,"['drama', 'comedy']",['AR'],5.6
ts302714,The Kingdom,SHOW,2021,TV-MA,45,"['crime', 'drama']",['AR'],6.5
tm1065041,The Seven Deadly Sins: Cursed by Light,MOVIE,2021,PG-13,79,"['animation', 'fantasy', 'action']",['JP'],6.4
ts288545,We the People,SHOW,2021,TV-Y7,5,"['animation', 'comedy', 'family', 'music']",['US'],3.6
ts299485,A Tale Dark & Grimm,SHOW,2021,TV-Y7,30,"['animation', 'action', 'comedy', 'family', 'fantasy']","['ES', 'US']",7.3
tm1132325,Don,MOVIE,2022,Not Availavle,164,"['romance', 'comedy', 'drama', 'action']",['IN'],7.0
ts301609,Love Is Blind: Brazil,SHOW,2021,TV-MA,56,"['reality', 'romance']",['BR'],6.1
tm1038355,The Last Mercenary,MOVIE,2021,Not Availavle,110,"['action', 'comedy', 'crime', 'thriller']",['FR'],5.3
tm890013,Lulli,MOVIE,2021,Not Availavle,90,"['fantasy', 'comedy', 'romance']",['BR'],4.8
tm1182144,Dancing on Glass,MOVIE,2022,Not Availavle,137,"['drama', 'thriller']",['ES'],5.5
tm1102226,"My Brother, My Sister",MOVIE,2021,Not Availavle,110,['drama'],['IT'],6.0
tm1000037,Je suis Karl,MOVIE,2021,R,126,"['drama', 'thriller', 'european', 'romance']","['CZ', 'DE']",5.4
ts297065,Tattoo Redo,SHOW,2021,TV-MA,28,['reality'],['US'],5.9
tm1084481,Blood Brothers: Malcolm X & Muhammad Ali,MOVIE,2021,PG-13,95,"['documentation', 'history', 'sport']",['US'],6.9
ts285724,2020,SHOW,2021,TV-14,45,"['drama', 'crime', 'thriller']",['LB'],7.9
ts288065,Naomi Osaka,SHOW,2021,TV-14,37,"['documentation', 'sport']",['US'],6.2
tm963182,Trollhunters: Rise of the Titans,MOVIE,2021,Not Availavle,104,"['animation', 'action', 'comedy', 'drama', 'family', 'fantasy']",['US'],6.7
tm1114205,Amina,MOVIE,2021,PG-13,120,"['war', 'history', 'drama', 'action']",['NG'],3.8
ts272515,Dealer,SHOW,2021,TV-MA,41,"['action', 'drama', 'thriller', 'crime']",['FR'],6.1
tm1129394,The Princess Switch 3: Romancing the Star,MOVIE,2021,PG,106,"['comedy', 'romance', 'drama', 'family']",['US'],5.5
tm949382,Looop Lapeta,MOVIE,2022,Not Availavle,131,"['romance', 'thriller', 'action', 'comedy', 'crime']",['IN'],5.2
tm1129217,Anonymously Yours,MOVIE,2021,R,101,"['drama', 'romance']",['MX'],5.7
tm1000599,The Last Forest,MOVIE,2021,Not Availavle,74,"['drama', 'documentation']",['BR'],7.3
ts257345,Wild Abandon,SHOW,2022,TV-MA,51,"['drama', 'comedy']",['TR'],7.1
tm1188819,Rumspringa,MOVIE,2022,Not Availavle,102,"['drama', 'comedy', 'romance']",['DE'],5.3
tm1049155,Bordertown: The Mural Murders,MOVIE,2021,Not Availavle,107,"['crime', 'drama']",['FI'],6.2
ts291150,Soil,SHOW,2021,TV-MA,48,"['comedy', 'drama']",['BE'],7.1
ts320183,Single’s Inferno,SHOW,2021,TV-PG,61,['reality'],['KR'],7.1
ts315144,The Creature Cases,SHOW,2022,TV-Y,29,"['animation', 'comedy', 'family', 'action']",['US'],8.5
ts309235,Christmas Flow,SHOW,2021,TV-MA,50,"['romance', 'comedy', 'music']",['FR'],5.7
ts90023,AlRawabi School for Girls,SHOW,2021,TV-14,48,['drama'],['JO'],7.3
ts346034,Blood Sisters,SHOW,2022,TV-MA,57,"['drama', 'crime', 'thriller']","['US', 'NG']",5.0
tm1002408,Biking Borders - eine etwas andere Reise,MOVIE,2021,Not Availavle,89,['documentation'],['DE'],7.7
ts226392,Sexify,SHOW,2021,TV-MA,44,"['comedy', 'drama']",['PL'],6.5
tm1187638,Ronny Chieng: Speakeasy,MOVIE,2022,Not Availavle,60,"['comedy', 'documentation']",['US'],6.3
ts287941,Racket Boys,SHOW,2021,TV-14,71,"['family', 'drama', 'comedy', 'sport']",['KR'],4.0
tm1001108,Biggie: I Got a Story to Tell,MOVIE,2021,R,97,"['documentation', 'music']",['US'],6.8
ts320407,The Future Diary,SHOW,2021,TV-PG,34,"['reality', 'romance']",['JP'],6.8
ts288540,Ray,SHOW,2021,TV-MA,59,"['drama', 'thriller', 'crime']",['IN'],7.1
tm475430,Super Me,MOVIE,2021,Not Availavle,102,"['action', 'drama', 'fantasy', 'scifi']",['CN'],5.8
tm1125844,The Whole Truth,MOVIE,2021,R,125,"['drama', 'horror', 'thriller']",['TH'],5.1
tm1130995,Jonas Brothers Family Roast,MOVIE,2021,Not Availavle,68,"['comedy', 'music']",['US'],5.2
ts356275,Johnny Test,SHOW,2021,TV-Y,14,"['comedy', 'animation', 'family', 'scifi', 'action']",['US'],6.4
tm980657,The Soul,MOVIE,2021,Not Availavle,130,"['scifi', 'thriller', 'drama']","['TW', 'CN']",6.6
ts235563,Daughter from Another Mother,SHOW,2021,TV-MA,38,"['romance', 'comedy', 'drama', 'fantasy']",['MX'],7.2
tm1201453,"Sing, Dance, Act: Kabuki featuring Toma Ikuta",MOVIE,2022,Not Availavle,87,['documentation'],[],6.9
ts288472,You Are My Spring,SHOW,2021,Not Availavle,69,"['drama', 'romance', 'thriller', 'fantasy']",['KR'],7.4
tm919869,And Tomorrow the Entire World,MOVIE,2021,Not Availavle,111,"['romance', 'crime', 'drama']","['FR', 'DE']",6.0
tm1022912,One,MOVIE,2021,Not Availavle,150,"['drama', 'thriller']",['IN'],6.5
ts292662,Johnny Hallyday: Beyond Rock,SHOW,2022,TV-14,35,"['documentation', 'music']",['US'],7.1
ts330012,Eternally Confused and Eager for Love,SHOW,2022,TV-MA,23,"['comedy', 'romance']",['IN'],6.7
ts282155,Zero,SHOW,2021,TV-MA,24,"['scifi', 'action', 'comedy', 'drama', 'fantasy']",['IT'],5.6
ts188861,Battle Kitty,SHOW,2022,TV-Y7,33,"['animation', 'fantasy', 'scifi', 'action', 'comedy', 'family']",['US'],6.3
tm454879,Major Grom: Plague Doctor,MOVIE,2021,Not Availavle,136,"['action', 'crime']",['RU'],6.3
ts279953,Law School,SHOW,2021,Not Availavle,65,"['crime', 'drama', 'thriller']",['KR'],8.0
tm421437,Anne+,MOVIE,2021,Not Availavle,94,['drama'],['NL'],6.0
tm1025318,Ajeeb Daastaans,MOVIE,2021,Not Availavle,142,"['drama', 'romance']",['IN'],6.7
ts316965,Ridley Jones,SHOW,2021,TV-Y,28,"['animation', 'comedy', 'family', 'fantasy']",['US'],4.6
ts270807,"Hello, Me!",SHOW,2021,Not Availavle,62,"['comedy', 'drama', 'scifi', 'fantasy', 'romance']",['KR'],7.2
ts302058,Everything Will Be Fine,SHOW,2021,TV-MA,29,"['comedy', 'drama']",['MX'],6.2
tm1022893,Dynasty Warriors,MOVIE,2021,PG-13,118,"['action', 'fantasy']","['NZ', 'HK']",4.7
ts321437,Fishbowl Wives,SHOW,2022,TV-MA,43,"['drama', 'romance']",['JP'],6.1
tm1080406,"Barbie: Big City, Big Dreams",MOVIE,2021,Not Availavle,62,"['animation', 'music', 'family']",['US'],5.7
tm1001095,Roohi,MOVIE,2021,Not Availavle,134,"['comedy', 'horror']",['IN'],4.3
ts345779,Barbie: It Takes Two,SHOW,2022,TV-G,21,"['comedy', 'family', 'animation']",['US'],6.3
ts282214,Let's Fight Ghost,SHOW,2021,TV-14,65,"['drama', 'thriller', 'action', 'fantasy', 'horror', 'romance']",['TH'],6.7
ts329711,"Love, Life & Everything in Between",SHOW,2022,TV-14,27,"['comedy', 'drama', 'romance']","['MA', 'SA', 'TN', 'EG', 'LB']",5.6
ts14520,Action Pack,SHOW,2022,TV-Y,28,"['family', 'action', 'animation', 'fantasy', 'scifi', 'comedy']",['US'],6.3
tm985550,Crazy About Her,MOVIE,2021,Not Availavle,102,"['romance', 'comedy']",['ES'],6.6
tm992279,Confessions of an Invisible Girl,MOVIE,2021,Not Availavle,91,"['comedy', 'drama']",['BR'],5.2
ts326029,Savage Rhythm,SHOW,2022,TV-MA,38,"['drama', 'music']",['CO'],6.3
tm998033,Doctor,MOVIE,2021,Not Availavle,150,"['action', 'comedy', 'thriller', 'crime']",['IN'],7.5
tm1178876,Battle: Freestyle,MOVIE,2022,Not Availavle,88,"['drama', 'music', 'romance']",['NO'],4.3
tm1115800,Theo Von: Regular People,MOVIE,2021,Not Availavle,61,['comedy'],['US'],5.1
ts330132,800 Meters,SHOW,2022,TV-MA,53,"['documentation', 'crime']",['ES'],6.9
tm975741,Octonauts: The Ring of Fire,MOVIE,2021,G,72,['animation'],"['CN', 'GB']",6.4
tm988736,Chris Rock Total Blackout: The Tamborine Extended Cut,MOVIE,2021,PG-13,97,['comedy'],[],7.1
tm1120937,Montford: The Chickasaw Rancher,MOVIE,2021,Not Availavle,96,"['western', 'drama', 'history']",['US'],6.6
ts297763,Myth and Mogul: John DeLorean,SHOW,2021,TV-14,44,"['documentation', 'crime']",['US'],6.8
ts61384,My Love: Six Stories of True Love,SHOW,2021,TV-PG,70,"['reality', 'romance', 'documentation']",['US'],7.5
ts321084,Framed! A Sicilian Murder Mystery,SHOW,2022,TV-MA,31,"['comedy', 'crime']",['IT'],6.8
tm989672,Creating The Queen's Gambit,MOVIE,2021,PG-13,14,['documentation'],['US'],6.9
tm1024062,Nayattu,MOVIE,2021,Not Availavle,124,"['thriller', 'drama', 'crime']",['IN'],8.1
tm1143258,Hey! Sinamika,MOVIE,2022,Not Availavle,150,"['drama', 'romance']",['IN'],6.0
ts272092,Canine Intervention,SHOW,2021,TV-14,36,"['documentation', 'reality']",['US'],6.5
tm1200703,Christina P: Mom Genes,MOVIE,2022,Not Availavle,62,"['comedy', 'documentation']",[],5.8
tm1077013,Memories of a Murderer: The Nilsen Tapes,MOVIE,2021,R,84,"['documentation', 'crime']",['GB'],6.3
tm1031186,Heroes: Silence and Rock & Roll,MOVIE,2021,Not Availavle,94,"['documentation', 'music']",['ES'],7.5
ts287741,"Fresh, Fried & Crispy",SHOW,2021,TV-PG,25,"['documentation', 'reality']",['US'],6.2
ts288832,I Heart Arlo,SHOW,2021,TV-Y7,15,"['animation', 'comedy', 'family']",['US'],6.9
tm1082359,Phil Wang: Philly Philly Wang Wang,MOVIE,2021,Not Availavle,63,['comedy'],['GB'],6.1
tm1040688,Three Songs for Benazir,MOVIE,2021,Not Availavle,22,['drama'],['AF'],7.7
tm985712,"Strip Down, Rise Up",MOVIE,2021,R,112,['documentation'],['US'],5.2
tm1027712,This Little Love of Mine,MOVIE,2021,G,91,"['romance', 'comedy']",['AU'],5.3
tm1102151,Bright: Samurai Soul,MOVIE,2021,PG-13,80,"['fantasy', 'thriller', 'animation', 'action']",['JP'],5.5
tm1065788,Last Summer,MOVIE,2021,Not Availavle,101,"['drama', 'romance']",['TR'],6.3
ts296201,Elize Matsunaga: Once Upon a Crime,SHOW,2021,TV-MA,49,"['crime', 'documentation']",['BR'],5.9
ts297058,The Snitch Cartel: Origins,SHOW,2021,TV-MA,47,"['crime', 'drama']",['CO'],5.6
tm1162608,40 Years Young,MOVIE,2022,Not Availavle,81,['comedy'],['MX'],4.3
tm979182,Red Dot,MOVIE,2021,Not Availavle,86,"['thriller', 'horror', 'drama']",['SE'],5.5
ts282840,Worn Stories,SHOW,2021,TV-MA,30,['documentation'],['US'],6.7
ts306135,"Vendetta: Truth, Lies and The Mafia",SHOW,2021,TV-MA,0,"['documentation', 'crime', 'thriller']",[],6.7
ts352881,DI4RI,SHOW,2022,Not Availavle,28,['family'],['IT'],7.3
tm1070032,Black Island,MOVIE,2021,Not Availavle,105,"['thriller', 'drama']",['DE'],5.2
ts328617,Too Hot to Handle: Brazil,SHOW,2021,TV-MA,56,"['reality', 'romance']",['BR'],5.4
tm1152224,Love Tactics,MOVIE,2022,Not Availavle,97,"['comedy', 'romance']",['TR'],5.2
tm1217689,Yuri Marçal: Honest Mistake,MOVIE,2022,Not Availavle,59,"['comedy', 'documentation']",[],6.1
ts72196,Swap Shop,SHOW,2021,TV-14,30,['reality'],['US'],6.6
ts307981,Scaredy Cats,SHOW,2021,TV-G,29,"['scifi', 'family', 'fantasy', 'comedy']",['US'],6.2
ts188367,Bombay Begums,SHOW,2021,TV-MA,49,['drama'],['IN'],5.2
tm990983,Paper Lives,MOVIE,2021,Not Availavle,96,['drama'],['TR'],6.6
tm1094069,The Women and the Murderer,MOVIE,2021,PG-13,92,"['documentation', 'crime']",['FR'],6.4
tm1037704,Resort to Love,MOVIE,2021,PG,101,"['romance', 'comedy']",['US'],5.7
tm902870,7 Yards: The Chris Norton Story,MOVIE,2021,Not Availavle,93,['documentation'],['US'],7.8
tm1165118,UFO,MOVIE,2022,Not Availavle,109,"['drama', 'romance', 'documentation']",['TR'],4.7
tm948681,Below Zero,MOVIE,2021,Not Availavle,106,"['action', 'crime', 'thriller', 'horror', 'drama']",['ES'],6.2
ts331654,Pedal to Metal,SHOW,2022,TV-MA,0,"['drama', 'action', 'thriller', 'crime']",['MX'],7.7
ts283614,Haunted: Latin America,SHOW,2021,TV-14,34,"['horror', 'reality']",['MX'],5.3
tm960430,Child of Kamiari Month,MOVIE,2021,Not Availavle,99,"['fantasy', 'animation', 'drama', 'family']",['JP'],5.8
tm954297,The Secret Diary of an Exchange Student,MOVIE,2021,Not Availavle,96,"['comedy', 'romance']",['BR'],5.3
tm1107848,Making Malinche: A Documentary by Nacho Cano,MOVIE,2021,Not Availavle,89,"['documentation', 'music']",[],5.1
ts319460,Russell Howard: Lubricant,SHOW,2021,Not Availavle,63,['comedy'],['GB'],7.1
tm997608,Hate by Dani Rovira,MOVIE,2021,PG-13,82,['comedy'],['ES'],6.7
ts287853,Coyotes,SHOW,2021,Not Availavle,45,['drama'],"['BE', 'LU']",5.2
ts288064,Somos.,SHOW,2021,TV-MA,52,"['drama', 'crime', 'history']",['MX'],7.1
ts305890,Too Hot to Handle: Latino,SHOW,2021,TV-14,36,"['reality', 'romance']",['MX'],5.4
ts304690,Remember You,SHOW,2021,TV-MA,67,"['action', 'drama', 'crime', 'romance']",['TH'],7.5
tm1107912,American Girl,MOVIE,2021,Not Availavle,101,"['drama', 'family']",['TW'],7.1
tm813372,Etharkkum Thunindhavan,MOVIE,2022,Not Availavle,151,"['thriller', 'action', 'crime', 'drama']",['IN'],6.6
tm1001619,Man in Love,MOVIE,2021,Not Availavle,115,"['romance', 'drama']",['TW'],6.9
tm1025493,Dasvi,MOVIE,2022,Not Availavle,125,"['comedy', 'drama']",['IN'],7.4
tm1087383,JJ+E,MOVIE,2021,Not Availavle,90,"['drama', 'romance']",['SE'],5.3
tm1147890,The Hand of God: Through the Eyes of Sorrentino,MOVIE,2021,Not Availavle,8,['documentation'],['IT'],7.1
tm983722,Prime Time,MOVIE,2021,R,93,"['thriller', 'drama']",['PL'],5.2
tm886188,Caught by a Wave,MOVIE,2021,Not Availavle,99,"['romance', 'drama', 'sport']",['IT'],5.7
tm1101878,Honey Girls,MOVIE,2021,PG,90,"['family', 'music', 'comedy']",['US'],4.7
tm1183542,Mishan Impossible,MOVIE,2022,Not Availavle,129,"['thriller', 'comedy', 'drama', 'action']",['IN'],6.8
ts229537,The New Adventures of Oggy,SHOW,2021,TV-Y,22,"['comedy', 'family', 'action', 'animation']",['US'],6.6
tm960145,Spoiled Brats,MOVIE,2021,Not Availavle,95,['comedy'],['FR'],6.1
ts267062,Jiva!,SHOW,2021,TV-MA,41,['drama'],['ZA'],5.5
tm876083,Xtreme,MOVIE,2021,Not Availavle,111,"['action', 'crime', 'drama', 'thriller', 'fantasy']",['ES'],5.8
ts305732,Metal Shop Masters,SHOW,2021,TV-MA,33,['reality'],['US'],5.7
ts313902,Your Life is a Joke,SHOW,2021,TV-MA,37,"['comedy', 'documentation']",['DE'],5.4
tm1102856,The Four of Us,MOVIE,2021,Not Availavle,88,"['romance', 'drama', 'comedy']",['DE'],5.3
ts302653,Light the Night,SHOW,2021,TV-MA,59,"['drama', 'crime', 'thriller']",['TW'],7.4
tm462311,Latte and the Magic Waterstone,MOVIE,2022,Not Availavle,82,"['animation', 'comedy', 'family', 'european']","['BE', 'DE']",5.6
tm855340,Thalaivii,MOVIE,2021,G,153,['drama'],['IN'],5.9
tm1000185,Squared Love,MOVIE,2021,Not Availavle,102,"['comedy', 'romance']",['PL'],5.1
tm1030283,Why Did You Kill Me?,MOVIE,2021,R,83,"['crime', 'documentation']",['US'],5.6
tm1040337,Security,MOVIE,2021,Not Availavle,118,['thriller'],['IT'],4.9
ts306188,Motel Makeover,SHOW,2021,Not Availavle,30,['reality'],['CA'],4.9
tm1039422,Nail Bomber: Manhunt,MOVIE,2021,Not Availavle,72,"['crime', 'history', 'documentation']",['GB'],6.3
ts308516,"Young, Famous & African",SHOW,2022,TV-MA,43,['reality'],['ZA'],4.4
ts329882,Secrets of Summer,SHOW,2022,TV-Y,30,"['drama', 'family', 'music']",['ES'],5.9
tm1006127,Arlo the Alligator Boy,MOVIE,2021,Not Availavle,90,"['animation', 'comedy', 'family']",['US'],6.4
ts317064,Where Is Marta?,SHOW,2021,Not Availavle,63,"['crime', 'documentation']",['ES'],6.8
tm1196455,The Photographer: Murder in Pinamar,MOVIE,2022,Not Availavle,105,"['documentation', 'crime']",['AR'],6.7
tm990972,The Last Paradiso,MOVIE,2021,Not Availavle,107,"['drama', 'romance']",['IT'],5.6
ts232506,50M2,SHOW,2021,TV-MA,49,"['comedy', 'drama', 'thriller', 'crime']",['TR'],6.9
ts330289,Smother-In-Law,SHOW,2022,TV-MA,25,['comedy'],['BR'],4.2
tm1063013,The Father Who Moves Mountains,MOVIE,2021,PG-13,108,"['thriller', 'drama']","['SE', 'RO']",5.5
tm996040,Forever Out of My League,MOVIE,2022,Not Availavle,104,"['romance', 'comedy', 'drama']",['IT'],5.3
ts311958,The Hungry and the Hairy,SHOW,2021,TV-14,63,['reality'],['KR'],7.5
tm979688,Homunculus,MOVIE,2021,Not Availavle,119,"['thriller', 'drama', 'fantasy']",['JP'],5.5
tm1033803,Searching for Sheela,MOVIE,2021,Not Availavle,58,"['documentation', 'crime']",['IN'],4.3
ts302570,John of God: The Crimes of a Spiritual Healer,SHOW,2021,TV-MA,50,"['crime', 'documentation']",['BR'],6.5
tm1038096,Carnaval,MOVIE,2021,Not Availavle,94,['comedy'],['BR'],4.0
ts343426,Senzo: Murder of a Soccer Star,SHOW,2022,TV-MA,42,"['crime', 'sport', 'documentation']","['ZA', 'US']",5.2
tm1195428,All About Gila,MOVIE,2022,Not Availavle,76,['comedy'],[],4.2
tm1039168,Cinema Bandi,MOVIE,2021,Not Availavle,98,"['drama', 'comedy']",['IN'],7.9
tm904862,Just Say Yes,MOVIE,2021,Not Availavle,97,"['comedy', 'romance']",['NL'],4.5
tm926580,A Family,MOVIE,2021,R,136,"['crime', 'drama']",['JP'],7.0
tm1017664,Baggio: The Divine Ponytail,MOVIE,2021,Not Availavle,91,"['sport', 'drama']",['IT'],6.1
tm977620,Asakusa Kid,MOVIE,2021,Not Availavle,123,['drama'],['JP'],7.1
tm1118822,Sex: Unzipped,MOVIE,2021,Not Availavle,59,"['comedy', 'documentation']",['US'],2.5
tm1185568,Broken Idol: The Undoing of Diomedes Díaz,MOVIE,2022,R,102,"['documentation', 'crime']",['CO'],6.3
ts310331,Twenty Somethings: Austin,SHOW,2021,TV-MA,32,['reality'],['US'],5.9
tm1110205,This Is Not a Comedy,MOVIE,2021,Not Availavle,105,"['comedy', 'drama']",['MX'],4.9
tm1119455,Camp Confidential: America's Secret Nazis,MOVIE,2021,PG-13,34,"['documentation', 'animation', 'history']",['US'],6.3
ts293346,Race: Bubba Wallace,SHOW,2022,TV-MA,47,"['documentation', 'sport']",['US'],5.9
tm1137797,137 Shots,MOVIE,2021,R,104,"['documentation', 'crime']",[],6.2
tm1172947,Toolsidas Junior,MOVIE,2022,Not Availavle,130,"['drama', 'family', 'sport']",['IN'],7.5
ts285422,Newton's Cradle,SHOW,2021,TV-14,41,"['drama', 'thriller']",['EG'],8.0
tm942277,Accomplice,MOVIE,2021,Not Availavle,52,['documentation'],"['US', 'IL']",7.2
tm1102570,Swallow,MOVIE,2021,Not Availavle,128,"['drama', 'thriller', 'history']",[],3.5
tm856634,Jagame Thandhiram,MOVIE,2021,Not Availavle,158,"['comedy', 'crime', 'action', 'drama', 'thriller']","['GB', 'IN']",5.8
tm1174919,Mike Epps: Indiana Mike,MOVIE,2022,Not Availavle,58,"['comedy', 'documentation']",[],4.2
ts304709,Bake Squad,SHOW,2021,TV-PG,35,"['family', 'reality']",['US'],6.9
tm1031499,Get the Grift,MOVIE,2021,Not Availavle,94,"['crime', 'comedy']",['BR'],5.3
tm1143058,How I Fell in Love with a Gangster,MOVIE,2022,Not Availavle,179,"['drama', 'crime']",['PL'],6.0
tm1152323,Ms. Pat: Y'all Wanna Hear Something Crazy?,MOVIE,2022,R,54,['comedy'],['US'],5.9
tm963023,Chandigarh Kare Aashiqui,MOVIE,2021,Not Availavle,117,"['romance', 'comedy', 'crime', 'drama']",['IN'],6.8
tm1166429,Whindersson Nunes: My Own Show!,MOVIE,2022,Not Availavle,63,"['comedy', 'documentation']",['BR'],7.0
tm1068692,Emicida AmarElo Live in Sao Paulo,MOVIE,2021,Not Availavle,99,"['documentation', 'music']",['BR'],7.6
tm983466,"Crack: Cocaine, Corruption & Conspiracy",MOVIE,2021,Not Availavle,89,"['documentation', 'crime', 'history']",['US'],6.7
tm1003376,Get the Goat,MOVIE,2021,Not Availavle,105,"['comedy', 'action', 'crime']",['BR'],6.0
tm872496,Autumn Girl,MOVIE,2021,Not Availavle,105,"['drama', 'romance']",['PL'],5.4
tm1000296,New Gods: Nezha Reborn,MOVIE,2021,Not Availavle,116,"['animation', 'action', 'fantasy']",['CN'],6.8
tm861018,Sweet & Sour,MOVIE,2021,Not Availavle,102,"['comedy', 'romance']",['KR'],6.7
tm1160484,Donkeyhead,MOVIE,2022,Not Availavle,106,['drama'],[],6.1
tm1037519,The Guide to the Perfect Family,MOVIE,2021,Not Availavle,102,"['comedy', 'drama']",['CA'],6.4
ts272669,Waffles + Mochi,SHOW,2021,TV-Y,28,['family'],['US'],7.3
tm859005,Today We Fix the World,MOVIE,2022,Not Availavle,113,"['comedy', 'drama']",['AR'],6.2
tm1147172,The Characters of the Continent,MOVIE,2021,Not Availavle,9,['documentation'],['US'],6.6
tm1028026,Irul,MOVIE,2021,Not Availavle,91,['thriller'],['IN'],5.8
tm1021689,The Door Into Summer,MOVIE,2021,Not Availavle,118,['scifi'],[],6.3
tm1106551,One Night in Paris,MOVIE,2021,Not Availavle,64,['comedy'],['FR'],4.5
ts273275,Marriage or Mortgage,SHOW,2021,TV-G,40,['reality'],['US'],5.1
tm1202960,Chris Distefano: Speshy Weshy,MOVIE,2022,Not Availavle,36,['comedy'],[],6.4
tm867681,Haseen Dillruba,MOVIE,2021,Not Availavle,135,"['romance', 'thriller', 'crime', 'drama']",['IN'],6.9
ts286218,The Rational Life,SHOW,2021,Not Availavle,45,"['drama', 'romance']",['CN'],8.1
tm960924,Kuthiraivaal,MOVIE,2021,Not Availavle,125,['drama'],['IN'],5.6
tm1127511,Only You,MOVIE,2021,Not Availavle,110,"['comedy', 'romance', 'drama']",['PH'],6.5
ts289757,Crime Stories: India Detectives,SHOW,2021,TV-MA,47,"['documentation', 'crime']",['IN'],7.1
tm1204317,Godspeed,MOVIE,2022,Not Availavle,119,['drama'],['TR'],6.5
tm1040832,Mommy Issues,MOVIE,2021,Not Availavle,89,['comedy'],['PH'],5.4
tm1037687,Dancing Queens,MOVIE,2021,Not Availavle,110,"['drama', 'comedy']",['SE'],5.6
tm981676,Double Dad,MOVIE,2021,Not Availavle,103,"['comedy', 'drama', 'family']",['BR'],5.6
tm1165244,Into the Wind,MOVIE,2022,Not Availavle,108,"['comedy', 'drama', 'romance', 'sport']",['PL'],5.2
tm1111595,A California Christmas: City Lights,MOVIE,2021,PG-13,105,"['comedy', 'drama', 'romance']",['US'],5.5
tm1089593,Breaded Life,MOVIE,2021,Not Availavle,120,"['comedy', 'drama', 'fantasy']",['NG'],7.7
tm995613,Animals on the Loose: A You vs. Wild Interactive Movie,MOVIE,2021,Not Availavle,45,"['action', 'reality']",[],5.8
tm1150800,Amandla,MOVIE,2022,Not Availavle,106,"['drama', 'crime']","['CA', 'ZA']",5.5
tm989502,Wish You,MOVIE,2021,Not Availavle,101,"['drama', 'romance', 'music']",['KR'],6.4
tm1088320,Father Christmas Is Back,MOVIE,2021,PG-13,104,['comedy'],['GB'],4.5
tm1038857,Lady Boss: The Jackie Collins Story,MOVIE,2021,Not Availavle,96,['documentation'],"['GB', 'US']",6.8
tm1011188,Meskina,MOVIE,2021,Not Availavle,98,"['comedy', 'romance']",['NL'],5.6
tm1023388,Madame Claude,MOVIE,2021,Not Availavle,112,"['crime', 'drama', 'romance']",['FR'],5.4
tm1049290,In for a Murder,MOVIE,2021,Not Availavle,105,"['comedy', 'thriller', 'drama', 'crime', 'scifi']",['PL'],5.3
tm1159301,Forgive Us Our Trespasses,MOVIE,2022,PG-13,13,"['war', 'drama']",['US'],6.5
ts273245,Dad Stop Embarrassing Me!,SHOW,2021,TV-14,26,"['comedy', 'family']",['US'],4.1
tm1030241,Kurup,MOVIE,2021,Not Availavle,155,"['thriller', 'crime']",['IN'],7.1
tm1073555,Thimmarusu: Assignment Vali,MOVIE,2021,Not Availavle,127,"['crime', 'thriller', 'drama']",['IN'],7.2
tm1044137,Headspace Unwind you Mind,MOVIE,2021,G,15,"['animation', 'documentation']",['US'],7.2
tm1116525,Just Short of Perfect,MOVIE,2021,Not Availavle,94,"['comedy', 'romance']",['BR'],5.3
tm1019865,Wild Dog,MOVIE,2021,Not Availavle,145,"['thriller', 'crime', 'action']",['IN'],6.1
tm1041329,One Second,MOVIE,2021,Not Availavle,88,"['comedy', 'romance']",['EG'],4.7
tm1013111,1000 Miles from Christmas,MOVIE,2021,Not Availavle,102,"['comedy', 'romance', 'fantasy', 'family']",['ES'],5.7
tm1027639,Annaatthe,MOVIE,2021,Not Availavle,163,"['drama', 'action', 'comedy']",['IN'],4.0
ts314962,Stories of a Generation - with Pope Francis,SHOW,2021,TV-14,46,['documentation'],['IT'],7.4
tm1128292,Michael Che: Shame the Devil,MOVIE,2021,Not Availavle,58,['comedy'],[],6.4
tm869475,Pagglait,MOVIE,2021,Not Availavle,114,"['comedy', 'drama']",['IN'],6.9
tm1179579,In Good Hands,MOVIE,2022,Not Availavle,104,"['drama', 'comedy', 'romance', 'family']",['TR'],5.6
tm1040733,In Our Mothers' Gardens,MOVIE,2021,Not Availavle,84,['documentation'],['US'],8.6
tm1080114,Hostage House,MOVIE,2021,Not Availavle,90,['thriller'],['US'],3.9
tm983730,Amy Tan: Unintended Memoir,MOVIE,2021,Not Availavle,101,['documentation'],['US'],7.7
tm1067260,Tughlaq Durbar,MOVIE,2021,Not Availavle,145,"['drama', 'thriller', 'comedy']",['IN'],5.4
tm1082515,Untold: Caitlyn Jenner,MOVIE,2021,R,69,"['documentation', 'sport']",['US'],6.4
ts297132,Brave Animated Series,SHOW,2021,TV-MA,26,"['action', 'animation']",['TW'],7.0
ts330422,Team Zenko Go,SHOW,2022,TV-Y,20,"['action', 'animation', 'family']",['US'],7.8
tm1142245,Kadaseela Biriyani,MOVIE,2021,Not Availavle,115,"['drama', 'crime', 'comedy']",['IN'],7.5
tm1109843,Meenakshi Sundareshwar,MOVIE,2021,Not Availavle,141,"['romance', 'comedy']",['IN'],7.1
ts296581,The Mystic River,SHOW,2021,TV-14,40,['horror'],['US'],5.8
ts322267,The Big Shot Game Show,SHOW,2022,Not Availavle,49,['reality'],['BR'],6.2
tm1092075,Forever Rich,MOVIE,2021,R,90,"['crime', 'comedy', 'drama', 'music', 'thriller']",['NL'],5.5
tm1092309,We Couldn't Become Adults,MOVIE,2021,Not Availavle,124,"['drama', 'romance']",['JP'],6.4
tm886193,Laabam,MOVIE,2021,Not Availavle,144,"['drama', 'action']",['IN'],3.4
ts272422,Buried by the Bernards,SHOW,2021,TV-14,25,['reality'],['US'],7.2
tm1124066,Carlos Ballarta: False Prophet,MOVIE,2021,Not Availavle,63,['comedy'],['MX'],6.7
tm1171107,Surviving Paradise: A Family Tale,MOVIE,2022,Not Availavle,78,['documentation'],"['GB', 'US']",7.5
tm1104252,Escape the Undertaker,MOVIE,2021,Not Availavle,31,"['thriller', 'family', 'horror', 'comedy']",['US'],4.2
ts308053,Jailbirds New Orleans,SHOW,2021,TV-MA,41,"['documentation', 'reality']",['US'],6.6
tm1038364,Ghost Lab,MOVIE,2021,Not Availavle,117,"['thriller', 'drama', 'horror', 'scifi']",['TH'],5.1
ts316882,Reasonable Doubt: A Tale of Two Kidnappings,SHOW,2021,TV-MA,47,"['crime', 'documentation']",['MX'],7.6
tm998238,The Humans & the Mongoose,MOVIE,2021,Not Availavle,120,"['comedy', 'fantasy', 'horror']",['EG'],5.4
tm1064988,Zero to Hero,MOVIE,2021,Not Availavle,103,"['drama', 'sport']",['HK'],6.7
tm1119172,Puff: Wonders of the Reef,MOVIE,2021,PG,59,"['documentation', 'family']","['AU', 'US']",7.1
ts241296,Finding Ola,SHOW,2022,TV-14,53,"['comedy', 'drama']",[],7.5
tm1095880,You vs. Wild: Out Cold,MOVIE,2021,Not Availavle,25,['action'],['US'],5.4
tm1055586,Lethal Love,MOVIE,2021,Not Availavle,87,['thriller'],[],4.4
tm1118234,Lords of Scam,MOVIE,2021,R,105,"['documentation', 'crime']",['FR'],6.3
ts286386,The Big Day,SHOW,2021,TV-MA,43,"['reality', 'romance']",['US'],4.7
ts319303,He's Expecting,SHOW,2022,TV-PG,26,"['drama', 'comedy', 'romance', 'fantasy']",['JP'],2.0
tm1119015,Love Like the Falling Petals,MOVIE,2022,Not Availavle,128,"['drama', 'romance']",['JP'],6.3
tm1106900,A World Without,MOVIE,2021,Not Availavle,106,"['thriller', 'drama', 'scifi']",['ID'],3.8
ts314963,The Fastest,SHOW,2021,TV-PG,35,['reality'],[],5.6
ts285470,Pet Stars,SHOW,2021,TV-PG,27,"['reality', 'family']",['US'],4.9
tm1024535,The Guardian,MOVIE,2021,Not Availavle,127,"['drama', 'horror', 'music', 'thriller', 'crime']",['VN'],5.7
tm958688,Love Me Instead,MOVIE,2021,Not Availavle,124,['drama'],['TR'],7.0
tm1054462,The Land,MOVIE,2021,Not Availavle,103,"['comedy', 'drama', 'crime']",['PL'],6.1
tm1043655,One Lagos Night,MOVIE,2021,Not Availavle,103,"['crime', 'comedy']",['NG'],6.6
tm1161223,Cat Burglar,MOVIE,2022,PG-13,12,"['animation', 'comedy']","['IE', 'GB']",6.9
ts282876,"Nevenka, Breaking The Silence",SHOW,2021,TV-14,38,"['documentation', 'crime']",['ES'],6.9
tm1107850,Sharkdog’s Fintastic Halloween,MOVIE,2021,Not Availavle,24,"['animation', 'fantasy', 'family', 'comedy']",[],6.5
ts288544,Creator's File: GOLD,SHOW,2021,Not Availavle,25,"['drama', 'comedy']",['JP'],6.6
ts285106,Under Suspicion: Uncovering the Wesphael Case,SHOW,2021,TV-14,36,"['crime', 'documentation']",[],6.3
tm1111616,David and the Elves,MOVIE,2021,Not Availavle,106,"['fantasy', 'comedy', 'family']",['PL'],5.2
tm1091284,Ankahi Kahaniya,MOVIE,2021,Not Availavle,110,"['drama', 'romance']",['IN'],5.5
tm1172600,11M,MOVIE,2022,Not Availavle,92,['documentation'],['ES'],7.0
ts322506,Word Party Presents: Math!,SHOW,2021,Not Availavle,0,"['family', 'animation']",['US'],6.9
tm1068632,Bartkowiak,MOVIE,2021,Not Availavle,91,"['action', 'thriller', 'crime', 'sport']",['PL'],5.1
ts285874,Magic for Humans Spain,SHOW,2021,TV-MA,23,"['reality', 'comedy']",['ES'],6.0
tm1045603,The House of Flowers: The Movie,MOVIE,2021,R,86,"['drama', 'comedy']",['MX'],5.5
tm1179176,"Michela Giraud: The Truth, I Swear!",MOVIE,2022,Not Availavle,60,"['comedy', 'documentation']",['IT'],5.5
tm1033369,Plastic Island,MOVIE,2021,Not Availavle,102,['documentation'],['ID'],8.0
ts307816,냉면 랩소디,SHOW,2021,TV-PG,49,['documentation'],['KR'],7.5
tm1114350,Story of Dinda: Second Chance of Happiness,MOVIE,2021,Not Availavle,59,"['romance', 'drama']",['ID'],5.6
tm1131374,Carolin Kebekus: The Last Christmas Special,MOVIE,2021,Not Availavle,66,['comedy'],[],4.7
tm996996,The Misadventures of Hedi and Cokeman,MOVIE,2021,Not Availavle,99,"['action', 'crime', 'comedy']",['FR'],4.4
ts305254,The Ingenuity of the Househusband,SHOW,2021,Not Availavle,5,['comedy'],[],6.7
tm996010,Still Out of My League,MOVIE,2021,Not Availavle,113,"['romance', 'comedy', 'drama']",['IT'],5.5
tm1141663,Cem Yılmaz: Diamond Elite Platinum Plus,MOVIE,2021,Not Availavle,94,['comedy'],['TR'],6.6
tm1036797,Sardar Ka Grandson,MOVIE,2021,Not Availavle,140,"['comedy', 'drama', 'romance']",['IN'],4.2
tm1027177,Sarbath,MOVIE,2021,Not Availavle,112,"['romance', 'drama', 'comedy']",['IN'],5.6
tm1029279,Dolly Parton: A MusiCares Tribute,MOVIE,2021,Not Availavle,55,"['music', 'documentation']",['US'],6.6
ts289982,Bangkok Breaking,SHOW,2021,TV-MA,60,"['thriller', 'action', 'crime', 'drama']",['TH'],5.8
tm988879,Tony Parker: The Final Shot,MOVIE,2021,Not Availavle,98,"['documentation', 'sport']",['FR'],6.8
tm1033635,Sisters on Track,MOVIE,2021,PG,96,"['documentation', 'sport']",['US'],5.8
tm1115392,Shyam Singha Roy,MOVIE,2021,Not Availavle,155,"['drama', 'romance', 'thriller', 'horror']",['IN'],7.7
ts317709,Kayko and Kokosh,SHOW,2021,TV-PG,15,"['animation', 'comedy', 'fantasy', 'action']",['PL'],6.3
tm1076198,Blue Dream: The Road to Wembley,MOVIE,2021,Not Availavle,61,"['documentation', 'sport']",['IT'],7.1
tm1064193,Private Network: Who Killed Manuel Buendía?,MOVIE,2021,Not Availavle,100,"['history', 'documentation', 'crime']",['MX'],6.8
tm1159947,Mo Gilligan: There's Mo to Life,MOVIE,2022,Not Availavle,65,['comedy'],[],5.8
ts283284,Navarasa,SHOW,2021,TV-MA,34,['drama'],['IN'],5.8
tm1120636,Johnny Test's Ultimate Meatloaf Quest,MOVIE,2021,G,20,"['animation', 'family']",['US'],7.1
tm1029314,Have You Ever Seen Fireflies?,MOVIE,2021,Not Availavle,113,"['drama', 'comedy']",['TR'],6.1
tm1130275,Mo Amer: Mohammed in Texas,MOVIE,2021,Not Availavle,64,['comedy'],['US'],6.5
tm1150727,Kapil Sharma: I'm Not Done Yet,MOVIE,2022,R,54,['comedy'],['IN'],6.9
tm1111559,Grumpy Christmas,MOVIE,2021,Not Availavle,87,['comedy'],['MX'],4.4
tm1015884,African America,MOVIE,2021,Not Availavle,96,['drama'],['ZA'],5.2
tm1146635,Daiki Tsuneta: Tokyo Chaotic,MOVIE,2021,Not Availavle,89,"['documentation', 'music']",['JP'],7.5
tm1121098,Will You Marry?,MOVIE,2021,Not Availavle,86,"['romance', 'drama']",['PH'],4.9
tm1023438,Trapped,MOVIE,2021,Not Availavle,77,['drama'],['EG'],6.4
tm1119331,Haroun,MOVIE,2021,Not Availavle,76,['comedy'],['FR'],6.3
ts274575,How to Be A Cowboy,SHOW,2021,TV-PG,25,['reality'],['US'],6.9
tm965758,Brother in Love 2,MOVIE,2021,Not Availavle,118,['comedy'],['TR'],6.5
ts284885,Abla Fahita: Drama Queen,SHOW,2021,TV-14,25,"['drama', 'comedy', 'crime']",['EG'],6.5
tm1120766,Angèle,MOVIE,2021,R,84,"['documentation', 'music']","['FR', 'BE']",7.0
tm1091823,Boomika,MOVIE,2021,Not Availavle,122,"['thriller', 'horror']",['IN'],5.5
ts341760,Byron Baes,SHOW,2022,TV-MA,39,['reality'],['AU'],2.6
tm1068777,Bankrolled,MOVIE,2021,Not Availavle,97,['comedy'],['MX'],4.0
tm988801,June & Kopi,MOVIE,2021,Not Availavle,90,"['drama', 'comedy', 'family']",['ID'],6.3
tm1160938,Adam by Eve: A Live in Animation,MOVIE,2022,PG-13,58,"['drama', 'animation', 'music']",['JP'],6.1
tm998544,Here and There,MOVIE,2021,Not Availavle,98,"['drama', 'romance']",['PH'],6.7
tm1004011,Time to Dance,MOVIE,2021,Not Availavle,2,"['romance', 'drama']",['IN'],2.2
tm1131895,Love Is Color Blind,MOVIE,2021,Not Availavle,115,"['comedy', 'romance']",['PH'],6.1
ts317423,Love Never Lies,SHOW,2021,Not Availavle,49,['reality'],['ES'],5.6
tm1098060,Shadow Parties,MOVIE,2021,Not Availavle,116,"['action', 'drama', 'thriller']",['NG'],6.2
tm1089595,Ayinla,MOVIE,2021,Not Availavle,119,['drama'],[],8.1
tm1025616,Loyiso Gola: Unlearning,MOVIE,2021,Not Availavle,60,['comedy'],[],5.9
tm1018592,A Perfect Fit,MOVIE,2021,Not Availavle,112,"['comedy', 'drama', 'romance']",['ID'],5.3
tm863829,Ali & Ratu Ratu Queens,MOVIE,2021,Not Availavle,100,"['drama', 'comedy']",['ID'],7.0
tm1068720,D.O.D.: Day of Destiny,MOVIE,2021,Not Availavle,110,"['scifi', 'comedy', 'drama']",['NG'],5.0
tm1106888,Meeting Point,MOVIE,2021,Not Availavle,90,['drama'],['TR'],4.2
tm1141346,StarBeam: Beaming in the New Year,MOVIE,2021,Not Availavle,47,"['animation', 'family', 'scifi']",[],5.5
tm1045883,Trippin’ with the Kandasamys,MOVIE,2021,Not Availavle,93,"['romance', 'comedy']",['ZA'],4.9
tm1147041,Chief Daddy 2: Going for Broke,MOVIE,2021,Not Availavle,112,['comedy'],['NG'],3.0
ts285471,The Wedding Coach,SHOW,2021,TV-MA,33,"['comedy', 'reality']",['US'],5.0
ts325991,Only Jokes Allowed,SHOW,2022,TV-MA,16,['comedy'],['ZA'],4.9
tm1045018,Clash,MOVIE,2021,Not Availavle,88,"['family', 'drama']","['NG', 'CA']",6.1
tm987730,Tribhanga,MOVIE,2021,Not Availavle,95,"['drama', 'family']",['IN'],6.2
tm1038025,Slay,MOVIE,2021,Not Availavle,93,"['romance', 'comedy']",['ZA'],3.2
tm986017,Gatao: The Last Stray,MOVIE,2021,Not Availavle,120,"['action', 'crime', 'drama', 'romance']",['TW'],5.9
tm988613,Madam Chief Minister,MOVIE,2021,Not Availavle,123,['drama'],['IN'],4.8
tm1080697,Binti,MOVIE,2021,Not Availavle,99,['drama'],"['TZ', 'GB']",5.6
tm1046969,Myriam Fares: The Journey,MOVIE,2021,Not Availavle,72,"['documentation', 'music']",['LB'],2.3
tm1099320,Convergence: Courage in a Crisis,MOVIE,2021,R,113,['documentation'],"['GB', 'US']",5.4
tm982470,Stuck Apart,MOVIE,2021,R,96,"['comedy', 'drama']",['TR'],6.0
ts270616,We Are: The Brooklyn Saints,SHOW,2021,TV-14,47,"['documentation', 'sport']",['US'],6.5
tm1204412,"Let's Tie the Knot, Honey!",MOVIE,2022,Not Availavle,99,"['comedy', 'romance']",['PE'],4.4
tm1049317,Upcoming Summer,MOVIE,2021,Not Availavle,115,['drama'],['CN'],6.7
tm1201341,"Rodrigo Sant'anna: I'm Here, I'm Queer!",MOVIE,2022,Not Availavle,63,['comedy'],['BR'],2.6
tm1110212,Little Big Mouth,MOVIE,2021,Not Availavle,94,"['comedy', 'music', 'romance']",['ZA'],3.9
tm1011248,30 March,MOVIE,2021,Not Availavle,99,"['crime', 'drama', 'thriller']",[],4.0
tm1122095,A Naija Christmas,MOVIE,2021,Not Availavle,121,"['comedy', 'drama', 'romance']",['NG'],4.7
tm994923,"Our Lady of San Juan, Four Centuries of Miracles",MOVIE,2021,Not Availavle,122,"['drama', 'history']",['MX'],6.2
tm1183575,Celeb Five: Behind the Curtain,MOVIE,2022,Not Availavle,55,"['comedy', 'documentation']",['KR'],4.7
tm1026043,Just in Time,MOVIE,2021,Not Availavle,91,"['comedy', 'drama', 'family']",['KE'],6.9
tm1121084,Izla,MOVIE,2021,Not Availavle,85,"['horror', 'comedy']",['PH'],3.7
tm1082795,Lokillo: Nothing's the Same,MOVIE,2021,Not Availavle,64,['comedy'],['CO'],4.7
tm1063339,Lee Su-geun: The Sense Coach,MOVIE,2021,Not Availavle,45,['comedy'],['KR'],4.1
tm1037800,Soy Rada: Serendipity,MOVIE,2021,Not Availavle,70,"['comedy', 'drama']",['AR'],6.2
tm918777,Geez & Ann,MOVIE,2021,Not Availavle,105,"['drama', 'romance']",['ID'],5.0
tm1020293,Dearest Boy,MOVIE,2021,Not Availavle,91,"['comedy', 'drama']",['SA'],6.0
ts287729,Alma Matters: Inside the IIT Dream,SHOW,2021,TV-MA,49,"['documentation', 'drama']",['IN'],8.3
tm851599,Tersanjung: The Movie,MOVIE,2021,Not Availavle,114,"['drama', 'romance']",['ID'],5.8
tm1110241,Kaaval,MOVIE,2021,Not Availavle,148,"['thriller', 'action', 'drama']",['IN'],5.1
tm993616,The Tambour of Retribution,MOVIE,2021,Not Availavle,92,['drama'],['SA'],6.8
tm1099342,Devdas Brothers,MOVIE,2021,Not Availavle,99,['drama'],[],3.3
tm831387,What Happened to Mr Cha?,MOVIE,2021,Not Availavle,102,"['comedy', 'drama']",['KR'],4.3
tm878575,The Heartbreak Club,MOVIE,2021,Not Availavle,101,"['comedy', 'drama', 'romance']",['ID'],6.3
ts287687,Lava Ka Dhaava,SHOW,2021,Not Availavle,30,['reality'],['IO'],6.1
tm1099969,Angeliena,MOVIE,2021,Not Availavle,95,"['comedy', 'drama', 'family']",['ZA'],7.3
ts319608,The Family That Sings Together: The Camargos,SHOW,2021,Not Availavle,39,"['documentation', 'music', 'reality']",['BR'],5.3
tm846586,Layla Majnun,MOVIE,2021,Not Availavle,119,"['romance', 'drama']",['ID'],6.0
ts288861,Let's Eat,SHOW,2021,TV-14,60,"['drama', 'comedy']",['TH'],8.2
ts273317,Pitta Kathalu,SHOW,2021,TV-MA,37,"['drama', 'romance']",['IN'],5.1
tm996479,Tuesdays And Fridays,MOVIE,2021,Not Availavle,106,"['romance', 'comedy']","['GB', 'IN']",4.4
tm1091956,A Faraway Land,MOVIE,2021,Not Availavle,101,['drama'],"['PH', 'FO']",5.0
tm985747,I Missed You,MOVIE,2021,Not Availavle,96,"['drama', 'romance']",['TW'],5.7
tm959213,My Amanda,MOVIE,2021,Not Availavle,89,"['drama', 'romance']",['PH'],5.7
tm1040816,Momshies! Your Soul is Mine,MOVIE,2021,Not Availavle,108,['comedy'],['PH'],5.8
tm1053409,Happiness Ever After,MOVIE,2021,Not Availavle,99,"['drama', 'romance']",['ZA'],4.2
tm1165179,Kongsi Raya,MOVIE,2022,Not Availavle,102,['comedy'],['MY'],7.0
tm985215,Princess 'Daya'Reese,MOVIE,2021,Not Availavle,115,"['comedy', 'romance']",['PH'],7.1
tm1066324,Super Monsters: Once Upon a Rhyme,MOVIE,2021,Not Availavle,25,"['animation', 'family']",[],5.6
tm1097142,My Bride,MOVIE,2021,Not Availavle,93,"['romance', 'comedy', 'drama']",['EG'],5.0
tm1014599,Fine Wine,MOVIE,2021,Not Availavle,100,"['romance', 'drama']",['NG'],6.8
tm898842,C/O Kaadhal,MOVIE,2021,Not Availavle,134,['drama'],[],7.7
tm1059008,Lokillo,MOVIE,2021,Not Availavle,90,['comedy'],['CO'],3.8
ts271048,Mighty Little Bheem: Kite Festival,SHOW,2021,Not Availavle,7,"['family', 'animation', 'comedy']",[],7.8
